"nr";"GEMMA-naam";"GGM-naam";"GEMMA-guid";"GGM-guid";"GEMMA-type";"GGM-uml-type";"GEMMA-definitie";"GGM-definitie";"GEMMA-toelichting";"GGM-toelichting";"GEMMA-source-guid";"GGM-source-guid";"GEMMA-target-guid";"GGM-target-guid";"Datum-tijd-export"
"1";"";"";"68ea0039-4e39-431e-af6b-eac3c6337736";"EAID_29CBC16D_7D9B_469a_8641_EC4ABE5C3795";"association-relationship";"association";"";"";"";"";"ea768404-3043-48bc-b0dc-143abc8806d6";"EAID_257F4ABF_7CCD_453f_B2E8_5A6434383A9B";"ccf78bc5-8d4a-440f-a642-abcf60149628";"EAID_F1E55DC7_0F33_40ea_8713_2E1AC3D7EE8D";"09072026-00:43:48"
"2";"";"";"";"EAID_5077B808_045A_4c39_8368_5EF557975018";"association-relationship";"association";"";"";"";"";"";"EAID_ED0D0224_0A30_435b_AB25_87FDA8DF4078";"";"EAID_ED0D0224_0A30_435b_AB25_87FDA8DF4078";"09072026-00:43:48"
"3";"";"";"2aed5c8c-3c0a-4979-8796-11e606a43fca";"EAID_46AF6669_9D59_4e76_8C80_708A791D9650";"association-relationship";"association";"";"";"";"";"1486de79-ad71-4dce-8473-f23f1e9c436c";"EAID_FF448272_AB9D_4ec9_B4BE_E60E2552817A";"c5e5f4f9-5bb6-4a9f-816b-e41abc770e86";"EAID_CA19D17F_3EB7_459d_9883_16F0C0B5D35E";"09072026-00:43:48"
"4";"";"";"";"EAID_0CECB460_6E7D_4fbd_A2F6_8163465F555E";"association-relationship";"association";"";"";"";"";"";"EAID_EAE2ABE3_531A_416e_A614_AD288E635512";"";"EAID_5E685C97_7E21_492d_BAA7_AC7F5AE05A6D";"09072026-00:43:48"
"5";"";"";"";"EAID_8006C819_68B3_41e8_984F_ED0D0C2CBC19";"association-relationship";"association";"";"";"";"";"";"EAID_E98235C8_0A7C_4e6c_B182_4DFBF81CDAF5";"";"EAID_D1725B4A_DD7E_478f_999E_ECFD46D07B00";"09072026-00:43:48"
"6";"";"";"cfb7105c-4ed8-4864-abf6-99a565222f01";"EAID_021C5BC3_CCAE_4ea4_9B36_93810FAB81BF";"association-relationship";"association";"";"";"";"";"7be642b3-e95f-4f1a-9415-d95c38346e9f";"EAID_069C9894_5E07_4c95_AC28_EB4A5EBFD165";"600049b0-c179-4e7d-ac63-99d5ba393093";"EAID_6850BC5E_444E_4d33_A8A7_9B345502E275";"09072026-00:43:48"
"7";"";"";"8805e633-a464-4213-86ca-10b92bdad5f5";"EAID_E5350C4D_69A4_497a_AF09_7E7F03542AC6";"association-relationship";"association";"";"";"";"";"b883410b-ba90-45a0-a9f0-f16b8e1fa9ac";"EAID_F110608E_9C6A_4d66_BDCB_F4B2465E3CFD";"8d15d21d-4e39-4dcb-b9f7-be128f6b324a";"EAID_5EDE0349_8865_4b90_9A18_235C5AA660C4";"09072026-00:43:48"
"8";"";"";"";"EAID_7BD80251_560B_4bd4_8BAC_7FB003EB04DE";"association-relationship";"association";"";"";"";"";"";"EAID_F188F63C_0033_4164_9F73_413AE6943497";"";"EAID_0279048D_E742_400c_9D86_03085E5EF917";"09072026-00:43:48"
"9";"";"";"";"EAID_CD062567_4976_488f_A5F3_17E3EDD1B018";"association-relationship";"association";"";"";"";"";"";"EAID_AE33D54A_A105_4fac_B378_D5651B66F0F0";"";"EAID_564CEF80_C5BE_4d74_8BC7_B48BEFDEE655";"09072026-00:43:48"
"10";"";"";"";"EAID_5A3668C5_2C9F_4231_BC06_D1A69BDDA5CE";"association-relationship";"association";"";"";"";"";"17a0d019-c25e-4bba-ae64-f381da597376";"EAID_276E1BF9_E902_4303_A9E7_048627E0DC84";"id-07784236-3aa6-45e5-8253-7d088c4020b0";"EAID_07784236_3AA6_45e5_8253_7D088C4020B0";"09072026-00:43:48"
"11";"";"";"";"EAID_391EB107_6E86_4933_957B_D28543000F46";"association-relationship";"association";"";"";"";"";"e1371e07-969e-4a34-be81-0a23ffd541dd";"EAID_AF9534B0_7CBD_4061_9276_A7B6698B383A";"id-c25455f3-feb0-4c6d-9aa4-3b027718bee3";"EAID_C25455F3_FEB0_4c6d_9AA4_3B027718BEE3";"09072026-00:43:48"
"12";"";"";"";"EAID_AB605CB3_7A9A_4339_8BC6_0FE3057D0A83";"association-relationship";"association";"";"";"";"";"";"EAID_24A45AF2_13FF_491d_9E3D_F8D8113F28E1";"";"EAID_E771BA5B_93D4_48a0_A6FC_BEBDD18C8975";"09072026-00:43:48"
"13";"";"";"";"EAID_2B88DC4F_001E_4131_A4B3_98295635D774";"association-relationship";"association";"";"";"";"";"";"EAID_BDC8C949_2563_45eb_9E85_866ED51B3AC4";"";"EAID_E2F30023_4E8C_44fc_8989_1E467EA8618F";"09072026-00:43:48"
"14";"";"";"";"EAID_C1086760_9918_4728_B643_18136C1DDF99";"association-relationship";"association";"";"";"";"";"";"EAID_BDC8C949_2563_45eb_9E85_866ED51B3AC4";"";"EAID_24A45AF2_13FF_491d_9E3D_F8D8113F28E1";"09072026-00:43:48"
"15";"";"";"";"EAID_DC56CC6E_4531_482d_8657_F32CF341CF3F";"association-relationship";"association";"";"";"";"";"";"EAID_24A45AF2_13FF_491d_9E3D_F8D8113F28E1";"";"EAID_F657BA3E_8B66_4b84_8036_0FA4CCC2D3CE";"09072026-00:43:48"
"16";"";"";"";"EAID_E3A8C6B1_5785_4483_B1E0_4EFDF1147E26";"association-relationship";"association";"";"";"";"";"";"EAID_E2147AA5_89F8_4a59_A8F2_558AA872037F";"";"EAID_24A45AF2_13FF_491d_9E3D_F8D8113F28E1";"09072026-00:43:48"
"17";"";"";"";"EAID_C3E34D34_9F52_426f_83AF_C392B07ABFE8";"association-relationship";"association";"";"";"";"";"";"EAID_24A45AF2_13FF_491d_9E3D_F8D8113F28E1";"";"EAID_1C180C62_5B5E_45b4_BB94_F44454D11BDE";"09072026-00:43:48"
"18";"";"";"";"EAID_0E78C397_09BC_42e1_8E57_C3B95AFAA7FC";"association-relationship";"association";"";"";"";"";"";"EAID_24A45AF2_13FF_491d_9E3D_F8D8113F28E1";"";"EAID_A0F5CBE4_67D2_47bb_9CE9_B104E7093D12";"09072026-00:43:48"
"19";"";"";"";"EAID_3A088C24_90A1_4a98_BB67_6DEC41BC8D7B";"association-relationship";"association";"";"";"";"";"";"EAID_24A45AF2_13FF_491d_9E3D_F8D8113F28E1";"";"EAID_1F4F46AC_825C_46c7_A417_BFA6775FF3D9";"09072026-00:43:48"
"20";"";"";"";"EAID_F6952DDC_3D60_4847_930A_E84AB1FABBAA";"association-relationship";"association";"";"";"";"";"";"EAID_24A45AF2_13FF_491d_9E3D_F8D8113F28E1";"";"EAID_B1CD002A_85A3_41db_A905_D9A7512A7307";"09072026-00:43:48"
"21";"";"";"";"EAID_2F385F1E_FAF1_45e4_9632_080E119C8894";"association-relationship";"association";"";"";"";"";"";"EAID_24A45AF2_13FF_491d_9E3D_F8D8113F28E1";"";"EAID_2F1FD6B9_AF03_4864_B40C_027155621707";"09072026-00:43:48"
"22";"";"";"";"EAID_2D3D13CF_83DE_4d64_8792_11D476954F4D";"association-relationship";"association";"";"";"";"";"";"EAID_24A45AF2_13FF_491d_9E3D_F8D8113F28E1";"";"EAID_E7BC941E_A54D_49e1_8F77_1D8D7CE8EBD7";"09072026-00:43:48"
"23";"";"";"";"EAID_BA1DAE52_6E3B_4141_9B1C_C8F2356E4FB0";"association-relationship";"association";"";"";"";"";"";"EAID_6B1C7773_77F8_47a5_8C4E_E7E129148ADB";"";"EAID_F600A89B_EE8E_4b86_949E_F15E9328EB83";"09072026-00:43:48"
"24";"";"";"";"EAID_C7927091_EE48_4c92_9C92_E904145DCB9D";"association-relationship";"association";"";"";"";"";"";"EAID_24A45AF2_13FF_491d_9E3D_F8D8113F28E1";"";"EAID_8C8FAE2D_5F4D_4e3b_8EA3_43FF544775F2";"09072026-00:43:48"
"25";"";"";"";"EAID_215D9398_9BE9_40b4_88E6_6183BF173600";"association-relationship";"association";"";"";"";"";"";"EAID_24A45AF2_13FF_491d_9E3D_F8D8113F28E1";"";"EAID_8EE515EA_11F9_4f56_B9AA_F7B0904B39E7";"09072026-00:43:48"
"26";"";"";"";"EAID_961F974A_4FF8_41ce_A573_0ECF65593CED";"association-relationship";"association";"";"";"";"";"";"EAID_E250F980_18C3_4666_8022_302ACDC18A56";"";"EAID_DD9C65D4_0B47_4623_9BE4_6CE711DB846E";"09072026-00:43:48"
"27";"";"";"";"EAID_8A0284D9_1A7B_4c83_A1CF_6A8160046C5E";"association-relationship";"association";"";"";"";"";"";"EAID_FBDF2AE8_AC88_4288_9B40_5B26C450FC20";"";"EAID_E250F980_18C3_4666_8022_302ACDC18A56";"09072026-00:43:48"
"28";"";"";"";"EAID_3DDE0EC5_209F_4ffe_A4B5_78A036D86D89";"association-relationship";"association";"";"";"";"";"";"EAID_24A45AF2_13FF_491d_9E3D_F8D8113F28E1";"";"EAID_FBDF2AE8_AC88_4288_9B40_5B26C450FC20";"09072026-00:43:48"
"29";"";"";"";"EAID_1820B8A7_B5FA_4df2_9310_9A332743E529";"association-relationship";"association";"";"";"";"";"";"EAID_24A45AF2_13FF_491d_9E3D_F8D8113F28E1";"";"EAID_6B1C7773_77F8_47a5_8C4E_E7E129148ADB";"09072026-00:43:48"
"30";"";"";"";"EAID_F0232FF3_B0A6_4fe2_B1E1_94240BBA4EDE";"association-relationship";"association";"";"";"";"";"";"EAID_24A45AF2_13FF_491d_9E3D_F8D8113F28E1";"";"EAID_40C7DD8D_7F0A_4019_860A_EB59841D1DAF";"09072026-00:43:48"
"31";"";"";"";"EAID_8CDF19AE_21FB_4071_873D_C99D3F0B1CEA";"association-relationship";"association";"";"";"";"";"";"EAID_24A45AF2_13FF_491d_9E3D_F8D8113F28E1";"";"EAID_AFB7351F_6761_4db2_ACC4_537A1B7C0CAA";"09072026-00:43:48"
"32";"";"";"";"EAID_F3F8C187_FB01_42d0_AAC0_8D92E7D3B6B9";"association-relationship";"association";"";"";"";"";"";"EAID_24A45AF2_13FF_491d_9E3D_F8D8113F28E1";"";"EAID_14E98618_2093_4442_9593_1B15890260A8";"09072026-00:43:48"
"33";"";"";"";"EAID_E90A8EA3_8DFD_422f_A41E_6454BEBA891C";"association-relationship";"association";"";"";"";"";"";"EAID_24A45AF2_13FF_491d_9E3D_F8D8113F28E1";"";"EAID_A514BC85_0096_4bbc_B393_DE1784056420";"09072026-00:43:48"
"34";"";"";"";"EAID_FF67E901_9A5A_42d6_A057_D9C4CCF28661";"association-relationship";"association";"";"";"";"";"";"EAID_24A45AF2_13FF_491d_9E3D_F8D8113F28E1";"";"EAID_5E0C3ED7_DCB9_4fc0_A11C_50F079D74EFD";"09072026-00:43:48"
"35";"";"";"";"EAID_233E4DAA_5F42_4e31_9618_0C8DE4DDA387";"association-relationship";"association";"";"";"";"";"";"EAID_24A45AF2_13FF_491d_9E3D_F8D8113F28E1";"";"EAID_48CCBBD0_2327_4620_881C_A39F151BABD6";"09072026-00:43:48"
"36";"";"";"";"EAID_B8F143EF_FACE_4bdc_8C94_967CCC0831E3";"association-relationship";"association";"";"";"";"";"";"EAID_24A45AF2_13FF_491d_9E3D_F8D8113F28E1";"";"EAID_F0C047DA_725B_486b_9FF3_EB60662C1895";"09072026-00:43:48"
"37";"";"";"";"EAID_FE9C4793_57C5_48fe_964E_358BFA3B3EF2";"association-relationship";"association";"";"";"";"";"";"EAID_24A45AF2_13FF_491d_9E3D_F8D8113F28E1";"";"EAID_609AECDB_CFEA_4316_9541_5239A26CC069";"09072026-00:43:48"
"38";"";"";"";"EAID_73891901_299C_4b86_B0BE_B9D85E13C08B";"association-relationship";"association";"";"";"";"";"";"EAID_D46DA88A_F3EB_4c72_85DA_C0C4239289E2";"1b771d9e-6208-4916-86ed-a88a79cac648";"EAID_C1542AC8_2F3C_4e62_ADFA_A9FB3358DAB1";"09072026-00:43:48"
"39";"";"";"";"EAID_B0C2A9A7_90BC_44d0_9F0B_BDF158E4CBDD";"association-relationship";"association";"";"";"";"";"";"EAID_DCF0623A_694F_4b82_B615_F499F169C19A";"1b771d9e-6208-4916-86ed-a88a79cac648";"EAID_C1542AC8_2F3C_4e62_ADFA_A9FB3358DAB1";"09072026-00:43:48"
"40";"";"";"";"EAID_92C1F6CA_CC91_43cb_95FC_AC288F3A8790";"association-relationship";"association";"";"";"";"";"af282ab4-d6c4-4a5f-8126-db9b70cff048";"EAID_3015DCE3_7C05_4160_A717_533553258C15";"f152bdf8-bd60-4c88-b739-e3091afdbf7a";"EAID_32A22BC6_89EC_44af_8D7D_79B12311AE2D";"09072026-00:43:48"
"41";"";"";"fcfd71ea-e250-4c03-80f7-3f67a2fda167";"EAID_A152F8E6_989C_4a51_8D83_A7FBE21305DE";"association-relationship";"association";"";"";"";"";"af282ab4-d6c4-4a5f-8126-db9b70cff048";"EAID_3015DCE3_7C05_4160_A717_533553258C15";"403c547f-8d7e-4235-99d9-d155063c6085";"EAID_31A87864_6CE0_4e93_A493_ECD0FBDD4461";"09072026-00:43:48"
"42";"";"";"";"EAID_9A98973C_5B7F_4f67_8355_381743471AB4";"association-relationship";"association";"";"";"";"";"429cbd2f-a86d-49d9-9c8a-0de67a7e7d3e";"EAID_2651D6E0_6AC8_43a8_A4F6_4706209BAC8E";"";"EAID_755B80B2_6522_4c58_A998_D3F00859FE78";"09072026-00:43:48"
"43";"";"";"4d39733b-e03c-4fb0-95a4-8b0ece2f7f75";"EAID_12D334F5_9996_4c2a_B0C1_83D664E82ACF";"association-relationship";"association";"";"";"";"";"e1371e07-969e-4a34-be81-0a23ffd541dd";"EAID_AF9534B0_7CBD_4061_9276_A7B6698B383A";"af282ab4-d6c4-4a5f-8126-db9b70cff048";"EAID_3015DCE3_7C05_4160_A717_533553258C15";"09072026-00:43:48"
"44";"";"";"3d2a27da-4df0-42fd-a19d-0a74a3c20e63";"EAID_A589113E_6865_4318_9B25_A339169D7B02";"specialization-relationship";"generalization";"";"";"";"";"d0eb8d8b-25c9-4eef-9dc6-4a773d8899a7";"EAID_7B9EDDFD_57F7_4ff2_938F_FDFA3B503DA8";"c5e5f4f9-5bb6-4a9f-816b-e41abc770e86";"EAID_CA19D17F_3EB7_459d_9883_16F0C0B5D35E";"09072026-00:43:48"
"45";"";"";"f5f94646-0dd8-4c12-84dc-f4cc0fd95ff3";"EAID_95BB643E_8174_4680_9551_3503B188F7AC";"specialization-relationship";"generalization";"";"";"";"";"db373678-134a-4333-9d49-e86faf5ce531";"EAID_5772BEBB_97FA_42a9_B70D_DB55EAD6D1EE";"c5e5f4f9-5bb6-4a9f-816b-e41abc770e86";"EAID_CA19D17F_3EB7_459d_9883_16F0C0B5D35E";"09072026-00:43:48"
"46";"";"";"";"EAID_37D02D26_7ADF_4bd4_8F62_682F2E943C29";"association-relationship";"abstraction";"";"";"";"";"378dab8d-1135-40b8-9ed5-3591a89c75c2";"EAID_440219A4_C64B_4eac_ADE5_E79ED6AA9BFE";"10eaa33f-03bf-42b4-9310-56add2cb5a7b";"EAID_5641C50A_C0FA_4e71_B07B_26C7B1CE94ED";"09072026-00:43:48"
"47";"";"";"";"EAID_8CEB0C48_F21B_4f40_8937_DC4D44E8E1E6";"specialization-relationship";"generalization";"";"";"";"";"";"EAID_43D57BB8_C2E4_4b5a_A41C_C5CEC9D3877D";"44f31c7d-6347-4e52-a809-c48563f4b7f1";"EAID_E9AEF0A9_11BC_4d2a_BC48_FB77F04EF9A6";"09072026-00:43:48"
"48";"";"";"";"EAID_7D24D0DE_BD63_4306_AB96_5C927A98D923";"specialization-relationship";"generalization";"";"";"";"";"";"EAID_FF9A4A36_6674_4590_BC33_7B6DC5256490";"44f31c7d-6347-4e52-a809-c48563f4b7f1";"EAID_E9AEF0A9_11BC_4d2a_BC48_FB77F04EF9A6";"09072026-00:43:48"
"49";"";"";"b937f4d7-23bf-4789-bcb9-dbfd5c8221d7";"EAID_542C097B_D8CF_4ee5_B454_7F99D9AE078B";"specialization-relationship";"generalization";"";"";"";"";"f94b299a-c9eb-4bdb-82e7-5752360494cd";"EAID_C29CCD49_04E2_44b4_A6B0_AD8B10552628";"10eaa33f-03bf-42b4-9310-56add2cb5a7b";"EAID_5641C50A_C0FA_4e71_B07B_26C7B1CE94ED";"09072026-00:43:48"
"50";"";"";"";"EAID_4D77D7A7_D33D_4ed9_B3A5_352278A94E0F";"specialization-relationship";"generalization";"";"";"";"";"d4b0a5ba-7c38-44eb-8856-e3cb971dca37";"EAID_E9AD325A_49CF_48a6_AA9E_7FB57E03E414";"cad45b80-14d3-4a0c-a906-0c1614dc9570";"EAID_9DF5AC43_3673_4b9a_BB5E_6DCA7BE28835";"09072026-00:43:48"
"51";"";"";"b8bf9d68-4e20-4662-b136-fa3a4bc3043e";"EAID_1D2BDC1C_B6D7_47d0_9B5D_4E6E46B906A6";"specialization-relationship";"generalization";"";"";"";"";"51d717fc-7e1e-466e-92eb-58c3d8b225d7";"EAID_80F23226_8DD8_4926_B8F1_F2A3C01A29BF";"f14fa1cf-f2c7-4bd6-862d-28ff1616a882";"EAID_8E6BAEF8_1878_400f_9244_23575BD41EAB";"09072026-00:43:48"
"52";"";"";"a7f33c43-f77c-4fda-b584-7225c684277d";"EAID_ADE64570_57AC_49f0_95C2_75C54F38437A";"specialization-relationship";"generalization";"";"";"";"";"f10ba880-2051-4fd8-8495-f34f1a617dc0";"EAID_44B26957_BAA4_41c2_ABBF_CC1AC91D30D6";"f14fa1cf-f2c7-4bd6-862d-28ff1616a882";"EAID_8E6BAEF8_1878_400f_9244_23575BD41EAB";"09072026-00:43:48"
"53";"";"";"";"EAID_0145CDE7_919F_46a8_8B31_93091CA9EA58";"specialization-relationship";"generalization";"";"";"";"";"";"EAID_192EA281_414F_4d8d_85D1_5C1B75224942";"f10ba880-2051-4fd8-8495-f34f1a617dc0";"EAID_44B26957_BAA4_41c2_ABBF_CC1AC91D30D6";"09072026-00:43:48"
"54";"";"";"";"EAID_7E1FC35B_0CFF_42a9_9A67_D312692BA0E7";"specialization-relationship";"generalization";"";"";"";"";"";"EAID_EAC249B9_13F7_472b_A971_05ED32006F04";"f10ba880-2051-4fd8-8495-f34f1a617dc0";"EAID_44B26957_BAA4_41c2_ABBF_CC1AC91D30D6";"09072026-00:43:48"
"55";"";"";"6969929c-535d-4bdc-8b10-f654b1cd7eeb";"EAID_86C8960F_4162_4dd8_98E7_AD6E526DF2EE";"specialization-relationship";"generalization";"";"";"";"";"44f31c7d-6347-4e52-a809-c48563f4b7f1";"EAID_E9AEF0A9_11BC_4d2a_BC48_FB77F04EF9A6";"f14fa1cf-f2c7-4bd6-862d-28ff1616a882";"EAID_8E6BAEF8_1878_400f_9244_23575BD41EAB";"09072026-00:43:48"
"56";"";"";"";"EAID_4323D9C5_F3AB_4acf_902C_45336D4DF3B1";"specialization-relationship";"generalization";"";"";"";"";"";"EAID_DDC990BC_C026_4c98_BEE5_6692EA0C2515";"44f31c7d-6347-4e52-a809-c48563f4b7f1";"EAID_E9AEF0A9_11BC_4d2a_BC48_FB77F04EF9A6";"09072026-00:43:48"
"57";"";"";"26f5cd80-ca4b-4ebc-b2b2-75415c9fc04b";"EAID_FF5B0203_B376_4d22_9FFD_AD7B52587264";"specialization-relationship";"generalization";"";"";"";"";"2856ae2a-1424-41ad-ab9c-0e166972fb2f";"EAID_5CE9E5F3_BA9A_47e4_A4C1_DE21E66E9F8E";"f14fa1cf-f2c7-4bd6-862d-28ff1616a882";"EAID_8E6BAEF8_1878_400f_9244_23575BD41EAB";"09072026-00:43:48"
"58";"";"";"3cf275b6-7e73-466f-9e18-b9d7cb076b5b";"EAID_ACEECD8F_8C9D_4d66_9CE7_F396DC55C3F3";"specialization-relationship";"generalization";"";"";"";"";"ee5a2678-e98b-44af-ae3f-f0c620a66681";"EAID_CB5BCFAA_01F3_468d_A5CE_4E08D3E4FFC2";"f14fa1cf-f2c7-4bd6-862d-28ff1616a882";"EAID_8E6BAEF8_1878_400f_9244_23575BD41EAB";"09072026-00:43:48"
"59";"";"";"bdf5a063-354c-4ef2-82c4-a51d203c7c05";"EAID_4986CADF_A6F2_4d01_B9B4_BBD2EF132544";"specialization-relationship";"generalization";"";"";"";"";"59bf814b-1020-4906-978b-ca22af2eecc0";"EAID_6C283ABA_C1A3_465b_B267_39E75D06E41F";"113af80a-7e3e-41f6-8f79-8d0d48c4c257";"EAID_EA7FE08E_34F7_45d2_BE2E_E4E3B8333BF3";"09072026-00:43:48"
"60";"";"";"ce00af29-3686-4ae7-81f9-c5141947f83e";"EAID_4CF50A56_FB68_465b_A8D0_FD6EA0E9753B";"specialization-relationship";"generalization";"";"";"";"";"3aed2196-8ba9-4441-a27f-15a1f76d3fda";"EAID_8F492648_6EF2_4f8a_87C9_2440230D4137";"e5293eea-47b8-4091-8ac3-b28139a17c9f";"EAID_27219A32_3B52_4f54_AA67_A972F4B7D9D0";"09072026-00:43:48"
"61";"";"";"7a67df5d-d0f5-4ea0-8b52-db12801fcb49";"EAID_2480687F_FBAE_4e71_805B_0456E338F9D4";"specialization-relationship";"generalization";"";"";"";"";"4b2cc303-de99-49c4-968f-836a71825814";"EAID_5805FA72_C0CE_43c1_A53F_B81166AEFDD4";"b403d1ab-a0ee-4ca0-befa-01bbc54bf403";"EAID_B60B8EF9_D1C0_4e36_BF9B_1C16F92518DD";"09072026-00:43:48"
"62";"";"";"29029f13-1f2e-483d-8001-871b97d5a2ed";"EAID_C9C1BB34_7A67_4b56_B6A0_1DCDF215AD43";"specialization-relationship";"generalization";"";"";"";"";"9f1dd63c-3407-460d-aef7-56cb6c3c20ad";"EAID_8F05E7BA_E7ED_45d1_9626_C8D7FBDB2F1B";"b403d1ab-a0ee-4ca0-befa-01bbc54bf403";"EAID_B60B8EF9_D1C0_4e36_BF9B_1C16F92518DD";"09072026-00:43:48"
"63";"";"";"b653823c-e340-4524-acac-915385916139";"EAID_F3716261_00DA_4215_8CE5_E87EC68DB622";"specialization-relationship";"generalization";"";"";"";"";"13ede1f8-bf63-4da6-abbd-cdc18b7ec39a";"EAID_66E2B5BA_44A0_4fde_AE33_E211EE4832C2";"f14fa1cf-f2c7-4bd6-862d-28ff1616a882";"EAID_8E6BAEF8_1878_400f_9244_23575BD41EAB";"09072026-00:43:48"
"64";"";"";"";"EAID_654A0103_3CC2_4580_9F2C_EE4E8E2C0AF1";"specialization-relationship";"generalization";"";"";"";"";"";"EAID_E9DECE41_F7F5_49f1_94B5_63DE941F6094";"13ede1f8-bf63-4da6-abbd-cdc18b7ec39a";"EAID_66E2B5BA_44A0_4fde_AE33_E211EE4832C2";"09072026-00:43:48"
"65";"";"";"";"EAID_6610A986_57EF_4b25_BB8D_5BCD606A5E52";"specialization-relationship";"generalization";"";"";"";"";"";"EAID_450F47A7_758F_400c_82EB_05535EBDD426";"13ede1f8-bf63-4da6-abbd-cdc18b7ec39a";"EAID_66E2B5BA_44A0_4fde_AE33_E211EE4832C2";"09072026-00:43:48"
"66";"";"";"4c98e9b5-a73c-4b27-bcbd-b7c6fce488d5";"EAID_A2FD81A4_C8A2_4f5f_8C26_CEB12E0C6D0D";"specialization-relationship";"generalization";"";"";"";"";"e623ef14-c4de-498b-9504-5bb6fa4ce0de";"EAID_252C70B1_4E02_4033_B2B5_86F65496D7AB";"13ede1f8-bf63-4da6-abbd-cdc18b7ec39a";"EAID_66E2B5BA_44A0_4fde_AE33_E211EE4832C2";"09072026-00:43:48"
"67";"";"";"e9d7df8a-2a46-4d77-96fe-2b4f325c10e3";"EAID_F42E2F80_5BFB_4c4f_86CB_CF56FDC2DC02";"specialization-relationship";"generalization";"";"";"";"";"3f048a6b-523c-4e8e-a581-0fcc089f1ec6";"EAID_81870665_768C_4fb2_8A4F_A9CB7989C884";"1855a91d-d82d-4544-a51b-7110776a9de1";"EAID_B65280CD_3429_4966_AD2D_CB3EE76EE2E8";"09072026-00:43:48"
"68";"";"";"307627ff-c873-4edc-89d7-c41fb844a3e1";"EAID_140A039F_3BE5_4f0f_B506_40EEFEA11323";"specialization-relationship";"generalization";"";"";"";"";"1bd77fef-f3da-40cc-b94f-e325b0781719";"EAID_70E3C6AF_1117_4cfc_B61F_0D168010FFB9";"1855a91d-d82d-4544-a51b-7110776a9de1";"EAID_B65280CD_3429_4966_AD2D_CB3EE76EE2E8";"09072026-00:43:48"
"69";"";"";"982af149-5dc8-40da-953f-6c7079802125";"EAID_1B05EE50_C227_4105_A8EF_BAC608792E54";"specialization-relationship";"generalization";"";"";"";"";"aa2cb2d9-8482-473c-a5bf-c042cb39352a";"EAID_697F1730_B439_4b35_8799_1B2E9AB04548";"1855a91d-d82d-4544-a51b-7110776a9de1";"EAID_B65280CD_3429_4966_AD2D_CB3EE76EE2E8";"09072026-00:43:48"
"70";"";"";"0ca68b4f-a418-4676-80ee-23ca5391e4fd";"EAID_7B3B179E_1F43_4cd6_864A_08033CF2A7FD";"specialization-relationship";"generalization";"";"";"";"";"e09e0c4d-1c6f-474b-8abc-7fd36f6fd699";"EAID_B8584CD2_A54A_4a59_82B6_A597A0864CFA";"1855a91d-d82d-4544-a51b-7110776a9de1";"EAID_B65280CD_3429_4966_AD2D_CB3EE76EE2E8";"09072026-00:43:48"
"71";"";"";"d21ec619-03a2-49bf-a8b8-47e188d92a5c";"EAID_97F65B17_8224_4d6a_BAD5_386318B4E64D";"specialization-relationship";"generalization";"";"";"";"";"341c4296-ac61-426e-b1d8-668052c53ea9";"EAID_90E49701_2A06_4669_9199_6FCFDFCA707A";"1855a91d-d82d-4544-a51b-7110776a9de1";"EAID_B65280CD_3429_4966_AD2D_CB3EE76EE2E8";"09072026-00:43:48"
"72";"";"";"b527c5e3-8274-4c96-ba1f-ebec1fa84cb8";"EAID_D81DDF18_5F40_4f5d_9520_CEB15BF26394";"specialization-relationship";"generalization";"";"";"";"";"eb5a2808-d438-4299-b803-4495b819396b";"EAID_B369B374_F560_4ea6_9A8B_DBBCB4961EFF";"6cc6afe6-e4c6-4e2b-a359-f278b23700db";"EAID_16EB3936_03CB_4854_9CD8_9F0911EEA51B";"09072026-00:43:48"
"73";"";"";"a19fc1ae-dffc-4899-a508-9119b5995b00";"EAID_EFC8F306_37BD_43d2_856F_28BF3A5B85A6";"specialization-relationship";"generalization";"";"";"";"";"d3538832-c621-464d-adc3-3fdf7c6745af";"EAID_613E192A_D0F2_4e67_BE73_51C09197EE3D";"113af80a-7e3e-41f6-8f79-8d0d48c4c257";"EAID_EA7FE08E_34F7_45d2_BE2E_E4E3B8333BF3";"09072026-00:43:48"
"74";"";"";"5a06ff14-4cab-49f9-b575-c87bc56a5735";"EAID_ACD49FC1_B6A0_4cc3_896E_285018F4F415";"specialization-relationship";"generalization";"";"";"";"";"e2ea124f-56ce-4614-9e32-0f13371a5ede";"EAID_266057AF_58BD_42e1_B4D5_16EB266B9B7A";"e1371e07-969e-4a34-be81-0a23ffd541dd";"EAID_AF9534B0_7CBD_4061_9276_A7B6698B383A";"09072026-00:43:48"
"75";"";"";"";"EAID_718B694A_0C55_4fe7_B0BE_B55AEDCB0EC8";"specialization-relationship";"generalization";"";"";"";"";"";"EAID_3119A4DB_BB23_4adc_98BD_82F2D7996C6B";"ac9bd49c-9861-44f3-adff-ffa256a08111";"EAID_28A6F2AC_5AB1_4f25_8876_931152CA28E0";"09072026-00:43:48"
"76";"";"";"";"EAID_5DA8C8B3_BE1A_40bd_A4FF_980213D42E5C";"aggregation-relationship";"aggregation";"";"";"";"";"153ea543-3a96-4878-b661-f7c3d0f07d20";"EAID_F47ACE79_C476_479f_A3A3_729E65AF3D32";"a397db5a-35ee-436d-b358-d04415b3d61b";"EAID_0E3DE26B_C535_4a03_98A4_8D36DC3D5297";"09072026-00:43:48"
"77";"";"";"28464156-f551-406e-bc50-63f426d5f63e";"EAID_EE1A50E8_EF34_4a9e_AD32_D985C4EB6147";"specialization-relationship";"generalization";"";"";"";"";"91982611-d658-4c52-8869-0bbf87b487d3";"EAID_51C8E3DF_FFF4_4a20_9CB2_AA5FA50579E2";"e1371e07-969e-4a34-be81-0a23ffd541dd";"EAID_AF9534B0_7CBD_4061_9276_A7B6698B383A";"09072026-00:43:48"
"78";"";"";"";"EAID_22B1F924_145E_4d87_989E_08C68BAFD692";"specialization-relationship";"generalization";"";"";"";"";"f2c26bb2-4c76-4b03-8ceb-6397b5a12ae8";"EAID_32DFC5DD_79D9_45d5_8F9D_7D5125961817";"6eaed538-bcc5-4648-b0f2-4c5095b9f514";"EAID_3D5CCB29_91E4_458e_8BCD_6741198E45B8";"09072026-00:43:48"
"79";"";"";"24c24564-36d8-4acf-945d-b6238f438e96";"EAID_CE5E97EC_7CA7_482f_9556_EDBB93B624CE";"specialization-relationship";"generalization";"";"";"";"";"f2c26bb2-4c76-4b03-8ceb-6397b5a12ae8";"EAID_32DFC5DD_79D9_45d5_8F9D_7D5125961817";"6eaed538-bcc5-4648-b0f2-4c5095b9f514";"EAID_3D5CCB29_91E4_458e_8BCD_6741198E45B8";"09072026-00:43:48"
"80";"";"";"6fb3bd36-6bdf-4ad9-8c2b-aad899749ff1";"EAID_56A06DA3_0A4E_4b13_9A21_35FDCF6B91B9";"specialization-relationship";"generalization";"";"";"";"";"7b7d7585-b081-4bcc-a39e-cf6b3803799a";"EAID_369E453B_4C3A_48dc_9619_C36232B339D9";"9d218c7e-64e5-45e1-9bac-ec9f27d50fe3";"EAID_71A5C565_C2CC_495f_910A_76C199C6AF0E";"09072026-00:43:48"
"81";"";"";"07a3d390-7f60-4a1c-952b-738d78e44489";"EAID_6217449D_B1A2_4d75_9C2B_3722E27B287B";"specialization-relationship";"generalization";"";"";"";"";"7b7d7585-b081-4bcc-a39e-cf6b3803799a";"EAID_369E453B_4C3A_48dc_9619_C36232B339D9";"10eaa33f-03bf-42b4-9310-56add2cb5a7b";"EAID_5641C50A_C0FA_4e71_B07B_26C7B1CE94ED";"09072026-00:43:48"
"82";"";"";"e9010516-7669-40c8-86f5-8db6551b69bc";"EAID_56BA52DC_84C6_4e49_9224_B1BFD1A6BD8B";"specialization-relationship";"generalization";"";"";"";"";"3335a028-e7f5-44a7-9afc-a80ba0214eb6";"EAID_BCAFBBCD_851E_4235_9D85_88EC71F2245B";"36e81522-45dc-4859-a86a-92f9d1d879ba";"EAID_3BBB3264_592A_4d8c_A741_C2A3C38E3932";"09072026-00:43:48"
"83";"";"";"19b26630-6daa-4fbe-a80d-ec1067507e9e";"EAID_BCD2F6EC_CB32_488b_90B9_F2C29206D0EA";"specialization-relationship";"generalization";"";"";"";"";"b8e4973e-2137-4bc5-8dc0-60041201a8aa";"EAID_066C9C37_0FAF_4239_8D7D_B7EBE42E4918";"cd27cd50-1721-4870-a292-ea0f24d1ada4";"EAID_9F4E12E4_B228_4931_AC83_1B1F60958A89";"09072026-00:43:48"
"84";"";"";"502e2d98-cdca-4920-b8ff-d32c9fdba143";"EAID_6732FBFE_815B_4a32_AF06_655F4A3CCEDB";"specialization-relationship";"generalization";"";"";"";"";"be17bc1c-f653-4b92-8f97-9e9219502be5";"EAID_9AE5BCE3_AD6D_4241_9651_823400E3745F";"cad45b80-14d3-4a0c-a906-0c1614dc9570";"EAID_9DF5AC43_3673_4b9a_BB5E_6DCA7BE28835";"09072026-00:43:48"
"85";"";"";"aaef42f7-239d-40f6-a038-da3cb37005a8";"EAID_3231E963_F0A1_46fd_A304_F2C9C8BBA8D5";"specialization-relationship";"generalization";"";"";"";"";"0d7e9bb5-b865-4599-aa6d-6cac9fd2185b";"EAID_59CF7225_3D61_42e2_A399_7EB13450D97D";"cad45b80-14d3-4a0c-a906-0c1614dc9570";"EAID_9DF5AC43_3673_4b9a_BB5E_6DCA7BE28835";"09072026-00:43:48"
"86";"";"";"577185b4-76a3-4c56-aaf3-87ae5561509e";"EAID_10AE8788_4EA4_4f44_BA5D_96DC180DBA48";"specialization-relationship";"generalization";"";"";"";"";"e963434a-50be-4619-b041-58689adc00de";"EAID_BBCF9DBE_70AD_431c_B698_7F0D69D07050";"9d218c7e-64e5-45e1-9bac-ec9f27d50fe3";"EAID_71A5C565_C2CC_495f_910A_76C199C6AF0E";"09072026-00:43:48"
"87";"";"";"46e44335-2094-4670-8370-91ba121f66a6";"EAID_DF9C3B5F_5A7B_43e8_A620_3E8B9CB3CE1E";"specialization-relationship";"generalization";"";"";"";"";"36e81522-45dc-4859-a86a-92f9d1d879ba";"EAID_3BBB3264_592A_4d8c_A741_C2A3C38E3932";"cd27cd50-1721-4870-a292-ea0f24d1ada4";"EAID_9F4E12E4_B228_4931_AC83_1B1F60958A89";"09072026-00:43:48"
"88";"";"";"3e2cfa5f-db0f-4f32-96c1-8ae996249ecc";"EAID_623D1015_E0FF_4858_80FB_BDBF4B8EFF46";"specialization-relationship";"generalization";"";"";"";"";"06763d17-6faa-4c48-b068-e781b72993e0";"EAID_90E24064_EBB7_4ffc_9640_F7C31678899F";"25088983-e263-4879-8cbb-b699218df32c";"EAID_EA2D32A2_5ED5_45c8_AC33_57C35981B3BC";"09072026-00:43:48"
"89";"";"";"ae864424-f67b-4682-834e-aa810cec6b83";"EAID_9D7F10C6_C706_4e62_875C_6FF5ECF460E8";"specialization-relationship";"generalization";"";"";"";"";"02f467d4-ebca-47cc-9a06-ed4d635d4462";"EAID_576642BA_9AF9_42fc_831A_F9D3138F20FC";"cad45b80-14d3-4a0c-a906-0c1614dc9570";"EAID_9DF5AC43_3673_4b9a_BB5E_6DCA7BE28835";"09072026-00:43:48"
"90";"";"";"c7e6fc36-78bd-41ea-bfad-51d07fc52b4f";"EAID_390CE5AC_9D1B_4dc6_A047_A464FDADFB84";"specialization-relationship";"generalization";"";"";"";"";"f4766721-5a96-40f7-8441-9f21f18a9167";"EAID_E46CB962_A2BC_4656_A0C1_D7DBCCA0C528";"021bf2ce-98b1-4ca5-8785-4cc902b98f10";"EAID_FF566C6B_077B_4914_8AF7_40EB1EDD388A";"09072026-00:43:48"
"91";"";"";"2a5e58e1-e80f-445a-a26b-67946e566f44";"EAID_BC9D9001_3F43_4652_BF4E_A4261D11DC50";"specialization-relationship";"generalization";"";"";"";"";"40c57f7c-2356-4c05-b22d-a2a8466dfebd";"EAID_68C42EEA_6985_483e_99E6_E0F1FB71D622";"cad45b80-14d3-4a0c-a906-0c1614dc9570";"EAID_9DF5AC43_3673_4b9a_BB5E_6DCA7BE28835";"09072026-00:43:48"
"92";"";"";"ef5485fe-3eb4-479b-8e69-e0064daad45b";"EAID_E51FCBB9_D6DB_449c_B425_CFC01AE8C74E";"specialization-relationship";"generalization";"";"";"";"";"baedc106-49fc-4fdc-9af2-cd5116319468";"EAID_C73389B7_7BCD_4496_888B_6ABEE9DE01FB";"cad45b80-14d3-4a0c-a906-0c1614dc9570";"EAID_9DF5AC43_3673_4b9a_BB5E_6DCA7BE28835";"09072026-00:43:48"
"93";"";"";"28fddb57-72f6-42f8-94fe-8a9e5f5d9259";"EAID_9E3CADC4_EB76_4095_A1D4_361657422432";"specialization-relationship";"generalization";"";"";"";"";"9a4512b0-6081-4f32-bec9-8f2b62e62761";"EAID_E5566AF6_3D43_4b2f_B658_F67F6C1C511D";"6cc6afe6-e4c6-4e2b-a359-f278b23700db";"EAID_16EB3936_03CB_4854_9CD8_9F0911EEA51B";"09072026-00:43:48"
"94";"";"";"";"EAID_D01422E2_9ABA_4fb8_923A_A2D687CC56EB";"association-relationship";"association";"";"";"";"";"";"EAID_0C8A7D1C_78AB_4041_B809_4E623B151AF8";"";"EAID_BADEA7EB_6D8A_4897_8652_562D161CB303";"09072026-00:43:48"
"95";"";"";"";"EAID_6E1A183C_02AD_47e9_B44C_F637B56A6BF9";"association-relationship";"association";"";"";"";"";"";"EAID_D41DFD6D_FEF0_4180_8ED2_9A95418AA939";"";"EAID_B20318D0_EB2F_4ba1_B2BE_2BDDD4846143";"09072026-00:43:48"
"96";"";"";"db9a18b8-eaa6-4e86-8593-9a092a74c361";"EAID_0D3EE350_90B3_41f5_B256_C15AA6192205";"specialization-relationship";"generalization";"";"";"";"";"cda4149f-f0a0-44d9-b893-25bcce04d20d";"EAID_6508657D_7C3F_4261_B647_5D3B077A20F9";"a7a350a2-a9aa-4437-b67b-016fec0d048d";"EAID_BE5E10D0_FD83_4b0a_B5D2_4A7EE6B9C53B";"09072026-00:43:48"
"97";"";"";"97e0507f-9b98-4373-8553-9be23eaea1f9";"EAID_C9BFBD40_0BE4_4607_9509_98244DB5DE36";"specialization-relationship";"generalization";"";"";"";"";"ca9df4ee-92e1-4c24-ace3-467d146a320e";"EAID_FE1A2EF2_44FA_46fa_A583_7BAB858E17FD";"a7a350a2-a9aa-4437-b67b-016fec0d048d";"EAID_BE5E10D0_FD83_4b0a_B5D2_4A7EE6B9C53B";"09072026-00:43:48"
"98";"";"";"e73ca771-3fc4-414e-bfb2-5a030b8ef4af";"EAID_D1E2A784_6163_4a1f_87BA_6BE650606078";"specialization-relationship";"generalization";"";"";"";"";"59d3efaa-a05f-477a-a271-49bac323939f";"EAID_852AD372_B353_49c2_A4E7_F87D8AA96AD7";"6eaed538-bcc5-4648-b0f2-4c5095b9f514";"EAID_3D5CCB29_91E4_458e_8BCD_6741198E45B8";"09072026-00:43:48"
"99";"";"";"5c20902a-c107-4171-aaba-f72a58ecdeb9";"EAID_9EEE5F0F_F0F9_4cc2_B73E_7B2DD855E6C5";"specialization-relationship";"generalization";"";"";"";"";"3545eb93-e19a-4b1f-b3f2-03b79b30b200";"EAID_BE7C28C6_0922_4c6a_A953_3D598D991AB5";"f14fa1cf-f2c7-4bd6-862d-28ff1616a882";"EAID_8E6BAEF8_1878_400f_9244_23575BD41EAB";"09072026-00:43:48"
"100";"";"";"aab8994d-6e72-4724-9e2b-2c92f86039ab";"EAID_486398C8_20C1_48d7_8475_A5BE1C06DB0D";"association-relationship";"association";"";"";"";"";"7c5fd54e-88dd-4738-95ec-5164d6c6af35";"EAID_EC0FB9CB_B407_49b4_8FCF_8837E7A72DA9";"3545eb93-e19a-4b1f-b3f2-03b79b30b200";"EAID_BE7C28C6_0922_4c6a_A953_3D598D991AB5";"09072026-00:43:48"
"101";"";"";"";"EAID_0CEC8537_F433_4820_9751_314BF07A728F";"specialization-relationship";"generalization";"";"";"";"";"";"EAID_0FA25A4F_DF7F_4feb_9460_19D054E874F8";"f14fa1cf-f2c7-4bd6-862d-28ff1616a882";"EAID_8E6BAEF8_1878_400f_9244_23575BD41EAB";"09072026-00:43:48"
"102";"";"";"144fdade-9c7a-4b90-8ea8-db7dbb6bd916";"EAID_0607E9E7_5520_4f88_A75B_C39FA879B947";"association-relationship";"association";"";"";"";"";"c481e8b8-f7d7-4979-b767-ebf2a9b04712";"EAID_71D7E96D_641A_4b6a_A325_DED07C3B5836";"2a859087-fe7f-412a-b057-bf1e3f249a4c";"EAID_DAF09055_A5A6_4ff4_A158_21B20567B296";"09072026-00:43:48"
"103";"";"";"2ad46306-cf8b-47fd-9b53-ca82cd5fd202";"EAID_624544D9_080C_43d0_8CE8_2FF792248E35";"association-relationship";"association";"";"";"";"";"7c5fd54e-88dd-4738-95ec-5164d6c6af35";"EAID_EC0FB9CB_B407_49b4_8FCF_8837E7A72DA9";"38610e76-2c3e-429a-b30b-1fd21f05c8fc";"EAID_975C3DA3_930A_49d8_B54F_2A560DC2AD5A";"09072026-00:43:48"
"104";"";"";"2bb41f94-9ca8-4928-81be-b0254f24db3b";"EAID_64F4A773_5E68_4ae8_8065_4E814C9663A0";"specialization-relationship";"generalization";"";"";"";"";"7c5fd54e-88dd-4738-95ec-5164d6c6af35";"EAID_EC0FB9CB_B407_49b4_8FCF_8837E7A72DA9";"ede48ca8-4854-44b2-b549-0827bebf56ab";"EAID_A91E9C27_C4FA_4e1b_A4FF_8AE74ED9B7EB";"09072026-00:43:48"
"105";"";"";"";"EAID_C1877738_BECA_476e_8906_4DB092D0D0E1";"association-relationship";"association";"";"";"";"";"";"EAID_63D30089_AD78_4c29_9D17_160FE4A242E8";"";"EAID_951AC549_985D_4bdb_BEE0_65AD3C1ED9E2";"09072026-00:43:48"
"106";"";"";"";"EAID_CA8768E8_ADE1_4199_B1F9_2A97D5273306";"association-relationship";"association";"";"";"";"";"3991c605-2abb-4185-b7ce-1adf5966e3c7";"EAID_598F7015_C6B5_4eed_80A6_139B62324678";"";"EAID_45BB12F8_C796_43aa_A4D0_FDC724601EB9";"09072026-00:43:48"
"107";"";"";"e5095095-93c7-4bef-8681-be6c96a4c2d7";"EAID_E86953B8_2000_47ce_B010_617922D06209";"specialization-relationship";"generalization";"";"";"";"";"3991c605-2abb-4185-b7ce-1adf5966e3c7";"EAID_598F7015_C6B5_4eed_80A6_139B62324678";"b0cd75ba-28f2-4950-bb79-6ceb662eb6fa";"EAID_EE5472C2_193E_4432_B175_78D6DF1D357B";"09072026-00:43:48"
"108";"";"";"";"EAID_07D6B7FF_09FC_4f30_B4CF_85EE247E38B9";"association-relationship";"association";"";"";"";"";"";"EAID_D41DCE2D_4AD5_45b8_9527_EC416F4A4CC7";"ccce5500-2140-4928-9716-0132a31e9686";"EAID_DCE46ABA_613D_4204_86F4_35F517FF680F";"09072026-00:43:48"
"109";"";"";"";"EAID_BD79AE98_4F00_4a06_9568_5A40F7D55F63";"specialization-relationship";"generalization";"";"";"";"";"";"EAID_526489DC_4D57_4e6d_8338_5F7C898162F6";"b0cd75ba-28f2-4950-bb79-6ceb662eb6fa";"EAID_EE5472C2_193E_4432_B175_78D6DF1D357B";"09072026-00:43:48"
"110";"";"";"a08400d6-6634-468d-bc95-c95deaddeb76";"EAID_02A0FDF0_2C0C_4282_B6DE_64C7B857BEBE";"specialization-relationship";"generalization";"";"";"";"";"b0cd75ba-28f2-4950-bb79-6ceb662eb6fa";"EAID_EE5472C2_193E_4432_B175_78D6DF1D357B";"c232f5e4-e589-4c91-9bf2-5649f41a10f0";"EAID_3BBDD95F_6586_4591_BBD0_D04D1CF2801E";"09072026-00:43:48"
"111";"";"";"6ece4a65-613c-4db9-a169-8de819ee0be8";"EAID_A2F928D0_04AB_483b_AFA1_045AE421EF32";"specialization-relationship";"generalization";"";"";"";"";"c232f5e4-e589-4c91-9bf2-5649f41a10f0";"EAID_3BBDD95F_6586_4591_BBD0_D04D1CF2801E";"cd27cd50-1721-4870-a292-ea0f24d1ada4";"EAID_9F4E12E4_B228_4931_AC83_1B1F60958A89";"09072026-00:43:48"
"112";"";"";"";"EAID_DD6C1686_A422_41a2_879B_8F6B2D191A23";"specialization-relationship";"generalization";"";"";"";"";"";"EAID_1F9DBD7C_EBF3_41c8_8F00_2F6169FE107C";"";"EAID_2D94CF02_97C5_4621_B225_EA742445A235";"09072026-00:43:48"
"113";"";"";"";"EAID_E172FA03_7A24_4ee6_A477_56CC1175477B";"specialization-relationship";"generalization";"";"";"";"";"";"EAID_B852AF03_A5E0_4148_AFC1_108509FF8BBD";"f14fa1cf-f2c7-4bd6-862d-28ff1616a882";"EAID_8E6BAEF8_1878_400f_9244_23575BD41EAB";"09072026-00:43:48"
"114";"";"";"";"EAID_8EFFB2D8_4BB9_4625_B7B3_21050514DB88";"specialization-relationship";"generalization";"";"";"";"";"";"EAID_DCDAD212_479E_4fc3_B886_585AE57D8C21";"cad45b80-14d3-4a0c-a906-0c1614dc9570";"EAID_9DF5AC43_3673_4b9a_BB5E_6DCA7BE28835";"09072026-00:43:48"
"115";"";"";"";"EAID_3BFB980D_EC95_4a20_A2E7_D465BC895BB7";"specialization-relationship";"generalization";"";"";"";"";"";"EAID_A947042E_7CA6_44f8_902A_1C1185A391F6";"6eaed538-bcc5-4648-b0f2-4c5095b9f514";"EAID_3D5CCB29_91E4_458e_8BCD_6741198E45B8";"09072026-00:43:48"
"116";"";"";"";"EAID_9769C85C_A134_467c_90A1_8131814AB300";"specialization-relationship";"generalization";"";"";"";"";"";"EAID_3643CF44_EFAA_4939_9AEB_ACA8D8EE11F9";"cad45b80-14d3-4a0c-a906-0c1614dc9570";"EAID_9DF5AC43_3673_4b9a_BB5E_6DCA7BE28835";"09072026-00:43:48"
"117";"";"";"";"EAID_DAB43642_F4F5_4206_8968_5FA75E058FA8";"specialization-relationship";"generalization";"";"";"";"";"";"EAID_1AA67F0D_3B94_48a3_A037_A2ACC6D61CF0";"7d5124d4-f23d-432d-ad5a-dc7c1b0fac44";"EAID_649EFD86_ED52_4293_8577_DBE5445845BF";"09072026-00:43:48"
"118";"";"";"56f9305d-2e68-4c24-8386-01bafc980ff1";"EAID_2FA19730_1203_4c67_9D5D_C88542BBE20E";"specialization-relationship";"generalization";"";"";"";"";"2a859087-fe7f-412a-b057-bf1e3f249a4c";"EAID_DAF09055_A5A6_4ff4_A158_21B20567B296";"e1371e07-969e-4a34-be81-0a23ffd541dd";"EAID_AF9534B0_7CBD_4061_9276_A7B6698B383A";"09072026-00:43:48"
"119";"";"";"";"EAID_4458A527_EEE8_48eb_B246_AF004030273D";"specialization-relationship";"generalization";"";"";"";"";"";"EAID_24A45AF2_13FF_491d_9E3D_F8D8113F28E1";"2a859087-fe7f-412a-b057-bf1e3f249a4c";"EAID_DAF09055_A5A6_4ff4_A158_21B20567B296";"09072026-00:43:48"
"120";"";"";"ec919182-7b12-4e44-ab42-8d37f92f56ab";"EAID_2BFAB377_981B_496f_B2DC_172D433D4761";"specialization-relationship";"generalization";"";"";"";"";"17a0d019-c25e-4bba-ae64-f381da597376";"EAID_276E1BF9_E902_4303_A9E7_048627E0DC84";"6cc6afe6-e4c6-4e2b-a359-f278b23700db";"EAID_16EB3936_03CB_4854_9CD8_9F0911EEA51B";"09072026-00:43:48"
"121";"";"";"";"EAID_B9A20B90_4B19_455d_BC59_6059E161B6C4";"specialization-relationship";"generalization";"";"";"";"";"";"EAID_51A266C7_3BDA_457c_9A32_CD1B166CA5BF";"cad45b80-14d3-4a0c-a906-0c1614dc9570";"EAID_9DF5AC43_3673_4b9a_BB5E_6DCA7BE28835";"09072026-00:43:48"
"122";"";"";"ffaafacb-9aa0-4412-acc2-a5019b3dc17c";"EAID_C94561A7_B0DC_41cc_9975_43F847A7DE50";"specialization-relationship";"generalization";"";"";"";"";"5011fe69-8832-47f9-9ba5-c68d53a95ecd";"EAID_3DF01B79_6712_473e_9878_594CB5AE95A7";"cd27cd50-1721-4870-a292-ea0f24d1ada4";"EAID_9F4E12E4_B228_4931_AC83_1B1F60958A89";"09072026-00:43:48"
"123";"";"";"";"EAID_86D90F6C_C99A_4252_A06A_DA7740A9DD7E";"specialization-relationship";"generalization";"";"";"";"";"";"EAID_D985F79E_8616_4144_9071_238FB9240B85";"";"EAID_F0C047DA_725B_486b_9FF3_EB60662C1895";"09072026-00:43:48"
"124";"";"";"346c6780-c6bd-4943-bdd5-e32e0baf9102";"EAID_C07BC087_AB8A_46f4_81C6_255300BCD9DF";"specialization-relationship";"generalization";"";"";"";"";"e1029618-919b-4889-9989-e7f6ca9a16ea";"EAID_8A02DCF5_E568_4d45_96A2_FD4FB53F414C";"f14fa1cf-f2c7-4bd6-862d-28ff1616a882";"EAID_8E6BAEF8_1878_400f_9244_23575BD41EAB";"09072026-00:43:48"
"125";"";"";"";"EAID_1a54ab9a_8daa_4a58_bf26_0e5416696699";"specialization-relationship";"generalization";"";"";"";"";"";"EAID_401EC4C0_809B_48F0_9646_0F646A8F1AE";"1208ebe7-a18a-40fc-bb6e-87dd2dd7de2a";"EAID_B7168388_9EB9_4C95_B35E_1BA2660849E";"09072026-00:43:48"
"126";"";"";"";"EAID_f652de51_bf00_4aba_be13_2110a49ae33d";"specialization-relationship";"generalization";"";"";"";"";"";"EAID_58EF1415_6ACB_412B_9C3E_E390BB2AE3B";"10c774ed-95dc-4186-b425-c19c187b90ff";"EAID_6B54FE2F_9897_47DA_863C_5A931E89B2D";"09072026-00:43:48"
"127";"";"";"7900547a-d2e1-484a-ad4c-31ca1262d27f";"EAID_61a45373_4cb8_4c9b_a218_c5df25e03d15";"specialization-relationship";"generalization";"";"";"";"";"10c774ed-95dc-4186-b425-c19c187b90ff";"EAID_6B54FE2F_9897_47DA_863C_5A931E89B2D";"7866576d-8cb5-495b-a2f4-2b56393ee7b5";"EAID_E060DC30_E4F2_4794_A16E_7207032E250";"09072026-00:43:48"
"128";"";"";"";"EAID_f26b5684_25ad_4b82_910c_3d59d130809c";"specialization-relationship";"generalization";"";"";"";"";"";"EAID_83F95133_4D59_4B1F_B5DD_6055DA2C007";"7b309467-9314-472e-a8ec-f4d44da63412";"EAID_61526934_9D0C_4A07_8C5D_17F60E1A467";"09072026-00:43:48"
"129";"";"";"c38607ae-ea72-495a-998a-a6614855b5e5";"EAID_0b8c2149_7bf5_4e14_b509_78dc8cfe1408";"specialization-relationship";"generalization";"";"";"";"";"9f85d08b-b58f-45eb-ac71-73c808847702";"EAID_E9091F41_09F6_42D6_9295_8FE1CA54198";"7866576d-8cb5-495b-a2f4-2b56393ee7b5";"EAID_E060DC30_E4F2_4794_A16E_7207032E250";"09072026-00:43:48"
"130";"";"";"c3e01993-382f-4f54-9e42-5fcd64fa73e4";"EAID_0e5dcc4b_3a6f_4d4a_98d2_ee6642cd938c";"specialization-relationship";"generalization";"";"";"";"";"cd399834-5112-4db5-9f37-9af4f8b3ed4e";"EAID_6B8DBBFB_03D7_4FD7_BBAB_3E7FBE60D97";"7866576d-8cb5-495b-a2f4-2b56393ee7b5";"EAID_E060DC30_E4F2_4794_A16E_7207032E250";"09072026-00:43:48"
"131";"";"";"7838e2e9-bfd0-4cb9-938e-ec485520d063";"EAID_0f886eb8_3966_4355_b3e7_539252e3ff8d";"specialization-relationship";"generalization";"";"";"";"";"3be27f41-71be-42dd-8af2-51c724238dc3";"EAID_81CBE022_0D94_4377_82CA_3AA12937FE8";"7866576d-8cb5-495b-a2f4-2b56393ee7b5";"EAID_E060DC30_E4F2_4794_A16E_7207032E250";"09072026-00:43:48"
"132";"";"";"e36d691e-e698-4a18-802b-1ba89ad3a8d8";"EAID_111c5bd4_2521_4aa0_a53d_01ee0d323579";"specialization-relationship";"generalization";"";"";"";"";"4cf7e8b5-f178-409c-859e-d7ce7a04e222";"EAID_40BD01ED_180A_4644_AB10_4C94C891A45";"7866576d-8cb5-495b-a2f4-2b56393ee7b5";"EAID_E060DC30_E4F2_4794_A16E_7207032E250";"09072026-00:43:48"
"133";"";"";"ff50df59-a958-4116-ae13-10c49492843e";"EAID_190f20de_1bd0_423f_804b_65552616a632";"specialization-relationship";"generalization";"";"";"";"";"b47ab76c-8207-47ee-a1fa-eac8a16b1960";"EAID_43DD67FD_75F0_4FE0_90F0_DB49048F14C";"7866576d-8cb5-495b-a2f4-2b56393ee7b5";"EAID_E060DC30_E4F2_4794_A16E_7207032E250";"09072026-00:43:48"
"134";"";"";"dd9d5b01-aff2-42f9-a293-e7ef4f827ea8";"EAID_3d454e32_35c7_423e_a652_cf928445441a";"specialization-relationship";"generalization";"";"";"";"";"95a78138-3227-48e1-8499-4bcbba4ab13c";"EAID_8CD4C799_C403_41B6_B409_06D37398E31";"7866576d-8cb5-495b-a2f4-2b56393ee7b5";"EAID_E060DC30_E4F2_4794_A16E_7207032E250";"09072026-00:43:48"
"135";"";"";"ab55c9f6-a450-4774-b54d-bef84653ffc4";"EAID_503e4d5e_b799_473b_84f7_3e9e8a163ac7";"specialization-relationship";"generalization";"";"";"";"";"b3edfde2-4da1-47f8-96a0-54bc77c9900f";"EAID_CDF116D4_B5B9_4D01_8A5B_4FFB08CEE00";"7866576d-8cb5-495b-a2f4-2b56393ee7b5";"EAID_E060DC30_E4F2_4794_A16E_7207032E250";"09072026-00:43:48"
"136";"";"";"3c5e05d6-c01d-453b-b143-220abdc9be50";"EAID_64288e7f_73cf_4def_8d3c_8cd56578efd8";"specialization-relationship";"generalization";"";"";"";"";"7b309467-9314-472e-a8ec-f4d44da63412";"EAID_61526934_9D0C_4A07_8C5D_17F60E1A467";"7866576d-8cb5-495b-a2f4-2b56393ee7b5";"EAID_E060DC30_E4F2_4794_A16E_7207032E250";"09072026-00:43:48"
"137";"";"";"0bfa621d-d2a7-4897-8302-679ad762fb10";"EAID_67b057c3_6898_4f4c_b6ea_2f68df44e5de";"specialization-relationship";"generalization";"";"";"";"";"e292e9aa-974b-4299-b814-ed5bb50925ef";"EAID_6B907CEB_2CBE_4886_9D3E_215F5D7E00A";"7866576d-8cb5-495b-a2f4-2b56393ee7b5";"EAID_E060DC30_E4F2_4794_A16E_7207032E250";"09072026-00:43:48"
"138";"";"";"2db5a4f8-c10a-436c-8c79-5e9d6b729612";"EAID_7b721f0b_38c2_4415_bd55_23d3780e811d";"specialization-relationship";"generalization";"";"";"";"";"1208ebe7-a18a-40fc-bb6e-87dd2dd7de2a";"EAID_B7168388_9EB9_4C95_B35E_1BA2660849E";"7866576d-8cb5-495b-a2f4-2b56393ee7b5";"EAID_E060DC30_E4F2_4794_A16E_7207032E250";"09072026-00:43:48"
"139";"";"";"7ecf6ff8-2fa4-48bd-ae56-a0a6021e52f4";"EAID_81ff1f71_6385_4421_97ed_77d840488a57";"specialization-relationship";"generalization";"";"";"";"";"b2bdb817-4007-4c1b-ad24-43929884e0eb";"EAID_4223240C_8786_4D44_889E_9F54BA39A83";"7866576d-8cb5-495b-a2f4-2b56393ee7b5";"EAID_E060DC30_E4F2_4794_A16E_7207032E250";"09072026-00:43:48"
"140";"";"";"403c350d-0213-451f-8813-f897f5c9eadf";"EAID_85e8fda2_2c11_4c3c_9a5e_f8c8a681d310";"specialization-relationship";"generalization";"";"";"";"";"33174f30-4409-42ef-9167-7288d8474e6e";"EAID_E89ECEBE_796F_4CB7_9E9F_860EBC21B4B";"7866576d-8cb5-495b-a2f4-2b56393ee7b5";"EAID_E060DC30_E4F2_4794_A16E_7207032E250";"09072026-00:43:48"
"141";"";"";"6376f78f-43e5-44fc-9479-700f75f5fe85";"EAID_9a548ce4_ab8e_44cc_8a25_a2507107b4a9";"specialization-relationship";"generalization";"";"";"";"";"d5b79e05-a743-4c1f-8a37-5e6911701aab";"EAID_A143A97F_28C5_4B56_90F8_4773481A034";"7866576d-8cb5-495b-a2f4-2b56393ee7b5";"EAID_E060DC30_E4F2_4794_A16E_7207032E250";"09072026-00:43:48"
"142";"";"";"6bf6ee05-b830-4d13-9d6e-df639d36963a";"EAID_9da90864_8e2c_4685_8268_4b9d512484a9";"specialization-relationship";"generalization";"";"";"";"";"07e99170-0c7d-414a-b64e-85375a9e1c9b";"EAID_FFA16BB2_FA5A_49F1_B3E8_794499B0278";"7866576d-8cb5-495b-a2f4-2b56393ee7b5";"EAID_E060DC30_E4F2_4794_A16E_7207032E250";"09072026-00:43:48"
"143";"";"";"1536fc08-f419-4cfe-b369-3025d518bf5b";"EAID_a01dabbe_a0f7_47d8_a673_146105435dee";"specialization-relationship";"generalization";"";"";"";"";"1e352a4f-20de-4ef8-9f84-3f237cfe424e";"EAID_4B32C511_77E9_4ABD_8C02_6F9F336A7A9";"7866576d-8cb5-495b-a2f4-2b56393ee7b5";"EAID_E060DC30_E4F2_4794_A16E_7207032E250";"09072026-00:43:48"
"144";"";"";"48b88db3-64bf-4bba-9979-789ac25518f9";"EAID_a3f35297_0b27_408f_b8c9_f44c8515257b";"specialization-relationship";"generalization";"";"";"";"";"360b8000-41ce-453f-bed8-b0cc7fa21164";"EAID_B4935E75_46CA_414D_949D_30A8B801FD5";"7866576d-8cb5-495b-a2f4-2b56393ee7b5";"EAID_E060DC30_E4F2_4794_A16E_7207032E250";"09072026-00:43:48"
"145";"";"";"3edf49ca-4def-4862-b548-e4addca8fe60";"EAID_c77dc0c5_b2c3_41bc_8d82_c4924f1fa2ba";"specialization-relationship";"generalization";"";"";"";"";"0e1bf1cd-7cce-4904-8470-40cb9d6a5bb6";"EAID_71BCDE9D_88C2_4519_8105_028E40898AB";"7866576d-8cb5-495b-a2f4-2b56393ee7b5";"EAID_E060DC30_E4F2_4794_A16E_7207032E250";"09072026-00:43:48"
"146";"";"";"436210c8-724b-4e09-923d-edc2c98386c3";"EAID_d184b017_0bcb_4aa8_8b5c_f88c77e3736e";"specialization-relationship";"generalization";"";"";"";"";"9d9f7000-98f8-4b97-96f5-6d09edebddd2";"EAID_0DCEE6C7_87BC_498C_A02A_25271DB1BC9";"7866576d-8cb5-495b-a2f4-2b56393ee7b5";"EAID_E060DC30_E4F2_4794_A16E_7207032E250";"09072026-00:43:48"
"147";"";"";"19698201-b59b-4300-8ff0-ccdbda56701b";"EAID_dbe18715_0a24_4648_ab43_ba364b561f5b";"specialization-relationship";"generalization";"";"";"";"";"1759a15a-e759-4abc-9fbb-1bd85bea382c";"EAID_906C9BA6_762D_4B15_94A3_6D8F2D8B922";"7866576d-8cb5-495b-a2f4-2b56393ee7b5";"EAID_E060DC30_E4F2_4794_A16E_7207032E250";"09072026-00:43:48"
"148";"";"";"3e5b5cb0-7a1c-4b0c-9d26-c7dafe4c469a";"EAID_dd88c150_33b8_49ed_ba1d_746c7a678b44";"specialization-relationship";"generalization";"";"";"";"";"0f538a2f-8478-4b4f-a2f8-50ab28f54ea6";"EAID_761406D1_87BC_4DC1_B1B7_BD3BB7AB54A";"7866576d-8cb5-495b-a2f4-2b56393ee7b5";"EAID_E060DC30_E4F2_4794_A16E_7207032E250";"09072026-00:43:48"
"149";"";"";"1d8d09c3-a4f8-43c1-bf8e-cf6f57ac79bc";"EAID_e74e9796_4562_4a28_be34_d6d1612d6a1a";"specialization-relationship";"generalization";"";"";"";"";"f9482bc9-5b10-4075-98cb-4cb895262494";"EAID_7F3202B1_9A3B_4E02_B4F4_31EBCE6B8DE";"7866576d-8cb5-495b-a2f4-2b56393ee7b5";"EAID_E060DC30_E4F2_4794_A16E_7207032E250";"09072026-00:43:48"
"150";"";"";"a8225c76-9174-418b-be82-b2f28aad022c";"EAID_f1168de8_20bc_49b5_8d1a_7ce9fd59c55c";"specialization-relationship";"generalization";"";"";"";"";"a1a1d3ab-366d-4395-be52-b8d918614585";"EAID_47F12418_C5F8_44E0_8EC6_3D0C5993372";"7866576d-8cb5-495b-a2f4-2b56393ee7b5";"EAID_E060DC30_E4F2_4794_A16E_7207032E250";"09072026-00:43:48"
"151";"";"";"31fe89af-b734-4eeb-b649-8d5769cbf922";"EAID_f5bd7602_5c89_4896_99aa_b37a56b3302c";"specialization-relationship";"generalization";"";"";"";"";"41acc666-99e4-4b10-ab75-a3a24550354e";"EAID_4C52CC53_82F2_4B54_AA5F_B75FA00E9FF";"7866576d-8cb5-495b-a2f4-2b56393ee7b5";"EAID_E060DC30_E4F2_4794_A16E_7207032E250";"09072026-00:43:48"
"152";"";"";"3875215e-e535-46a0-833a-03f9dbb01fae";"EAID_f8b430ac_bbe9_4117_afb8_953610b5db17";"specialization-relationship";"generalization";"";"";"";"";"0fedc485-b963-412d-b695-9642921b0933";"EAID_C538C222_0FA4_43EE_BF06_9512A484A57";"7866576d-8cb5-495b-a2f4-2b56393ee7b5";"EAID_E060DC30_E4F2_4794_A16E_7207032E250";"09072026-00:43:48"
"153";"";"";"";"EAID_8172f271_44bb_4d6f_843d_e2be9dd17a73";"specialization-relationship";"generalization";"";"";"";"";"";"EAID_A1EE11DF_4EEA_409A_8E43_F108DC0BF96";"b47ab76c-8207-47ee-a1fa-eac8a16b1960";"EAID_43DD67FD_75F0_4FE0_90F0_DB49048F14C";"09072026-00:43:48"
"154";"";"";"";"EAID_01a5ec81_7b5d_46af_9dfe_fee04edf2cb4";"specialization-relationship";"generalization";"";"";"";"";"";"EAID_55C683B9_3F66_4E21_B0C1_66E664837CA";"07e99170-0c7d-414a-b64e-85375a9e1c9b";"EAID_FFA16BB2_FA5A_49F1_B3E8_794499B0278";"09072026-00:43:48"
"155";"";"";"";"EAID_a854706f_63d5_4da1_b797_bbed6440ac66";"specialization-relationship";"generalization";"";"";"";"";"";"EAID_83A942F7_5291_42F0_AFB1_9A57D0FB2F1";"0f538a2f-8478-4b4f-a2f8-50ab28f54ea6";"EAID_761406D1_87BC_4DC1_B1B7_BD3BB7AB54A";"09072026-00:43:48"
"156";"";"";"";"EAID_906ec827_86ba_46ca_97bb_e1e21f0bc665";"specialization-relationship";"generalization";"";"";"";"";"";"EAID_B56B8C37_AA54_4266_B96B_C466946D1C3";"e292e9aa-974b-4299-b814-ed5bb50925ef";"EAID_6B907CEB_2CBE_4886_9D3E_215F5D7E00A";"09072026-00:43:48"
"157";"";"";"";"EAID_f1ef9701_9d26_40aa_b71e_21c3a0c9f0a3";"specialization-relationship";"generalization";"";"";"";"";"";"EAID_01343EF1_EF8E_4FB1_9A58_8E885304D55";"1208ebe7-a18a-40fc-bb6e-87dd2dd7de2a";"EAID_B7168388_9EB9_4C95_B35E_1BA2660849E";"09072026-00:43:48"
"158";"";"";"";"EAID_ddd03770_11d7_46e7_9d9c_0b251f606b5d";"specialization-relationship";"generalization";"";"";"";"";"";"EAID_812B8374_F08E_47F6_881D_309B7D23FD4";"e292e9aa-974b-4299-b814-ed5bb50925ef";"EAID_6B907CEB_2CBE_4886_9D3E_215F5D7E00A";"09072026-00:43:48"
"159";"";"";"";"EAID_fd204519_54fd_4593_939d_e7cf8e24177f";"specialization-relationship";"generalization";"";"";"";"";"";"EAID_CA558CCA_4DF7_458A_B8BF_AEA0E428489";"7b309467-9314-472e-a8ec-f4d44da63412";"EAID_61526934_9D0C_4A07_8C5D_17F60E1A467";"09072026-00:43:48"
"160";"";"";"";"EAID_01b1c5c0_9314_43e2_8891_cc6d83d3991d";"specialization-relationship";"generalization";"";"";"";"";"";"EAID_6E949D6F_0A40_4BB7_B655_5EF4B8BBA4D";"1208ebe7-a18a-40fc-bb6e-87dd2dd7de2a";"EAID_B7168388_9EB9_4C95_B35E_1BA2660849E";"09072026-00:43:48"
"161";"";"";"";"EAID_6727a33f_3248_466a_aeb6_5f3aa47dcdee";"specialization-relationship";"generalization";"";"";"";"";"";"EAID_12F592F4_8E38_49B7_8DEF_F9B84A874BB";"e292e9aa-974b-4299-b814-ed5bb50925ef";"EAID_6B907CEB_2CBE_4886_9D3E_215F5D7E00A";"09072026-00:43:48"
"162";"";"";"";"EAID_2bd749ee_8415_4ca2_9acd_5c57f33068b6";"specialization-relationship";"generalization";"";"";"";"";"";"EAID_941A17C1_A2B2_4CD1_8991_08B0EBCF0C2";"b47ab76c-8207-47ee-a1fa-eac8a16b1960";"EAID_43DD67FD_75F0_4FE0_90F0_DB49048F14C";"09072026-00:43:48"
"163";"";"";"";"EAID_304c1083_f807_4ef4_a24b_d4e0e5160f96";"specialization-relationship";"generalization";"";"";"";"";"";"EAID_3252585C_4FAB_4EC1_9BA6_F51EAFF271D";"b47ab76c-8207-47ee-a1fa-eac8a16b1960";"EAID_43DD67FD_75F0_4FE0_90F0_DB49048F14C";"09072026-00:43:48"
"164";"";"";"";"EAID_829a85c5_18c7_4c6f_ab47_6ec3778fb919";"specialization-relationship";"generalization";"";"";"";"";"";"EAID_A5A43927_9633_4584_865B_78AE4486E5B";"b47ab76c-8207-47ee-a1fa-eac8a16b1960";"EAID_43DD67FD_75F0_4FE0_90F0_DB49048F14C";"09072026-00:43:48"
"165";"";"";"";"EAID_bf4e85ce_2962_4970_9b41_a2ec7d82d9dc";"specialization-relationship";"generalization";"";"";"";"";"";"EAID_CEF4E497_01A1_4B4F_A509_D18945A3311";"b47ab76c-8207-47ee-a1fa-eac8a16b1960";"EAID_43DD67FD_75F0_4FE0_90F0_DB49048F14C";"09072026-00:43:48"
"166";"";"";"";"EAID_ddf86c5c_160b_479e_addf_82e5f79d3d5d";"specialization-relationship";"generalization";"";"";"";"";"";"EAID_DD64F32C_3273_4E23_9A61_FCC8EC93977";"0fedc485-b963-412d-b695-9642921b0933";"EAID_C538C222_0FA4_43EE_BF06_9512A484A57";"09072026-00:43:48"
"167";"";"";"";"EAID_579f6763_46b4_4910_aed0_41344cedafdd";"specialization-relationship";"generalization";"";"";"";"";"";"EAID_5D70E69A_2A35_4088_886E_32C0B07275C";"0e1bf1cd-7cce-4904-8470-40cb9d6a5bb6";"EAID_71BCDE9D_88C2_4519_8105_028E40898AB";"09072026-00:43:48"
"168";"";"";"";"EAID_9525d213_5165_4e8a_9dec_5e92cedfe324";"specialization-relationship";"generalization";"";"";"";"";"";"EAID_D9ACE9BA_F13C_4EEB_8DD8_73A7E0043DB";"1208ebe7-a18a-40fc-bb6e-87dd2dd7de2a";"EAID_B7168388_9EB9_4C95_B35E_1BA2660849E";"09072026-00:43:48"
"169";"";"";"";"EAID_af10657b_d8e1_4b92_83f6_2288aefc723a";"specialization-relationship";"generalization";"";"";"";"";"";"EAID_01E06F2E_E561_4D6E_8625_2D0F284BE88";"d5b79e05-a743-4c1f-8a37-5e6911701aab";"EAID_A143A97F_28C5_4B56_90F8_4773481A034";"09072026-00:43:48"
"170";"";"";"";"EAID_73d5ba97_bd6b_4f06_8264_708bbae2c642";"specialization-relationship";"generalization";"";"";"";"";"";"EAID_22C76A86_D969_464E_87CD_53466BD75FC";"0fedc485-b963-412d-b695-9642921b0933";"EAID_C538C222_0FA4_43EE_BF06_9512A484A57";"09072026-00:43:48"
"171";"";"";"";"EAID_6a189070_cbf3_4979_89dd_fa47535e02c8";"specialization-relationship";"generalization";"";"";"";"";"";"EAID_D629609F_088E_4504_99BB_C45F0EA633F";"0fedc485-b963-412d-b695-9642921b0933";"EAID_C538C222_0FA4_43EE_BF06_9512A484A57";"09072026-00:43:48"
"172";"";"";"";"EAID_fe4c7956_62a2_4c50_a65d_4e8935517a05";"specialization-relationship";"generalization";"";"";"";"";"";"EAID_ABB1E33A_C934_4123_98B0_2D52349E456";"0f538a2f-8478-4b4f-a2f8-50ab28f54ea6";"EAID_761406D1_87BC_4DC1_B1B7_BD3BB7AB54A";"09072026-00:43:48"
"173";"";"";"";"EAID_5a5a5929_4924_4bde_b893_00f78af771fe";"specialization-relationship";"generalization";"";"";"";"";"";"EAID_E6AFE8F7_95A7_4A0C_A6E8_F6D2091FB8B";"1208ebe7-a18a-40fc-bb6e-87dd2dd7de2a";"EAID_B7168388_9EB9_4C95_B35E_1BA2660849E";"09072026-00:43:48"
"174";"";"";"";"EAID_6f204464_6294_4ff0_82ed_1e1bd77f6f85";"specialization-relationship";"generalization";"";"";"";"";"";"EAID_A5EEDFA7_48FF_4E7F_B5BF_4A809130A3D";"0e1bf1cd-7cce-4904-8470-40cb9d6a5bb6";"EAID_71BCDE9D_88C2_4519_8105_028E40898AB";"09072026-00:43:48"
"175";"";"";"";"EAID_92a14648_3cb0_4c7b_8dd3_d2ef1342871d";"specialization-relationship";"generalization";"";"";"";"";"";"EAID_845EC5C5_7B96_4999_9659_5617436D269";"0e1bf1cd-7cce-4904-8470-40cb9d6a5bb6";"EAID_71BCDE9D_88C2_4519_8105_028E40898AB";"09072026-00:43:48"
"176";"";"";"";"EAID_90a3c7fe_609c_4ec0_9442_121bc8bc65be";"specialization-relationship";"generalization";"";"";"";"";"";"EAID_4EFB3A19_E491_469F_AA96_DEBED9C1BE4";"7b309467-9314-472e-a8ec-f4d44da63412";"EAID_61526934_9D0C_4A07_8C5D_17F60E1A467";"09072026-00:43:48"
"177";"";"";"";"EAID_bd875c67_63d3_4bb4_be7b_ed3f1699d498";"specialization-relationship";"generalization";"";"";"";"";"";"EAID_4824C467_3BF6_45C2_BD8B_03F04CEBCA9";"e292e9aa-974b-4299-b814-ed5bb50925ef";"EAID_6B907CEB_2CBE_4886_9D3E_215F5D7E00A";"09072026-00:43:48"
"178";"";"";"";"EAID_0b75bd09_870b_4909_b1c0_85f537998c02";"specialization-relationship";"generalization";"";"";"";"";"";"EAID_095ECF95_3717_43EC_BC36_8E23E692DEF";"1208ebe7-a18a-40fc-bb6e-87dd2dd7de2a";"EAID_B7168388_9EB9_4C95_B35E_1BA2660849E";"09072026-00:43:48"
"179";"";"";"";"EAID_a948ad8b_df49_43cf_9724_5e31f1bfc417";"specialization-relationship";"generalization";"";"";"";"";"";"EAID_F111E740_26A6_477B_935D_CA5570D4FC8";"f9482bc9-5b10-4075-98cb-4cb895262494";"EAID_7F3202B1_9A3B_4E02_B4F4_31EBCE6B8DE";"09072026-00:43:48"
"180";"";"";"";"EAID_e81e94a4_876e_486f_808e_bc287c39a08e";"specialization-relationship";"generalization";"";"";"";"";"";"EAID_F349D291_F25B_4258_A008_00082F932BE";"0f538a2f-8478-4b4f-a2f8-50ab28f54ea6";"EAID_761406D1_87BC_4DC1_B1B7_BD3BB7AB54A";"09072026-00:43:48"
"181";"";"";"";"EAID_6b45a4e6_415c_469c_ab8e_668b483576de";"specialization-relationship";"generalization";"";"";"";"";"";"EAID_D20F86EE_C4B5_497D_BED0_34B7509121E";"f9482bc9-5b10-4075-98cb-4cb895262494";"EAID_7F3202B1_9A3B_4E02_B4F4_31EBCE6B8DE";"09072026-00:43:48"
"182";"";"";"";"EAID_BFF661A6_8EFF_4151_A9E9_A50C5401D6C8";"specialization-relationship";"generalization";"";"";"";"";"";"EAID_DDE9A5B3_1E56_4058_8D12_A774F43B5D26";"1a89112a-e13c-4c87-a862-e8ec66c01588";"EAID_C6094F79_D8EA_4763_90DF_4E30EFABA1FA";"09072026-00:43:48"
"183";"";"";"";"EAID_EFF74406_3BF6_4841_B903_5565CA7ABAEC";"specialization-relationship";"generalization";"";"";"";"";"";"EAID_4A8E659E_F088_446d_8614_BA31B106A417";"1a89112a-e13c-4c87-a862-e8ec66c01588";"EAID_C6094F79_D8EA_4763_90DF_4E30EFABA1FA";"09072026-00:43:48"
"184";"";"";"";"EAID_0B8709DD_EF89_4a38_A5E5_067251CFC06C";"specialization-relationship";"generalization";"";"";"";"";"";"EAID_A637379F_6E1D_47aa_AE75_3E22FE0DC814";"f5de1e41-5207-4d9e-a4f8-7889b5c1e2b1";"EAID_05B355EF_39EA_4bfb_B1F3_AB31841C986E";"09072026-00:43:48"
"185";"";"";"";"EAID_18A690F5_109B_4cf9_A900_3E4255DD11F1";"specialization-relationship";"generalization";"";"";"";"";"";"EAID_9980DF6D_0C86_4039_8400_C54DAC77FB79";"f5de1e41-5207-4d9e-a4f8-7889b5c1e2b1";"EAID_05B355EF_39EA_4bfb_B1F3_AB31841C986E";"09072026-00:43:48"
"186";"";"";"";"EAID_413978A5_D87D_4e6e_8194_E1B2CE7F24B1";"specialization-relationship";"generalization";"";"";"";"";"";"EAID_9B0F3F8B_B79B_46f7_BF81_96E4C63B9AC2";"f5de1e41-5207-4d9e-a4f8-7889b5c1e2b1";"EAID_05B355EF_39EA_4bfb_B1F3_AB31841C986E";"09072026-00:43:48"
"187";"";"";"8eac657e-0fb6-471e-9164-4f3fb85c16fc";"EAID_43866694_84AB_49e1_90D4_E5806AFB7D53";"specialization-relationship";"generalization";"";"";"";"";"1affb298-091d-452a-83bd-29638650afb5";"EAID_26D1113F_F7B3_4bdd_9AAE_EA14CC9F3C3F";"f5de1e41-5207-4d9e-a4f8-7889b5c1e2b1";"EAID_05B355EF_39EA_4bfb_B1F3_AB31841C986E";"09072026-00:43:48"
"188";"";"";"";"EAID_5308E27E_ED55_47c3_92C0_F86341BFE31C";"specialization-relationship";"generalization";"";"";"";"";"";"EAID_2E45A5F3_A685_48c5_98D4_794BE382891E";"f5de1e41-5207-4d9e-a4f8-7889b5c1e2b1";"EAID_05B355EF_39EA_4bfb_B1F3_AB31841C986E";"09072026-00:43:48"
"189";"";"";"";"EAID_6173C134_23ED_499e_8ACA_21C19208FF27";"specialization-relationship";"generalization";"";"";"";"";"";"EAID_1DA7BC25_CF02_4161_B9A2_DE0BE27C5254";"f5de1e41-5207-4d9e-a4f8-7889b5c1e2b1";"EAID_05B355EF_39EA_4bfb_B1F3_AB31841C986E";"09072026-00:43:48"
"190";"";"";"";"EAID_69660993_1D9F_49c4_A6B9_FD11D38CABAE";"specialization-relationship";"generalization";"";"";"";"";"";"EAID_2EC96974_F21E_4bdb_AF4D_30D7091F5645";"f5de1e41-5207-4d9e-a4f8-7889b5c1e2b1";"EAID_05B355EF_39EA_4bfb_B1F3_AB31841C986E";"09072026-00:43:48"
"191";"";"";"";"EAID_6FA82D98_A096_4921_9A84_C39D221F38C3";"specialization-relationship";"generalization";"";"";"";"";"";"EAID_B8F44180_1F2A_4bbc_8E17_6C472111A92B";"f5de1e41-5207-4d9e-a4f8-7889b5c1e2b1";"EAID_05B355EF_39EA_4bfb_B1F3_AB31841C986E";"09072026-00:43:48"
"192";"";"";"";"EAID_8952F14F_4312_40da_928B_ED542F59DD78";"specialization-relationship";"generalization";"";"";"";"";"";"EAID_CFA3D54E_C8E0_4559_9475_29D31AF2DECD";"f5de1e41-5207-4d9e-a4f8-7889b5c1e2b1";"EAID_05B355EF_39EA_4bfb_B1F3_AB31841C986E";"09072026-00:43:48"
"193";"";"";"";"EAID_8F9CEDA7_C9E9_4b32_A228_261CB649FA21";"specialization-relationship";"generalization";"";"";"";"";"";"EAID_F55A5977_7E3B_4cf4_B8D1_CFCEECA0DEA1";"f5de1e41-5207-4d9e-a4f8-7889b5c1e2b1";"EAID_05B355EF_39EA_4bfb_B1F3_AB31841C986E";"09072026-00:43:48"
"194";"";"";"";"EAID_9DC3B3BB_6AC9_4480_9431_64CD580CAC2B";"specialization-relationship";"generalization";"";"";"";"";"";"EAID_C32F1546_F793_4f13_91A4_2047E6DE6E91";"f5de1e41-5207-4d9e-a4f8-7889b5c1e2b1";"EAID_05B355EF_39EA_4bfb_B1F3_AB31841C986E";"09072026-00:43:48"
"195";"";"";"";"EAID_A47990EE_49A8_4ba9_918C_F481D0B8A42E";"specialization-relationship";"generalization";"";"";"";"";"";"EAID_FD0B5F4D_AE9B_47bd_8C60_031D21AC24B1";"f5de1e41-5207-4d9e-a4f8-7889b5c1e2b1";"EAID_05B355EF_39EA_4bfb_B1F3_AB31841C986E";"09072026-00:43:48"
"196";"";"";"";"EAID_A7040D4F_E029_4d98_B4D2_F78459F235A3";"specialization-relationship";"generalization";"";"";"";"";"";"EAID_EE07AE43_1825_4377_9984_9636AB015C11";"f5de1e41-5207-4d9e-a4f8-7889b5c1e2b1";"EAID_05B355EF_39EA_4bfb_B1F3_AB31841C986E";"09072026-00:43:48"
"197";"";"";"";"EAID_AE46AF7C_D5C6_4393_86DF_5416130D6B81";"specialization-relationship";"generalization";"";"";"";"";"";"EAID_7B92809F_CFAE_4be8_BE3A_4E4B94E83F52";"f5de1e41-5207-4d9e-a4f8-7889b5c1e2b1";"EAID_05B355EF_39EA_4bfb_B1F3_AB31841C986E";"09072026-00:43:48"
"198";"";"";"";"EAID_BB212454_AE7B_4cde_B9C4_06FA9D820D3B";"specialization-relationship";"generalization";"";"";"";"";"";"EAID_4DA0EB59_963C_4558_B763_44F542BC8D89";"f5de1e41-5207-4d9e-a4f8-7889b5c1e2b1";"EAID_05B355EF_39EA_4bfb_B1F3_AB31841C986E";"09072026-00:43:48"
"199";"";"";"";"EAID_BB3C02D1_EEDC_4505_BDEC_718A6C9A2A33";"specialization-relationship";"generalization";"";"";"";"";"";"EAID_D872C213_09D7_4dca_A020_EA363480FC7D";"f5de1e41-5207-4d9e-a4f8-7889b5c1e2b1";"EAID_05B355EF_39EA_4bfb_B1F3_AB31841C986E";"09072026-00:43:48"
"200";"";"";"";"EAID_C100DC65_72B4_4f96_8B62_E3C793158C14";"specialization-relationship";"generalization";"";"";"";"";"";"EAID_B0EA89D8_EE32_410b_B683_8CA937E5009D";"f5de1e41-5207-4d9e-a4f8-7889b5c1e2b1";"EAID_05B355EF_39EA_4bfb_B1F3_AB31841C986E";"09072026-00:43:48"
"201";"";"";"";"EAID_D790BE63_A59E_458d_ACD8_3DDC670A183C";"specialization-relationship";"generalization";"";"";"";"";"";"EAID_6FDC646C_F9E2_4610_8FFE_1ECFA99FFBD7";"f5de1e41-5207-4d9e-a4f8-7889b5c1e2b1";"EAID_05B355EF_39EA_4bfb_B1F3_AB31841C986E";"09072026-00:43:48"
"202";"";"";"";"EAID_FB7E766B_36D8_4dfe_8B51_9CA3B61DD892";"specialization-relationship";"generalization";"";"";"";"";"bcdc30f3-c919-4d3a-b768-b62da7bc755e";"EAID_11595AD8_CE67_40dd_BDA9_489DC7D244ED";"f5de1e41-5207-4d9e-a4f8-7889b5c1e2b1";"EAID_05B355EF_39EA_4bfb_B1F3_AB31841C986E";"09072026-00:43:48"
"203";"";"";"";"EAID_FF4765DC_2B16_460d_90DE_9BA678CD7A6B";"specialization-relationship";"generalization";"";"";"";"";"";"EAID_EC57B722_D4B4_42d2_AF3C_31E085C63EBB";"f5de1e41-5207-4d9e-a4f8-7889b5c1e2b1";"EAID_05B355EF_39EA_4bfb_B1F3_AB31841C986E";"09072026-00:43:48"
"204";"";"";"a3932ff3-e318-4354-9a52-fcaf1223154e";"EAID_05BBA228_D9FB_4aa7_9A6B_8EACCC1F3207";"specialization-relationship";"generalization";"";"";"";"";"cd7b6b9c-3bf7-4c3a-bbde-e72f38d76fe0";"EAID_B53EC85A_C731_4fb6_8379_7D11802273B2";"cad45b80-14d3-4a0c-a906-0c1614dc9570";"EAID_9DF5AC43_3673_4b9a_BB5E_6DCA7BE28835";"09072026-00:43:48"
"205";"";"";"9eb08b42-f2c6-4c81-9559-c6effce49e75";"EAID_AE8530D9_2DE6_4606_8109_248D6246EDF0";"specialization-relationship";"generalization";"";"";"";"";"6f57464b-d011-4a75-afe8-a69b543c042b";"EAID_BBE1DC54_1482_4650_BB7F_930DDB823E09";"cd7b6b9c-3bf7-4c3a-bbde-e72f38d76fe0";"EAID_B53EC85A_C731_4fb6_8379_7D11802273B2";"09072026-00:43:48"
"206";"";"";"";"EAID_BB9D001E_097C_47b4_BEDF_21C260E0B912";"specialization-relationship";"generalization";"";"";"";"";"";"EAID_C73E52A5_F66E_47f0_8DEA_467A54F64DD2";"1a89112a-e13c-4c87-a862-e8ec66c01588";"EAID_C6094F79_D8EA_4763_90DF_4E30EFABA1FA";"09072026-00:43:48"
"207";"";"";"";"EAID_690EE440_4530_4f24_8E94_40D041D66439";"specialization-relationship";"generalization";"";"";"";"";"";"EAID_A888F22C_45E9_4494_BA66_533FB1F6C37E";"1a89112a-e13c-4c87-a862-e8ec66c01588";"EAID_C6094F79_D8EA_4763_90DF_4E30EFABA1FA";"09072026-00:43:48"
"208";"";"";"";"EAID_EB5A99F4_6F58_4709_9DBD_10D3C898D600";"specialization-relationship";"generalization";"";"";"";"";"";"EAID_0EF67A8B_AEBE_4a00_B1EF_2EFD0DCC9F5D";"1a89112a-e13c-4c87-a862-e8ec66c01588";"EAID_C6094F79_D8EA_4763_90DF_4E30EFABA1FA";"09072026-00:43:48"
"209";"";"";"a54934c0-16c2-47ef-974f-5b627a2c79f1";"EAID_0C12AA4D_0500_44ee_A306_2E69A8F98B93";"specialization-relationship";"generalization";"";"";"";"";"6f57464b-d011-4a75-afe8-a69b543c042b";"EAID_BBE1DC54_1482_4650_BB7F_930DDB823E09";"113af80a-7e3e-41f6-8f79-8d0d48c4c257";"EAID_EA7FE08E_34F7_45d2_BE2E_E4E3B8333BF3";"09072026-00:43:48"
"210";"";"";"";"EAID_1646F826_1B9C_483e_AF6D_592A6B4ECF39";"specialization-relationship";"generalization";"";"";"";"";"";"EAID_E0F7D3A0_46C8_4e70_AA10_3888B60D14C0";"69e60d64-7165-488f-a392-0e75eb4e99fb";"EAID_681DB26F_D779_4796_B467_576E5A25F581";"09072026-00:43:48"
"211";"";"";"";"EAID_5EBC4BCB_52AB_4330_AE72_FBD108CDB3BA";"specialization-relationship";"generalization";"";"";"";"";"";"EAID_98C74EAB_3411_4d1a_8321_FF30567B6877";"69e60d64-7165-488f-a392-0e75eb4e99fb";"EAID_681DB26F_D779_4796_B467_576E5A25F581";"09072026-00:43:48"
"212";"";"";"";"EAID_F73997E8_7D9F_4abc_B8BA_EBB8657BF6DE";"specialization-relationship";"generalization";"";"";"";"";"";"EAID_7FECB5B2_E6CB_4637_9FD4_6EBA2CA96BBA";"69e60d64-7165-488f-a392-0e75eb4e99fb";"EAID_681DB26F_D779_4796_B467_576E5A25F581";"09072026-00:43:48"
"213";"";"";"0da07c32-c694-4524-80e9-20114a71805a";"EAID_3CDFB4A1_F4F8_4bb3_9F9B_EE617BE46331";"specialization-relationship";"generalization";"";"";"";"";"fa52d5b0-b810-4f70-8e27-180b36fec342";"EAID_888BBB4F_BEBA_4b9a_BB2E_0E1F2A3606DF";"cd27cd50-1721-4870-a292-ea0f24d1ada4";"EAID_9F4E12E4_B228_4931_AC83_1B1F60958A89";"09072026-00:43:48"
"214";"";"";"8d39844e-0165-4092-8a74-26cdb3cac7c9";"EAID_7C9D2F13_7FA5_40bd_ABC4_6535F6692831";"specialization-relationship";"generalization";"";"";"";"";"2e6cb8da-90a5-4c57-be64-5a82cfbddb12";"EAID_6BBB2AE0_6F42_4676_8C6C_E727032F5F47";"6eaed538-bcc5-4648-b0f2-4c5095b9f514";"EAID_3D5CCB29_91E4_458e_8BCD_6741198E45B8";"09072026-00:43:48"
"215";"";"";"e414d37a-ac52-44ec-b496-2763e563cdc0";"EAID_27A927F8_BCC3_419d_AF60_658CBF76E285";"specialization-relationship";"generalization";"";"";"";"";"20697824-84fa-412e-8ea6-aa68a474c016";"EAID_FB771E02_8FE3_496b_B99B_CF4A496A7B80";"cad45b80-14d3-4a0c-a906-0c1614dc9570";"EAID_9DF5AC43_3673_4b9a_BB5E_6DCA7BE28835";"09072026-00:43:48"
"216";"";"";"002e86ae-0392-4ae3-80b1-fb17bbe38350";"EAID_9FD4E06C_602A_4f17_94EF_FFF6768013F5";"specialization-relationship";"generalization";"";"";"";"";"c3a7596c-2303-4354-9f02-aa999d7fca47";"EAID_02BDED5E_9106_4aed_94C2_513689353284";"cad45b80-14d3-4a0c-a906-0c1614dc9570";"EAID_9DF5AC43_3673_4b9a_BB5E_6DCA7BE28835";"09072026-00:43:48"
"217";"";"";"422c87ae-51ea-4c07-a525-a0c87599cc6a";"EAID_55B2F56E_0907_49e4_B663_E71D0F8F7F4C";"specialization-relationship";"generalization";"";"";"";"";"fe2e2e4e-228a-46d7-964f-a489ed253d2d";"EAID_E38BEAEF_03C4_439b_8A64_663886C1D6F9";"cad45b80-14d3-4a0c-a906-0c1614dc9570";"EAID_9DF5AC43_3673_4b9a_BB5E_6DCA7BE28835";"09072026-00:43:48"
"218";"";"";"";"EAID_59758FFB_B19D_4c70_8A4B_0F4C2921035D";"specialization-relationship";"generalization";"";"";"";"";"";"EAID_E93E03EF_259F_4bda_A875_A0E60CB18E89";"8ffff080-afa5-43cf-a1dc-1ab2052f20ac";"EAID_503BD06E_E063_46f2_8B43_BF75A143D6C4";"09072026-00:43:48"
"219";"";"";"";"EAID_89EBED65_532E_4bbf_AEA2_9D985FB0CB00";"specialization-relationship";"generalization";"";"";"";"";"";"EAID_3BDD29C7_FBCD_4c90_A520_8187E2D9BD57";"8ffff080-afa5-43cf-a1dc-1ab2052f20ac";"EAID_503BD06E_E063_46f2_8B43_BF75A143D6C4";"09072026-00:43:48"
"220";"";"";"78e957e2-5e90-47d8-bd25-362da6829d3a";"EAID_51D0E188_C95B_43fe_B1EC_031D8BD13FA7";"specialization-relationship";"generalization";"";"";"";"";"367532e8-1d1c-4d6b-8a88-fcae7cae2303";"EAID_A6C71E4C_CB46_41ae_8A61_C8080BB92A55";"6f20ada6-28e9-4358-9b66-1575021ee431";"EAID_DDFF98D8_99FF_47b5_82D1_7FF2376750D6";"09072026-00:43:48"
"221";"";"";"a0abd7af-11e6-45eb-9a22-8414b5c7ae51";"EAID_34FCD611_8785_4de3_995B_253643231D39";"specialization-relationship";"generalization";"";"";"";"";"6ab6802e-9485-43d1-be15-46db4b9c8a0d";"EAID_2FC6C6EB_DF35_49e6_9694_1B8BD53537B0";"6f20ada6-28e9-4358-9b66-1575021ee431";"EAID_DDFF98D8_99FF_47b5_82D1_7FF2376750D6";"09072026-00:43:48"
"222";"";"";"c076df27-5b82-45ed-9fb8-9aa07ed20d2f";"EAID_E5871441_C7F2_431e_ABD9_3ABB20998E0B";"specialization-relationship";"generalization";"";"";"";"";"1c3ee208-9d74-45ba-9836-3f3ea165cd74";"EAID_3D9D2E7B_525E_43d9_B08F_EDE47F8A0C94";"6f20ada6-28e9-4358-9b66-1575021ee431";"EAID_DDFF98D8_99FF_47b5_82D1_7FF2376750D6";"09072026-00:43:48"
"223";"";"";"5f009095-a883-4c7e-9640-7979752fb1b9";"EAID_7C0BE110_2B2C_4e39_A8B8_EF105FBC6FA4";"specialization-relationship";"generalization";"";"";"";"";"bbf6bcce-f2dc-4b8d-95a8-561abd7c1d76";"EAID_F90F8E5E_7402_4c44_AC69_91A4175E5D47";"71c5f929-bbab-484f-96c0-cc7a57c9dcf1";"EAID_081F7413_A4D0_49e7_98E2_E0F3F4299750";"09072026-00:43:48"
"224";"";"";"fe1d665c-9137-461b-81a1-8d7f41309ab6";"EAID_AF7F4C05_D98D_4ddb_A0FE_F0361A1F9546";"specialization-relationship";"generalization";"";"";"";"";"7685ae20-7bed-4f7e-95fd-3499b35a6ef9";"EAID_6B1F7274_19A7_4349_835E_85CBEFFEE35A";"71c5f929-bbab-484f-96c0-cc7a57c9dcf1";"EAID_081F7413_A4D0_49e7_98E2_E0F3F4299750";"09072026-00:43:48"
"225";"";"";"0a30fb52-8cf6-4711-9f58-1b02b84c7076";"EAID_1B9439BF_6E55_4046_AA5F_66B5697C9CE3";"specialization-relationship";"generalization";"";"";"";"";"16995484-0391-40d1-99c3-2ba2292e276f";"EAID_C2A7756C_87E9_44f0_85A9_673F3956BB48";"b2498fa2-f9ff-48dd-946d-8b8ed395da81";"EAID_10C06EB3_F94A_4005_9C66_0DAE61B96192";"09072026-00:43:48"
"226";"";"";"6bece7e9-b8fe-4acb-8f34-24139221b795";"EAID_12B5F13C_51AA_4cae_A23E_439F1EE85110";"specialization-relationship";"generalization";"";"";"";"";"c92e9c16-1ec3-46f8-b209-b15a226e9477";"EAID_8587D910_7A9C_46d8_BF27_27433E9B6DAD";"b2498fa2-f9ff-48dd-946d-8b8ed395da81";"EAID_10C06EB3_F94A_4005_9C66_0DAE61B96192";"09072026-00:43:48"
"227";"";"";"1e74c1e8-cd1a-49db-8b62-fa115d4a9ad4";"EAID_AB6968AA_E169_4203_A1D4_C637CDFD6EFA";"specialization-relationship";"generalization";"";"";"";"";"c87f39a5-c4b4-4c82-bf23-f9fc521ad0aa";"EAID_45591365_C55F_4735_9533_D3BBB0AB6571";"b2498fa2-f9ff-48dd-946d-8b8ed395da81";"EAID_10C06EB3_F94A_4005_9C66_0DAE61B96192";"09072026-00:43:48"
"228";"";"";"81ad5275-8f6f-4501-8b3a-4ad79f502638";"EAID_EBF0C505_6860_4103_A0D5_15DF00F88114";"specialization-relationship";"generalization";"";"";"";"";"f5c91145-fba4-47cb-aaf9-bb9c64e19a21";"EAID_A8945FD7_EA20_418e_8E7F_18F13F16E338";"5003634c-22b1-4f9a-bf73-8cdb4c42a8b4";"EAID_C0F1A08E_C6CD_4524_A2E0_0E5CA483DCFD";"09072026-00:43:48"
"229";"";"";"709d651e-2029-41eb-abbd-908f758d4174";"EAID_36305C3C_7347_455c_85EB_A63018995066";"specialization-relationship";"generalization";"";"";"";"";"55c7fd37-4d03-45f4-b374-69aa690d1477";"EAID_D67A4AC2_9A17_4cd0_82D7_732A89018FDA";"f5365fcc-279e-42e5-bde4-e7b10700a8ed";"EAID_B027D022_41D9_4c63_A63D_8F5111689564";"09072026-00:43:48"
"230";"";"";"cb0ee56f-ca11-4f9b-a254-3d57aff48380";"EAID_5A9D905C_7FFC_4a63_A4EB_79CA083B2FD7";"specialization-relationship";"generalization";"";"";"";"";"764e6fdf-299f-4867-8257-7532f1e56ebf";"EAID_2E5F9AF9_D1BA_4dc0_9621_4101D24B8ABD";"f5365fcc-279e-42e5-bde4-e7b10700a8ed";"EAID_B027D022_41D9_4c63_A63D_8F5111689564";"09072026-00:43:48"
"231";"";"";"cebdb83f-213d-46f5-b0fb-3f8795f384dc";"EAID_90A8858D_F461_497b_A5B8_498FE330EE0B";"specialization-relationship";"generalization";"";"";"";"";"5003634c-22b1-4f9a-bf73-8cdb4c42a8b4";"EAID_C0F1A08E_C6CD_4524_A2E0_0E5CA483DCFD";"f5365fcc-279e-42e5-bde4-e7b10700a8ed";"EAID_B027D022_41D9_4c63_A63D_8F5111689564";"09072026-00:43:48"
"232";"";"";"3ce32c19-4860-4363-a225-79bdcd023d13";"EAID_AD651614_CA9B_4f11_A212_CD12CB2830CD";"specialization-relationship";"generalization";"";"";"";"";"d35905fd-2aad-49e6-8ee5-5147c253a478";"EAID_0B3C37DD_42A1_4b6b_B534_CD276112FD3B";"f5365fcc-279e-42e5-bde4-e7b10700a8ed";"EAID_B027D022_41D9_4c63_A63D_8F5111689564";"09072026-00:43:48"
"233";"";"";"4d949cc4-9354-444a-adb2-6d0c3a4e5b7d";"EAID_B3EAA4F8_EB2B_438a_86BC_DDFBA14B473E";"specialization-relationship";"generalization";"";"";"";"";"92104ecd-beda-441d-b5fd-b6d2296969d0";"EAID_E8C75DAB_F9AE_4fe2_9114_870434F2EA80";"f5365fcc-279e-42e5-bde4-e7b10700a8ed";"EAID_B027D022_41D9_4c63_A63D_8F5111689564";"09072026-00:43:48"
"234";"";"";"35824aa8-abce-4629-ac30-f78bede892f2";"EAID_B8ECB96C_36B2_450e_AD4D_B1AA172E1BBF";"specialization-relationship";"generalization";"";"";"";"";"6a2e72c3-94f8-4dfd-a68c-03aab1279c75";"EAID_DD277E82_0CA5_4460_918F_9178B5F01886";"f5365fcc-279e-42e5-bde4-e7b10700a8ed";"EAID_B027D022_41D9_4c63_A63D_8F5111689564";"09072026-00:43:48"
"235";"";"";"97a14f1a-e9b9-4d4c-bc5c-fca435e15610";"EAID_DB85B252_E0E1_44a7_81E3_93C293FD9B8C";"specialization-relationship";"generalization";"";"";"";"";"acbda3e0-9767-49bb-8d4c-2b5ea0160056";"EAID_6C92F0F8_BC92_428c_B729_1A10D515DAEF";"f5365fcc-279e-42e5-bde4-e7b10700a8ed";"EAID_B027D022_41D9_4c63_A63D_8F5111689564";"09072026-00:43:48"
"236";"";"";"cbbc9496-a9bf-4324-89fa-2d6116a0727c";"EAID_EFA338EB_CD5F_4dca_9AC1_505E986514EB";"specialization-relationship";"generalization";"";"";"";"";"41cea01b-de1c-4ee5-92c4-776fe8a17753";"EAID_D0AB8CF6_F6CC_4337_BE07_DFE6B3CEFBB3";"f5365fcc-279e-42e5-bde4-e7b10700a8ed";"EAID_B027D022_41D9_4c63_A63D_8F5111689564";"09072026-00:43:48"
"237";"";"";"5ef697b5-2d69-4dce-851c-e9bad42d97ff";"EAID_D3B2CB64_5809_4f22_9702_11BF9D5D31E8";"specialization-relationship";"generalization";"";"";"";"";"d548564c-a918-47e4-ae60-697f0ed3e7aa";"EAID_FFD22E11_7A3A_459a_B575_928C67E8D1F3";"5003634c-22b1-4f9a-bf73-8cdb4c42a8b4";"EAID_C0F1A08E_C6CD_4524_A2E0_0E5CA483DCFD";"09072026-00:43:48"
"238";"";"";"";"EAID_D4FC4F07_C62A_411b_9887_DFC4A31ABF95";"association-relationship";"association";"";"";"";"";"";"EAID_A2451674_6C19_4bf9_81F9_57CDE2F60144";"";"EAID_0CF1C34D_8AD5_4ac5_8538_87252E66A8C8";"09072026-00:43:48"
"239";"";"";"4247c165-e58a-4335-8d5c-707dc00cf202";"EAID_A785B084_F178_41fa_869D_2AE6BEF5BE7C";"specialization-relationship";"generalization";"";"";"";"";"4694a321-36db-4a54-a7ab-6c3895a4e288";"EAID_3AFD7E5F_8061_4776_A332_334AF4125E7D";"5003634c-22b1-4f9a-bf73-8cdb4c42a8b4";"EAID_C0F1A08E_C6CD_4524_A2E0_0E5CA483DCFD";"09072026-00:43:48"
"240";"";"";"9b60f596-4841-4472-a38f-c0af181c91ea";"EAID_DC5627CF_74C4_41e0_BA28_FD785F297154";"specialization-relationship";"generalization";"";"";"";"";"3907c387-dc68-4c15-a98c-edd640042495";"EAID_17FCEF39_AB9D_4516_9C60_1DDA61D87356";"bc6f065d-05c9-454d-a18d-1c0c2a2dfe15";"EAID_44EC6082_2682_43c7_A52E_0AD05B06A046";"09072026-00:43:48"
"241";"";"";"52371dbe-a1f8-48d0-8d17-20d519090d93";"EAID_C3262888_F005_4505_A9C8_FB4E3404632B";"specialization-relationship";"generalization";"";"";"";"";"06ee795e-36b8-4e13-991d-02a5d91ef015";"EAID_5E06339C_13EE_44ca_BC40_0FC4B9DC8349";"cad45b80-14d3-4a0c-a906-0c1614dc9570";"EAID_9DF5AC43_3673_4b9a_BB5E_6DCA7BE28835";"09072026-00:43:48"
"242";"";"";"53695a85-a5c1-445a-9b63-ccafcd80a7f0";"EAID_05E467BB_6588_411b_9079_294A9FA41A1F";"specialization-relationship";"generalization";"";"";"";"";"b64affbe-e43f-4f32-acce-8900b6f409e8";"EAID_B75EE7EF_DC1F_47da_A95C_B9662075684D";"cad45b80-14d3-4a0c-a906-0c1614dc9570";"EAID_9DF5AC43_3673_4b9a_BB5E_6DCA7BE28835";"09072026-00:43:48"
"243";"";"";"";"EAID_D6C938D2_42AB_4780_884E_97918389B624";"specialization-relationship";"generalization";"";"";"";"";"";"EAID_46386087_923F_402e_BB6B_6DE39D73349A";"f152bdf8-bd60-4c88-b739-e3091afdbf7a";"EAID_32A22BC6_89EC_44af_8D7D_79B12311AE2D";"09072026-00:43:48"
"244";"";"";"374498b8-314b-4e29-a6f1-7758e5e7e94c";"EAID_F0BCB77A_4997_4d83_97EF_43AB2BA211E0";"specialization-relationship";"generalization";"";"";"";"";"eb838412-7041-4a22-a50d-fdd255391bc1";"EAID_EDC8B01F_4802_4562_BC41_C2CAD76880B6";"cad45b80-14d3-4a0c-a906-0c1614dc9570";"EAID_9DF5AC43_3673_4b9a_BB5E_6DCA7BE28835";"09072026-00:43:48"
"245";"";"";"6876cb17-431e-4eec-9788-ad359774b553";"EAID_6B2C12F4_9570_41fc_A6D5_620F57C33612";"specialization-relationship";"generalization";"";"";"";"";"a6741440-a70f-4d05-b164-6a21b867b4d3";"EAID_8D52E9F1_9CC9_42c6_A347_E68E29718E55";"671ec5bd-e8ac-44d7-8a01-cc9b439c6c5f";"EAID_8C809341_AC60_4378_8BA0_0843E8C06AF3";"09072026-00:43:48"
"246";"";"";"6ef52cf0-939f-454f-a6a5-55ef7fd55e4e";"EAID_160B259E_634D_4b8a_A9BC_54EC52438F5F";"specialization-relationship";"generalization";"";"";"";"";"e21e51ee-3a32-444b-80c7-b6694ff37253";"EAID_E74D0D46_66EB_4deb_A540_7AB08E95F956";"cad45b80-14d3-4a0c-a906-0c1614dc9570";"EAID_9DF5AC43_3673_4b9a_BB5E_6DCA7BE28835";"09072026-00:43:48"
"247";"";"";"30cd3a06-6963-4451-b872-48dda71451b0";"EAID_C571BFF8_D84B_481e_8A46_D9706B3AB3D1";"specialization-relationship";"generalization";"";"";"";"";"85452d63-8236-431f-9dde-cebfc88112b0";"EAID_59F3063A_13A6_4cbc_A387_045A6B126746";"6eaed538-bcc5-4648-b0f2-4c5095b9f514";"EAID_3D5CCB29_91E4_458e_8BCD_6741198E45B8";"09072026-00:43:48"
"248";"";"";"";"EAID_7995B3F4_9366_472e_96A4_BCFBF6DFB7EB";"specialization-relationship";"generalization";"";"";"";"";"";"EAID_53B0C49F_1BDE_4fee_BB0B_0D82517177CC";"02f66265-00ae-418d-8d0e-dcbaf36652bb";"EAID_936A4E8B_3E5A_44b6_8A5D_EFB39F83FB6D";"09072026-00:43:48"
"249";"";"";"fc148fcb-9ebb-472e-94c7-ca7c56d52a7e";"EAID_B8C56861_C624_4bb4_9DDC_F096ED47139C";"specialization-relationship";"generalization";"";"";"";"";"24e40e1f-4e7b-47ad-a1b3-4050e365f68a";"EAID_FE559B58_A6CD_4108_82BE_98E1AEBFD9BD";"cd27cd50-1721-4870-a292-ea0f24d1ada4";"EAID_9F4E12E4_B228_4931_AC83_1B1F60958A89";"09072026-00:43:48"
"250";"";"";"fec7f377-4093-46e9-8580-f4678ca45c8d";"EAID_0051D0C2_0529_422f_9F8F_34BD200A2C9B";"specialization-relationship";"generalization";"";"";"";"";"ddefe4a6-d89c-432d-b27a-b96cb575b16a";"EAID_131BDD67_2A31_43c5_9125_F12DE2D98D2D";"cd27cd50-1721-4870-a292-ea0f24d1ada4";"EAID_9F4E12E4_B228_4931_AC83_1B1F60958A89";"09072026-00:43:48"
"251";"";"";"c7057fa8-c6d1-4c09-a22b-c8b36765f8da";"EAID_DC562D5C_370F_4e49_9D81_1454BD5D73BB";"specialization-relationship";"generalization";"";"";"";"";"8c200706-b80b-44f7-9928-bec39e0db21f";"EAID_BBBB63AC_B546_409b_B6D4_53DB561253B7";"6cc6afe6-e4c6-4e2b-a359-f278b23700db";"EAID_16EB3936_03CB_4854_9CD8_9F0911EEA51B";"09072026-00:43:48"
"252";"";"";"";"EAID_BE356FF7_ABE1_4853_B32E_947B14EC26E1";"association-relationship";"usage";"";"";"";"";"bc6f065d-05c9-454d-a18d-1c0c2a2dfe15";"EAID_44EC6082_2682_43c7_A52E_0AD05B06A046";"10eaa33f-03bf-42b4-9310-56add2cb5a7b";"EAID_5641C50A_C0FA_4e71_B07B_26C7B1CE94ED";"09072026-00:43:48"
"253";"";"";"";"EAID_E222FE00_25DF_45a1_9EA0_466D53792702";"association-relationship";"usage";"";"";"";"";"686c0af1-67b2-42a4-8690-060705617c13";"EAID_01D90490_C76A_444a_BFCE_355AFC5FB012";"10eaa33f-03bf-42b4-9310-56add2cb5a7b";"EAID_5641C50A_C0FA_4e71_B07B_26C7B1CE94ED";"09072026-00:43:48"
"254";"";"";"";"EAID_0EB48345_AE35_4691_B63D_F1814734DCBD";"association-relationship";"usage";"";"";"";"";"8d9233d7-dfb9-4b87-bab2-61631a632f95";"EAID_33E5EA10_F43A_4966_B9C1_875F0E2C1B52";"10eaa33f-03bf-42b4-9310-56add2cb5a7b";"EAID_5641C50A_C0FA_4e71_B07B_26C7B1CE94ED";"09072026-00:43:48"
"255";"";"";"";"EAID_016A253A_7D21_4e89_88A5_30B317D2DFEF";"association-relationship";"usage";"";"";"";"";"";"EAID_B598FF22_CDD0_486f_B528_99421D0FA608";"10eaa33f-03bf-42b4-9310-56add2cb5a7b";"EAID_5641C50A_C0FA_4e71_B07B_26C7B1CE94ED";"09072026-00:43:48"
"256";"";"";"";"EAID_5EA0C45F_50B0_43bb_9481_B6A2854026FF";"association-relationship";"usage";"";"";"";"";"";"EAID_1D87490A_9F07_424f_BE6F_5E9C11376B05";"10eaa33f-03bf-42b4-9310-56add2cb5a7b";"EAID_5641C50A_C0FA_4e71_B07B_26C7B1CE94ED";"09072026-00:43:48"
"257";"";"";"5517831e-a179-4dcf-b1c9-696df84b15ea";"EAID_23019C72_EC24_499e_A2EF_58190937DFD5";"specialization-relationship";"generalization";"";"";"";"";"113af80a-7e3e-41f6-8f79-8d0d48c4c257";"EAID_EA7FE08E_34F7_45d2_BE2E_E4E3B8333BF3";"cad45b80-14d3-4a0c-a906-0c1614dc9570";"EAID_9DF5AC43_3673_4b9a_BB5E_6DCA7BE28835";"09072026-00:43:48"
"258";"";"";"";"EAID_868A0305_46EE_4dd7_99D3_35198598C18A";"specialization-relationship";"generalization";"";"";"";"";"";"EAID_A9B89FF7_BCED_49fc_97A4_2A98BCED5B17";"f14fa1cf-f2c7-4bd6-862d-28ff1616a882";"EAID_8E6BAEF8_1878_400f_9244_23575BD41EAB";"09072026-00:43:48"
"259";"";"";"";"EAID_EB08C216_8BEA_4377_8A48_A60BCC114A68";"specialization-relationship";"generalization";"";"";"";"";"460ada62-9cdd-478f-9555-4fb161ebc0b3";"EAID_8A04280B_E0B4_4e36_B448_C99750393D0D";"f08625cc-cc49-4664-91fa-823b217d333f";"EAID_91F9D39E_0322_42c6_AE7F_5027B36F3EC3";"09072026-00:43:48"
"260";"";"";"";"EAID_055869D2_9B49_49d5_BB2A_87FD878FBEEF";"specialization-relationship";"generalization";"";"";"";"";"";"EAID_0303A7A4_EF51_4262_AEE0_642FA5064807";"f1220c91-e576-4a25-9cdb-0a2b991ae362";"EAID_79284529_B817_4e3f_BE51_AEAFC60BDE44";"09072026-00:43:48"
"261";"";"";"";"EAID_9E2921AC_18D5_4701_BCCF_5D7435C5AEEB";"specialization-relationship";"generalization";"";"";"";"";"";"EAID_85E3996B_578D_4313_B078_2773F98412D9";"f1220c91-e576-4a25-9cdb-0a2b991ae362";"EAID_79284529_B817_4e3f_BE51_AEAFC60BDE44";"09072026-00:43:48"
"262";"";"";"";"EAID_DD9A1AE6_546C_44d9_8890_217CF7DECA25";"specialization-relationship";"generalization";"";"";"";"";"";"EAID_FAB83AD1_DC8C_4f78_B54F_33466EB9B139";"f1220c91-e576-4a25-9cdb-0a2b991ae362";"EAID_79284529_B817_4e3f_BE51_AEAFC60BDE44";"09072026-00:43:48"
"263";"";"";"";"EAID_103F7AEE_AE14_4696_B25B_02E714FB9F4E";"specialization-relationship";"generalization";"";"";"";"";"";"EAID_CD06432A_B69D_4ab2_A5B0_C4C3092835A0";"f1220c91-e576-4a25-9cdb-0a2b991ae362";"EAID_79284529_B817_4e3f_BE51_AEAFC60BDE44";"09072026-00:43:48"
"264";"";"";"";"EAID_CDCD16ED_13EB_4f40_AC5A_53E2816AC050";"specialization-relationship";"generalization";"";"";"";"";"";"EAID_20437683_6777_4c7b_B44B_1E3A216239AA";"f1220c91-e576-4a25-9cdb-0a2b991ae362";"EAID_79284529_B817_4e3f_BE51_AEAFC60BDE44";"09072026-00:43:48"
"265";"";"";"";"EAID_FFC33549_5CC9_42e5_B644_A416BFFCE43B";"specialization-relationship";"generalization";"";"";"";"";"";"EAID_4C0C5DDB_E5BA_42a0_BA5B_65E2D433B16C";"f1220c91-e576-4a25-9cdb-0a2b991ae362";"EAID_79284529_B817_4e3f_BE51_AEAFC60BDE44";"09072026-00:43:48"
"266";"";"";"073e65e1-f56d-4977-b10d-7e691f716d5e";"EAID_FFF5C3F6_C827_46ea_9711_B46836F57745";"specialization-relationship";"generalization";"";"";"";"";"62c91622-cc32-4560-8427-d00101f4847e";"EAID_16FB8171_A9ED_4027_A663_C035509501C8";"cad45b80-14d3-4a0c-a906-0c1614dc9570";"EAID_9DF5AC43_3673_4b9a_BB5E_6DCA7BE28835";"09072026-00:43:48"
"267";"";"";"958c99d6-cab3-4b62-a641-d7277765b156";"EAID_6AC7BD4C_F0F9_47df_A520_808635903CA5";"specialization-relationship";"generalization";"";"";"";"";"ced72a4a-9aa5-485a-8535-206b97fd494f";"EAID_75E93FC5_3EF8_40b6_B170_ED5A2C36B354";"f08625cc-cc49-4664-91fa-823b217d333f";"EAID_91F9D39E_0322_42c6_AE7F_5027B36F3EC3";"09072026-00:43:48"
"268";"";"";"3592c38b-e129-49e4-bd01-4ab37fa0cc2d";"EAID_957F380B_A0BF_4efe_AA4D_88328FB644A3";"specialization-relationship";"generalization";"";"";"";"";"403c547f-8d7e-4235-99d9-d155063c6085";"EAID_31A87864_6CE0_4e93_A493_ECD0FBDD4461";"f08625cc-cc49-4664-91fa-823b217d333f";"EAID_91F9D39E_0322_42c6_AE7F_5027B36F3EC3";"09072026-00:43:48"
"269";"";"";"499e1ccd-1b55-4e83-b198-c7b97457d7cd";"EAID_C6F3271C_0734_4fd2_A249_992B73B21C9D";"specialization-relationship";"generalization";"";"";"";"";"13ad6d22-52ce-4439-9eed-200245c3a498";"EAID_3E9E08B7_574E_43dc_8D93_251BFA8F8D75";"f08625cc-cc49-4664-91fa-823b217d333f";"EAID_91F9D39E_0322_42c6_AE7F_5027B36F3EC3";"09072026-00:43:48"
"270";"";"";"52443ab8-f934-4ee8-b799-7d8e800c32e0";"EAID_FDD68DB0_FB3C_4f40_8EC3_63BF2C631DF1";"specialization-relationship";"generalization";"";"";"";"";"8155eb9b-eb9e-4eec-a850-80c185983a9f";"EAID_9775E778_DBF8_4122_94CE_551466B62F46";"f08625cc-cc49-4664-91fa-823b217d333f";"EAID_91F9D39E_0322_42c6_AE7F_5027B36F3EC3";"09072026-00:43:48"
"271";"";"";"";"EAID_669FD2D2_1C12_4f47_917C_070C4C4C4339";"association-relationship";"association";"";"";"";"";"1b771d9e-6208-4916-86ed-a88a79cac648";"EAID_C1542AC8_2F3C_4e62_ADFA_A9FB3358DAB1";"";"EAID_C97E674B_BCBC_45e8_B60C_1E0C7954D751";"09072026-00:43:48"
"272";"";"";"";"EAID_0DE976AA_E9D2_4bd5_A910_5BBE7600727A";"association-relationship";"association";"";"";"";"";"";"EAID_B8F44180_1F2A_4bbc_8E17_6C472111A92B";"";"EAID_C2D0F78A_D6FC_4330_B78C_4F4B34EE1349";"09072026-00:43:48"
"273";"";"";"";"EAID_ADF9E2D5_8D8B_4d0f_9F53_98C5CAAF2EC9";"association-relationship";"association";"";"";"";"";"8155eb9b-eb9e-4eec-a850-80c185983a9f";"EAID_9775E778_DBF8_4122_94CE_551466B62F46";"";"EAID_B1CB6F3A_A1F5_43f2_B077_02AD7441B1E3";"09072026-00:43:48"
"274";"";"";"";"EAID_D55D0934_867F_4abd_9647_42E25CE2A49D";"association-relationship";"association";"";"";"";"";"8155eb9b-eb9e-4eec-a850-80c185983a9f";"EAID_9775E778_DBF8_4122_94CE_551466B62F46";"";"EAID_1ECAEB3C_EBE2_4afb_8D34_6AFEEFDF3FCA";"09072026-00:43:48"
"275";"";"";"";"EAID_A61F64A4_7D22_406d_96DE_4357C043D2EB";"association-relationship";"association";"";"";"";"";"";"EAID_2EC96974_F21E_4bdb_AF4D_30D7091F5645";"";"EAID_64D33964_B205_4071_9C0F_00E6AFDACC45";"09072026-00:43:48"
"276";"";"";"";"EAID_A5479960_9345_4f27_A2CF_330F4EC1D2FB";"association-relationship";"association";"";"";"";"";"";"EAID_1DA7BC25_CF02_4161_B9A2_DE0BE27C5254";"";"EAID_4CB05400_6AE8_44d9_AA8A_5CA84CFB0B6E";"09072026-00:43:48"
"277";"";"";"";"EAID_CF133D2E_B4B4_4db6_8311_C08E083FF596";"association-relationship";"association";"";"";"";"";"";"EAID_A637379F_6E1D_47aa_AE75_3E22FE0DC814";"";"EAID_E500F84E_81CE_4984_832E_C3B53D14722A";"09072026-00:43:48"
"278";"";"";"";"EAID_2D280C13_8500_442f_AF10_A00A20F088F9";"association-relationship";"association";"";"";"";"";"";"EAID_B0EA89D8_EE32_410b_B683_8CA937E5009D";"";"EAID_2F658B5B_1B89_437e_8EAD_FD544FD62A0A";"09072026-00:43:48"
"279";"";"";"";"EAID_12D8EF33_4A95_476f_9F69_53BC6DB46972";"association-relationship";"association";"";"";"";"";"b403d1ab-a0ee-4ca0-befa-01bbc54bf403";"EAID_B60B8EF9_D1C0_4e36_BF9B_1C16F92518DD";"";"EAID_EAD40DDC_9904_4cde_BE9B_2100268E71B7";"09072026-00:43:48"
"280";"Afgerond met";"Afgerond met";"4b84c6cc-9286-4336-b65d-b228ed977702";"EAID_61E77119_7B76_4855_9CFE_39C02A9AB2E8";"association-relationship";"association";"";"";"";"";"ccce5500-2140-4928-9716-0132a31e9686";"EAID_DCE46ABA_613D_4204_86F4_35F517FF680F";"e1620918-61a7-4cef-b0e2-6b8e206608c8";"EAID_F9B2A863_63C8_4229_906A_D0891BB4F021";"09072026-00:43:48"
"281";"Aflossing is gedaan vanuit Bankrekening";"Aflossing is gedaan vanuit Bankrekening";"";"EAID_40359756_fbbf_4ee1_ac08_405f1cd42474";"aggregation-relationship";"aggregation";"";"";"";"";"";"EAID_196161F4_8372_6334_AF08_263C236F7A38";"";"EAID_03EFE25A_4FE5_1447_088D_262C4A161776";"09072026-00:43:48"
"282";"Aflossingsafspraak betreft Vordering";"Aflossingsafspraak betreft Vordering";"";"EAID_0899EA37_BE4E_4523_61AF_263C258628E7";"aggregation-relationship";"aggregation";"";"";"";"";"";"EAID_0F06241B_EBEF_4053_33E4_263C236F76FC";"";"EAID_14116EEA_C461_0DB2_97AB_263C0A4777FC";"09072026-00:43:48"
"283";"Aflossingsafspraak bevat Aflossing";"Aflossingsafspraak bevat Aflossing";"";"EAID_07ABABBC_951B_E467_C8E1_263C2773145F";"aggregation-relationship";"aggregation";"";"";"";"";"";"EAID_0F06241B_EBEF_4053_33E4_263C236F76FC";"";"EAID_196161F4_8372_6334_AF08_263C236F7A38";"09072026-00:43:48"
"284";"Aflossingsafspraak generaliseert Loonbeslagafspraa";"Aflossingsafspraak generaliseert Loonbeslagafspraa";"";"EAID_35c31cf6_7e38_4b63_9d28_fca9d6a232d1";"specialization-relationship";"generalization";"";"";"";"";"";"EAID_1a6b9a31_c4c7_4b46_92ef_0dd7e31613ed";"";"EAID_0F06241B_EBEF_4053_33E4_263C236F76FC";"09072026-00:43:48"
"285";"Aflossingsplan ondergaat Uitstel aflossing";"Aflossingsplan ondergaat Uitstel aflossing";"";"EAID_08abe303_05b7_4578_8d5a_1c8986892779";"aggregation-relationship";"aggregation";"";"";"";"";"";"EAID_234EB82E_9EC6_5904_2634_263C0A957ADF";"";"EAID_74e47f85_a936_43c0_8ef2_1605bdb5efed";"09072026-00:43:48"
"286";"Beoordeelt door";"Beoordeeld door";"047440e9-3ec3-42c0-883b-2aae7f6fa3de";"EAID_24BF4DCE_5DDC_4c1b_92F0_EFADF4BE03B9";"association-relationship";"association";"";"";"";"";"8c200706-b80b-44f7-9928-bec39e0db21f";"EAID_BBBB63AC_B546_409b_B6D4_53DB561253B7";"2f8612e6-df55-40f2-a8d1-e51b22b5cf9d";"EAID_2A0CC803_9017_4fad_99B5_9347623090F5";"09072026-00:43:48"
"287";"Bestaat uit";"Bestaat uit";"17eb37a8-b6e5-467f-b2c3-5d24a5025042";"EAID_E5612426_29C1_41dc_9289_1E7583EE153E";"association-relationship";"association";"";"";"";"";"e5933d4f-02b6-4851-a31e-8bc5b7cbaab6";"EAID_D857E285_1EA3_4ba3_9614_5FACAC8BA133";"69e60d64-7165-488f-a392-0e75eb4e99fb";"EAID_681DB26F_D779_4796_B467_576E5A25F581";"09072026-00:43:48"
"288";"Betaald werk heeft Dertiende maand - eindejaarsuit";"Betaald werk heeft Dertiende maand - eindejaarsuit";"";"EAID_14718637_3F31_8FA9_DA8F_293A916074F7";"aggregation-relationship";"aggregation";"";"";"";"";"";"EAID_0624AE2E_52A2_7A26_ECA8_293A6E0F09FE";"";"EAID_2771AFDF_11F9_592A_1883_293A9241CBB3";"09072026-00:43:48"
"289";"Betaald werk heeft Heffingskorting";"Betaald werk heeft Heffingskorting";"";"EAID_100B3C47_B6AD_D89D_9179_293A7F28BAE3";"aggregation-relationship";"aggregation";"";"";"";"";"";"EAID_0624AE2E_52A2_7A26_ECA8_293A6E0F09FE";"";"EAID_1075821F_E399_53E2_3994_293A6EAD14DA";"09072026-00:43:48"
"290";"Betaald werk heeft Loonbeslag";"Betaald werk heeft Loonbeslag";"";"EAID_11F66D6A_5F00_BB75_9581_293A9137E91A";"aggregation-relationship";"aggregation";"";"";"";"";"";"EAID_0624AE2E_52A2_7A26_ECA8_293A6E0F09FE";"";"EAID_08266C73_A8CD_3503_F3FB_293A7989FC40";"09072026-00:43:48"
"291";"Betaald werk heeft Maaltijdvergoeding";"Betaald werk heeft Maaltijdvergoeding";"";"EAID_23CE3D74_C277_E189_11DE_293A7F8B083C";"aggregation-relationship";"aggregation";"";"";"";"";"";"EAID_0624AE2E_52A2_7A26_ECA8_293A6E0F09FE";"";"EAID_02F81CCD_E82B_4A54_E9C5_293A778069AE";"09072026-00:43:48"
"292";"Betaald werk heeft Onkostenvergoeding";"Betaald werk heeft Onkostenvergoeding";"";"EAID_121FABA2_17A4_EE9E_34CA_293A905B70F2";"aggregation-relationship";"aggregation";"";"";"";"";"";"EAID_0624AE2E_52A2_7A26_ECA8_293A6E0F09FE";"";"EAID_21A42BF6_C12B_F23F_093F_293A7780B58A";"09072026-00:43:48"
"293";"Betaald werk heeft Reiskostenvergoeding";"Betaald werk heeft Reiskostenvergoeding";"";"EAID_133EB30C_2DF8_09F8_27B5_293A7F4EA94A";"aggregation-relationship";"aggregation";"";"";"";"";"";"EAID_0624AE2E_52A2_7A26_ECA8_293A6E0F09FE";"";"EAID_029BA63B_D3DD_B855_6C7A_293A77805B65";"09072026-00:43:48"
"294";"Betaald werk heeft Vakantiegeld";"Betaald werk heeft Vakantiegeld";"";"EAID_0C524898_1A91_814E_8A54_293A9275A78D";"aggregation-relationship";"aggregation";"";"";"";"";"";"EAID_0624AE2E_52A2_7A26_ECA8_293A6E0F09FE";"";"EAID_24B39342_7142_86B3_3DBD_293A7780A28B";"09072026-00:43:48"
"295";"Bevat";"Bevat";"";"EAID_11ABCC81_EAA3_4451_9227_D7D29A1D5D68";"aggregation-relationship";"aggregation";"";"";"";"";"";"EAID_0572BF37_A778_273A_32B0_2791C2CC601A";"";"EAID_1F9DBD7C_EBF3_41c8_8F00_2F6169FE107C";"09072026-00:43:48"
"296";"Debiteur heeft Invorderingsbasis";"Debiteur heeft Invorderingsbasis";"";"EAID_0431D11E_3AE2_C52B_104C_2928F05660F4";"aggregation-relationship";"aggregation";"";"";"";"";"";"EAID_107E216A_17F2_DFCA_EAFE_263C7FFC912E";"";"EAID_0A9D7FDF_4271_2DBE_58D2_28F9CE6C00A4";"09072026-00:43:48"
"297";"Debiteur heeft Vordering";"Debiteur heeft Vordering";"";"EAID_1408C1CF_F630_64E6_4C2F_263C138FAC11";"aggregation-relationship";"aggregation";"";"";"";"";"";"EAID_107E216A_17F2_DFCA_EAFE_263C7FFC912E";"";"EAID_14116EEA_C461_0DB2_97AB_263C0A4777FC";"09072026-00:43:48"
"298";"Debiteur heeft aangegaan Leenbijstand";"Debiteur heeft aangegaan Leenbijstand";"";"EAID_d1b8d3de_129e_4d43_af57_090f8c65db18";"aggregation-relationship";"aggregation";"";"";"";"";"";"EAID_107E216A_17F2_DFCA_EAFE_263C7FFC912E";"";"EAID_18090A2C_CED1_0A51_0DFD_294370D99076";"09072026-00:43:48"
"299";"Debiteur heeft afgesloten Krediethypotheek";"Debiteur heeft afgesloten Krediethypotheek";"";"EAID_a3c710bd_ff8f_4eea_ae04_db958ff5acc8";"aggregation-relationship";"aggregation";"";"";"";"";"";"EAID_107E216A_17F2_DFCA_EAFE_263C7FFC912E";"";"EAID_d3335b08_9b4b_4e55_b507_0e1d481f1409";"09072026-00:43:48"
"300";"Draagkracht heeft Draagkrachtregime";"Draagkracht heeft Draagkrachtregime";"";"EAID_098ba115_a7da_4bc7_9548_2d33198cb762";"aggregation-relationship";"aggregation";"";"";"";"";"";"EAID_9e03b696_a4f8_4486_a5d3_52483f259ed2";"";"EAID_0de9912b_3c6f_4d8a_b2b1_67de0c81ae16";"09072026-00:43:48"
"301";"Heeft";"Heeft";"b0e351c9-0318-4c2e-acea-7f62554012a4";"EAID_E4F555EE_2BD4_4eb0_B42D_366D4B560400";"association-relationship";"association";"";"";"";"";"e1620918-61a7-4cef-b0e2-6b8e206608c8";"EAID_F9B2A863_63C8_4229_906A_D0891BB4F021";"b0cd75ba-28f2-4950-bb79-6ceb662eb6fa";"EAID_E2C66E88_930E_460f_93F8_8CD160DCEE15";"09072026-00:43:48"
"302";"Heeft";"Heeft";"";"EAID_7F7FE836_F4D9_4584_BD7B_F8579984F9F7";"association-relationship";"association";"";"";"";"";"";"EAID_9547BC67_7488_4d9a_B651_2B69A62D789F";"0080f5e8-d0d2-4a34-816d-24c8ec6b185a";"EAID_88AF7A2E_C508_464a_AD22_DD9B156D570D";"09072026-00:43:48"
"303";"Heeft";"Heeft";"";"EAID_54E984A2_35F1_4126_BA3D_0BD84F744E25";"association-relationship";"association";"";"";"";"";"";"EAID_94E2B19A_6942_4164_8A52_3C0BBDE45808";"7d5124d4-f23d-432d-ad5a-dc7c1b0fac44";"EAID_649EFD86_ED52_4293_8577_DBE5445845BF";"09072026-00:43:48"
"304";"Heeft";"Heeft";"";"EAID_04849139_9FA5_4487_B037_ABFDB627C473";"association-relationship";"association";"";"";"";"";"";"EAID_03B4B3C0_3616_4ea2_A8B1_3D6754325F02";"0080f5e8-d0d2-4a34-816d-24c8ec6b185a";"EAID_88AF7A2E_C508_464a_AD22_DD9B156D570D";"09072026-00:43:48"
"305";"Heeft";"Heeft";"";"EAID_FA102DCE_9AB3_46cb_9715_340B3A43ACDD";"association-relationship";"association";"";"";"";"";"";"EAID_0DB447E3_B31B_4f07_8E35_7E77D0AAEF80";"0080f5e8-d0d2-4a34-816d-24c8ec6b185a";"EAID_88AF7A2E_C508_464a_AD22_DD9B156D570D";"09072026-00:43:48"
"306";"Heeft als Nevenadres";"Heeft als Nevenadres";"041841b1-ab6e-4085-9d11-a70c0c4ad7f7";"EAID_E8F07323_40F0_461d_A545_8C770787F3B2";"association-relationship";"association";"";"";"";"";"460ada62-9cdd-478f-9555-4fb161ebc0b3";"EAID_8A04280B_E0B4_4e36_B448_C99750393D0D";"f152bdf8-bd60-4c88-b739-e3091afdbf7a";"EAID_32A22BC6_89EC_44af_8D7D_79B12311AE2D";"09072026-00:43:48"
"307";"Heeft als hoofdadres";"Heeft als hoofdadres";"047a07d6-c50b-4b03-b300-1283cfc8df5f";"EAID_99C5ED4C_329B_43db_8A66_590333D7BA35";"association-relationship";"association";"";"";"";"";"460ada62-9cdd-478f-9555-4fb161ebc0b3";"EAID_8A04280B_E0B4_4e36_B448_C99750393D0D";"f152bdf8-bd60-4c88-b739-e3091afdbf7a";"EAID_32A22BC6_89EC_44af_8D7D_79B12311AE2D";"09072026-00:43:48"
"308";"Hypotheek generaliseert Krediethypotheek";"Hypotheek generaliseert Krediethypotheek";"";"EAID_8bcac76c_df21_42c0_a6bc_f0cd6a3d8a6e";"specialization-relationship";"generalization";"";"";"";"";"";"EAID_d3335b08_9b4b_4e55_b507_0e1d481f1409";"";"EAID_ea276d3a_268a_4fd6_b14e_65ebe5b00fd1";"09072026-00:43:48"
"309";"Hypotheek rust op Onroerend goed";"Hypotheek rust op Onroerend goed";"";"EAID_4ef38327_3254_4144_86a5_6a1855412d90";"aggregation-relationship";"aggregation";"";"";"";"";"";"EAID_ea276d3a_268a_4fd6_b14e_65ebe5b00fd1";"";"EAID_bed1faca_3a71_4ca5_b9f7_85f766a1c118";"09072026-00:43:48"
"310";"Incassokostenvordering is gerelateerd aan Vorderin";"Incassokostenvordering is gerelateerd aan Vorderin";"";"EAID_4555038b_c4fc_4ce6_9316_cb1fbf710a9a";"aggregation-relationship";"aggregation";"";"";"";"";"";"EAID_a19a36c3_66e1_44c2_b674_6f3a3d98c5ea";"";"EAID_14116EEA_C461_0DB2_97AB_263C0A4777FC";"09072026-00:43:48"
"311";"Ingediend door";"Ingediend door";"";"EAID_CC023CF5_CF29_43e1_8F6A_F1B4614306D2";"association-relationship";"association";"";"";"";"";"645ed017-feb5-40b0-82ae-990745bdb549";"EAID_5E542F35_E413_49c4_8FB7_335B6BE9667A";"";"EAID_51A266C7_3BDA_457c_9A32_CD1B166CA5BF";"09072026-00:43:48"
"312";"Inkomstencomponent veralgemeniseert Primair inkoms";"Inkomstencomponent veralgemeniseert Primair inkoms";"";"EAID_441e1b8a_2757_4910_9d10_ff93b1e874d7";"specialization-relationship";"generalization";"";"";"";"";"";"EAID_e0a328b0_21ff_469d_912e_63465279b5a1";"";"EAID_2235FE95_D319_96D3_FC70_293A52BBE934";"09072026-00:43:48"
"313";"Inkomstencomponent veralgemeniseert Secundair inko";"Inkomstencomponent veralgemeniseert Secundair inko";"";"EAID_84036fc1_d2e0_4fc9_a1a5_38be77864e10";"specialization-relationship";"generalization";"";"";"";"";"";"EAID_4ead37c5_f83b_423d_b51e_92a60e7fa2d9";"";"EAID_2235FE95_D319_96D3_FC70_293A52BBE934";"09072026-00:43:48"
"314";"Inkomstenverhouding bevat Primair inkomstencompone";"Inkomstenverhouding bevat Primair inkomstencompone";"";"EAID_1F4F33C7_F384_5867_AF2B_29462363CA9D";"aggregation-relationship";"aggregation";"";"";"";"";"";"EAID_0463EA7D_FFD9_AD19_0405_294621AE933F";"";"EAID_e0a328b0_21ff_469d_912e_63465279b5a1";"09072026-00:43:48"
"315";"Inkomstenvermindering veralgemeniseert Loonbeslag";"Inkomstenvermindering veralgemeniseert Loonbeslag";"";"EAID_1F333AF9_ACA5_F5D3_AC85_293A79D4C1BA";"specialization-relationship";"generalization";"";"";"";"";"";"EAID_08266C73_A8CD_3503_F3FB_293A7989FC40";"";"EAID_0B6D4C44_7D22_03E3_23BC_293A778017DC";"09072026-00:43:48"
"316";"Inkomstenvermindering veralgemeniseert Verlaging d";"Inkomstenvermindering veralgemeniseert Verlaging d";"";"EAID_1C2ADE0F_70EB_25A8_470B_293A79FA940F";"specialization-relationship";"generalization";"";"";"";"";"";"EAID_147DA394_B3B3_61F8_2424_293A778066AE";"";"EAID_0B6D4C44_7D22_03E3_23BC_293A778017DC";"09072026-00:43:48"
"317";"Inkomstenvermindering veralgemeniseert Verlaging d";"Inkomstenvermindering veralgemeniseert Verlaging d";"";"EAID_20E5870B_CE87_BBB9_082F_293A79E916A9";"specialization-relationship";"generalization";"";"";"";"";"";"EAID_21BB5EF1_DBEF_1C98_AA4A_293A7780C22E";"";"EAID_0B6D4C44_7D22_03E3_23BC_293A778017DC";"09072026-00:43:48"
"318";"Is";"Is";"8a6673df-5380-47d4-82c8-41731d986301";"EAID_93320AED_D823_4ac6_BD19_2C55AFE2D453";"association-relationship";"association";"Een INGEZETENE is een specialisatie van OBJECT.";"Een INGEZETENE is een specialisatie van OBJECT.";"";"";"f08625cc-cc49-4664-91fa-823b217d333f";"EAID_91F9D39E_0322_42c6_AE7F_5027B36F3EC3";"c5e5f4f9-5bb6-4a9f-816b-e41abc770e86";"EAID_CA19D17F_3EB7_459d_9883_16F0C0B5D35E";"09072026-00:43:48"
"319";"Is aanleiding tot";"Is aanleiding tot";"";"EAID_390DEF15_81E5_4d57_ABF8_2056B8229470";"aggregation-relationship";"aggregation";"";"";"";"";"";"EAID_2D94CF02_97C5_4621_B225_EA742445A235";"";"EAID_cac6d8c1_42e6_41cb_9907_3c65c081afba";"09072026-00:43:48"
"320";"Is deel van";"Is deel van";"7bf7b85a-d5d1-4e24-ba1d-50fa97379434";"EAID_D2770201_1CC5_47bd_90F4_EC39317F189B";"association-relationship";"association";"";"";"";"";"02f66265-00ae-418d-8d0e-dcbaf36652bb";"EAID_936A4E8B_3E5A_44b6_8A5D_EFB39F83FB6D";"02f66265-00ae-418d-8d0e-dcbaf36652bb";"EAID_936A4E8B_3E5A_44b6_8A5D_EFB39F83FB6D";"09072026-00:43:48"
"321";"Is reden tot";"Is reden tot";"";"EAID_DF1C9317_8A8A_49ec_B37E_560CE1C0C084";"association-relationship";"association";"";"";"";"";"";"EAID_4B7F5B5B_CCC7_465e_9908_E83620EEAE89";"";"EAID_cac6d8c1_42e6_41cb_9907_3c65c081afba";"09072026-00:43:48"
"322";"Kostencomponent veralgemeniseert  Beslag op inkome";"Kostencomponent veralgemeniseert  Beslag op inkome";"";"EAID_bd246ce9_dc4c_4979_af8a_199596546b49";"specialization-relationship";"generalization";"";"";"";"";"";"EAID_95cf7a63_ea13_4ab8_965b_51cdbb68fc29";"";"EAID_98746714_07f9_4942_b7d1_096f9631f90f";"09072026-00:43:48"
"323";"Kostencomponent veralgemeniseert  Eigen bijdrage";"Kostencomponent veralgemeniseert  Eigen bijdrage";"";"EAID_c86e6ba9_708d_4ac0_b232_064c8450e731";"specialization-relationship";"generalization";"";"";"";"";"";"EAID_87acd5ea_3ed9_40d8_96b0_8c29ce9296da";"";"EAID_98746714_07f9_4942_b7d1_096f9631f90f";"09072026-00:43:48"
"324";"Kostencomponent veralgemeniseert  Reiskosten naar ";"Kostencomponent veralgemeniseert  Reiskosten naar ";"";"EAID_53684ff6_8545_44af_9b39_9456881dc108";"specialization-relationship";"generalization";"";"";"";"";"";"EAID_4c49fb46_4d05_49d0_8e99_f5d25c625d91";"";"EAID_98746714_07f9_4942_b7d1_096f9631f90f";"09072026-00:43:48"
"325";"Kostencomponent veralgemeniseert  Te betalen alime";"Kostencomponent veralgemeniseert  Te betalen alime";"";"EAID_38a41ac2_8646_41e9_80e4_2d03c97cf711";"specialization-relationship";"generalization";"";"";"";"";"";"EAID_86ad0007_f0b8_4cc2_8bec_acc4c9f12dec";"";"EAID_98746714_07f9_4942_b7d1_096f9631f90f";"09072026-00:43:48"
"326";"Leveringscomponent levert Vordering";"Leveringscomponent levert Vordering";"";"EAID_13C50E34_63F5_1B7C_C8B3_27105BFE75AB";"aggregation-relationship";"aggregation";"";"";"";"";"";"EAID_117A52E7_D317_92C3_C4DB_281C33034B40";"";"EAID_14116EEA_C461_0DB2_97AB_263C0A4777FC";"09072026-00:43:48"
"327";"Ligt aan";"Ligt aan";"5c076032-8345-4935-8c68-45393f70af7d";"EAID_34F0EC28_CB38_4287_9F1F_10F93ADE6DB4";"association-relationship";"association";"";"";"";"";"f152bdf8-bd60-4c88-b739-e3091afdbf7a";"EAID_32A22BC6_89EC_44af_8D7D_79B12311AE2D";"d2f8867b-fce6-4932-8b1a-ec8b9392f0d5";"EAID_BFE30E32_8CB9_4272_A559_9FB3FD74DACC";"09072026-00:43:48"
"328";"Ligt in";"Ligt in";"";"EAID_C6631D50_E866_4650_A4E5_464864854E3B";"association-relationship";"association";"";"";"";"";"f152bdf8-bd60-4c88-b739-e3091afdbf7a";"EAID_32A22BC6_89EC_44af_8D7D_79B12311AE2D";"55246c30-a3e2-400f-89c4-c5b01f7f7da8";"EAID_38649FF6_88C6_437d_AF8E_A9023D55E16C";"09072026-00:43:48"
"329";"Ligt in";"Ligt in";"6710984e-4d8c-40a9-9b82-6a16b1d326fe";"EAID_FC710755_30A1_4382_ADFC_F6EEAF4DE383";"association-relationship";"association";"";"";"";"";"f152bdf8-bd60-4c88-b739-e3091afdbf7a";"EAID_32A22BC6_89EC_44af_8D7D_79B12311AE2D";"bedf86fb-8710-49fc-addb-e48a11b551ed";"EAID_24BDA4BA_CFCC_4e3f_8305_671F4ED7C502";"09072026-00:43:48"
"330";"Ligt in";"Ligt in";"bdbb6858-74a7-4e5a-8705-ad660b1038d9";"EAID_BE45ABDD_36E0_496a_A91E_00404FBD5BDC";"association-relationship";"association";"";"";"";"";"d2f8867b-fce6-4932-8b1a-ec8b9392f0d5";"EAID_BFE30E32_8CB9_4272_A559_9FB3FD74DACC";"55246c30-a3e2-400f-89c4-c5b01f7f7da8";"EAID_38649FF6_88C6_437d_AF8E_A9023D55E16C";"09072026-00:43:48"
"331";"Ligt in";"Ligt in";"5d65bcbe-7f28-4007-94c9-398dfa10c121";"EAID_4D07451D_3D01_44ef_A953_BF6727EB0186";"association-relationship";"association";"";"";"";"";"bedf86fb-8710-49fc-addb-e48a11b551ed";"EAID_24BDA4BA_CFCC_4e3f_8305_671F4ED7C502";"f830bbc9-38d5-4f61-be23-79091f18282e";"EAID_EA6F820F_C458_4b24_8055_5C2CC76F5904";"09072026-00:43:48"
"332";"Ligt in";"Ligt in";"418bd6a5-e442-4f1c-a6c3-7a1c0baac9f6";"EAID_62D762C1_0619_4436_A35A_37EF3A010BE8";"association-relationship";"association";"";"";"";"";"d2f8867b-fce6-4932-8b1a-ec8b9392f0d5";"EAID_BFE30E32_8CB9_4272_A559_9FB3FD74DACC";"bedf86fb-8710-49fc-addb-e48a11b551ed";"EAID_24BDA4BA_CFCC_4e3f_8305_671F4ED7C502";"09072026-00:43:48"
"333";"Ligt in";"Ligt in";"b4abf537-4d48-4a29-a6ea-b708e6236df7";"EAID_B5D02A06_9EDB_422c_A107_D4BDB500D438";"association-relationship";"association";"";"";"";"";"938a3b10-79fd-4571-aaed-cb7069369465";"EAID_120EA50B_B9A2_4869_A3BE_46931F631D33";"bedf86fb-8710-49fc-addb-e48a11b551ed";"EAID_24BDA4BA_CFCC_4e3f_8305_671F4ED7C502";"09072026-00:43:48"
"334";"Maakt deel uit van";"Maakt deel uit van";"";"EAID_03B513CB_774A_4ecf_899B_C168775FBD1C";"association-relationship";"association";"";"";"";"";"";"EAID_461EFCF0_E65E_4c7c_B44D_8F36C36FDCE4";"bcdc30f3-c919-4d3a-b768-b62da7bc755e";"EAID_11595AD8_CE67_40dd_BDA9_489DC7D244ED";"09072026-00:43:48"
"335";"Maatregel generaliseert Afwijkende maatregel";"Maatregel generaliseert Afwijkende maatregel";"";"EAID_161E166F_377B_77CF_BF11_276CAE45C097";"specialization-relationship";"generalization";"";"";"";"";"";"EAID_1BD0DD3A_888E_945B_4A20_276CADAE4D4C";"";"EAID_0B63B508_9F69_A5D7_4387_2632D2C24782";"09072026-00:43:48"
"336";"Maatregel generaliseert Boete";"Maatregel generaliseert Boete";"";"EAID_02D32D3B_1AFE_54E9_20D4_2632D33E000F";"specialization-relationship";"generalization";"";"";"";"";"";"EAID_05E49616_803F_4C1B_9663_262C4A191DF9";"";"EAID_0B63B508_9F69_A5D7_4387_2632D2C24782";"09072026-00:43:48"
"337";"Maatregel generaliseert Maatregel op uitkering";"Maatregel generaliseert Maatregel op uitkering";"";"EAID_07EDB42A_2F9E_9557_14A9_2632D2E7753D";"specialization-relationship";"generalization";"";"";"";"";"";"EAID_032C6459_3922_4AEF_0D73_262C4A138E25";"";"EAID_0B63B508_9F69_A5D7_4387_2632D2C24782";"09072026-00:43:48"
"338";"Normafwijking leidt tot Maatregel";"Normafwijking leidt tot Maatregel";"";"EAID_03151107_A266_68F8_F5DE_2632D35E1D57";"aggregation-relationship";"aggregation";"";"";"";"";"";"EAID_167FF4C9_6B66_EEDA_5189_262C4A139258";"";"EAID_0B63B508_9F69_A5D7_4387_2632D2C24782";"09072026-00:43:48"
"339";"Onderdeel van";"Onderdeel van";"859f52dc-3091-4721-bde6-47dc5bd9c461";"EAID_04F5981A_6C61_4431_A2CA_82DCFA1FDD9B";"association-relationship";"association";"";"";"";"";"b48d2c3e-646e-4858-b98a-b776f949cd8f";"EAID_783B026E_E993_467c_85E0_E90E9E01BAA0";"e1620918-61a7-4cef-b0e2-6b8e206608c8";"EAID_51285531_9529_4b2d_9EC6_B6BAEA729D9A";"09072026-00:43:48"
"340";"Onderdeel van";"Onderdeel van";"b4c50638-e6b8-4325-9cf1-656a8d09313c";"EAID_9DE13CC8_C495_4f21_8538_B6967FEEE075";"association-relationship";"association";"";"";"";"";"25fe4f05-5edf-451d-9c67-1dd286a162af";"EAID_2177E7F0_0F76_41b7_B5CA_5FE182355E94";"e1620918-61a7-4cef-b0e2-6b8e206608c8";"EAID_51285531_9529_4b2d_9EC6_B6BAEA729D9A";"09072026-00:43:48"
"341";"Onderhoudsverhouding bevat Onderhoudsplicht";"Onderhoudsverhouding bevat Onderhoudsplicht";"";"EAID_20DD8FF9_2C46_AA03_46B8_2685FC0EDED5";"aggregation-relationship";"aggregation";"";"";"";"";"";"EAID_01CD1BE5_E952_7DA0_ABA1_2685FBDC10DA";"";"EAID_1DB40092_C231_63A1_27BE_2685FBFA9223";"09072026-00:43:48"
"342";"Ontheffing";"Ontheffing";"";"EAID_18274FB3_5BA5_4396_B56C_64F9C715BF62";"association-relationship";"association";"";"";"";"";"";"EAID_E2C66E88_930E_460f_93F8_8CD160DCEE15";"";"EAID_3F5932BD_C721_402d_8154_74A1CE097825";"09072026-00:43:48"
"343";"Ouder 1";"Ouder 1";"2ac165c9-1d0d-4ab0-981e-45ba57d306ee";"EAID_367BFE15_E9E7_47f9_B5A2_92BFDDCF00FA";"association-relationship";"association";"";"";"";"";"e1371e07-969e-4a34-be81-0a23ffd541dd";"EAID_AF9534B0_7CBD_4061_9276_A7B6698B383A";"e1371e07-969e-4a34-be81-0a23ffd541dd";"EAID_AF9534B0_7CBD_4061_9276_A7B6698B383A";"09072026-00:43:48"
"344";"Ouder 2";"Ouder 2";"941e56fe-2a62-4e5e-bd9f-7179a9433c1b";"EAID_2CA328BA_49A9_4cc3_9193_8C8C8DE722A0";"association-relationship";"association";"";"";"";"";"e1371e07-969e-4a34-be81-0a23ffd541dd";"EAID_AF9534B0_7CBD_4061_9276_A7B6698B383A";"e1371e07-969e-4a34-be81-0a23ffd541dd";"EAID_AF9534B0_7CBD_4061_9276_A7B6698B383A";"09072026-00:43:48"
"345";"Pensioen heeft Loonbeslag";"Pensioen heeft Loonbeslag";"";"EAID_051B3B08_AC73_9932_0A02_293A9202426F";"aggregation-relationship";"aggregation";"";"";"";"";"";"EAID_28CBC627_9980_C06E_492F_293A6E4EE649";"";"EAID_08266C73_A8CD_3503_F3FB_293A7989FC40";"09072026-00:43:48"
"346";"Pensioen heeft Vakantiegeld";"Pensioen heeft Vakantiegeld";"";"EAID_2549CDC8_5245_DFD9_FDBA_293A920BC042";"aggregation-relationship";"aggregation";"";"";"";"";"";"EAID_28CBC627_9980_C06E_492F_293A6E4EE649";"";"EAID_24B39342_7142_86B3_3DBD_293A7780A28B";"09072026-00:43:48"
"347";"Primair inkomstencomponent veralgemeniseert Alimen";"Primair inkomstencomponent veralgemeniseert Alimen";"";"EAID_1985DC47_32C6_8E4F_E270_293A78BFA1D9";"specialization-relationship";"generalization";"";"";"";"";"";"EAID_0CAB2134_E295_ADCD_A732_293A6ED5D9E0";"";"EAID_e0a328b0_21ff_469d_912e_63465279b5a1";"09072026-00:43:48"
"348";"Primair inkomstencomponent veralgemeniseert Ander ";"Primair inkomstencomponent veralgemeniseert Ander ";"";"EAID_1528A8FF_00E1_ED8E_A804_293A78EFE72C";"specialization-relationship";"generalization";"";"";"";"";"";"EAID_1A880B88_29D8_FB84_538B_293A707D1452";"";"EAID_e0a328b0_21ff_469d_912e_63465279b5a1";"09072026-00:43:48"
"349";"Primair inkomstencomponent veralgemeniseert Betaal";"Primair inkomstencomponent veralgemeniseert Betaal";"";"EAID_23745210_0EC9_4B39_88D5_293A7804A73F";"specialization-relationship";"generalization";"";"";"";"";"";"EAID_0624AE2E_52A2_7A26_ECA8_293A6E0F09FE";"";"EAID_e0a328b0_21ff_469d_912e_63465279b5a1";"09072026-00:43:48"
"350";"Primair inkomstencomponent veralgemeniseert Eigen ";"Primair inkomstencomponent veralgemeniseert Eigen ";"";"EAID_19567B45_A435_E00F_2B0B_293A78CD7E73";"specialization-relationship";"generalization";"";"";"";"";"";"EAID_1FB8E23E_DC06_2C59_6AED_293A6F67508F";"";"EAID_e0a328b0_21ff_469d_912e_63465279b5a1";"09072026-00:43:48"
"351";"Primair inkomstencomponent veralgemeniseert Hobby";"Primair inkomstencomponent veralgemeniseert Hobby";"";"EAID_0CC19440_ECBB_8C03_B698_293A78E4CD95";"specialization-relationship";"generalization";"";"";"";"";"";"EAID_1D176A0D_B1C8_BCD5_8439_293A705AA468";"";"EAID_e0a328b0_21ff_469d_912e_63465279b5a1";"09072026-00:43:48"
"352";"Primair inkomstencomponent veralgemeniseert Pensio";"Primair inkomstencomponent veralgemeniseert Pensio";"";"EAID_28D4EBA5_FA06_3B4B_C348_293A789177ED";"specialization-relationship";"generalization";"";"";"";"";"";"EAID_28CBC627_9980_C06E_492F_293A6E4EE649";"";"EAID_e0a328b0_21ff_469d_912e_63465279b5a1";"09072026-00:43:48"
"353";"Primair inkomstencomponent veralgemeniseert Stage";"Primair inkomstencomponent veralgemeniseert Stage";"";"EAID_0A914454_6425_C9DB_60D5_293A78D6B392";"specialization-relationship";"generalization";"";"";"";"";"";"EAID_28FCE4B4_AFCD_AFE7_63A5_293A6F895C47";"";"EAID_e0a328b0_21ff_469d_912e_63465279b5a1";"09072026-00:43:48"
"354";"Primair inkomstencomponent veralgemeniseert Studie";"Primair inkomstencomponent veralgemeniseert Studie";"";"EAID_078BF091_9C1A_E2EA_92D6_293A78A065FE";"specialization-relationship";"generalization";"";"";"";"";"";"EAID_23245F44_F332_6237_D733_293A6E6E621D";"";"EAID_e0a328b0_21ff_469d_912e_63465279b5a1";"09072026-00:43:48"
"355";"Primair inkomstencomponent veralgemeniseert Uitker";"Primair inkomstencomponent veralgemeniseert Uitker";"";"EAID_0E3F98F5_ACFB_E720_41AE_293A7881070F";"specialization-relationship";"generalization";"";"";"";"";"";"EAID_079F0BBE_0EBA_3EFE_32BE_293A6C49F9DC";"";"EAID_e0a328b0_21ff_469d_912e_63465279b5a1";"09072026-00:43:48"
"356";"Rechtmaand bevat Betaalcomponent";"Rechtmaand bevat Betaalcomponent";"";"EAID_122CA19B_7DF4_C4FE_D5BB_2931038D61F0";"aggregation-relationship";"aggregation";"";"";"";"";"";"EAID_0DF4970C_7D69_27D9_7976_263C0A6C41DC";"";"EAID_1D10018E_888E_945B_4A20_293102BE4D4C";"09072026-00:43:48"
"357";"Reden aanvraag Levensonderhoud generaliseert Ander";"Reden aanvraag Levensonderhoud generaliseert Ander";"";"EAID_12D51586_44A6_3CD2_BA7A_2791C4C3BEFF";"specialization-relationship";"generalization";"";"";"";"";"";"EAID_1E8815BF_5BAC_6978_BF60_2791C1C96FC3";"";"EAID_0BCC5755_9F69_A5D7_4387_2791BFCD4782";"09072026-00:43:48"
"358";"Reden aanvraag Levensonderhoud generaliseert Gesto";"Reden aanvraag Levensonderhoud generaliseert Gesto";"";"EAID_1519A086_0786_B785_5064_2791C47EFB34";"specialization-relationship";"generalization";"";"";"";"";"";"EAID_16333246_B1C9_E9E9_D5B6_2791C02E05CB";"";"EAID_0BCC5755_9F69_A5D7_4387_2791BFCD4782";"09072026-00:43:48"
"359";"Reden aanvraag Levensonderhoud generaliseert Gesto";"Reden aanvraag Levensonderhoud generaliseert Gesto";"";"EAID_1EE28C06_2D5D_9AC3_A86C_2791C4C1EDDD";"specialization-relationship";"generalization";"";"";"";"";"";"EAID_0B7F7AD1_661C_8F1C_4F9A_2791C1C74BAB";"";"EAID_0BCC5755_9F69_A5D7_4387_2791BFCD4782";"09072026-00:43:48"
"360";"Reden aanvraag Levensonderhoud generaliseert Gesto";"Reden aanvraag Levensonderhoud generaliseert Gesto";"";"EAID_1A2A4C46_FBF3_C60A_9171_2791C4C06238";"specialization-relationship";"generalization";"";"";"";"";"";"EAID_15ABBF00_EC46_89CA_680B_2791C070D8E5";"";"EAID_0BCC5755_9F69_A5D7_4387_2791BFCD4782";"09072026-00:43:48"
"361";"Reden aanvraag Levensonderhoud generaliseert Gesto";"Reden aanvraag Levensonderhoud generaliseert Gesto";"";"EAID_08ECBD0C_12AE_9987_7FF8_2791C4C24BB1";"specialization-relationship";"generalization";"";"";"";"";"";"EAID_16F72E30_A6E2_CEC4_6AB8_2791C1C8CC09";"";"EAID_0BCC5755_9F69_A5D7_4387_2791BFCD4782";"09072026-00:43:48"
"362";"Reden aanvraag Levensonderhoud generaliseert Gesto";"Reden aanvraag Levensonderhoud generaliseert Gesto";"";"EAID_17A964F7_091F_58CD_BA5F_2791C4C013D4";"specialization-relationship";"generalization";"";"";"";"";"";"EAID_1632E282_377B_77CF_BF11_2791C070C097";"";"EAID_0BCC5755_9F69_A5D7_4387_2791BFCD4782";"09072026-00:43:48"
"363";"Reden aanvraag Levensonderhoud generaliseert Gesto";"Reden aanvraag Levensonderhoud generaliseert Gesto";"";"EAID_0B1FEBBE_F717_2EF7_A7A3_2791C4C00CBC";"specialization-relationship";"generalization";"";"";"";"";"";"EAID_1F0AACC8_0CDE_849C_C1CC_2791C070CCF8";"";"EAID_0BCC5755_9F69_A5D7_4387_2791BFCD4782";"09072026-00:43:48"
"364";"Reden aanvraag Levensonderhoud generaliseert Gesto";"Reden aanvraag Levensonderhoud generaliseert Gesto";"";"EAID_144C04C1_6581_426A_113C_2791C493A420";"specialization-relationship";"generalization";"";"";"";"";"";"EAID_1BDF5AAF_EDC4_87BC_16F2_2791C06DC1FA";"";"EAID_0BCC5755_9F69_A5D7_4387_2791BFCD4782";"09072026-00:43:48"
"365";"Reden aanvraag Levensonderhoud generaliseert Overl";"Reden aanvraag Levensonderhoud generaliseert Overl";"";"EAID_1CFCA630_105B_574F_6231_2791C4C19256";"specialization-relationship";"generalization";"";"";"";"";"";"EAID_201D0432_BDE5_700A_13F6_2791C071691F";"";"EAID_0BCC5755_9F69_A5D7_4387_2791BFCD4782";"09072026-00:43:48"
"366";"Reden aanvraag Levensonderhoud generaliseert Verbr";"Reden aanvraag Levensonderhoud generaliseert Verbr";"";"EAID_056A531B_AB5F_21B7_009B_2791C4C14E2B";"specialization-relationship";"generalization";"";"";"";"";"";"EAID_273AA921_78AD_0107_6D04_2791C07149E9";"";"EAID_0BCC5755_9F69_A5D7_4387_2791BFCD4782";"09072026-00:43:48"
"367";"Reden aanvraag Levensonderhoud generaliseert Vertr";"Reden aanvraag Levensonderhoud generaliseert Vertr";"";"EAID_0FCBF9AE_E399_53E2_3994_2791C4C114DA";"specialization-relationship";"generalization";"";"";"";"";"";"EAID_109FA03E_8C65_8EF6_C7F0_2791C1C80AFE";"";"EAID_0BCC5755_9F69_A5D7_4387_2791BFCD4782";"09072026-00:43:48"
"368";"Reden aanvraag generaliseert Reden aanvraag Levens";"Reden aanvraag generaliseert Reden aanvraag Levens";"";"EAID_ee94718b_fbc9_44b6_a525_aca13716beb8";"specialization-relationship";"generalization";"";"";"";"";"";"EAID_0BCC5755_9F69_A5D7_4387_2791BFCD4782";"";"EAID_cac6d8c1_42e6_41cb_9907_3c65c081afba";"09072026-00:43:48"
"369";"Reden afwijkende startdatum generaliseert Andere r";"Reden afwijkende startdatum generaliseert Andere r";"";"EAID_634caf04_db91_43b0_8313_8e9670c5e246";"specialization-relationship";"generalization";"";"";"";"";"";"EAID_237c7e1c_5893_475f_be3f_49b629316e1e";"";"EAID_ed8f8dba_b936_40ad_b443_1ee91b8fe046";"09072026-00:43:48"
"370";"Reden afwijkende startdatum generaliseert Opname i";"Reden afwijkende startdatum generaliseert Opname i";"";"EAID_479249f5_40e7_4dce_a4f5_cf17f49b5f7b";"specialization-relationship";"generalization";"";"";"";"";"";"EAID_1ac5aa8f_eb60_4683_acb8_ca3308da1c3d";"";"EAID_ed8f8dba_b936_40ad_b443_1ee91b8fe046";"09072026-00:43:48"
"371";"Reden afwijkende startdatum generaliseert Wachten ";"Reden afwijkende startdatum generaliseert Wachten ";"";"EAID_a87f3135_a603_4f22_9811_be04ff4a796d";"specialization-relationship";"generalization";"";"";"";"";"";"EAID_32633236_e5f5_40eb_a083_fc12c3e8a7f8";"";"EAID_ed8f8dba_b936_40ad_b443_1ee91b8fe046";"09072026-00:43:48"
"372";"Reden afwijkende startdatum generaliseert Wachten ";"Reden afwijkende startdatum generaliseert Wachten ";"";"EAID_ef35a8cc_43e5_45dc_a5ec_d5f6591ea179";"specialization-relationship";"generalization";"";"";"";"";"";"EAID_008977a4_1342_42b2_be93_bda49931fa51";"";"EAID_ed8f8dba_b936_40ad_b443_1ee91b8fe046";"09072026-00:43:48"
"373";"Rentevordering is gerelateerd aan Vordering";"Rentevordering is gerelateerd aan Vordering";"";"EAID_20276CF6_CD34_6B90_7508_29312433DAFE";"aggregation-relationship";"aggregation";"";"";"";"";"";"EAID_170B4422_37F6_8893_2627_293122D74F28";"";"EAID_14116EEA_C461_0DB2_97AB_263C0A4777FC";"09072026-00:43:48"
"374";"Secundair inkomstencomponent veralgemeniseert Dert";"Secundair inkomstencomponent veralgemeniseert Dert";"";"EAID_17CA2636_DA20_4310_03BE_293A914ABF3F";"specialization-relationship";"generalization";"";"";"";"";"";"EAID_2771AFDF_11F9_592A_1883_293A9241CBB3";"";"EAID_4ead37c5_f83b_423d_b51e_92a60e7fa2d9";"09072026-00:43:48"
"375";"Secundair inkomstencomponent veralgemeniseert Heff";"Secundair inkomstencomponent veralgemeniseert Heff";"";"EAID_213C8C8D_372A_14E8_A359_293A78B23103";"specialization-relationship";"generalization";"";"";"";"";"";"EAID_1075821F_E399_53E2_3994_293A6EAD14DA";"";"EAID_4ead37c5_f83b_423d_b51e_92a60e7fa2d9";"09072026-00:43:48"
"376";"Secundair inkomstencomponent veralgemeniseert Inko";"Secundair inkomstencomponent veralgemeniseert Inko";"";"EAID_13E4B7E2_31D7_9E7E_19B6_293A79BA148B";"specialization-relationship";"generalization";"";"";"";"";"";"EAID_0B6D4C44_7D22_03E3_23BC_293A778017DC";"";"EAID_4ead37c5_f83b_423d_b51e_92a60e7fa2d9";"09072026-00:43:48"
"377";"Secundair inkomstencomponent veralgemeniseert Vaka";"Secundair inkomstencomponent veralgemeniseert Vaka";"";"EAID_2654E993_F1FD_A745_03BB_2A2CB8D4A973";"specialization-relationship";"generalization";"";"";"";"";"";"EAID_24B39342_7142_86B3_3DBD_293A7780A28B";"";"EAID_4ead37c5_f83b_423d_b51e_92a60e7fa2d9";"09072026-00:43:48"
"378";"Secundair inkomstencomponent veralgemeniseert Verg";"Secundair inkomstencomponent veralgemeniseert Verg";"";"EAID_069CB512_7EE7_5659_350E_293A77AB99CB";"specialization-relationship";"generalization";"";"";"";"";"";"EAID_1FCFBA02_5BAC_6978_BF60_293A629C6FC3";"";"EAID_4ead37c5_f83b_423d_b51e_92a60e7fa2d9";"09072026-00:43:48"
"379";"Stage heeft Maaltijdvergoeding";"Stage heeft Maaltijdvergoeding";"";"EAID_082BCDCB_6070_0600_394E_293A7EB42370";"aggregation-relationship";"aggregation";"";"";"";"";"";"EAID_28FCE4B4_AFCD_AFE7_63A5_293A6F895C47";"";"EAID_02F81CCD_E82B_4A54_E9C5_293A778069AE";"09072026-00:43:48"
"380";"Stage heeft Onkostenvergoeding";"Stage heeft Onkostenvergoeding";"";"EAID_069F720E_131C_7C82_3A3C_293A7E54C34A";"aggregation-relationship";"aggregation";"";"";"";"";"";"EAID_28FCE4B4_AFCD_AFE7_63A5_293A6F895C47";"";"EAID_21A42BF6_C12B_F23F_093F_293A7780B58A";"09072026-00:43:48"
"381";"Stage heeft Reiskostenvergoeding";"Stage heeft Reiskostenvergoeding";"";"EAID_1FA4B73A_126F_AA50_4D79_293A7EBE5398";"aggregation-relationship";"aggregation";"";"";"";"";"";"EAID_28FCE4B4_AFCD_AFE7_63A5_293A6F895C47";"";"EAID_029BA63B_D3DD_B855_6C7A_293A77805B65";"09072026-00:43:48"
"382";"Stage heeft Vergoeding in natura";"Stage heeft Vergoeding in natura";"";"EAID_0385905A_4354_D87D_F05F_293A7EDC92A5";"aggregation-relationship";"aggregation";"";"";"";"";"";"EAID_28FCE4B4_AFCD_AFE7_63A5_293A6F895C47";"";"EAID_247066AC_FBF9_A511_B717_293A77808921";"09072026-00:43:48"
"383";"Terugvorderingsverzoek betreft Dienst";"Terugvorderingsverzoek betreft Dienst";"";"EAID_15326145_EC46_89CA_680B_26B42589D8E5";"aggregation-relationship";"aggregation";"";"";"";"";"";"EAID_101157F7_7852_102E_7547_2698B55B6FF8";"";"EAID_022154F4_817D_0DFB_5FFC_281C33037384";"09072026-00:43:48"
"384";"Terugvorderingsverzoek bevat Rechtmaand";"Terugvorderingsverzoek bevat Rechtmaand";"";"EAID_0B702CAD_661C_8F1C_4F9A_275D15CD4BAB";"aggregation-relationship";"aggregation";"";"";"";"";"";"EAID_101157F7_7852_102E_7547_2698B55B6FF8";"";"EAID_0DF4970C_7D69_27D9_7976_263C0A6C41DC";"09072026-00:43:48"
"385";"Toegewezen Product";"Toegewezen Product";"81d54179-ffef-4bee-80fd-e1408ad2b18f";"EAID_3B93901B_8280_44f1_8D68_F27250F93A89";"association-relationship";"association";"";"";"";"";"38610e76-2c3e-429a-b30b-1fd21f05c8fc";"EAID_975C3DA3_930A_49d8_B54F_2A560DC2AD5A";"53cc8281-81c1-40c8-901d-2751e34ea367";"EAID_01ECE551_A7B0_4b99_B6E7_F654D6AC15D5";"09072026-00:43:48"
"386";"Uitkering heeft Loonbeslag";"Uitkering heeft Loonbeslag";"";"EAID_21F0287F_025D_3A81_6CF2_293A9180B50A";"aggregation-relationship";"aggregation";"";"";"";"";"";"EAID_079F0BBE_0EBA_3EFE_32BE_293A6C49F9DC";"";"EAID_08266C73_A8CD_3503_F3FB_293A7989FC40";"09072026-00:43:48"
"387";"Uitkering heeft Vakantiegeld";"Uitkering heeft Vakantiegeld";"";"EAID_1DBB69D4_D2BB_535D_5483_293A9301F7EC";"aggregation-relationship";"aggregation";"";"";"";"";"";"EAID_079F0BBE_0EBA_3EFE_32BE_293A6C49F9DC";"";"EAID_24B39342_7142_86B3_3DBD_293A7780A28B";"09072026-00:43:48"
"388";"Uitkering heeft Verlaging door boete";"Uitkering heeft Verlaging door boete";"";"EAID_20CB5804_9FC8_39ED_97A9_293A9190A9F3";"aggregation-relationship";"aggregation";"";"";"";"";"";"EAID_079F0BBE_0EBA_3EFE_32BE_293A6C49F9DC";"";"EAID_21BB5EF1_DBEF_1C98_AA4A_293A7780C22E";"09072026-00:43:48"
"389";"Uitkering heeft Verlaging door maatregel";"Uitkering heeft Verlaging door maatregel";"";"EAID_173F3257_1A0D_21DA_CBAE_293A91A07A80";"aggregation-relationship";"aggregation";"";"";"";"";"";"EAID_079F0BBE_0EBA_3EFE_32BE_293A6C49F9DC";"";"EAID_147DA394_B3B3_61F8_2424_293A778066AE";"09072026-00:43:48"
"390";"Vergoeding veralgemeniseert Maaltijdvergoeding";"Vergoeding veralgemeniseert Maaltijdvergoeding";"";"EAID_15F7D0AD_C232_C86E_0AE7_293A794BF3F9";"specialization-relationship";"generalization";"";"";"";"";"";"EAID_02F81CCD_E82B_4A54_E9C5_293A778069AE";"";"EAID_1FCFBA02_5BAC_6978_BF60_293A629C6FC3";"09072026-00:43:48"
"391";"Vergoeding veralgemeniseert Onkostenvergoeding";"Vergoeding veralgemeniseert Onkostenvergoeding";"";"EAID_1479790D_7F70_5C6F_DBAF_293A79510B3D";"specialization-relationship";"generalization";"";"";"";"";"";"EAID_21A42BF6_C12B_F23F_093F_293A7780B58A";"";"EAID_1FCFBA02_5BAC_6978_BF60_293A629C6FC3";"09072026-00:43:48"
"392";"Vergoeding veralgemeniseert Reiskostenvergoeding";"Vergoeding veralgemeniseert Reiskostenvergoeding";"";"EAID_053F23D1_C506_BDEA_108C_293A791C90C2";"specialization-relationship";"generalization";"";"";"";"";"";"EAID_029BA63B_D3DD_B855_6C7A_293A77805B65";"";"EAID_1FCFBA02_5BAC_6978_BF60_293A629C6FC3";"09072026-00:43:48"
"393";"Vergoeding veralgemeniseert Vergoeding in natura";"Vergoeding veralgemeniseert Vergoeding in natura";"";"EAID_100D4046_574F_345E_653D_293A795AAA7D";"specialization-relationship";"generalization";"";"";"";"";"";"EAID_247066AC_FBF9_A511_B717_293A77808921";"";"EAID_1FCFBA02_5BAC_6978_BF60_293A629C6FC3";"09072026-00:43:48"
"394";"Vermogenscomponent generaliseert Bankrekening";"Vermogenscomponent generaliseert Bankrekening";"";"EAID_15D597CF_EC46_89CA_680B_27DE2930D8E5";"specialization-relationship";"generalization";"";"";"";"";"";"EAID_03EFE25A_4FE5_1447_088D_262C4A161776";"";"EAID_08000E15_8AA2_AE9A_89F0_262C7C061238";"09072026-00:43:48"
"395";"Vermogenscomponent generaliseert Hypotheek";"Vermogenscomponent generaliseert Hypotheek";"";"EAID_d007e2ae_0a4a_4b9c_8be8_73162bfd9578";"specialization-relationship";"generalization";"";"";"";"";"";"EAID_ea276d3a_268a_4fd6_b14e_65ebe5b00fd1";"";"EAID_08000E15_8AA2_AE9A_89F0_262C7C061238";"09072026-00:43:48"
"396";"Vermogenscomponent generaliseert Motorvoertuig";"Vermogenscomponent generaliseert Motorvoertuig";"";"EAID_213C560E_35CD_39E9_8193_2775ECAA9EA1";"specialization-relationship";"generalization";"";"";"";"";"";"EAID_22B75B20_9449_DC93_CF41_2775EC76C492";"";"EAID_08000E15_8AA2_AE9A_89F0_262C7C061238";"09072026-00:43:48"
"397";"Vermogenscomponent generaliseert Onroerend goed";"Vermogenscomponent generaliseert Onroerend goed";"";"EAID_67cbbe6f_bd16_4e53_bfd6_2a448c76a900";"specialization-relationship";"generalization";"";"";"";"";"";"EAID_bed1faca_3a71_4ca5_b9f7_85f766a1c118";"";"EAID_08000E15_8AA2_AE9A_89F0_262C7C061238";"09072026-00:43:48"
"398";"Vermogenscomponent is gewaardeerd met Waardepeilin";"Vermogenscomponent is gewaardeerd met Waardepeilin";"";"EAID_1DFE75C8_E42A_D26A_2D48_27DB5B821BD9";"aggregation-relationship";"aggregation";"";"";"";"";"";"EAID_08000E15_8AA2_AE9A_89F0_262C7C061238";"";"EAID_1C1EF3EA_888E_945B_4A20_27DB5B434D4C";"09072026-00:43:48"
"399";"Verplichting aan";"Verplichting aan";"";"EAID_AD790AA5_3D88_40c9_9FE7_A7EDDBF66C7E";"association-relationship";"association";"";"";"";"";"7c5fd54e-88dd-4738-95ec-5164d6c6af35";"EAID_EC0FB9CB_B407_49b4_8FCF_8837E7A72DA9";"";"EAID_51A266C7_3BDA_457c_9A32_CD1B166CA5BF";"09072026-00:43:48"
"400";"Voorziening Bijstandspartij";"Voorziening Bijstandspartij";"";"EAID_5E157D7D_4E57_43e8_8432_79971CEA5A2C";"association-relationship";"association";"";"";"";"";"2a859087-fe7f-412a-b057-bf1e3f249a4c";"EAID_DAF09055_A5A6_4ff4_A158_21B20567B296";"id-07784236-3aa6-45e5-8253-7d088c4020b0";"EAID_07784236_3AA6_45e5_8253_7D088C4020B0";"09072026-00:43:48"
"401";"Vordering bevat Aflossing";"Vordering bevat Aflossing";"";"EAID_1BA337AF_888E_945B_4A20_272BFB4E4D4C";"aggregation-relationship";"aggregation";"";"";"";"";"";"EAID_14116EEA_C461_0DB2_97AB_263C0A4777FC";"";"EAID_196161F4_8372_6334_AF08_263C236F7A38";"09072026-00:43:48"
"402";"Vordering bevat Afschrijving";"Vordering bevat Afschrijving";"";"EAID_2a236d1c_c8f7_4382_ba7f_0121655f8009";"aggregation-relationship";"aggregation";"";"";"";"";"";"EAID_14116EEA_C461_0DB2_97AB_263C0A4777FC";"";"EAID_c0026057_03ab_4e5b_a021_aa9175c4078c";"09072026-00:43:48"
"403";"Vordering bevat Correctie";"Vordering bevat Correctie";"";"EAID_08BEDD6F_95A3_5D0B_E03F_272BFB507A5F";"aggregation-relationship";"aggregation";"";"";"";"";"";"EAID_14116EEA_C461_0DB2_97AB_263C0A4777FC";"";"EAID_1B73F18A_888E_945B_4A20_26E8FA774D4C";"09072026-00:43:48"
"404";"Vordering bevat Kwijtschelding";"Vordering bevat Kwijtschelding";"";"EAID_190B4CC9_EE7A_8466_548E_2ABDF1B1DE52";"aggregation-relationship";"aggregation";"";"";"";"";"";"EAID_14116EEA_C461_0DB2_97AB_263C0A4777FC";"";"EAID_1127D07A_473D_2912_29AE_2ABDF0E8A586";"09072026-00:43:48"
"405";"Vordering bevat Restitutie";"Vordering bevat Restitutie";"";"EAID_13D308E9_63F5_1B7C_C8B3_272BFB4F75AB";"aggregation-relationship";"aggregation";"";"";"";"";"";"EAID_14116EEA_C461_0DB2_97AB_263C0A4777FC";"";"EAID_167B47ED_CED1_0A51_0DFD_2698932A9076";"09072026-00:43:48"
"406";"Vordering bevat Vermindering terugvordering";"Vordering bevat Vermindering terugvordering";"";"EAID_0D5798B1_0B80_7B80_34BD_272BFB50DD52";"aggregation-relationship";"aggregation";"";"";"";"";"";"EAID_14116EEA_C461_0DB2_97AB_263C0A4777FC";"";"EAID_1A6E0A2E_9431_0F7A_1EAA_263C1D239DF6";"09072026-00:43:48"
"407";"Vordering bevat Vorderingscomponent";"Vordering bevat Vorderingscomponent";"";"EAID_10DEA4C6_7DF4_C4FE_D5BB_263C0B2261F0";"aggregation-relationship";"aggregation";"";"";"";"";"";"EAID_14116EEA_C461_0DB2_97AB_263C0A4777FC";"";"EAID_1A979E6B_841E_392B_952F_29311D13BF9F";"09072026-00:43:48"
"408";"Vordering generaliseert Boetevordering";"Vordering generaliseert Boetevordering";"";"EAID_084388F4_951B_E467_C8E1_293123A3145F";"specialization-relationship";"generalization";"";"";"";"";"";"EAID_173D0C11_3C5E_8344_BE5E_293122950DAC";"";"EAID_14116EEA_C461_0DB2_97AB_263C0A4777FC";"09072026-00:43:48"
"409";"Vordering generaliseert Incassokostenvordering";"Vordering generaliseert Incassokostenvordering";"";"EAID_78275ad6_46b9_44fe_98e0_bc985dde9281";"specialization-relationship";"generalization";"";"";"";"";"";"EAID_a19a36c3_66e1_44c2_b674_6f3a3d98c5ea";"";"EAID_14116EEA_C461_0DB2_97AB_263C0A4777FC";"09072026-00:43:48"
"410";"Vordering generaliseert Krediethypotheekvordering";"Vordering generaliseert Krediethypotheekvordering";"";"EAID_2005BCF8_41C0_17A4_33A4_293123B2B6A0";"specialization-relationship";"generalization";"";"";"";"";"";"EAID_0238113B_1577_D45C_C5E9_293122B2568D";"";"EAID_14116EEA_C461_0DB2_97AB_263C0A4777FC";"09072026-00:43:48"
"411";"Vordering generaliseert Leenbijstandvordering";"Vordering generaliseert Leenbijstandvordering";"";"EAID_083900AB_ADCD_7446_5B65_2AD7FBBA2665";"specialization-relationship";"generalization";"";"";"";"";"";"EAID_ed7f7a0f_bef9_4532_94ad_f36418629141";"";"EAID_14116EEA_C461_0DB2_97AB_263C0A4777FC";"09072026-00:43:48"
"412";"Vordering generaliseert Rentevordering";"Vordering generaliseert Rentevordering";"";"EAID_14B94C41_1654_4425_9F6F_293123C0CF5C";"specialization-relationship";"generalization";"";"";"";"";"";"EAID_170B4422_37F6_8893_2627_293122D74F28";"";"EAID_14116EEA_C461_0DB2_97AB_263C0A4777FC";"09072026-00:43:48"
"413";"Vordering generaliseert Verrekening";"Vordering generaliseert Verrekening";"";"EAID_04495F03_1A5F_CC83_48D3_2AD7FB650BAF";"specialization-relationship";"generalization";"";"";"";"";"";"EAID_1EA8771B_DB7F_17D8_8AB8_26A1BD8F6A56";"";"EAID_14116EEA_C461_0DB2_97AB_263C0A4777FC";"09072026-00:43:48"
"414";"Vordering generaliseert Verwijtbare vordering";"Vordering generaliseert Verwijtbare vordering";"";"EAID_25733C9B_2D78_96ED_AE7B_26A1BDD31C0C";"specialization-relationship";"generalization";"";"";"";"";"";"EAID_11F2FF40_D317_92C3_C4DB_2931225D4B40";"";"EAID_14116EEA_C461_0DB2_97AB_263C0A4777FC";"09072026-00:43:48"
"415";"Vordering is gerelateerd aan Conservatoir beslag";"Vordering is gerelateerd aan Conservatoir beslag";"";"EAID_28605E72_CD76_B233_6AE7_28F9CB25BC07";"aggregation-relationship";"aggregation";"";"";"";"";"";"EAID_14116EEA_C461_0DB2_97AB_263C0A4777FC";"";"EAID_1CE90960_888E_945B_4A20_28F9C71E4D4C";"09072026-00:43:48"
"416";"Vorderingscomponent bevat Rechtmaand";"Vorderingscomponent bevat Rechtmaand";"";"EAID_0FB8F97A_473D_2912_29AE_272BFB4FA586";"aggregation-relationship";"aggregation";"";"";"";"";"";"EAID_1A979E6B_841E_392B_952F_29311D13BF9F";"";"EAID_0DF4970C_7D69_27D9_7976_263C0A6C41DC";"09072026-00:43:48"
"417";"Vrijstelling";"Vrijstelling";"";"EAID_846CC71C_D354_47be_BF3F_0708F44D69B6";"association-relationship";"association";"";"";"";"";"";"EAID_E2C66E88_930E_460f_93F8_8CD160DCEE15";"";"EAID_C31D4A7E_1F25_4b85_B49C_AEC45EB3DB54";"09072026-00:43:48"
"418";"aantal volgens inzet";"aantal volgens inzet";"";"EAID_2F508CBE_E926_4a6d_B85C_401E0BBCDA2F";"association-relationship";"association";"";"";"";"";"";"EAID_93165DEC_ECB7_4225_9484_E1727524A1B5";"a3e45dca-c075-4ba9-9df2-d286b47f73ab";"EAID_63FF86E2_1BB0_48f6_8D95_3D82E8D2FA06";"09072026-00:43:48"
"419";"aantal volgens inzet";"aantal volgens inzet";"";"EAID_B365F23E_A00D_4fef_9EE3_A416614B00C6";"association-relationship";"association";"";"";"";"";"";"EAID_532191CA_13CC_4500_93C9_54AB2862F38D";"a3e45dca-c075-4ba9-9df2-d286b47f73ab";"EAID_63FF86E2_1BB0_48f6_8D95_3D82E8D2FA06";"09072026-00:43:48"
"420";"aanvraag met ";"aanvraag met ";"";"EAID_B6781FDB_E6F4_4ecb_B251_A072A105B0F2";"association-relationship";"association";"";"";"";"";"f14fa1cf-f2c7-4bd6-862d-28ff1616a882";"EAID_8E6BAEF8_1878_400f_9244_23575BD41EAB";"";"EAID_0567826D_81EE_4bbd_8D62_3073B74CDF11";"09072026-00:43:48"
"421";"aanvrager";"aanvrager";"4e2e641e-ef13-4e16-be1f-29f30cb27798";"EAID_176C6ED9_F8E3_47a7_8AB2_744F8B7DAB70";"association-relationship";"association";"";"";"";"";"cad45b80-14d3-4a0c-a906-0c1614dc9570";"EAID_9DF5AC43_3673_4b9a_BB5E_6DCA7BE28835";"1fe5c807-e9a7-4f44-a2b6-816341875d6e";"EAID_FD701A55_6865_44aa_9A73_C46E02481796";"09072026-00:43:48"
"422";"aanvrager";"aanvrager";"5380bbfd-5574-470c-81e1-7be270548692";"EAID_AF1FA711_126D_491b_A50B_0A3FD50E6EC0";"association-relationship";"association";"";"";"";"";"6cc6afe6-e4c6-4e2b-a359-f278b23700db";"EAID_16EB3936_03CB_4854_9CD8_9F0911EEA51B";"1fe5c807-e9a7-4f44-a2b6-816341875d6e";"EAID_FD701A55_6865_44aa_9A73_C46E02481796";"09072026-00:43:48"
"423";"aanvrager";"aanvrager";"";"EAID_CD6BDEB3_A2D0_48e6_9AF3_9269C7BAD5AB";"association-relationship";"association";"";"";"";"";"";"EAID_B598FF22_CDD0_486f_B528_99421D0FA608";"6cc6afe6-e4c6-4e2b-a359-f278b23700db";"EAID_16EB3936_03CB_4854_9CD8_9F0911EEA51B";"09072026-00:43:48"
"424";"aanvrager";"aanvrager";"";"EAID_020F2F9A_BDA8_40a3_8E83_85752A9D1CE7";"association-relationship";"association";"";"";"";"";"";"EAID_1D87490A_9F07_424f_BE6F_5E9C11376B05";"6cc6afe6-e4c6-4e2b-a359-f278b23700db";"EAID_16EB3936_03CB_4854_9CD8_9F0911EEA51B";"09072026-00:43:48"
"425";"afgehandeld door";"afgehandeld door";"d14fb27b-f5c5-4430-8f41-09a57bb739ce";"EAID_6E0A612D_3FC1_4e4e_A882_307582C17A80";"association-relationship";"association";"";"";"";"";"8d9233d7-dfb9-4b87-bab2-61631a632f95";"EAID_33E5EA10_F43A_4966_B9C1_875F0E2C1B52";"02f66265-00ae-418d-8d0e-dcbaf36652bb";"EAID_936A4E8B_3E5A_44b6_8A5D_EFB39F83FB6D";"09072026-00:43:48"
"426";"afgesproken in";"afgesproken in";"fbaed11b-9991-42d3-a853-b19331b7bca8";"EAID_8E0A85FD_9A97_40f3_A4FA_96B74FE20774";"association-relationship";"association";"";"";"";"";"ab441c2e-d5a6-4546-b1b8-a08d3bee1c07";"EAID_51285531_9529_4b2d_9EC6_B6BAEA729D9A";"a1f148c2-d310-45c0-aee9-33e2c641ce37";"EAID_94EB7844_F863_4330_A15A_06ED4D1401E0";"09072026-00:43:48"
"427";"afhandelend medewerker";"afhandelend medewerker";"cd7c6e19-af99-4dfa-b44d-66d2f01df79d";"EAID_5118E6F9_F965_4953_8F8D_5F9F1D0A2121";"association-relationship";"association";"";"";"";"";"7d5124d4-f23d-432d-ad5a-dc7c1b0fac44";"EAID_649EFD86_ED52_4293_8577_DBE5445845BF";"6cc6afe6-e4c6-4e2b-a359-f278b23700db";"EAID_16EB3936_03CB_4854_9CD8_9F0911EEA51B";"09072026-00:43:48"
"428";"afhandeling";"afhandeling";"0818c5ce-ebf4-4d2e-aaec-31bdc36980ee";"EAID_4ADD200D_6946_4adb_8500_FBB1F6291E81";"association-relationship";"association";"";"";"";"";"8d9233d7-dfb9-4b87-bab2-61631a632f95";"EAID_33E5EA10_F43A_4966_B9C1_875F0E2C1B52";"7d5124d4-f23d-432d-ad5a-dc7c1b0fac44";"EAID_649EFD86_ED52_4293_8577_DBE5445845BF";"09072026-00:43:48"
"429";"arbeidsovereenkomst";"arbeidsovereenkomst";"";"EAID_BB3D43B2_D0C6_4bd8_98C7_A5DCD4EF7230";"association-relationship";"usage";"";"";"";"";"a3e45dca-c075-4ba9-9df2-d286b47f73ab";"EAID_63FF86E2_1BB0_48f6_8D95_3D82E8D2FA06";"10eaa33f-03bf-42b4-9310-56add2cb5a7b";"EAID_5641C50A_C0FA_4e71_B07B_26C7B1CE94ED";"09072026-00:43:48"
"430";"auteur";"auteur";"d4004c98-0f6c-4e83-9aef-dccdd8593c40";"EAID_7BAEAE6A_9C78_49f7_BBC4_D7750ABA40F6";"association-relationship";"association";"";"";"";"";"ca903c71-96d8-4db2-9aa9-52210dd02c1d";"EAID_354E5545_D067_4b81_9D1D_C5F5FFB532C7";"6cc6afe6-e4c6-4e2b-a359-f278b23700db";"EAID_16EB3936_03CB_4854_9CD8_9F0911EEA51B";"09072026-00:43:48"
"431";"basis van";"basis van";"";"EAID_23C4EF29_2A8A_411a_B544_ECCB948A0D26";"association-relationship";"association";"";"";"";"";"";"EAID_28BCD751_DDE7_42b6_9E6B_579B382BC84A";"";"EAID_C18BB25F_536F_4b80_BC7C_7855DF2D7389";"09072026-00:43:48"
"432";"bedient";"bedient";"";"EAID_ACAA8C5B_98C8_4040_9BF5_B0B95F43F945";"association-relationship";"association";"";"";"";"";"cda4149f-f0a0-44d9-b893-25bcce04d20d";"EAID_6508657D_7C3F_4261_B647_5D3B077A20F9";"938a3b10-79fd-4571-aaed-cb7069369465";"EAID_120EA50B_B9A2_4869_A3BE_46931F631D33";"09072026-00:43:48"
"433";"bedient";"bedient";"0cc06f8c-4d9f-469a-adb7-c35c0e0aa28f";"EAID_C07B0FB7_C253_47a8_8D08_228AFC02EC08";"association-relationship";"association";"";"";"";"";"cda4149f-f0a0-44d9-b893-25bcce04d20d";"EAID_6508657D_7C3F_4261_B647_5D3B077A20F9";"fd33a9fa-9c73-43a1-8e22-8cff15dc84d9";"EAID_2F759BC4_7E3C_4ce9_94FF_33A4106A6E5A";"09072026-00:43:48"
"434";"behandelaar";"behandelaar";"e5d8c3ed-d547-4c2d-94a8-a90cf7c09445";"EAID_610BCAE9_CF8A_4f13_9BE5_8CA2F4E5A937";"association-relationship";"association";"";"";"";"";"1855a91d-d82d-4544-a51b-7110776a9de1";"EAID_B65280CD_3429_4966_AD2D_CB3EE76EE2E8";"eb5a2808-d438-4299-b803-4495b819396b";"EAID_B369B374_F560_4ea6_9A8B_DBBCB4961EFF";"09072026-00:43:48"
"435";"behandelaar";"behandelaar";"405406b6-1211-4a41-80b1-3e5583aa970e";"EAID_B9B2B6A4_7021_4658_BAD1_E75645522CDC";"association-relationship";"association";"";"";"";"";"6f0e6db2-3ca2-48db-a370-9aacdfcd4c29";"EAID_B18119D9_5BF8_498f_B9D3_ECCE7A770012";"b102f55a-581c-40da-836c-9ce8bdaba245";"EAID_1B3A22D3_E2BA_440a_A2FD_B3D322FB1171";"09072026-00:43:48"
"436";"behandelaar";"behandelaar";"401e5d90-ffd3-43d3-83b3-756a6111c03a";"EAID_252FE487_E02D_428a_B92C_449A4AA49FCF";"association-relationship";"association";"";"";"";"";"1fe5c807-e9a7-4f44-a2b6-816341875d6e";"EAID_FD701A55_6865_44aa_9A73_C46E02481796";"6cc6afe6-e4c6-4e2b-a359-f278b23700db";"EAID_16EB3936_03CB_4854_9CD8_9F0911EEA51B";"09072026-00:43:48"
"437";"behandelt";"behandelt";"9b9e9e7c-3ace-4c6b-ac50-7c5b43854360";"EAID_5A64B46B_96A6_4f1c_B92A_44B925160E61";"association-relationship";"association";"";"";"";"";"378dab8d-1135-40b8-9ed5-3591a89c75c2";"EAID_440219A4_C64B_4eac_ADE5_E79ED6AA9BFE";"34b2e5f9-63ab-42e8-bfa9-85e12ff6e417";"EAID_73FB5212_40ED_40dc_B837_36588840445A";"09072026-00:43:48"
"438";"beoordeling Aanvraag";"beoordeling Aanvraag";"";"EAID_4D3479C4_B18A_4a5a_B528_D1A780EC7F4F";"association-relationship";"association";"";"";"";"";"";"EAID_63D30089_AD78_4c29_9D17_160FE4A242E8";"";"EAID_E07490AD_C5DE_4665_8540_92B19656A027";"09072026-00:43:48"
"439";"beoordeling van";"beoordeling van";"91ba91b3-1a5a-4f38-981f-87045fa74fb9";"EAID_6357FC97_EE14_4c30_BCC3_6903DF51DA36";"association-relationship";"association";"";"";"";"";"8c200706-b80b-44f7-9928-bec39e0db21f";"EAID_BBBB63AC_B546_409b_B6D4_53DB561253B7";"2f8612e6-df55-40f2-a8d1-e51b22b5cf9d";"EAID_2A0CC803_9017_4fad_99B5_9347623090F5";"09072026-00:43:48"
"440";"berust op";"berust op";"";"EAID_73D8FF62_985C_497f_8196_D8FE3DACCB78";"association-relationship";"association";"";"";"";"";"";"EAID_AEF1825F_C554_4490_975D_93AEA24991A9";"";"EAID_418C04F0_F173_4775_9814_D50F5EE79A38";"09072026-00:43:48"
"441";"beschrijft";"beschrijft";"";"EAID_04952153_0608_65D9_A7E3_281C3303AD51";"aggregation-relationship";"aggregation";"";"";"";"";"";"EAID_04035B37_1A5F_CC83_48D3_281C33030BAF";"";"EAID_208D605F_BDE5_700A_13F6_281C3303691F";"09072026-00:43:48"
"442";"beschrijft";"beschrijft";"";"EAID_26FFAF5D_2C56_E717_E7B0_281C3303C351";"aggregation-relationship";"aggregation";"";"";"";"";"";"EAID_07F494EF_DD9B_36A7_4EE0_281C33030C21";"";"EAID_022154F4_817D_0DFB_5FFC_281C33037384";"09072026-00:43:48"
"443";"beschrijft";"beschrijft";"";"EAID_0017BA2E_AB98_E661_B2A2_281C3303480B";"aggregation-relationship";"aggregation";"";"";"";"";"";"EAID_23F6E69F_CA5F_A12B_BCE4_281C3303F966";"";"EAID_117A52E7_D317_92C3_C4DB_281C33034B40";"09072026-00:43:48"
"444";"beschrijft";"beschrijft";"";"EAID_0A8EC95D_4271_2DBE_58D2_28C1035A00A4";"aggregation-relationship";"aggregation";"";"";"";"";"";"EAID_20BA95B7_C12B_F23F_093F_281C3303B58A";"";"EAID_1CC0F3FE_888E_945B_4A20_28C0F7424D4C";"09072026-00:43:48"
"445";"beschrijft";"beschrijft";"84499043-a30d-417b-a83c-64e560dafc5e";"EAID_4AC0AAC1_7D95_463c_896B_6558A4B2BFB5";"association-relationship";"association";"";"";"";"";"6ab6802e-9485-43d1-be15-46db4b9c8a0d";"EAID_2FC6C6EB_DF35_49e6_9694_1B8BD53537B0";"bbf6bcce-f2dc-4b8d-95a8-561abd7c1d76";"EAID_F90F8E5E_7402_4c44_AC69_91A4175E5D47";"09072026-00:43:48"
"446";"beschrijft";"beschrijft";"c1ef0d6b-6e29-46e2-be46-474106a2b3b4";"EAID_D3B8659A_948C_4924_ADA3_02D6302838B7";"association-relationship";"association";"";"";"";"";"6ab6802e-9485-43d1-be15-46db4b9c8a0d";"EAID_2FC6C6EB_DF35_49e6_9694_1B8BD53537B0";"7685ae20-7bed-4f7e-95fd-3499b35a6ef9";"EAID_6B1F7274_19A7_4349_835E_85CBEFFEE35A";"09072026-00:43:48"
"447";"beschrijft activiteit";"beschrijft activiteit";"bf0744df-4d78-4589-96d8-e53e42a9a82a";"EAID_7ED27452_E047_40e4_91F4_C35FF382C609";"association-relationship";"association";"";"";"";"";"1c3ee208-9d74-45ba-9836-3f3ea165cd74";"EAID_3D9D2E7B_525E_43d9_B08F_EDE47F8A0C94";"8deec5da-a06a-4159-9b20-e9f9ff24674e";"EAID_8BE600D0_EBF4_475b_8801_F387A5D39009";"09072026-00:43:48"
"448";"beschrijft gebiedsaanwijzing";"beschrijft gebiedsaanwijzing";"0ca067b4-fd74-438a-8ff2-e7ad0d591590";"EAID_328C510A_1E45_4d18_885B_5D37558B5993";"association-relationship";"association";"";"";"";"";"367532e8-1d1c-4d6b-8a88-fcae7cae2303";"EAID_A6C71E4C_CB46_41ae_8A61_C8080BB92A55";"8ffff080-afa5-43cf-a1dc-1ab2052f20ac";"EAID_503BD06E_E063_46f2_8B43_BF75A143D6C4";"09072026-00:43:48"
"449";"beschrijft gebiedsaanwijzing";"beschrijft gebiedsaanwijzing";"be71ae1e-3f22-487b-96d5-144cc9d8f8e4";"EAID_5F68CFAD_1BDE_4282_B752_C889A486A68A";"association-relationship";"association";"";"";"";"";"1c3ee208-9d74-45ba-9836-3f3ea165cd74";"EAID_3D9D2E7B_525E_43d9_B08F_EDE47F8A0C94";"8ffff080-afa5-43cf-a1dc-1ab2052f20ac";"EAID_503BD06E_E063_46f2_8B43_BF75A143D6C4";"09072026-00:43:48"
"450";"beschrijft norm";"beschrijft norm";"64929223-6c3b-4b80-b711-5af264911712";"EAID_4059EA35_AB7B_4587_9EFA_CB8469B6A0DD";"association-relationship";"association";"";"";"";"";"1c3ee208-9d74-45ba-9836-3f3ea165cd74";"EAID_3D9D2E7B_525E_43d9_B08F_EDE47F8A0C94";"bbf6bcce-f2dc-4b8d-95a8-561abd7c1d76";"EAID_F90F8E5E_7402_4c44_AC69_91A4175E5D47";"09072026-00:43:48"
"451";"bestaat uit";"bestaat uit";"";"EAID_0D19E60B_CB9F_2CA5_4CCE_2912DA78129E";"aggregation-relationship";"aggregation";"";"";"";"";"";"EAID_0EFDD70A_7D69_27D9_7976_2912C31741DC";"";"EAID_117A52E7_D317_92C3_C4DB_281C33034B40";"09072026-00:43:48"
"452";"bestaat uit";"bestaat uit";"";"EAID_26B69206_2FB6_833F_405F_281C3303D1CB";"aggregation-relationship";"aggregation";"";"";"";"";"";"EAID_1CDDED16_888E_945B_4A20_28EA07CB4D4C";"";"EAID_0EFDD70A_7D69_27D9_7976_2912C31741DC";"09072026-00:43:48"
"453";"bestaat uit";"bestaat uit";"";"EAID_8C0FD59C_3646_41ca_89AE_81C4761B018F";"association-relationship";"association";"";"";"";"";"";"EAID_9A739672_6084_4c05_A13E_59DB13551E58";"";"EAID_BE147761_326E_4859_9366_5157CE865EC1";"09072026-00:43:48"
"454";"bestaat uit";"bestaat uit";"";"EAID_93946505_11FE_4bb7_AE26_EF2BC4AE456A";"association-relationship";"association";"";"";"";"";"ac9bd49c-9861-44f3-adff-ffa256a08111";"EAID_28A6F2AC_5AB1_4f25_8876_931152CA28E0";"";"EAID_9A739672_6084_4c05_A13E_59DB13551E58";"09072026-00:43:48"
"455";"bestaat uit";"bestaat uit";"";"EAID_0828CF48_6C0B_4f1a_A018_B192EBF74730";"association-relationship";"association";"";"";"";"";"e1be07bf-e9fb-488e-9b03-785b44167e43";"EAID_A110896B_0CAD_46cf_9226_840DEE3328F0";"";"EAID_54697170_4C4D_40f6_9E08_35DF1970B8C6";"09072026-00:43:48"
"456";"bestaat uit";"bestaat uit";"";"EAID_0EAACDC5_5694_4aa0_BEA7_F58A3CE9D73E";"aggregation-relationship";"aggregation";"";"";"";"";"b9283c74-797a-4a79-83a7-ca5619ef8b1d";"EAID_A1C60F39_3074_4d1c_A37D_5F431F54DF92";"b9283c74-797a-4a79-83a7-ca5619ef8b1d";"EAID_A1C60F39_3074_4d1c_A37D_5F431F54DF92";"09072026-00:43:48"
"457";"bestaat uit";"bestaat uit";"";"EAID_5B1D060B_642D_4cef_9F62_6A1C89037F10";"aggregation-relationship";"aggregation";"";"";"";"";"04bc18ef-7530-4fd3-82e4-2503e9229bbe";"EAID_3B84D5F0_FCA3_47a5_B90C_F0834DAD6EBD";"b9283c74-797a-4a79-83a7-ca5619ef8b1d";"EAID_A1C60F39_3074_4d1c_A37D_5F431F54DF92";"09072026-00:43:48"
"458";"bestaat uit";"bestaat uit";"";"EAID_D52C6261_341D_4891_993E_5A4CD1463033";"aggregation-relationship";"aggregation";"";"";"";"";"69fbf6d0-3145-4563-950e-2e2f51d837db";"EAID_0598561F_667E_4926_9BF5_66A928358E9F";"69fbf6d0-3145-4563-950e-2e2f51d837db";"EAID_0598561F_667E_4926_9BF5_66A928358E9F";"09072026-00:43:48"
"459";"bestaat uit";"bestaat uit";"";"EAID_7FCA5582_9B35_4ded_A509_EF499639C01A";"association-relationship";"association";"";"";"";"";"";"EAID_6AEA0314_895B_46be_B525_96F4657E7F0D";"";"EAID_7328FC95_FA03_405d_8EC4_5C4B3D5CF042";"09072026-00:43:48"
"460";"bestaat uit";"bestaat uit";"86e0f506-baf8-48fd-ac33-8a09ae223530";"EAID_6AA6B25C_3D9B_4338_90DB_A098EBC3D7DF";"association-relationship";"association";"De unieke aanduiding van het BENOEMD OBJECT dat geheel of
gedeeltelijk deel uitmaakt van het WOZ-DEELOBJECT.";"De unieke aanduiding van het BENOEMD OBJECT dat geheel of
gedeeltelijk deel uitmaakt van het WOZ-DEELOBJECT.";"<memo>";"";"8047febd-3ee4-4a35-83ce-5f538c607446";"EAID_EEC30588_0E12_41c9_977E_C885A0A7EDC3";"13ad6d22-52ce-4439-9eed-200245c3a498";"EAID_8A04280B_E0B4_4e36_B448_C99750393D0D";"09072026-00:43:48"
"461";"bestaat uit";"bestaat uit";"76d03463-e42f-4091-b042-3d71acfdb1cd";"EAID_61B75FF9_74DC_47af_8BED_F20EEFF1ABD3";"association-relationship";"association";"De unieke aanduiding van het PAND dat geheel of gedeeltelijk deel uitmaakt van het WOZ-DEELOBJECT.";"De unieke aanduiding van het PAND dat geheel of gedeeltelijk deel uitmaakt van het WOZ-DEELOBJECT.";"<memo>";"";"8047febd-3ee4-4a35-83ce-5f538c607446";"EAID_EEC30588_0E12_41c9_977E_C885A0A7EDC3";"1affb298-091d-452a-83bd-29638650afb5";"EAID_11595AD8_CE67_40dd_BDA9_489DC7D244ED";"09072026-00:43:48"
"462";"besteding";"besteding";"";"EAID_DD7FF2ED_F806_4692_9334_1B5561305B9C";"association-relationship";"association";"";"";"";"";"3272f8ca-9302-4da5-810b-7b8c4d02d79b";"EAID_B64178F1_7D37_4a77_BEF7_97E8C9DDA4E8";"";"EAID_B9288D01_0B8F_4f8c_BAE1_AFD1B0EF6FDF";"09072026-00:43:48"
"463";"betreft";"betreft";"";"EAID_57DDEB5B_14C5_427e_AA0F_F730E65A4D0A";"association-relationship";"association";"";"";"";"";"563fd27c-7299-4311-8f40-60a95b9da4b5";"EAID_999725EE_737F_410e_906B_9865EBED3597";"";"EAID_9B0F3F8B_B79B_46f7_BF81_96E4C63B9AC2";"09072026-00:43:48"
"464";"betreft";"betreft";"c882bafc-583f-4821-95ac-181b7f20bad5";"EAID_26655188_F699_4467_B728_12C6D42B61DF";"association-relationship";"association";"";"";"";"";"df24e948-819b-4201-8dde-3c6865c09230";"EAID_07FE66E8_8316_406b_A590_922C2E7B4305";"e2ea124f-56ce-4614-9e32-0f13371a5ede";"EAID_266057AF_58BD_42e1_B4D5_16EB266B9B7A";"09072026-00:43:48"
"465";"betreft";"betreft";"";"EAID_D2A64BBB_CF64_4e28_9FF7_5BB5A5122207";"association-relationship";"association";"";"";"";"";"";"EAID_F73F6BFE_9CFE_4497_80E3_CADAA344CF69";"2a859087-fe7f-412a-b057-bf1e3f249a4c";"EAID_DAF09055_A5A6_4ff4_A158_21B20567B296";"09072026-00:43:48"
"466";"betreft";"betreft";"";"EAID_12D2880E_A21D_7B67_D9D3_281C33032FAB";"aggregation-relationship";"aggregation";"";"";"";"";"";"EAID_04035B37_1A5F_CC83_48D3_281C33030BAF";"";"EAID_07F494EF_DD9B_36A7_4EE0_281C33030C21";"09072026-00:43:48"
"467";"betreft";"betreft";"60e43735-b34b-4ef9-8bc0-e7263798746f";"EAID_1EBFDA74_909D_436c_88D3_D982343148E6";"association-relationship";"association";"";"";"";"";"1a89112a-e13c-4c87-a862-e8ec66c01588";"EAID_C6094F79_D8EA_4763_90DF_4E30EFABA1FA";"7866576d-8cb5-495b-a2f4-2b56393ee7b5";"EAID_E060DC30_E4F2_4794_A16E_7207032E250";"09072026-00:43:48"
"468";"betreft";"betreft";"";"EAID_AEE8935F_0754_4b89_A835_BAAB9099E663";"association-relationship";"association";"";"";"";"";"a13ea500-9135-4985-a718-c56240860c46";"EAID_C5AA8835_219D_4bfa_85EF_8BA45F732BCD";"";"EAID_9A739672_6084_4c05_A13E_59DB13551E58";"09072026-00:43:48"
"469";"betreft";"betreft";"";"EAID_FA4C6F8E_34E2_4e27_B218_583EBE1FF701";"association-relationship";"association";"";"";"";"";"";"EAID_54697170_4C4D_40f6_9E08_35DF1970B8C6";"";"EAID_9A739672_6084_4c05_A13E_59DB13551E58";"09072026-00:43:48"
"470";"betreft";"betreft";"";"EAID_171A032E_1B57_4780_A993_4E676DD67B5B";"association-relationship";"association";"";"";"";"";"a13ea500-9135-4985-a718-c56240860c46";"EAID_C5AA8835_219D_4bfa_85EF_8BA45F732BCD";"";"EAID_BE147761_326E_4859_9366_5157CE865EC1";"09072026-00:43:48"
"471";"betreft";"betreft";"";"EAID_F7B09835_7FBB_4bff_8358_989D2394E13B";"association-relationship";"association";"";"";"";"";"";"EAID_54697170_4C4D_40f6_9E08_35DF1970B8C6";"";"EAID_BE147761_326E_4859_9366_5157CE865EC1";"09072026-00:43:48"
"472";"betreft";"betreft";"";"EAID_1EF013DA_6BD6_4829_8AD1_6F4065F52476";"association-relationship";"association";"";"";"";"";"";"EAID_54697170_4C4D_40f6_9E08_35DF1970B8C6";"ac9bd49c-9861-44f3-adff-ffa256a08111";"EAID_28A6F2AC_5AB1_4f25_8876_931152CA28E0";"09072026-00:43:48"
"473";"betreft";"betreft";"209d3b6d-912d-4110-a9c0-0579e86bf8d2";"EAID_0D3ADE49_1F1E_4765_8CAC_CD50AE50E4AB";"association-relationship";"association";"";"";"";"";"31dcb0af-e9f1-44e1-8d5a-278f887fa9e7";"EAID_98A7AE65_A061_449a_94CD_6218069CA86A";"cd39bcc5-b77a-41f8-8815-e8076696f48d";"EAID_1C25D70B_AE22_4654_9190_2F55272D9BE6";"09072026-00:43:48"
"474";"betreft";"betreft";"1c7c0438-e593-48ca-a597-c970c05fc826";"EAID_A65AF23A_C4D8_4679_8800_AD24C940D684";"association-relationship";"association";"";"";"";"";"ac9bd49c-9861-44f3-adff-ffa256a08111";"EAID_28A6F2AC_5AB1_4f25_8876_931152CA28E0";"1affb298-091d-452a-83bd-29638650afb5";"EAID_26D1113F_F7B3_4bdd_9AAE_EA14CC9F3C3F";"09072026-00:43:48"
"475";"betreft";"betreft";"954f8b12-bdbd-4563-86b7-d1935b99a4dd";"EAID_8C08F940_4102_401d_827A_22095920AC7F";"association-relationship";"association";"";"";"";"";"a13ea500-9135-4985-a718-c56240860c46";"EAID_C5AA8835_219D_4bfa_85EF_8BA45F732BCD";"ac9bd49c-9861-44f3-adff-ffa256a08111";"EAID_28A6F2AC_5AB1_4f25_8876_931152CA28E0";"09072026-00:43:48"
"476";"betreft";"betreft";"7c04b5e9-a79e-495c-b351-59d04995f6c0";"EAID_0B0D5623_4072_49bc_857A_F583A1C9B9CA";"association-relationship";"association";"";"";"";"";"ecb0f96e-e66d-48fb-ade1-416366d1b18e";"EAID_87964E36_9FEE_4b8f_A053_C4EDAF000646";"2bd07fb4-4cfb-4d89-ac99-cb2377decd2d";"EAID_2FFE3BAD_CB0E_43ea_A435_FD693B9255C3";"09072026-00:43:48"
"477";"betreft";"betreft";"7bebe2a2-0610-42a1-9f7e-938c76f11839";"EAID_321293B0_DD5B_4fca_8289_FEF35DE4D09C";"association-relationship";"association";"";"";"";"";"ecb0f96e-e66d-48fb-ade1-416366d1b18e";"EAID_87964E36_9FEE_4b8f_A053_C4EDAF000646";"d7ab242e-b050-4af7-a400-d87ce1eceb43";"EAID_04439F81_75DB_45cf_BE7A_352A54A95D73";"09072026-00:43:48"
"478";"betreft";"betreft";"73a10c93-38b0-4247-8ec4-6609157cf352";"EAID_54C3102E_985B_4020_8B24_0F9D111C55DB";"association-relationship";"association";"";"";"";"";"ecb0f96e-e66d-48fb-ade1-416366d1b18e";"EAID_87964E36_9FEE_4b8f_A053_C4EDAF000646";"126c564a-16fa-4e61-b52d-3af4968904d8";"EAID_D90E822D_7EF8_4ea6_AF5C_4A4362577941";"09072026-00:43:48"
"479";"betreft";"betreft";"f3d68778-51f3-4293-a75d-f3cbb974d536";"EAID_66D98C08_B17F_4919_89E2_41C2A36A0ABE";"association-relationship";"association";"";"";"";"";"ecb0f96e-e66d-48fb-ade1-416366d1b18e";"EAID_87964E36_9FEE_4b8f_A053_C4EDAF000646";"126b246a-a292-49cb-a609-3ffa5898210e";"EAID_0EEAF579_3F47_4551_B9F9_7367280EB3EB";"09072026-00:43:48"
"480";"betreft";"betreft";"3291f0d4-1c69-4eec-9334-85c1dfc62ae2";"EAID_A0A62768_BD80_47c4_B869_6B33BC152824";"association-relationship";"association";"";"";"";"";"ecb0f96e-e66d-48fb-ade1-416366d1b18e";"EAID_87964E36_9FEE_4b8f_A053_C4EDAF000646";"24693ea2-5032-4c71-a9c7-945b3ac90530";"EAID_FFAA30D3_91C2_44aa_B52D_B21C51DB0326";"09072026-00:43:48"
"481";"betreft";"betreft";"4f6a9550-00bb-4570-aa25-7cb7d5aa2c97";"EAID_2762907E_CC1E_49e9_B376_C8F36F3A2EA0";"association-relationship";"association";"";"";"";"";"f14fa1cf-f2c7-4bd6-862d-28ff1616a882";"EAID_8E6BAEF8_1878_400f_9244_23575BD41EAB";"bc793405-f822-4a23-a8dc-74206f1d45df";"EAID_8D758F67_6085_4ac7_BFDC_8D97AB632A93";"09072026-00:43:48"
"482";"betreft";"betreft";"fdfbc123-1267-433a-91b0-30e9f86bfcb9";"EAID_DF44DEC9_F13A_4274_AA28_A1A1851B2B01";"association-relationship";"association";"";"";"";"";"8fd2ff34-a208-4924-bec3-b5ee7e5e7a18";"EAID_631FEEF1_88D3_4d18_ADB2_BF999068493E";"724f019e-158f-4404-8b57-3e1eae109fec";"EAID_4B871112_CB41_4bfb_BD43_117C63D31BB4";"09072026-00:43:48"
"483";"betreft";"betreft";"80fad958-1e40-4b27-8674-4356313c578c";"EAID_4721A97B_B196_4494_B145_8AB2BCA38305";"association-relationship";"association";"";"";"";"";"a9cb919f-a224-4ab5-9825-40d54104f90d";"EAID_A3DAD553_0E55_4256_824B_CDB5E12CB545";"724f019e-158f-4404-8b57-3e1eae109fec";"EAID_4B871112_CB41_4bfb_BD43_117C63D31BB4";"09072026-00:43:48"
"484";"betreft";"betreft";"db8d000b-d440-4f02-9549-155f987ffae0";"EAID_E4F4F868_574E_4ce6_98AB_87B446913522";"association-relationship";"association";"";"";"";"";"1d49cf98-d059-42da-bdd4-d076f8ace453";"EAID_435883D2_C399_4590_B4F5_B07111103484";"34b2e5f9-63ab-42e8-bfa9-85e12ff6e417";"EAID_73FB5212_40ED_40dc_B837_36588840445A";"09072026-00:43:48"
"485";"betreft";"betreft";"cef64888-bf18-4d14-9710-18766bb5e5b4";"EAID_6212E314_EC1D_4325_B5F1_06DFC208F360";"association-relationship";"association";"";"";"";"";"857327b0-3ab3-4578-869d-7b390aa1e3d3";"EAID_331C4A0B_1505_4945_A0B0_DCD8703AB50F";"378dab8d-1135-40b8-9ed5-3591a89c75c2";"EAID_440219A4_C64B_4eac_ADE5_E79ED6AA9BFE";"09072026-00:43:48"
"486";"betreft";"betreft";"0b64182f-4956-46fe-9bf9-a1e6d05c719b";"EAID_74669FE0_D963_4e2d_97C6_FE532ADE734E";"association-relationship";"association";"";"";"";"";"ea768404-3043-48bc-b0dc-143abc8806d6";"EAID_257F4ABF_7CCD_453f_B2E8_5A6434383A9B";"1d49cf98-d059-42da-bdd4-d076f8ace453";"EAID_435883D2_C399_4590_B4F5_B07111103484";"09072026-00:43:48"
"487";"betreft";"betreft";"ee3dce8a-dfda-4a41-be1c-f9bbdf6210ac";"EAID_454A71AF_5181_44da_A750_0883C39F734D";"association-relationship";"association";"";"";"";"";"0ca1b8c3-e144-45c1-b3e8-4a97f7653fd1";"EAID_E2B83F97_FDFD_4876_9E66_23D79D4A4C03";"b3ca70ae-c2de-4728-ac7d-a144a95c858e";"EAID_0E4A8F94_ED08_43dc_9F78_C9DD17D34690";"09072026-00:43:48"
"488";"betreft";"betreft";"";"EAID_DE71ABE2_98B3_4ed8_9C03_D54816E84F9A";"association-relationship";"association";"";"";"";"";"ff9366e3-dd65-48ce-9051-9d6b01b2c6db";"EAID_B3371695_97AD_49d2_9AF1_15591B422007";"0ca1b8c3-e144-45c1-b3e8-4a97f7653fd1";"EAID_E2B83F97_FDFD_4876_9E66_23D79D4A4C03";"09072026-00:43:48"
"489";"betreft";"betreft";"216b09f0-92e6-44ce-8012-62363c23092c";"EAID_E9EAACB4_682A_43eb_8CAA_E7536337D9AE";"association-relationship";"association";"";"";"";"";"44f31c7d-6347-4e52-a809-c48563f4b7f1";"EAID_E9AEF0A9_11BC_4d2a_BC48_FB77F04EF9A6";"f08625cc-cc49-4664-91fa-823b217d333f";"EAID_91F9D39E_0322_42c6_AE7F_5027B36F3EC3";"09072026-00:43:48"
"490";"betreft";"betreft";"2259c4d9-46a4-4557-94b7-06d240b3c1ad";"EAID_A1D9E6C1_5A66_4cf7_A381_6BB023BAF9D8";"association-relationship";"association";"";"";"";"";"ae658af8-46be-4d41-ba95-c5e24cec7598";"EAID_9E0936E5_6B50_4205_BA5D_FEB80486D6F1";"b083bd60-0137-40b0-ad72-4602b3c1d754";"EAID_6AD98160_FFE6_4105_A724_5D5733C87CD8";"09072026-00:43:48"
"491";"betreft";"betreft";"bd439ef0-ffc3-485c-a2eb-f3378baa3eff";"EAID_DAB8A69C_0150_4f78_80B4_BBDF25BD0734";"association-relationship";"association";"";"";"";"";"ae658af8-46be-4d41-ba95-c5e24cec7598";"EAID_9E0936E5_6B50_4205_BA5D_FEB80486D6F1";"e5293eea-47b8-4091-8ac3-b28139a17c9f";"EAID_27219A32_3B52_4f54_AA67_A972F4B7D9D0";"09072026-00:43:48"
"492";"betreft";"betreft";"8d99c5db-ab60-4ab1-a875-65e7a403042e";"EAID_8346683D_99E3_4a0b_A741_2FBE97BE3FA7";"association-relationship";"association";"";"";"";"";"078d57f3-e8a0-485e-a175-c1b3de49eee0";"EAID_653EEEA7_ED82_427d_BD72_86C847793AD6";"b083bd60-0137-40b0-ad72-4602b3c1d754";"EAID_6AD98160_FFE6_4105_A724_5D5733C87CD8";"09072026-00:43:48"
"493";"betreft";"betreft";"3f4c87e7-2497-4afc-bd00-abb6962ffe0b";"EAID_8A63FBB4_9361_4b85_A66C_FBD554919BDC";"association-relationship";"association";"";"";"";"";"078d57f3-e8a0-485e-a175-c1b3de49eee0";"EAID_653EEEA7_ED82_427d_BD72_86C847793AD6";"30d7e3ac-081c-4ef6-a09e-90437b5a4349";"EAID_5E5C58AD_1634_4656_A183_EBA00F18F30E";"09072026-00:43:48"
"494";"betreft";"betreft";"0cfea11f-3fd3-42e0-bea8-1a06ae9be5c8";"EAID_48E22FD5_48A0_4b73_8F26_F9BCC6219B30";"association-relationship";"association";"";"";"";"";"13ede1f8-bf63-4da6-abbd-cdc18b7ec39a";"EAID_66E2B5BA_44A0_4fde_AE33_E211EE4832C2";"e2ea124f-56ce-4614-9e32-0f13371a5ede";"EAID_266057AF_58BD_42e1_B4D5_16EB266B9B7A";"09072026-00:43:48"
"495";"betreft";"betreft";"5a97f293-4519-470b-9820-c18e75853cf8";"EAID_C9573A24_CBB6_4eef_80CA_B9BDB0AE36CE";"association-relationship";"association";"";"";"";"";"13ede1f8-bf63-4da6-abbd-cdc18b7ec39a";"EAID_66E2B5BA_44A0_4fde_AE33_E211EE4832C2";"f2c26bb2-4c76-4b03-8ceb-6397b5a12ae8";"EAID_32DFC5DD_79D9_45d5_8F9D_7D5125961817";"09072026-00:43:48"
"496";"betreft";"betreft";"54c21511-3d79-407f-b8c8-8f559ed647b1";"EAID_5CD65CEA_FA82_48e6_AE24_33C9638A1BE3";"association-relationship";"association";"";"";"";"";"1855a91d-d82d-4544-a51b-7110776a9de1";"EAID_B65280CD_3429_4966_AD2D_CB3EE76EE2E8";"e2ea124f-56ce-4614-9e32-0f13371a5ede";"EAID_266057AF_58BD_42e1_B4D5_16EB266B9B7A";"09072026-00:43:48"
"497";"betreft";"betreft";"6d222eb7-ed69-4f5d-94b2-c222edea5e33";"EAID_EAE2E17D_3BF0_41ec_8ADC_0EED4B925F6D";"association-relationship";"association";"";"";"";"";"1855a91d-d82d-4544-a51b-7110776a9de1";"EAID_B65280CD_3429_4966_AD2D_CB3EE76EE2E8";"f2c26bb2-4c76-4b03-8ceb-6397b5a12ae8";"EAID_32DFC5DD_79D9_45d5_8F9D_7D5125961817";"09072026-00:43:48"
"498";"betreft";"betreft";"6eb1b6db-050c-4410-a9bc-3f65af105a99";"EAID_D6AE47CD_3BE5_492a_A143_A29C3B3F38EA";"association-relationship";"association";"";"";"";"";"df24e948-819b-4201-8dde-3c6865c09230";"EAID_07FE66E8_8316_406b_A590_922C2E7B4305";"d3538832-c621-464d-adc3-3fdf7c6745af";"EAID_613E192A_D0F2_4e67_BE73_51C09197EE3D";"09072026-00:43:48"
"499";"betreft";"betreft";"976f467b-f037-4793-820c-60aaeddf28e9";"EAID_6EA4316E_D98A_443a_AEF4_4A2CE3A40B37";"association-relationship";"association";"";"";"";"";"e2ea124f-56ce-4614-9e32-0f13371a5ede";"EAID_266057AF_58BD_42e1_B4D5_16EB266B9B7A";"7c4345ce-0561-47eb-ad3d-4b21f15687e3";"EAID_7689A6B7_2A9E_42db_A028_E4601305DBFF";"09072026-00:43:48"
"500";"betreft";"betreft";"1770ccec-5f21-4e05-9dc2-d4fb9eea0f3d";"EAID_7F694517_2C91_4a32_84DC_5DC94540E4D3";"association-relationship";"association";"";"";"";"";"1d49cf98-d059-42da-bdd4-d076f8ace453";"EAID_435883D2_C399_4590_B4F5_B07111103484";"9d218c7e-64e5-45e1-9bac-ec9f27d50fe3";"EAID_71A5C565_C2CC_495f_910A_76C199C6AF0E";"09072026-00:43:48"
"501";"betreft";"betreft";"1ba0820c-e0d7-480f-8fd8-324309faf24c";"EAID_C48B4158_EAEB_4853_A5B2_0B8228A162C6";"association-relationship";"association";"";"";"";"";"b285df90-a239-4757-b78e-a281744f89cb";"EAID_7FE4B466_B051_4068_9ED1_6E60C3B2DBAD";"9d218c7e-64e5-45e1-9bac-ec9f27d50fe3";"EAID_71A5C565_C2CC_495f_910A_76C199C6AF0E";"09072026-00:43:48"
"502";"betreft";"betreft";"";"EAID_24E90A75_8207_4975_8184_438890708976";"association-relationship";"association";"";"";"";"";"4ebf7f05-0ff1-4d2e-aa62-879be7565dd7";"EAID_32C02923_EE3A_4553_B94B_31E0C273A829";"d2f8867b-fce6-4932-8b1a-ec8b9392f0d5";"EAID_BFE30E32_8CB9_4272_A559_9FB3FD74DACC";"09072026-00:43:48"
"503";"betreft";"betreft";"e6876aef-8291-4b3a-888a-9ed7850d942a";"EAID_44E4F035_7E96_48df_B6CF_93C945FF97C3";"association-relationship";"association";"";"";"";"";"4ebf7f05-0ff1-4d2e-aa62-879be7565dd7";"EAID_32C02923_EE3A_4553_B94B_31E0C273A829";"bb6b6dd2-7b6a-4146-afc0-c5647256ef11";"EAID_FB13857C_C695_4b53_8060_BACFA0E16950";"09072026-00:43:48"
"504";"betreft";"betreft";"e445dffc-eb7f-45c7-b262-d941c4425496";"EAID_59A9090E_CF7A_4e6f_91E1_592085B0DA94";"association-relationship";"association";"";"";"";"";"4ebf7f05-0ff1-4d2e-aa62-879be7565dd7";"EAID_32C02923_EE3A_4553_B94B_31E0C273A829";"8155eb9b-eb9e-4eec-a850-80c185983a9f";"EAID_9775E778_DBF8_4122_94CE_551466B62F46";"09072026-00:43:48"
"505";"betreft";"betreft";"74aa12a8-e685-4ce6-aea2-f1b9f0cc6f03";"EAID_F7893BFE_1A66_4760_9124_B62A81F45997";"association-relationship";"association";"";"";"";"";"4ebf7f05-0ff1-4d2e-aa62-879be7565dd7";"EAID_32C02923_EE3A_4553_B94B_31E0C273A829";"1affb298-091d-452a-83bd-29638650afb5";"EAID_26D1113F_F7B3_4bdd_9AAE_EA14CC9F3C3F";"09072026-00:43:48"
"506";"betreft";"betreft";"07d36541-ab04-44d5-80c5-d1bd6f694f72";"EAID_F611E8C6_E0AB_4e4d_8CAD_C5E73A0F99C6";"association-relationship";"association";"";"";"";"";"25088983-e263-4879-8cbb-b699218df32c";"EAID_EA2D32A2_5ED5_45c8_AC33_57C35981B3BC";"021bf2ce-98b1-4ca5-8785-4cc902b98f10";"EAID_FF566C6B_077B_4914_8AF7_40EB1EDD388A";"09072026-00:43:48"
"507";"betreft";"betreft";"e7cbf0c8-cb48-48c8-b67f-74dc217bf513";"EAID_F84FAC06_CCCA_41b9_A510_916928881915";"association-relationship";"association";"In TMS loopt dit via LoanObjRefs";"In TMS loopt dit via LoanObjRefs";"";"";"e963434a-50be-4619-b041-58689adc00de";"EAID_BBCF9DBE_70AD_431c_B698_7F0D69D07050";"d1a889c0-4455-4121-9def-df4004050918";"EAID_452312FD_05FB_4abc_A48B_C605F7E3E193";"09072026-00:43:48"
"508";"betreft";"betreft";"c57bdd09-e64b-41a4-aa15-605fd79bc924";"EAID_73A00EBA_0891_4667_8046_57353BBB1539";"association-relationship";"association";"";"";"";"";"e9994c3e-e837-40c2-a589-3e1b021c6017";"EAID_CE85A5E9_AD75_40e7_8EBF_A484E4CBEEDC";"e963434a-50be-4619-b041-58689adc00de";"EAID_BBCF9DBE_70AD_431c_B698_7F0D69D07050";"09072026-00:43:48"
"509";"betreft";"betreft";"";"EAID_0B37A6D7_093C_43d4_80BC_1EAFF17DFB73";"association-relationship";"association";"";"";"";"";"";"EAID_9D19BC40_5EED_408d_AFA3_7C16F8E7E65F";"021bf2ce-98b1-4ca5-8785-4cc902b98f10";"EAID_FF566C6B_077B_4914_8AF7_40EB1EDD388A";"09072026-00:43:48"
"510";"betreft";"betreft";"54619cfb-73c1-44bb-84d9-2fbd4ad4f4d4";"EAID_04CEF004_3C07_4fe1_A1D0_41A5C8653C15";"association-relationship";"association";"";"";"";"";"15fbcddb-67b4-48a7-b2a6-1c11c514130b";"EAID_D3EF17C3_8100_4a61_9E67_F20924C15CEA";"113af80a-7e3e-41f6-8f79-8d0d48c4c257";"EAID_EA7FE08E_34F7_45d2_BE2E_E4E3B8333BF3";"09072026-00:43:48"
"511";"betreft";"betreft";"50c98e96-4d8b-48d1-b693-36dd3bb5f0a5";"EAID_70909C72_21BC_44a6_A6C3_CC828D1E3045";"association-relationship";"association";"";"";"";"";"88554f73-87e4-45e5-999e-4b5d029f15a9";"EAID_11AB7925_5C96_4615_92F6_4055935221A0";"15fbcddb-67b4-48a7-b2a6-1c11c514130b";"EAID_D3EF17C3_8100_4a61_9E67_F20924C15CEA";"09072026-00:43:48"
"512";"betreft";"betreft";"496260cc-2dec-46d7-98ca-9bacd65b0705";"EAID_0514D2FD_B8CB_4b05_87FC_EFDB851FCA0B";"association-relationship";"association";"";"";"";"";"88554f73-87e4-45e5-999e-4b5d029f15a9";"EAID_11AB7925_5C96_4615_92F6_4055935221A0";"2e6d875a-61b7-448f-afe5-c579adc7c5ea";"EAID_8D3666E3_F2DA_4cba_BF67_EFED9AAD97CC";"09072026-00:43:48"
"513";"betreft";"betreft";"8525abed-6dce-436f-ac87-e44fceb56970";"EAID_157B8400_A07C_4ee7_8B80_F980D82B1471";"association-relationship";"association";"";"";"";"";"88554f73-87e4-45e5-999e-4b5d029f15a9";"EAID_11AB7925_5C96_4615_92F6_4055935221A0";"600049b0-c179-4e7d-ac63-99d5ba393093";"EAID_6850BC5E_444E_4d33_A8A7_9B345502E275";"09072026-00:43:48"
"514";"betreft";"betreft";"";"EAID_5B5C392C_F0CC_4507_B808_11EE4495DD73";"association-relationship";"association";"";"";"";"";"c481e8b8-f7d7-4979-b767-ebf2a9b04712";"EAID_71D7E96D_641A_4b6a_A325_DED07C3B5836";"";"EAID_0FA25A4F_DF7F_4feb_9460_19D054E874F8";"09072026-00:43:48"
"515";"betreft";"betreft";"13cdd42e-c8c2-4ab9-a24d-719eb310bc2a";"EAID_068E75CF_3D2D_4964_8957_A322D8902B08";"association-relationship";"association";"";"";"";"";"57035c38-5be2-432e-88aa-ba59029c984c";"EAID_A9D093FB_B3D1_46e5_B263_6C4D61F0C5D1";"c481e8b8-f7d7-4979-b767-ebf2a9b04712";"EAID_71D7E96D_641A_4b6a_A325_DED07C3B5836";"09072026-00:43:48"
"516";"betreft";"betreft";"c90035d0-706e-4138-880a-4abc826a3cd4";"EAID_521168CE_11F7_4535_9176_B3112230C519";"association-relationship";"association";"";"";"";"";"2cc8ad38-97f9-4462-83af-cb5556bffd88";"EAID_84FE9B56_158D_4b65_BCC1_5FE29D071FCC";"38610e76-2c3e-429a-b30b-1fd21f05c8fc";"EAID_975C3DA3_930A_49d8_B54F_2A560DC2AD5A";"09072026-00:43:48"
"517";"betreft";"betreft";"";"EAID_3AEC63D7_A2AC_4b1c_B7FE_9A02050D9D81";"association-relationship";"association";"";"";"";"";"2cc8ad38-97f9-4462-83af-cb5556bffd88";"EAID_84FE9B56_158D_4b65_BCC1_5FE29D071FCC";"";"EAID_679162ED_0B45_4fb2_B16E_421C25A107F5";"09072026-00:43:48"
"518";"betreft";"betreft";"13a94e36-811d-4c53-8210-59803b229c06";"EAID_05C3C815_25CE_4342_A356_FA5E9120A124";"association-relationship";"association";"";"";"";"";"e643dc04-a205-421d-ab23-c6da046b1642";"EAID_9F392B0B_1654_4b4e_9261_F0A90DA1F7BD";"8ffe8caf-2af7-47e5-acc5-c4e6fd5f38b1";"EAID_EAAF2F59_6BC0_4243_B126_A8E604B32C5E";"09072026-00:43:48"
"519";"betreft";"betreft";"c16740c8-e413-4c87-9789-385d5dd71e1c";"EAID_D2F0539A_1C19_499f_A58B_9EB002936CCB";"association-relationship";"association";"";"";"";"";"e643dc04-a205-421d-ab23-c6da046b1642";"EAID_9F392B0B_1654_4b4e_9261_F0A90DA1F7BD";"2a859087-fe7f-412a-b057-bf1e3f249a4c";"EAID_DAF09055_A5A6_4ff4_A158_21B20567B296";"09072026-00:43:48"
"520";"betreft";"betreft";"";"EAID_E757EB41_44FC_498e_B608_E3E2572C514C";"association-relationship";"association";"";"";"";"";"";"EAID_101157F7_7852_102E_7547_2698B55B6FF8";"2a859087-fe7f-412a-b057-bf1e3f249a4c";"EAID_DAF09055_A5A6_4ff4_A158_21B20567B296";"09072026-00:43:48"
"521";"betreft";"betreft";"";"EAID_228972BF_A0CA_4e2f_832D_954A15769C1B";"association-relationship";"association";"";"";"";"";"";"EAID_B852AF03_A5E0_4148_AFC1_108509FF8BBD";"cd27cd50-1721-4870-a292-ea0f24d1ada4";"EAID_9F4E12E4_B228_4931_AC83_1B1F60958A89";"09072026-00:43:48"
"522";"betreft";"betreft";"";"EAID_E8182EBD_8772_4d5f_96BF_423FD95F7F36";"association-relationship";"association";"";"";"";"";"";"EAID_C6DA2586_C0E3_4868_93E8_64AF6D118092";"2a859087-fe7f-412a-b057-bf1e3f249a4c";"EAID_DAF09055_A5A6_4ff4_A158_21B20567B296";"09072026-00:43:48"
"523";"betreft";"betreft";"";"EAID_3C878B83_AE40_4f69_B528_95EBF2BB9FD1";"association-relationship";"association";"";"";"";"";"";"EAID_C18BB25F_536F_4b80_BC7C_7855DF2D7389";"e1371e07-969e-4a34-be81-0a23ffd541dd";"EAID_AF9534B0_7CBD_4061_9276_A7B6698B383A";"09072026-00:43:48"
"524";"betreft";"betreft";"";"EAID_FFAAF721_5ED0_4e5b_B5F7_D041D8517D00";"association-relationship";"association";"";"";"";"";"e1029618-919b-4889-9989-e7f6ca9a16ea";"EAID_8A02DCF5_E568_4d45_96A2_FD4FB53F414C";"";"EAID_0A7769C7_FE3E_45eb_A644_22E5CB207B42";"09072026-00:43:48"
"525";"betreft";"betreft";"0a13b214-b9a4-45f9-b131-a31f0a01dd1b";"EAID_0C4C7705_5F76_417a_B326_E721AFB72ADB";"association-relationship";"association";"";"";"";"";"e1029618-919b-4889-9989-e7f6ca9a16ea";"EAID_8A02DCF5_E568_4d45_96A2_FD4FB53F414C";"5b29c1f2-feeb-4e72-9b70-7a0a8bb374cc";"EAID_80A7D18F_7C7E_4ee6_9F07_055559BCEF9F";"09072026-00:43:48"
"526";"betreft";"betreft";"";"EAID_7E95D3E7_7C41_4873_9BC8_6BE07BD58617";"association-relationship";"association";"";"";"";"";"";"EAID_E79C6C20_3D05_49fb_96ED_105B5CD0ABA5";"5b29c1f2-feeb-4e72-9b70-7a0a8bb374cc";"EAID_80A7D18F_7C7E_4ee6_9F07_055559BCEF9F";"09072026-00:43:48"
"527";"betreft";"betreft";"2133adda-9e33-41ac-85ec-f7c3843c9113";"EAID_7F1E6990_018A_436c_9813_1F75AB62D3C7";"association-relationship";"association";"";"";"";"";"e1029618-919b-4889-9989-e7f6ca9a16ea";"EAID_8A02DCF5_E568_4d45_96A2_FD4FB53F414C";"71b8f8f4-9789-4cab-9828-d508607188bf";"EAID_7F4E17A3_0EC2_4bee_B4E0_BFA26D653EB9";"09072026-00:43:48"
"528";"betreft";"betreft";"7b4e977c-72df-4c99-90a6-29ccf204bb96";"EAID_82E002A1_4616_4ddf_891C_CC96B979C562";"association-relationship";"association";"";"";"";"";"4c80e4c9-5e35-43d8-8438-2860c18949f0";"EAID_5DC6EA71_272C_4392_BA5E_5C97DC3CA9D9";"8155eb9b-eb9e-4eec-a850-80c185983a9f";"EAID_9775E778_DBF8_4122_94CE_551466B62F46";"09072026-00:43:48"
"529";"betreft";"betreft";"5ff95128-410f-418c-b18a-e045ae72fb2a";"EAID_32D4F5AE_E957_4888_9A9A_A265EB6B08CD";"association-relationship";"association";"";"";"";"";"4e149a77-4fcc-4f4a-ac18-b6655848b5c1";"EAID_30D5F6E6_DE8D_46b6_AC8A_6CA1391ADFF7";"48bc7e60-2a17-4909-b475-b18938e79048";"EAID_2587938E_CF7F_499b_BB21_9CB8BBCC1DD2";"09072026-00:43:48"
"530";"betreft";"betreft";"0b82a917-88e0-400a-a7c8-32a1d9a48042";"EAID_99D24DE3_C709_4325_814B_DF123E7EF6AE";"association-relationship";"association";"";"";"";"";"4e149a77-4fcc-4f4a-ac18-b6655848b5c1";"EAID_30D5F6E6_DE8D_46b6_AC8A_6CA1391ADFF7";"5b02590d-3c1e-416c-ad2b-9edbef005ba5";"EAID_1EBA6DEB_268D_4339_86C9_7C1BA218A7A0";"09072026-00:43:48"
"531";"betreft";"betreft";"488e3483-1f31-4946-b296-483d1343cb8e";"EAID_8E2A02C8_9992_4342_B3C1_3B34ABAA88D5";"association-relationship";"association";"";"";"";"";"7d5124d4-f23d-432d-ad5a-dc7c1b0fac44";"EAID_649EFD86_ED52_4293_8577_DBE5445845BF";"14baf353-fdc5-458c-9a2e-66b3ec04d9d0";"EAID_E1FAE16A_42AE_4b7d_88FC_F429079D1C4D";"09072026-00:43:48"
"532";"betreft";"betreft";"d7f93a65-14fa-4df9-9101-daf1ce1a246a";"EAID_9A2326F8_F317_4492_B873_43D70AC148E2";"association-relationship";"association";"";"";"";"";"6f0e6db2-3ca2-48db-a370-9aacdfcd4c29";"EAID_B18119D9_5BF8_498f_B9D3_ECCE7A770012";"14baf353-fdc5-458c-9a2e-66b3ec04d9d0";"EAID_E1FAE16A_42AE_4b7d_88FC_F429079D1C4D";"09072026-00:43:48"
"533";"betreft";"betreft";"";"EAID_C0346725_D796_49c8_AF5D_0DB661B16BD1";"association-relationship";"association";"";"";"";"";"6f0e6db2-3ca2-48db-a370-9aacdfcd4c29";"EAID_B18119D9_5BF8_498f_B9D3_ECCE7A770012";"";"EAID_B31B867F_061E_42d4_AB8A_DB5589602969";"09072026-00:43:48"
"534";"betreft";"betreft";"af350f44-133c-4a9a-85db-2846b5bbe391";"EAID_8BDF9281_E9D1_4266_8886_FD6328BD5AF7";"association-relationship";"association";"";"";"";"";"f1461f1c-503e-47ba-a1e7-43204103b356";"EAID_D60910E1_6E36_4ebb_9687_2D2B1CE66E0B";"f1220c91-e576-4a25-9cdb-0a2b991ae362";"EAID_79284529_B817_4e3f_BE51_AEAFC60BDE44";"09072026-00:43:48"
"535";"betreft";"betreft";"";"EAID_DA6ACB79_B034_4d35_AB64_20499899A5C6";"association-relationship";"usage";"";"";"";"";"6f0e6db2-3ca2-48db-a370-9aacdfcd4c29";"EAID_B18119D9_5BF8_498f_B9D3_ECCE7A770012";"f1461f1c-503e-47ba-a1e7-43204103b356";"EAID_D60910E1_6E36_4ebb_9687_2D2B1CE66E0B";"09072026-00:43:48"
"536";"betreft";"betreft";"2ef2f502-d6b4-4c14-9bcf-7ff77b807f12";"EAID_0064520F_0125_42ea_8D01_13183E102F6C";"association-relationship";"association";"";"";"";"";"6f0e6db2-3ca2-48db-a370-9aacdfcd4c29";"EAID_B18119D9_5BF8_498f_B9D3_ECCE7A770012";"8deec5da-a06a-4159-9b20-e9f9ff24674e";"EAID_8BE600D0_EBF4_475b_8801_F387A5D39009";"09072026-00:43:48"
"537";"betreft";"betreft";"9f23568b-aa67-489a-b553-6f33f2d9ffe4";"EAID_26D6F100_39D3_4123_86D8_C8D413E0508D";"association-relationship";"association";"";"";"";"";"6f0e6db2-3ca2-48db-a370-9aacdfcd4c29";"EAID_B18119D9_5BF8_498f_B9D3_ECCE7A770012";"f1220c91-e576-4a25-9cdb-0a2b991ae362";"EAID_79284529_B817_4e3f_BE51_AEAFC60BDE44";"09072026-00:43:48"
"538";"betreft";"betreft";"c736b857-b7ad-44db-b19d-e01f51b38efb";"EAID_637A11D0_691A_4e67_8990_A924D984BD5C";"association-relationship";"association";"";"";"";"";"b2498fa2-f9ff-48dd-946d-8b8ed395da81";"EAID_10C06EB3_F94A_4005_9C66_0DAE61B96192";"8deec5da-a06a-4159-9b20-e9f9ff24674e";"EAID_8BE600D0_EBF4_475b_8801_F387A5D39009";"09072026-00:43:48"
"539";"betreft";"betreft";"10db9628-5674-422f-8741-93f210f33153";"EAID_6DFEF1A2_B0BA_490d_AEC6_A4C777385616";"association-relationship";"association";"";"";"";"";"b2498fa2-f9ff-48dd-946d-8b8ed395da81";"EAID_10C06EB3_F94A_4005_9C66_0DAE61B96192";"f1220c91-e576-4a25-9cdb-0a2b991ae362";"EAID_79284529_B817_4e3f_BE51_AEAFC60BDE44";"09072026-00:43:48"
"540";"betreft";"betreft";"a1caaa90-0513-4481-a350-f115b5e23960";"EAID_F800F9CB_3617_4d92_B5F4_5B5C9AF87002";"association-relationship";"association";"";"";"";"";"6cc63d39-c5a3-4d09-8eab-22e56384fe7e";"EAID_45AFD4E2_9909_4c33_93CE_F2466B85CA0F";"3b8b01b0-7870-48fb-b4a7-6a5a593e4ea3";"EAID_D5DD2F67_6A1F_46b0_972E_795ECC4B2E4F";"09072026-00:43:48"
"541";"betreft";"betreft";"";"EAID_383C6482_162A_4406_A2A3_E0CBFAE01B24";"association-relationship";"association";"";"";"";"";"3b8b01b0-7870-48fb-b4a7-6a5a593e4ea3";"EAID_D5DD2F67_6A1F_46b0_972E_795ECC4B2E4F";"";"EAID_7210A379_17EE_4143_A106_ECD9414B2A0D";"09072026-00:43:48"
"542";"betreft";"betreft";"e19c7bd9-a1c8-4244-a63d-6cd0ff13d64d";"EAID_09E8842D_14B1_4275_A63F_92A4AA214791";"association-relationship";"association";"";"";"";"";"4e5cd8a8-0110-4038-9b91-1f0562401398";"EAID_26C0D33A_B15A_4256_A5BF_5382A4E03539";"1fe5c807-e9a7-4f44-a2b6-816341875d6e";"EAID_FD701A55_6865_44aa_9A73_C46E02481796";"09072026-00:43:48"
"543";"betreft";"betreft";"9b7178dd-eec8-4b54-9e44-66f6e9c47a93";"EAID_4DE143AC_298B_4ebd_BAA9_A19FCD1E9907";"association-relationship";"association";"";"";"";"";"0cbc6488-2932-4634-b226-a741ba030a46";"EAID_F8BD6D83_D3F8_4dd3_B12E_22A991D1A0A2";"1fe5c807-e9a7-4f44-a2b6-816341875d6e";"EAID_FD701A55_6865_44aa_9A73_C46E02481796";"09072026-00:43:48"
"544";"betreft";"betreft";"ed238929-3d35-404d-93ee-a9c86373a497";"EAID_A6AE4BC0_4174_44c0_949D_2E04EF68C7C9";"association-relationship";"association";"";"";"";"";"ac9bd49c-9861-44f3-adff-ffa256a08111";"EAID_28A6F2AC_5AB1_4f25_8876_931152CA28E0";"441803f5-7428-4554-bcb1-7fdf750e7afd";"EAID_A31C3B5D_EAC5_482d_8816_8B858EC4BE01";"09072026-00:43:48"
"545";"betreft";"betreft";"e60086a7-e841-42eb-93a5-59e405939f7f";"EAID_4BE0392A_61EB_4695_AC85_CBE33C9BE1FC";"association-relationship";"association";"";"";"";"";"e1be07bf-e9fb-488e-9b03-785b44167e43";"EAID_A110896B_0CAD_46cf_9226_840DEE3328F0";"ac9bd49c-9861-44f3-adff-ffa256a08111";"EAID_28A6F2AC_5AB1_4f25_8876_931152CA28E0";"09072026-00:43:48"
"546";"betreft";"betreft";"94ebf1c8-83e7-433e-a7ac-5ce20a5101e1";"EAID_0B49106E_8E0D_4868_AD7B_FBE77EA922D9";"association-relationship";"association";"";"";"";"";"ac9bd49c-9861-44f3-adff-ffa256a08111";"EAID_28A6F2AC_5AB1_4f25_8876_931152CA28E0";"8155eb9b-eb9e-4eec-a850-80c185983a9f";"EAID_9775E778_DBF8_4122_94CE_551466B62F46";"09072026-00:43:48"
"547";"betreft";"betreft";"7a74d543-3e3b-477c-a831-f5a25684ef75";"EAID_BBEAE982_EA8B_4e71_8C55_7149B9143E9E";"association-relationship";"association";"";"";"";"";"ac9bd49c-9861-44f3-adff-ffa256a08111";"EAID_28A6F2AC_5AB1_4f25_8876_931152CA28E0";"0fd3695d-aa71-4f35-a8bf-7886c70e0ed8";"EAID_172AFD36_B400_4660_BFAC_4BBC1077D666";"09072026-00:43:48"
"548";"betreft";"betreft";"9d40ef80-d614-4ba2-9b42-7b8126e56a2b";"EAID_EB8D23E8_02B3_4898_831A_B2BE79831E38";"association-relationship";"association";"";"";"";"";"ac9bd49c-9861-44f3-adff-ffa256a08111";"EAID_28A6F2AC_5AB1_4f25_8876_931152CA28E0";"a6741440-a70f-4d05-b164-6a21b867b4d3";"EAID_8D52E9F1_9CC9_42c6_A347_E68E29718E55";"09072026-00:43:48"
"549";"betreft";"betreft";"1563678b-48e8-4e27-a9e9-d58435d96dac";"EAID_741488BC_0571_413b_99F6_FC434B85F7B2";"association-relationship";"association";"";"";"";"";"ede48ca8-4854-44b2-b549-0827bebf56ab";"EAID_A91E9C27_C4FA_4e1b_A4FF_8AE74ED9B7EB";"f96af00f-2933-42d0-aacf-58ccb4a0ef52";"EAID_9FBF9FB8_B28D_4733_8443_607B8498F446";"09072026-00:43:48"
"550";"betreft";"betreft";"";"EAID_5D27EFEE_7414_4083_B02C_A9F6D5F1D578";"association-relationship";"association";"";"";"";"";"";"EAID_1D87490A_9F07_424f_BE6F_5E9C11376B05";"ede48ca8-4854-44b2-b549-0827bebf56ab";"EAID_A91E9C27_C4FA_4e1b_A4FF_8AE74ED9B7EB";"09072026-00:43:48"
"551";"betreft";"betreft";"4392edc6-0e01-46c7-b50d-c1af0d497b85";"EAID_7E3E1D53_B929_4e16_946E_CFCC35BC2FD9";"association-relationship";"association";"";"";"";"";"bc6f065d-05c9-454d-a18d-1c0c2a2dfe15";"EAID_44EC6082_2682_43c7_A52E_0AD05B06A046";"7d5124d4-f23d-432d-ad5a-dc7c1b0fac44";"EAID_649EFD86_ED52_4293_8577_DBE5445845BF";"09072026-00:43:48"
"552";"betreft";"betreft";"";"EAID_0BBACB1A_E170_478c_9E82_56E273D340A2";"association-relationship";"association";"";"";"";"";"";"EAID_AB2AED85_D2B0_45cf_9B1F_C6005E894494";"bc6f065d-05c9-454d-a18d-1c0c2a2dfe15";"EAID_44EC6082_2682_43c7_A52E_0AD05B06A046";"09072026-00:43:48"
"553";"betreft";"betreft";"47fe5c42-cf94-45d4-8de8-41981611afe4";"EAID_11E96BA6_1358_47d9_A851_0EDC29AA3E2A";"association-relationship";"association";"";"";"";"";"1b3c3c06-c7e9-40c0-8fa1-dbbc3c23152f";"EAID_1EF1AC66_9563_4cdd_AE78_0878D651907A";"bc6f065d-05c9-454d-a18d-1c0c2a2dfe15";"EAID_44EC6082_2682_43c7_A52E_0AD05B06A046";"09072026-00:43:48"
"554";"betreft";"betreft";"47802cfa-db0a-4136-9baa-0b4324993dba";"EAID_D42EDBD0_1347_4dbc_9A17_DFA3B4144BD7";"association-relationship";"association";"";"";"";"";"6d31df7d-b7f9-4f50-be9f-eaf05c697f6e";"EAID_BF21FFA3_3EA6_410a_BC65_7BE5547646B6";"bc6f065d-05c9-454d-a18d-1c0c2a2dfe15";"EAID_44EC6082_2682_43c7_A52E_0AD05B06A046";"09072026-00:43:48"
"555";"betreft";"betreft";"c608f4f7-653d-4f98-b5e3-c246f6a77526";"EAID_DA41126D_D289_40bb_A36D_5625650CBE54";"association-relationship";"association";"";"";"";"";"e1c425c1-a3fe-4144-907d-13da8d9fb5cc";"EAID_2902E8D6_FF16_45d6_A0A4_47E2857D2D19";"bc6f065d-05c9-454d-a18d-1c0c2a2dfe15";"EAID_44EC6082_2682_43c7_A52E_0AD05B06A046";"09072026-00:43:48"
"556";"betreft";"betreft";"740fda12-e8d2-4963-8697-927215369bdb";"EAID_263D659A_945D_42b7_97BB_2B96E51903C1";"association-relationship";"association";"";"";"";"";"16b98915-5c5e-4933-bfc0-9db634c47acb";"EAID_BB182A6F_6935_4702_ABEA_B96E32A40B02";"686c0af1-67b2-42a4-8690-060705617c13";"EAID_01D90490_C76A_444a_BFCE_355AFC5FB012";"09072026-00:43:48"
"557";"betreft";"betreft";"6f845748-5708-41c1-b6cc-8aca03f052b3";"EAID_58461ED6_0889_4b28_8140_C1C120592AEE";"association-relationship";"association";"";"";"";"";"8d9233d7-dfb9-4b87-bab2-61631a632f95";"EAID_33E5EA10_F43A_4966_B9C1_875F0E2C1B52";"113af80a-7e3e-41f6-8f79-8d0d48c4c257";"EAID_EA7FE08E_34F7_45d2_BE2E_E4E3B8333BF3";"09072026-00:43:48"
"558";"betreft";"betreft";"7c583f92-a397-49ba-b8dd-acc753847e78";"EAID_8A886AB2_1EDA_4982_8EAD_4C7AC3A10631";"association-relationship";"association";"";"";"";"";"8d9233d7-dfb9-4b87-bab2-61631a632f95";"EAID_33E5EA10_F43A_4966_B9C1_875F0E2C1B52";"f96af00f-2933-42d0-aacf-58ccb4a0ef52";"EAID_9FBF9FB8_B28D_4733_8443_607B8498F446";"09072026-00:43:48"
"559";"betreft";"betreft";"";"EAID_DE937028_151F_4bb6_B28A_4C0F5C7155C4";"association-relationship";"association";"";"";"";"";"";"EAID_1D87490A_9F07_424f_BE6F_5E9C11376B05";"6cc6afe6-e4c6-4e2b-a359-f278b23700db";"EAID_16EB3936_03CB_4854_9CD8_9F0911EEA51B";"09072026-00:43:48"
"560";"betreft";"betreft";"ac51e9d3-5d75-49c8-983f-93748968cb24";"EAID_096607E3_510B_4140_8B76_A4F249EF45D4";"association-relationship";"association";"";"";"";"";"70e40543-6a99-433d-8a01-f4273e308410";"EAID_3FB9B466_D147_42d7_99D1_2D14A007D16C";"e1c425c1-a3fe-4144-907d-13da8d9fb5cc";"EAID_2902E8D6_FF16_45d6_A0A4_47E2857D2D19";"09072026-00:43:48"
"561";"betreft";"betreft";"5bfd6453-e34b-48af-b33e-38dc69f73d37";"EAID_2412AD35_118A_4a10_92A6_B4381CC94130";"association-relationship";"association";"";"";"";"";"70e40543-6a99-433d-8a01-f4273e308410";"EAID_3FB9B466_D147_42d7_99D1_2D14A007D16C";"dc97ebf4-61ee-47f6-a108-af6bb4a276f7";"EAID_75B4E818_5ECD_45c5_98F9_66F57FC6117E";"09072026-00:43:48"
"562";"betreft";"betreft";"a5e04d34-9328-40d5-a917-cbf669112aad";"EAID_B59891C6_BF26_4dd2_8455_7F84D5AB50E7";"association-relationship";"association";"";"";"";"";"70e40543-6a99-433d-8a01-f4273e308410";"EAID_3FB9B466_D147_42d7_99D1_2D14A007D16C";"6d31df7d-b7f9-4f50-be9f-eaf05c697f6e";"EAID_BF21FFA3_3EA6_410a_BC65_7BE5547646B6";"09072026-00:43:48"
"563";"betreft";"betreft";"3628d67c-ee2c-471e-9f77-1c842f86aced";"EAID_C5DF9BC2_DA59_4e82_942B_E27F2E5E1E3F";"association-relationship";"association";"";"";"";"";"dc97ebf4-61ee-47f6-a108-af6bb4a276f7";"EAID_75B4E818_5ECD_45c5_98F9_66F57FC6117E";"cd27cd50-1721-4870-a292-ea0f24d1ada4";"EAID_9F4E12E4_B228_4931_AC83_1B1F60958A89";"09072026-00:43:48"
"564";"betreft";"betreft";"";"EAID_03A7ECAA_181B_496d_A6F8_4C06D3F742F3";"association-relationship";"association";"";"";"";"";"";"EAID_7694A657_22D8_4b00_AAE2_A78EF014B43A";"7d5124d4-f23d-432d-ad5a-dc7c1b0fac44";"EAID_649EFD86_ED52_4293_8577_DBE5445845BF";"09072026-00:43:48"
"565";"betreft";"betreft";"e1c8aff3-c9e8-4125-a3da-c35cdf843faa";"EAID_3891E5AC_DA6D_445c_BC0A_D70AE3450F0E";"association-relationship";"association";"<font color=""#610e6a"">De ZAAKen die betrekking hebben op het OBJECT</font>";"<font color=""#610e6a"">De ZAAKen die betrekking hebben op het OBJECT</font>";"";"";"f08625cc-cc49-4664-91fa-823b217d333f";"EAID_91F9D39E_0322_42c6_AE7F_5027B36F3EC3";"7d5124d4-f23d-432d-ad5a-dc7c1b0fac44";"EAID_649EFD86_ED52_4293_8577_DBE5445845BF";"09072026-00:43:48"
"566";"betreft eerder verzoek";"betreft eerder verzoek";"9eb51299-aa34-4636-88b9-aa2ca582ae2e";"EAID_6CCDA8AA_865C_4096_8537_19014545BF35";"association-relationship";"association";"";"";"";"";"6f0e6db2-3ca2-48db-a370-9aacdfcd4c29";"EAID_B18119D9_5BF8_498f_B9D3_ECCE7A770012";"6f0e6db2-3ca2-48db-a370-9aacdfcd4c29";"EAID_B18119D9_5BF8_498f_B9D3_ECCE7A770012";"09072026-00:43:48"
"567";"betreft leerling";"betreft leerling";"394c225b-fd17-47b9-8486-9258c0cbe02a";"EAID_DBBD5265_268F_46ea_A748_3BECEA8A9A4A";"association-relationship";"association";"";"";"";"";"e2ea124f-56ce-4614-9e32-0f13371a5ede";"EAID_266057AF_58BD_42e1_B4D5_16EB266B9B7A";"aa2cb2d9-8482-473c-a5bf-c042cb39352a";"EAID_697F1730_B439_4b35_8799_1B2E9AB04548";"09072026-00:43:48"
"568";"betreft voertuig";"betreft voertuig";"";"EAID_D16E2EF9_1913_44f1_8479_F9C3AD43E98F";"association-relationship";"association";"";"";"";"";"";"EAID_4EA4D754_FAD7_4caf_8060_342689EC16FE";"b083bd60-0137-40b0-ad72-4602b3c1d754";"EAID_6AD98160_FFE6_4105_A724_5D5733C87CD8";"09072026-00:43:48"
"569";"betrekking op";"betrekking op";"9b5c5a7f-825b-4755-a63f-a96764378488";"EAID_707A174E_91B3_4f85_9EAC_E0DC257E60B3";"association-relationship";"association";"";"";"";"";"5bd99108-61d6-4b8f-ab84-dd16011d10db";"EAID_053B594A_5E45_4413_9339_D2D026ECCE20";"e5933d4f-02b6-4851-a31e-8bc5b7cbaab6";"EAID_D857E285_1EA3_4ba3_9614_5FACAC8BA133";"09072026-00:43:48"
"570";"betrokken professional";"betrokken professional";"";"EAID_F662BA2D_DE58_491d_8D8B_60659E99278C";"association-relationship";"association";"";"";"";"";"";"EAID_B852AF03_A5E0_4148_AFC1_108509FF8BBD";"6cc6afe6-e4c6-4e2b-a359-f278b23700db";"EAID_16EB3936_03CB_4854_9CD8_9F0911EEA51B";"09072026-00:43:48"
"571";"betrokkenen";"betrokkenen";"95cfa3e8-f17c-48f5-86dc-664641ef94e7";"EAID_B09220C0_32E3_49c3_8743_A349EC1DBEEC";"association-relationship";"association";"";"";"";"";"cad45b80-14d3-4a0c-a906-0c1614dc9570";"EAID_9DF5AC43_3673_4b9a_BB5E_6DCA7BE28835";"4c80e4c9-5e35-43d8-8438-2860c18949f0";"EAID_5DC6EA71_272C_4392_BA5E_5C97DC3CA9D9";"09072026-00:43:48"
"572";"betrokkenen";"betrokkenen";"";"EAID_097BCCA2_749E_4c0f_A72D_FC3F278C5EB8";"association-relationship";"association";"";"";"";"";"";"EAID_B852AF03_A5E0_4148_AFC1_108509FF8BBD";"cd27cd50-1721-4870-a292-ea0f24d1ada4";"EAID_9F4E12E4_B228_4931_AC83_1B1F60958A89";"09072026-00:43:48"
"573";"bevat";"bevat";"46d41972-bf2c-408b-93e7-82b0ad105702";"EAID_6D09D9CB_DC86_45d7_A405_29ED9513F0ED";"association-relationship";"association";"";"";"";"";"e5293eea-47b8-4091-8ac3-b28139a17c9f";"EAID_27219A32_3B52_4f54_AA67_A972F4B7D9D0";"30d7e3ac-081c-4ef6-a09e-90437b5a4349";"EAID_5E5C58AD_1634_4656_A183_EBA00F18F30E";"09072026-00:43:48"
"574";"bevat";"bevat";"";"EAID_8D39515C_5C16_48dd_84E1_C30F381C17CB";"association-relationship";"association";"";"";"";"";"";"EAID_339ACCD5_1D13_4a48_83DE_05A0A4A54C43";"30d7e3ac-081c-4ef6-a09e-90437b5a4349";"EAID_5E5C58AD_1634_4656_A183_EBA00F18F30E";"09072026-00:43:48"
"575";"bevat";"bevat";"";"EAID_D0AD7ED8_AC12_423d_AE20_567432B9F842";"association-relationship";"association";"";"";"";"";"e5293eea-47b8-4091-8ac3-b28139a17c9f";"EAID_27219A32_3B52_4f54_AA67_A972F4B7D9D0";"";"EAID_339ACCD5_1D13_4a48_83DE_05A0A4A54C43";"09072026-00:43:48"
"576";"bevat";"bevat";"b5d56e4c-3596-494a-89bc-776866c92da2";"EAID_F624D2ED_D364_4c68_A21F_606BF07EC1A3";"association-relationship";"association";"";"";"";"";"fc805177-e231-40eb-8f59-0fb3bdc896a1";"EAID_F8283401_70F8_41b8_A97C_32A9074AD4B1";"7f936c4f-360e-47a3-a558-1682d8cfbf1a";"EAID_2C230EE7_036D_48be_B82A_FF45598170F7";"09072026-00:43:48"
"577";"bevat";"bevat";"2b6f274d-d084-4526-9eb6-b31058c018f6";"EAID_85886C93_0900_42d4_8F6E_B6E36EE34BF8";"association-relationship";"association";"";"";"";"";"65fad3a5-bce6-4c9f-814e-23e42d0f91fd";"EAID_6DC28A18_DF54_4b92_A592_5F717935CA67";"e963434a-50be-4619-b041-58689adc00de";"EAID_BBCF9DBE_70AD_431c_B698_7F0D69D07050";"09072026-00:43:48"
"578";"bevat";"bevat";"";"EAID_241D8254_FDA4_04E5_B91E_281C33032E7E";"aggregation-relationship";"aggregation";"";"";"";"";"";"EAID_16ABCFF8_4817_6A73_59BA_281C3303F8D2";"";"EAID_0962936F_7373_4176_296A_281C33036B9B";"09072026-00:43:48"
"579";"bevat";"bevat";"";"EAID_159422E0_4136_A27A_D77A_281C33035E18";"aggregation-relationship";"aggregation";"";"";"";"";"";"EAID_07F494EF_DD9B_36A7_4EE0_281C33030C21";"";"EAID_0962936F_7373_4176_296A_281C33036B9B";"09072026-00:43:48"
"580";"bevat";"bevat";"";"EAID_0A692132_501A_17E9_00D9_2A2CC0BAF4F7";"aggregation-relationship";"aggregation";"";"";"";"";"";"EAID_1E5BDB79_81B9_2C6D_472E_2A2CBF9C1656";"";"EAID_07F494EF_DD9B_36A7_4EE0_281C33030C21";"09072026-00:43:48"
"581";"bevat";"bevat";"";"EAID_8d96be6a_6ca5_4cc9_967f_f8fb099bc9c4";"aggregation-relationship";"aggregation";"";"";"";"";"";"EAID_0572BF37_A778_273A_32B0_2791C2CC601A";"";"EAID_ed8f8dba_b936_40ad_b443_1ee91b8fe046";"09072026-00:43:48"
"582";"bevat";"bevat";"";"EAID_19DD45DC_5AA9_FABD_50DC_263C24621B6C";"aggregation-relationship";"aggregation";"";"";"";"";"";"EAID_234EB82E_9EC6_5904_2634_263C0A957ADF";"";"EAID_0F06241B_EBEF_4053_33E4_263C236F76FC";"09072026-00:43:48"
"583";"bevat";"bevat";"7ef067fa-eb7f-4c38-b975-b67fbe931179";"EAID_0179460D_47F8_4f18_8CA1_692E8DF7A81C";"association-relationship";"association";"";"";"";"";"5547cc2e-c193-4d41-a6e2-8f04b5e3cd92";"EAID_B1D48EFB_81E7_420d_A080_5B4C01798FFB";"1a89112a-e13c-4c87-a862-e8ec66c01588";"EAID_C6094F79_D8EA_4763_90DF_4E30EFABA1FA";"09072026-00:43:48"
"584";"bevat";"bevat";"744cf797-df0d-41a5-8ca6-4871968c0bd1";"EAID_F09EA109_1CBA_4983_B8E2_B79F67B44669";"association-relationship";"association";"De unieke aanduidingen van de KADASTRALE ONROERENDE ZAAKen opgenomen in de Basis Registratie Kadaster die geheel of gedeeltelijk deel uitmaken van het WOZ-OBJECT.";"";"<memo>";"<memo>";"3f1aeea3-a5a8-4df6-af1e-51d5ef4ad32f";"EAID_CB7BA76D_0793_4d5a_9596_533C5BC56BBF";"8155eb9b-eb9e-4eec-a850-80c185983a9f";"EAID_9775E778_DBF8_4122_94CE_551466B62F46";"09072026-00:43:48"
"585";"bevat";"bevat";"5f8bb83c-801b-43d2-9914-f7f11e0100bb";"EAID_530BD4D3_FF9D_47d6_BCA7_06BCD10417D1";"association-relationship";"association";"";"";"";"";"f96af00f-2933-42d0-aacf-58ccb4a0ef52";"EAID_9FBF9FB8_B28D_4733_8443_607B8498F446";"a842e972-764b-4dd8-ad79-f537d4e68565";"EAID_57F01465_EE56_4c33_9BD9_8DB351A2C530";"09072026-00:43:48"
"586";"bevat";"bevat";"";"EAID_39B99BE0_69B3_47a0_B6FC_991C56118F85";"association-relationship";"association";"";"";"";"";"a1f148c2-d310-45c0-aee9-33e2c641ce37";"EAID_94EB7844_F863_4330_A15A_06ED4D1401E0";"";"EAID_D9FAEFEC_2B8E_48dc_A1E8_E134754E9943";"09072026-00:43:48"
"587";"bevat";"bevat";"";"EAID_9C6F0152_B2E3_47e8_9784_C2BEDFF84E6A";"association-relationship";"association";"";"";"";"";"";"EAID_D8F2EAAD_7C80_4164_8171_C632F18A6742";"";"EAID_cac6d8c1_42e6_41cb_9907_3c65c081afba";"09072026-00:43:48"
"588";"bevat";"bevat";"";"EAID_DDEE33D2_4A9B_4b3e_9D49_0851DCA3461D";"association-relationship";"association";"";"";"";"";"id-839017b2-0f95-42d0-ab2b-e873636340da";"EAID_839017B2_0F95_42d0_AB2B_E873636340DA";"";"EAID_1CE06538_3F4A_45ac_AE86_30A4250D3608";"09072026-00:43:48"
"589";"bevat";"bevat";"";"EAID_A0E4BC76_5A2E_4cf9_B9B1_4771803CCED8";"association-relationship";"association";"";"";"";"";"id-839017b2-0f95-42d0-ab2b-e873636340da";"EAID_839017B2_0F95_42d0_AB2B_E873636340DA";"";"EAID_A1F16832_3F28_4441_8538_74BF04A48562";"09072026-00:43:48"
"590";"bevat";"bevat";"";"EAID_D8ABD97B_BF36_4e56_840D_8ACB3FF67BD2";"association-relationship";"association";"";"";"";"";"id-839017b2-0f95-42d0-ab2b-e873636340da";"EAID_839017B2_0F95_42d0_AB2B_E873636340DA";"";"EAID_7CC8C026_91CB_422c_84C6_90401889F260";"09072026-00:43:48"
"591";"bevat";"bevat";"";"EAID_BF1AD39A_BA6A_450e_AE28_45C902694D2F";"association-relationship";"association";"";"";"";"";"id-839017b2-0f95-42d0-ab2b-e873636340da";"EAID_839017B2_0F95_42d0_AB2B_E873636340DA";"";"EAID_F20A11B2_0C6F_4a52_95BF_AB73997C3378";"09072026-00:43:48"
"592";"bevat";"bevat";"";"EAID_F328542A_BE43_4ef0_B79E_97AC441F7BE8";"association-relationship";"association";"";"";"";"";"id-839017b2-0f95-42d0-ab2b-e873636340da";"EAID_839017B2_0F95_42d0_AB2B_E873636340DA";"";"EAID_551A527B_A2E2_4409_968B_D1BE4612EB3C";"09072026-00:43:48"
"593";"bevat";"bevat";"";"EAID_19DE274A_0D34_46d5_A045_8472031056C5";"association-relationship";"association";"";"";"";"";"id-839017b2-0f95-42d0-ab2b-e873636340da";"EAID_839017B2_0F95_42d0_AB2B_E873636340DA";"";"EAID_7E274EE0_FB77_43ef_ABCB_91ACF0ACD469";"09072026-00:43:48"
"594";"bevat";"bevat";"";"EAID_578B1159_7095_4c7a_8E35_993882803EB5";"association-relationship";"association";"";"";"";"";"id-839017b2-0f95-42d0-ab2b-e873636340da";"EAID_839017B2_0F95_42d0_AB2B_E873636340DA";"";"EAID_652A68C3_618E_4050_AD4C_E43469A7558C";"09072026-00:43:48"
"595";"bevat";"bevat";"";"EAID_8798690C_165D_4dd6_BF1A_CD4B39537BBA";"association-relationship";"association";"";"";"";"";"id-839017b2-0f95-42d0-ab2b-e873636340da";"EAID_839017B2_0F95_42d0_AB2B_E873636340DA";"";"EAID_B0384246_6784_4724_B538_CE18197061CD";"09072026-00:43:48"
"596";"bevat";"bevat";"";"EAID_C8BC652E_2DFE_4146_9496_2C28872635D6";"association-relationship";"association";"";"";"";"";"";"EAID_D8F2EAAD_7C80_4164_8171_C632F18A6742";"";"EAID_0463EA7D_FFD9_AD19_0405_294621AE933F";"09072026-00:43:48"
"597";"bevat";"bevat";"";"EAID_EB2E53E1_4A2E_4df8_83D7_48C51EDF8A7F";"association-relationship";"association";"";"";"";"";"";"EAID_D8F2EAAD_7C80_4164_8171_C632F18A6742";"";"EAID_08000E15_8AA2_AE9A_89F0_262C7C061238";"09072026-00:43:48"
"598";"bevat";"bevat";"";"EAID_39267C88_D96E_44bc_8455_D598A21C8799";"association-relationship";"association";"";"";"";"";"6f0e6db2-3ca2-48db-a370-9aacdfcd4c29";"EAID_B18119D9_5BF8_498f_B9D3_ECCE7A770012";"";"EAID_DF63FBD0_DCA2_45bd_81E8_EE5E72D38EDE";"09072026-00:43:48"
"599";"bevat";"bevat";"";"EAID_177A8717_5D9F_42cf_8A0A_C7F570684B01";"association-relationship";"association";"";"";"";"";"c1559848-25e3-4bd0-bb39-286d0c4f5687";"EAID_F5434F00_CC0F_4d7b_91AE_20CBD3C60DFC";"";"EAID_A744FAF8_16B7_4e5d_9C10_203AA8E7C440";"09072026-00:43:48"
"600";"bevat";"bevat";"609f11d1-5fa7-4f92-a761-5241c95c0732";"EAID_736850D3_26DB_40a3_8AF1_9FC395F0266C";"association-relationship";"association";"";"";"";"";"71c5f929-bbab-484f-96c0-cc7a57c9dcf1";"EAID_081F7413_A4D0_49e7_98E2_E0F3F4299750";"17f80cfc-0137-4608-9977-eb645ae88729";"EAID_58656D46_644B_4779_A473_739C5636BA0A";"09072026-00:43:48"
"601";"bevat";"bevat";"";"EAID_4737BCD4_DF6F_4227_AB79_599CE2007080";"association-relationship";"association";"";"";"";"";"";"EAID_3120D398_95C1_42fe_B10F_4F3B6BF15D1A";"0833a871-2597-43ea-90e9-a0c4b5f53572";"EAID_1528D03C_4F22_4d6b_A44F_605802C195C4";"09072026-00:43:48"
"602";"bevat";"bevat";"eb3d047b-7ec6-4fed-8ac4-39a702a999a5";"EAID_5125EA2E_16E9_411b_A20F_802E0B335037";"association-relationship";"association";"";"";"";"";"f5c91145-fba4-47cb-aaf9-bb9c64e19a21";"EAID_A8945FD7_EA20_418e_8E7F_18F13F16E338";"38d8e66f-29f5-4387-b12f-1291ee266080";"EAID_E846CC36_DF4A_4398_AE4C_122CAFEBAEAA";"09072026-00:43:48"
"603";"bevat";"bevat";"";"EAID_F439C704_DBE5_4b8e_9E90_EC979F1F360D";"association-relationship";"association";"";"De unieke aanduidingen van de KADASTRALE ONROERENDE ZAAKen opgenomen in de Basis Registratie Kadaster die geheel of gedeeltelijk deel uitmaken van het WOZ-OBJECT.";"";"";"3f1aeea3-a5a8-4df6-af1e-51d5ef4ad32f";"EAID_CB7BA76D_0793_4d5a_9596_533C5BC56BBF";"8155eb9b-eb9e-4eec-a850-80c185983a9f";"EAID_9775E778_DBF8_4122_94CE_551466B62F46";"09072026-00:43:48"
"604";"bezit";"bezit";"";"EAID_C166A1FF_871F_4a0c_A556_D64840893524";"association-relationship";"association";"";"";"";"";"3991c605-2abb-4185-b7ce-1adf5966e3c7";"EAID_598F7015_C6B5_4eed_80A6_139B62324678";"";"EAID_1095BF0E_087F_4341_8B3C_E0DD4C9AF269";"09072026-00:43:48"
"605";"bezit";"bezit";"";"EAID_B98AB9C6_7293_45b7_B79C_2393E0237D12";"association-relationship";"association";"";"";"";"";"2a859087-fe7f-412a-b057-bf1e3f249a4c";"EAID_DAF09055_A5A6_4ff4_A158_21B20567B296";"";"EAID_03EFE25A_4FE5_1447_088D_262C4A161776";"09072026-00:43:48"
"606";"bezit";"bezit";"";"EAID_FB2504BA_3DEF_45eb_B581_79D4B7B6B7AA";"association-relationship";"association";"";"";"";"";"";"EAID_A2451674_6C19_4bf9_81F9_57CDE2F60144";"";"EAID_8D273DE5_3529_4652_BCA1_F86B28F26017";"09072026-00:43:48"
"607";"bezit";"bezit";"";"EAID_36EB4818_D2B7_4dc9_B3E3_9B4E71091C92";"association-relationship";"association";"";"";"";"";"";"EAID_A2451674_6C19_4bf9_81F9_57CDE2F60144";"";"EAID_DFD2814E_7D36_45e2_B082_2ED574A409E1";"09072026-00:43:48"
"608";"bezwaart";"bezwaart";"0676e672-3fe8-4f8f-b5dc-50528fc50328";"EAID_318C7F68_3C41_4539_981A_F0204B8BBE28";"association-relationship";"association";"De TENAAMSTELLING waarop een ZEKERHEIDSRECHT rust.";"De TENAAMSTELLING waarop een ZEKERHEIDSRECHT rust.";"<memo>";"";"0f33d06b-3e1f-4693-87af-2a5a9b739219";"EAID_3397A5B5_E789_46e6_8559_C528EA55F830";"429cbd2f-a86d-49d9-9c8a-0de67a7e7d3e";"EAID_2651D6E0_6AC8_43a8_A4F6_4706209BAC8E";"09072026-00:43:48"
"609";"biedt aan";"biedt aan";"fce13803-a978-44a4-a6dc-ab370f379522";"EAID_6918E1EE_EC2B_45c6_BC35_693CEB3C30F1";"association-relationship";"association";"";"";"";"";"113af80a-7e3e-41f6-8f79-8d0d48c4c257";"EAID_EA7FE08E_34F7_45d2_BE2E_E4E3B8333BF3";"dc97ebf4-61ee-47f6-a108-af6bb4a276f7";"EAID_75B4E818_5ECD_45c5_98F9_66F57FC6117E";"09072026-00:43:48"
"610";"bij";"bij";"";"EAID_F74AC804_79E6_40a6_992F_C50B4F045C90";"association-relationship";"association";"";"";"";"";"";"EAID_3BF6985C_06AB_4cfc_9A0E_5CC37C224245";"b403d1ab-a0ee-4ca0-befa-01bbc54bf403";"EAID_B60B8EF9_D1C0_4e36_BF9B_1C16F92518DD";"09072026-00:43:48"
"611";"bij";"bij";"5fc4be72-b743-4c94-894b-266587d6198b";"EAID_C3B463D6_BCFB_414c_9FDF_C5BFCDC7BC1B";"association-relationship";"association";"";"";"";"";"c7dda76d-bcdd-4b63-97dc-9d273b2f9092";"EAID_15910FE7_D323_45ff_AA7F_CE3C636CE953";"0310645e-6873-4cb3-93ec-734f0ac3323e";"EAID_1638F2AF_F1E8_4360_BA47_D975F2135168";"09072026-00:43:48"
"612";"binnen";"binnen";"0dc6dff9-0738-49ae-8c5f-4297aab0532e";"EAID_FA63C3E9_EFFC_4177_9ABF_894685F9E4D2";"association-relationship";"association";"";"";"";"";"1dc502a7-f60b-4950-92b1-9a7f8cdc471f";"EAID_9507EE24_6397_4a9c_B478_8C2899EC0BFB";"0a945e86-b4f2-45b2-855f-ed9fd0b4dca1";"EAID_B011D584_1E66_4a21_A9C4_C922A8763AB2";"09072026-00:43:48"
"613";"binnen";"binnen";"7dd266b1-eb9e-47fe-aba2-ada25370092f";"EAID_5F550A95_C5D4_49ad_9085_C03850713F40";"association-relationship";"association";"";"";"";"";"24693ea2-5032-4c71-a9c7-945b3ac90530";"EAID_FFAA30D3_91C2_44aa_B52D_B21C51DB0326";"fd2221c7-0cf4-47e1-a313-ec476a6592da";"EAID_137DECB4_F249_4039_B4F3_787852C4CB11";"09072026-00:43:48"
"614";"binnen programma";"binnen programma";"307494e0-e4c8-420f-b556-520c51d8901e";"EAID_60B21789_9C53_450d_80BD_78FED8978AFD";"association-relationship";"association";"";"";"";"";"5c865df8-3c62-4302-9a7b-eb5bd9ba6785";"EAID_0E19C86B_9088_41bd_9DD0_15094426570E";"e5933d4f-02b6-4851-a31e-8bc5b7cbaab6";"EAID_D857E285_1EA3_4ba3_9614_5FACAC8BA133";"09072026-00:43:48"
"615";"bovenliggend";"bovenliggend";"48a1e083-5ac5-4171-bdb4-46aae9660315";"EAID_E09C6849_4665_4bfe_83BA_D220F55E1139";"association-relationship";"association";"";"";"";"";"f96af00f-2933-42d0-aacf-58ccb4a0ef52";"EAID_9FBF9FB8_B28D_4733_8443_607B8498F446";"f96af00f-2933-42d0-aacf-58ccb4a0ef52";"EAID_9FBF9FB8_B28D_4733_8443_607B8498F446";"09072026-00:43:48"
"616";"bovenliggende activiteit";"bovenliggende activiteit";"fdf3d9e6-ff4f-48c3-a2cf-7cea7c0668f3";"EAID_4328D0AB_64ED_46a3_8820_42C6634E70EA";"association-relationship";"association";"";"";"";"";"8deec5da-a06a-4159-9b20-e9f9ff24674e";"EAID_8BE600D0_EBF4_475b_8801_F387A5D39009";"8deec5da-a06a-4159-9b20-e9f9ff24674e";"EAID_8BE600D0_EBF4_475b_8801_F387A5D39009";"09072026-00:43:48"
"617";"conform";"conform";"";"EAID_0D620AF9_0BBF_442d_B66B_9A0E84EFC078";"association-relationship";"association";"";"";"";"";"";"EAID_4A8E659E_F088_446d_8614_BA31B106A417";"d9f93ca7-e915-4c2d-93b8-821e8e2bcae2";"EAID_2C6C809D_28B0_4037_BBFA_3E438A2DF81D";"09072026-00:43:48"
"618";"contactpersonen";"contactpersonen";"";"EAID_98E54A02_6094_44ba_927B_2F06691C90BD";"association-relationship";"association";"";"";"";"";"";"EAID_3109FEF3_A1CB_4f50_800B_376A18465F9F";"";"EAID_A629ED5F_E919_6316_A279_92891F2325BB";"09072026-00:43:48"
"619";"contactpersoon";"contactpersoon";"8bcf88ff-0194-4b4f-ae96-53ded5e0bbbc";"EAID_67833708_CC3D_4af7_A5DA_A4B56B1D9C11";"association-relationship";"association";"";"";"";"";"6eaed538-bcc5-4648-b0f2-4c5095b9f514";"EAID_3D5CCB29_91E4_458e_8BCD_6741198E45B8";"cd27cd50-1721-4870-a292-ea0f24d1ada4";"EAID_9F4E12E4_B228_4931_AC83_1B1F60958A89";"09072026-00:43:48"
"620";"contractant";"contractant";"f2d16b20-b9cc-4a0e-bcec-bc6f6871128e";"EAID_A4596611_218A_45df_8EF8_096FCCD8114A";"association-relationship";"association";"";"";"";"";"113af80a-7e3e-41f6-8f79-8d0d48c4c257";"EAID_EA7FE08E_34F7_45d2_BE2E_E4E3B8333BF3";"f96af00f-2933-42d0-aacf-58ccb4a0ef52";"EAID_9FBF9FB8_B28D_4733_8443_607B8498F446";"09072026-00:43:48"
"621";"crediteur";"crediteur";"0a404aec-fad1-40e3-bb8f-ebd550b41544";"EAID_9A061D5D_22D5_445b_8DA5_907EF432D5FD";"association-relationship";"association";"";"";"";"";"e3c92496-53d2-473e-9643-9774cdda2891";"EAID_E1DA56C3_6ECA_4ec9_8CF4_FC57E1C43102";"113af80a-7e3e-41f6-8f79-8d0d48c4c257";"EAID_EA7FE08E_34F7_45d2_BE2E_E4E3B8333BF3";"09072026-00:43:48"
"622";"dienstverband conform functie";"dienstverband conform functie";"1e7266b7-d9a6-47e3-872d-e0632b602281";"EAID_B3C69ADB_9237_4bde_937C_8A9B873AD176";"association-relationship";"association";"";"";"";"";"a3e45dca-c075-4ba9-9df2-d286b47f73ab";"EAID_63FF86E2_1BB0_48f6_8D95_3D82E8D2FA06";"1f07a048-a6c6-4f10-be33-49327c1d37ec";"EAID_F29C11C1_477C_4b90_985C_43F94D08230A";"09072026-00:43:48"
"623";"dienstverlening";"dienstverlening";"";"EAID_2D9F50D9_C6AD_4c1d_9770_F60EA4DE9AB0";"association-relationship";"association";"";"";"";"";"";"EAID_A947042E_7CA6_44f8_902A_1C1185A391F6";"";"EAID_158BE97A_2031_437b_A5CC_637188EB9968";"09072026-00:43:48"
"624";"dienstverlening";"dienstverlening";"";"EAID_E8028461_42B8_4cd3_A3FA_B244697452FA";"association-relationship";"association";"";"";"";"";"";"EAID_A947042E_7CA6_44f8_902A_1C1185A391F6";"";"EAID_677992F0_3C05_43b6_82C7_4A7EA57EDFED";"09072026-00:43:48"
"625";"dient in";"dient in";"d95fa226-20d7-4592-8566-256692efc1ee";"EAID_89425B69_C330_426d_B0E5_9C8C5EF6310E";"association-relationship";"association";"";"";"";"";"8c200706-b80b-44f7-9928-bec39e0db21f";"EAID_BBBB63AC_B546_409b_B6D4_53DB561253B7";"93ffe408-fc04-407e-ad78-1afb51b5229e";"EAID_E611CEB2_F4FA_49e2_AA6B_B380BC1918AC";"09072026-00:43:48"
"626";"dient in";"dient in";"";"EAID_4FE9452E_CB92_4bce_AC0F_D2555EEE49EA";"association-relationship";"association";"";"";"";"";"6cc6afe6-e4c6-4e2b-a359-f278b23700db";"EAID_16EB3936_03CB_4854_9CD8_9F0911EEA51B";"";"EAID_7694A657_22D8_4b00_AAE2_A78EF014B43A";"09072026-00:43:48"
"627";"dient in";"dient in ";"3387f8ca-57f6-475c-8878-58a7bfb9341b";"EAID_A4AA28ED_CB05_48ee_A490_7E01CD0B7EA4";"association-relationship";"association";"";"";"";"";"c3a7596c-2303-4354-9f02-aa999d7fca47";"EAID_02BDED5E_9106_4aed_94C2_513689353284";"6f0e6db2-3ca2-48db-a370-9aacdfcd4c29";"EAID_B18119D9_5BF8_498f_B9D3_ECCE7A770012";"09072026-00:43:48"
"628";"documentatie";"documentatie";"";"EAID_1ED1613A_DE5F_4ee2_8356_4BB729911C69";"association-relationship";"usage";"";"";"";"";"4ebf7f05-0ff1-4d2e-aa62-879be7565dd7";"EAID_32C02923_EE3A_4553_B94B_31E0C273A829";"10eaa33f-03bf-42b4-9310-56add2cb5a7b";"EAID_5641C50A_C0FA_4e71_B07B_26C7B1CE94ED";"09072026-00:43:48"
"629";"doet";"doet";"58275d51-086a-43d6-a611-05db4d59b353";"EAID_1208CAFE_5505_4681_A175_BBF40F2DB352";"association-relationship";"association";"";"";"";"";"b8e4973e-2137-4bc5-8dc0-60041201a8aa";"EAID_066C9C37_0FAF_4239_8D7D_B7EBE42E4918";"6c992a39-ca0b-4d4c-b749-fe8167af540d";"EAID_2F2A3590_9B34_4ec5_B0AE_B487ED241155";"09072026-00:43:48"
"630";"doet";"doet";"dd25036d-5723-4eb9-a5b8-725b2d7d2eb0";"EAID_AB7D9C3F_6C1F_4347_B661_9BC162DC4C63";"association-relationship";"association";"";"";"";"";"6f57464b-d011-4a75-afe8-a69b543c042b";"EAID_BBE1DC54_1482_4650_BB7F_930DDB823E09";"4e149a77-4fcc-4f4a-ac18-b6655848b5c1";"EAID_30D5F6E6_DE8D_46b6_AC8A_6CA1391ADFF7";"09072026-00:43:48"
"631";"doet";"doet";"";"EAID_8B6E4D35_622B_47e1_B648_7960E48898CC";"association-relationship";"association";"";"";"";"";"62c91622-cc32-4560-8427-d00101f4847e";"EAID_16FB8171_A9ED_4027_A663_C035509501C8";"";"EAID_881F95F7_7096_49ab_B1CA_4D9FA93BB4A9";"09072026-00:43:48"
"632";"doet aanvraag";"doet aanvraag";"";"EAID_FDC54065_F9E7_4672_A9EB_6F0D15496F69";"association-relationship";"association";"";"";"";"";"2a859087-fe7f-412a-b057-bf1e3f249a4c";"EAID_DAF09055_A5A6_4ff4_A158_21B20567B296";"";"EAID_208D605F_BDE5_700A_13F6_281C3303691F";"09072026-00:43:48"
"633";"doet sollicitatiegesprek";"doet sollicitatiegesprek";"874f22ca-5ef2-4229-afea-dea76fd4b0f7";"EAID_5E83AD01_AAD7_4d8b_9F09_4180F84BF53B";"association-relationship";"association";"";"";"";"";"565033f9-9a69-4d65-ad37-f1d17ea3e937";"EAID_1D4DA0E6_DA20_4ff7_A415_B937712C6F6D";"8c200706-b80b-44f7-9928-bec39e0db21f";"EAID_BBBB63AC_B546_409b_B6D4_53DB561253B7";"09072026-00:43:48"
"634";"eigenaar";"eigenaar";"cbcb071b-9016-48f4-bed5-65bb65ec2d6e";"EAID_BE6176A2_C180_4e8e_8CA5_83E21A1A70CC";"association-relationship";"association";"";"";"";"";"686c0af1-67b2-42a4-8690-060705617c13";"EAID_01D90490_C76A_444a_BFCE_355AFC5FB012";"6cc6afe6-e4c6-4e2b-a359-f278b23700db";"EAID_16EB3936_03CB_4854_9CD8_9F0911EEA51B";"09072026-00:43:48"
"635";"fractie";"fractie";"f23df932-af41-4a2c-8cab-40f6f335bf6d";"EAID_9F46337A_7B77_464b_AAF3_E339F6D1E39A";"association-relationship";"association";"";"";"";"";"c7dda76d-bcdd-4b63-97dc-9d273b2f9092";"EAID_15910FE7_D323_45ff_AA7F_CE3C636CE953";"5b29c1f2-feeb-4e72-9b70-7a0a8bb374cc";"EAID_80A7D18F_7C7E_4ee6_9F07_055559BCEF9F";"09072026-00:43:48"
"636";"functie van formatieplaats";"functie van formatieplaats";"23114d50-cc20-4c06-8a9d-d83e485773ee";"EAID_FA8E1AC6_EB2C_4a69_A5B1_7F05B3CE3168";"association-relationship";"association";"";"";"";"";"bd504191-10c0-436a-b0e0-fd4858a7b67d";"EAID_81EFBDCE_E500_4090_A37A_D3F799517866";"1f07a048-a6c6-4f10-be33-49327c1d37ec";"EAID_F29C11C1_477C_4b90_985C_43F94D08230A";"09072026-00:43:48"
"637";"gaat langs";"gaat langs";"22676eb0-c93f-4c57-8034-08be3d2bb09b";"EAID_33F2F523_1BA7_4b83_A62D_19A8622465F5";"association-relationship";"association";"";"";"";"";"024bb42f-38cf-42ba-859d-184221eff16c";"EAID_55A58838_3877_4e76_B5BF_26C68FAD463D";"71b8f8f4-9789-4cab-9828-d508607188bf";"EAID_7F4E17A3_0EC2_4bee_B4E0_BFA26D653EB9";"09072026-00:43:48"
"638";"gaat over";"gaat over";"d859a3a2-abf7-4546-83f4-26b0ec430dca";"EAID_F25E2F97_F385_4f6f_9D5F_9BE78A352254";"association-relationship";"association";"";"";"";"";"3c8f512f-33ab-4e24-8ea4-820796359003";"EAID_8F1A719D_C89A_4194_8FF4_1F3E0F174D3D";"1fe5c807-e9a7-4f44-a2b6-816341875d6e";"EAID_FD701A55_6865_44aa_9A73_C46E02481796";"09072026-00:43:48"
"639";"gebaseerd op";"gebaseerd op";"";"EAID_631F8439_F29C_4a41_A8E3_4C52BBEA69A4";"association-relationship";"association";"";"";"";"";"1f07a048-a6c6-4f10-be33-49327c1d37ec";"EAID_F29C11C1_477C_4b90_985C_43F94D08230A";"";"EAID_E1C6E98B_20B2_43b0_8EC1_5C0905B3A139";"09072026-00:43:48"
"640";"gebruikt";"gebruikt";"a93c5af0-62e4-4ad1-b6c7-e69302a118b0";"EAID_2631E399_1628_4896_BFF1_21D643845E2C";"association-relationship";"association";"";"";"";"";"f2c26bb2-4c76-4b03-8ceb-6397b5a12ae8";"EAID_32DFC5DD_79D9_45d5_8F9D_7D5125961817";"a7a350a2-a9aa-4437-b67b-016fec0d048d";"EAID_BE5E10D0_FD83_4b0a_B5D2_4A7EE6B9C53B";"09072026-00:43:48"
"641";"gebruikt";"gebruikt";"28414585-0f94-4ef4-abca-744b848bf69d";"EAID_B5E7BB72_759A_457c_8CD9_6EDD0C20BFC5";"association-relationship";"association";"";"";"";"";"59d3efaa-a05f-477a-a271-49bac323939f";"EAID_852AD372_B353_49c2_A4E7_F87D8AA96AD7";"a7a350a2-a9aa-4437-b67b-016fec0d048d";"EAID_BE5E10D0_FD83_4b0a_B5D2_4A7EE6B9C53B";"09072026-00:43:48"
"642";"geclassificeerd als";"geclassificeerd als";"";"EAID_827C0C04_BB19_4cca_B2D2_F8F589124A38";"association-relationship";"association";"";"";"";"";"38d8e66f-29f5-4387-b12f-1291ee266080";"EAID_E846CC36_DF4A_4398_AE4C_122CAFEBAEAA";"";"EAID_81F207D0_A071_48c7_8C4C_25F8D25A3DE8";"09072026-00:43:48"
"643";"gedefinieerd door";"gedefinieerd door";"";"EAID_ABB18284_0742_4630_87C8_845B4D011157";"association-relationship";"association";"";"";"";"";"";"EAID_DF63FBD0_DCA2_45bd_81E8_EE5E72D38EDE";"";"EAID_B31B867F_061E_42d4_AB8A_DB5589602969";"09072026-00:43:48"
"644";"gedefinieerd door";"gedefinieerd door";"";"EAID_D04B4B9C_15D5_4421_A672_0AA90EE62A1B";"association-relationship";"association";"";"";"";"";"38d8e66f-29f5-4387-b12f-1291ee266080";"EAID_E846CC36_DF4A_4398_AE4C_122CAFEBAEAA";"";"EAID_A2451674_6C19_4bf9_81F9_57CDE2F60144";"09072026-00:43:48"
"645";"gedekt via";"gedekt via";"bb433ad9-9a31-4d28-9852-d80e0a02d258";"EAID_74E19019_808A_42c7_9881_B210F10203CC";"association-relationship";"association";"";"";"";"";"e3c92496-53d2-473e-9643-9774cdda2891";"EAID_E1DA56C3_6ECA_4ec9_8CF4_FC57E1C43102";"ede48ca8-4854-44b2-b549-0827bebf56ab";"EAID_A91E9C27_C4FA_4e1b_A4FF_8AE74ED9B7EB";"09072026-00:43:48"
"646";"geeft af";"geeft af";"dad433ba-88dc-49b2-b406-0717c75dd53c";"EAID_9C991608_E67B_4958_9121_DCA1082601CE";"association-relationship";"association";"";"";"";"";"17a0d019-c25e-4bba-ae64-f381da597376";"EAID_276E1BF9_E902_4303_A9E7_048627E0DC84";"c481e8b8-f7d7-4979-b767-ebf2a9b04712";"EAID_71D7E96D_641A_4b6a_A325_DED07C3B5836";"09072026-00:43:48"
"647";"gegenereerd door";"gegenereerd door";"3af4c872-89cf-4ab2-ae0f-d33724ac7f77";"EAID_6FA08DA1_3608_413b_BB96_7C6E57D04D0C";"association-relationship";"association";"";"";"";"";"1e352a4f-20de-4ef8-9f84-3f237cfe424e";"EAID_4B32C511_77E9_4ABD_8C02_6F9F336A7A9";"cb656c23-5e43-4f7d-9c06-ff5351911fdb";"EAID_DBE739FD_EBC4_4650_8A2B_714294A63A73";"09072026-00:43:48"
"648";"gegenereerd door";"gegenereerd door";"";"EAID_0FDD5ACC_8DFF_4160_B713_ADBE554DAD6B";"association-relationship";"association";"";"";"";"";"";"EAID_E4EEBD4D_A41E_4c9d_8099_CDA45BFF0056";"1e352a4f-20de-4ef8-9f84-3f237cfe424e";"EAID_4B32C511_77E9_4ABD_8C02_6F9F336A7A9";"09072026-00:43:48"
"649";"gegenereerd door";"gegenereerd door";"";"EAID_AAF78D58_50E2_4312_84C4_882D2B56C890";"association-relationship";"association";"";"";"";"";"";"EAID_E4EEBD4D_A41E_4c9d_8099_CDA45BFF0056";"cd399834-5112-4db5-9f37-9af4f8b3ed4e";"EAID_6B8DBBFB_03D7_4FD7_BBAB_3E7FBE60D97";"09072026-00:43:48"
"650";"gegenereerd door";"gegenereerd door";"";"EAID_EF57AC68_D09C_4941_A675_6A6B3FF10C6C";"association-relationship";"association";"";"";"";"";"";"EAID_E4EEBD4D_A41E_4c9d_8099_CDA45BFF0056";"33174f30-4409-42ef-9167-7288d8474e6e";"EAID_E89ECEBE_796F_4CB7_9E9F_860EBC21B4B";"09072026-00:43:48"
"651";"gekwalificeerd";"gekwalificeerd";"";"EAID_82CD954D_A9E0_4405_BE91_C15C3F01E6D6";"association-relationship";"association";"";"";"";"";"113af80a-7e3e-41f6-8f79-8d0d48c4c257";"EAID_EA7FE08E_34F7_45d2_BE2E_E4E3B8333BF3";"";"EAID_6CA060D0_C5AC_4b50_8B64_00DCAEA7EF48";"09072026-00:43:48"
"652";"geldig voor";"geldig voor";"6706ff35-e2fb-4fb3-b723-238f2865e114";"EAID_C198CD7E_8F34_4925_A08C_5788991A2148";"association-relationship";"association";"";"";"";"";"1486de79-ad71-4dce-8473-f23f1e9c436c";"EAID_FF448272_AB9D_4ec9_B4BE_E60E2552817A";"e5293eea-47b8-4091-8ac3-b28139a17c9f";"EAID_27219A32_3B52_4f54_AA67_A972F4B7D9D0";"09072026-00:43:48"
"653";"geldig voor";"geldig voor";"18e70682-6667-451e-b193-d1609ff5622e";"EAID_DEE1498F_CA3E_4bd2_9B38_E77E31049F0B";"association-relationship";"association";"";"";"";"";"4f840a95-77ba-47ae-b554-a00db6f905b4";"EAID_F6D7A83B_30BC_44f4_91E2_74C04DCE87AE";"0310645e-6873-4cb3-93ec-734f0ac3323e";"EAID_1638F2AF_F1E8_4360_BA47_D975F2135168";"09072026-00:43:48"
"654";"geldt voor";"geldt voor";"ba2e8b85-1d5f-44e0-9801-019daffb37de";"EAID_AD68C58D_5F48_46ef_A232_5E5F1FEAE956";"association-relationship";"association";"";"";"";"";"6f20ada6-28e9-4358-9b66-1575021ee431";"EAID_DDFF98D8_99FF_47b5_82D1_7FF2376750D6";"8deec5da-a06a-4159-9b20-e9f9ff24674e";"EAID_8BE600D0_EBF4_475b_8801_F387A5D39009";"09072026-00:43:48"
"655";"geldt voor";"geldt voor";"fb203006-0de3-44a5-b354-76071265a2ea";"EAID_4E6B1E63_7D1A_4101_8409_9C024DAED35E";"association-relationship";"association";"";"";"";"";"17f80cfc-0137-4608-9977-eb645ae88729";"EAID_58656D46_644B_4779_A473_739C5636BA0A";"f1220c91-e576-4a25-9cdb-0a2b991ae362";"EAID_79284529_B817_4e3f_BE51_AEAFC60BDE44";"09072026-00:43:48"
"656";"geleverd via";"geleverd via";"b290e8c7-fa40-4d2c-8207-10498650a786";"EAID_2D7DFEB4_3B70_4079_A901_DC9F424EF009";"association-relationship";"association";"";"";"";"";"6cc6afe6-e4c6-4e2b-a359-f278b23700db";"EAID_16EB3936_03CB_4854_9CD8_9F0911EEA51B";"113af80a-7e3e-41f6-8f79-8d0d48c4c257";"EAID_EA7FE08E_34F7_45d2_BE2E_E4E3B8333BF3";"09072026-00:43:48"
"657";"geleverde prestatie";"geleverde prestatie";"fa32d1d7-38c4-41fb-ab67-2f2dfe475477";"EAID_1AB8DE4C_D59A_4be0_BB17_4337950922D9";"association-relationship";"association";"";"";"";"";"cc667191-bb35-45a0-a231-504b663b70f1";"EAID_F0CE97B6_3004_4424_A0AA_5034BC0144D1";"c481e8b8-f7d7-4979-b767-ebf2a9b04712";"EAID_71D7E96D_641A_4b6a_A325_DED07C3B5836";"09072026-00:43:48"
"658";"geleverde zorg";"geleverde zorg";"2c222699-987d-4190-bd80-bece7b3ba1b3";"EAID_83C1A430_8D5D_484e_8D45_00CD5B692BCB";"association-relationship";"association";"";"";"";"";"cc667191-bb35-45a0-a231-504b663b70f1";"EAID_F0CE97B6_3004_4424_A0AA_5034BC0144D1";"53cc8281-81c1-40c8-901d-2751e34ea367";"EAID_01ECE551_A7B0_4b99_B6E7_F654D6AC15D5";"09072026-00:43:48"
"659";"gelost";"gelost";"e335bc38-a3ce-4274-8168-bbe36f12f7cc";"EAID_99AE0490_31AD_4cde_9104_15B00595495C";"association-relationship";"association";"";"";"";"";"21e043b1-6d0c-4fd0-ac07-fd854ed8b9df";"EAID_9079F098_1084_4484_ACCC_6C6C07043193";"a9b50546-d72d-4e60-8da5-184a27a626c5";"EAID_7D3D98F0_664C_4605_9D95_F68C88ECBA9A";"09072026-00:43:48"
"660";"gen";"gen";"";"EAID_35F919C6_41A9_4378_BB5F_DE485D97B71D";"specialization-relationship";"generalization";"";"";"";"";"";"EAID_E194EC08_CD47_4429_9598_FDA0AF9E3C2A";"";"EAID_DD9C65D4_0B47_4623_9BE4_6CE711DB846E";"09072026-00:43:48"
"661";"gen";"gen";"";"EAID_F495EEAD_2FEC_4212_9E5E_318C4060C744";"specialization-relationship";"generalization";"";"";"";"";"";"EAID_5CA681BF_8AC1_4161_921F_F5F78C9DB65F";"";"EAID_DD9C65D4_0B47_4623_9BE4_6CE711DB846E";"09072026-00:43:48"
"662";"generaliseert";"generaliseert";"";"EAID_1726ECFE_ADAE_1D4B_065F_281C33035361";"specialization-relationship";"generalization";"";"";"";"";"";"EAID_15A983E0_2529_75FE_4ED9_281C3303D234";"";"EAID_1CC0F3FE_888E_945B_4A20_28C0F7424D4C";"09072026-00:43:48"
"663";"generaliseert";"generaliseert";"";"EAID_170F5751_4895_1129_2D0B_281C3303E890";"specialization-relationship";"generalization";"";"";"";"";"";"EAID_1361003F_38E9_A2A7_3128_281C33031270";"";"EAID_1CC0F3FE_888E_945B_4A20_28C0F7424D4C";"09072026-00:43:48"
"664";"gerealiseerd door";"gerealiseerd door";"ae38e5c7-c18a-422c-b779-a4831127cbc3";"EAID_C4F076A9_6FD3_4ea4_9AEA_AEEDF986D4D8";"association-relationship";"association";"";"";"";"";"e1be07bf-e9fb-488e-9b03-785b44167e43";"EAID_A110896B_0CAD_46cf_9226_840DEE3328F0";"a13ea500-9135-4985-a718-c56240860c46";"EAID_C5AA8835_219D_4bfa_85EF_8BA45F732BCD";"09072026-00:43:48"
"665";"gerelateerd";"gerelateerd";"f5946143-7fe9-4b76-96d0-0fd4ee27945e";"EAID_7912F892_8D2F_464d_BE9D_E90D1CEEA7DE";"association-relationship";"association";"";"";"";"";"8155eb9b-eb9e-4eec-a850-80c185983a9f";"EAID_9775E778_DBF8_4122_94CE_551466B62F46";"8155eb9b-eb9e-4eec-a850-80c185983a9f";"EAID_9775E778_DBF8_4122_94CE_551466B62F46";"09072026-00:43:48"
"666";"gerelateerd";"gerelateerd";"2c4493db-1381-4009-a8d2-ac76d062979c";"EAID_B23EDC61_B59E_4366_A6D7_038C24AE04CF";"association-relationship";"association";"";"";"";"";"ede48ca8-4854-44b2-b549-0827bebf56ab";"EAID_A91E9C27_C4FA_4e1b_A4FF_8AE74ED9B7EB";"ede48ca8-4854-44b2-b549-0827bebf56ab";"EAID_A91E9C27_C4FA_4e1b_A4FF_8AE74ED9B7EB";"09072026-00:43:48"
"667";"gerelateerdObjecttype";"gerelateerdObjecttype";"";"EAID_3DEBAD4B_F4C6_42fc_9CC3_25E496DE744B";"association-relationship";"association";"";"";"";"";"";"EAID_DFD2814E_7D36_45e2_B082_2ED574A409E1";"";"EAID_A2451674_6C19_4bf9_81F9_57CDE2F60144";"09072026-00:43:48"
"668";"gerelateerde activiteit";"gerelateerde activiteit";"1d7b5c35-7559-47bf-a405-aa2fe13b7db9";"EAID_1E3E1DDF_D648_4c8d_9142_623182ED7701";"association-relationship";"association";"";"";"";"";"8deec5da-a06a-4159-9b20-e9f9ff24674e";"EAID_8BE600D0_EBF4_475b_8801_F387A5D39009";"8deec5da-a06a-4159-9b20-e9f9ff24674e";"EAID_8BE600D0_EBF4_475b_8801_F387A5D39009";"09072026-00:43:48"
"669";"gericht aan";"gericht aan";"e15e61bc-8b8f-4744-88fd-577d54c6c3d4";"EAID_235922D5_16F9_4ecb_A43A_0E2D7BE8D5DC";"association-relationship";"association";"";"";"";"";"16b98915-5c5e-4933-bfc0-9db634c47acb";"EAID_BB182A6F_6935_4702_ABEA_B96E32A40B02";"113af80a-7e3e-41f6-8f79-8d0d48c4c257";"EAID_EA7FE08E_34F7_45d2_BE2E_E4E3B8333BF3";"09072026-00:43:48"
"670";"gericht aan";"gericht aan";"74d8a9ff-91f7-419e-a78d-86de0f668751";"EAID_6F34B2D2_6257_4faa_87EE_E38F35C9B1A0";"association-relationship";"association";"";"";"";"";"1b3c3c06-c7e9-40c0-8fa1-dbbc3c23152f";"EAID_1EF1AC66_9563_4cdd_AE78_0878D651907A";"113af80a-7e3e-41f6-8f79-8d0d48c4c257";"EAID_EA7FE08E_34F7_45d2_BE2E_E4E3B8333BF3";"09072026-00:43:48"
"671";"geschikt voor";"geschikt voor";"61658ee2-cd30-42d1-a9cc-7502be064be9";"EAID_36405EF9_1834_4820_AC14_E948C8E501CA";"association-relationship";"association";"";"";"";"";"a9b50546-d72d-4e60-8da5-184a27a626c5";"EAID_7D3D98F0_664C_4605_9D95_F68C88ECBA9A";"5b29c1f2-feeb-4e72-9b70-7a0a8bb374cc";"EAID_80A7D18F_7C7E_4ee6_9F07_055559BCEF9F";"09072026-00:43:48"
"672";"geschikt voor";"geschikt voor";"";"EAID_F27204F9_AFF0_431a_A5C8_66A1A1736ED1";"association-relationship";"association";"";"";"";"";"b8e3111b-1993-4490-bdf4-f8eca8add712";"EAID_9A422266_783E_4f48_9B12_F442C1B22A45";"";"EAID_0A7769C7_FE3E_45eb_A644_22E5CB207B42";"09072026-00:43:48"
"673";"gestopt op";"gestopt op";"7856d520-bd07-40d4-bdb0-78d4fab2a88d";"EAID_90CF5882_E7C6_47d8_BC38_F44A69FF7F31";"association-relationship";"association";"";"";"";"";"21e043b1-6d0c-4fd0-ac07-fd854ed8b9df";"EAID_9079F098_1084_4484_ACCC_6C6C07043193";"71b8f8f4-9789-4cab-9828-d508607188bf";"EAID_7F4E17A3_0EC2_4bee_B4E0_BFA26D653EB9";"09072026-00:43:48"
"674";"gewijzigd door";"gewijzigd door";"554a409c-5d6a-4c67-b919-b164424b38ee";"EAID_CD55CE9B_6C1C_4e74_BD88_3187ADD85856";"association-relationship";"association";"";"";"";"";"6cc6afe6-e4c6-4e2b-a359-f278b23700db";"EAID_16EB3936_03CB_4854_9CD8_9F0911EEA51B";"563fd27c-7299-4311-8f40-60a95b9da4b5";"EAID_999725EE_737F_410e_906B_9865EBED3597";"09072026-00:43:48"
"675";"gezaghebbende";"gezaghebbende";"";"EAID_0D87F27E_E5EB_43a3_878B_AFB68A1EBFF8";"association-relationship";"association";"";"";"";"";"e1371e07-969e-4a34-be81-0a23ffd541dd";"EAID_AF9534B0_7CBD_4061_9276_A7B6698B383A";"";"EAID_C18BB25F_536F_4b80_BC7C_7855DF2D7389";"09072026-00:43:48"
"676";"gezaghebbende";"gezaghebbende";"";"EAID_D21F5811_E606_4d58_944D_BC16655D3C52";"association-relationship";"association";"";"";"";"";"6eaed538-bcc5-4648-b0f2-4c5095b9f514";"EAID_3D5CCB29_91E4_458e_8BCD_6741198E45B8";"";"EAID_C18BB25F_536F_4b80_BC7C_7855DF2D7389";"09072026-00:43:48"
"677";"heeft";"heeft";"";"EAID_1BA529A4_6911_43a1_8342_7ADBDD69FBA5";"association-relationship";"association";"";"";"";"";"f14fa1cf-f2c7-4bd6-862d-28ff1616a882";"EAID_8E6BAEF8_1878_400f_9244_23575BD41EAB";"";"EAID_FDEB42B6_5D93_46bf_9B5C_10F42BA4AC26";"09072026-00:43:48"
"678";"heeft";"heeft";"";"EAID_116E1177_D516_4939_8514_6C0A46BA1885";"association-relationship";"association";"";"";"";"";"";"EAID_94E2B19A_6942_4164_8A52_3C0BBDE45808";"ce320796-17d5-4134-ade8-7b87211272dd";"EAID_7F9392E5_6E43_4880_AF14_819E32A86204";"09072026-00:43:48"
"679";"heeft";"heeft";"";"EAID_86265665_697C_4a7e_B3D4_EA2DCDD7E379";"association-relationship";"association";"";"";"";"";"";"EAID_7210A379_17EE_4143_A106_ECD9414B2A0D";"";"EAID_03B4B3C0_3616_4ea2_A8B1_3D6754325F02";"09072026-00:43:48"
"680";"heeft";"heeft";"";"EAID_F473FC6F_A3A3_4fb0_84E8_46E74F004E84";"association-relationship";"association";"";"";"";"";"";"EAID_0DB447E3_B31B_4f07_8E35_7E77D0AAEF80";"";"EAID_03B4B3C0_3616_4ea2_A8B1_3D6754325F02";"09072026-00:43:48"
"681";"heeft";"heeft";"91131787-f1a8-4dab-9928-847883769e13";"EAID_744F71E2_CC6B_48ae_9683_DCAC2E276019";"association-relationship";"association";"";"";"";"";"e623ef14-c4de-498b-9504-5bb6fa4ce0de";"EAID_252C70B1_4E02_4033_B2B5_86F65496D7AB";"f2c26bb2-4c76-4b03-8ceb-6397b5a12ae8";"EAID_32DFC5DD_79D9_45d5_8F9D_7D5125961817";"09072026-00:43:48"
"682";"heeft";"heeft";"542ac4e6-1142-4861-9cb9-b2baf257dce9";"EAID_BC9B933D_E53D_4637_A451_AB7BC45BC048";"association-relationship";"association";"";"";"";"";"e2ea124f-56ce-4614-9e32-0f13371a5ede";"EAID_266057AF_58BD_42e1_B4D5_16EB266B9B7A";"e623ef14-c4de-498b-9504-5bb6fa4ce0de";"EAID_252C70B1_4E02_4033_B2B5_86F65496D7AB";"09072026-00:43:48"
"683";"heeft";"heeft";"4a4bd0fb-7e88-491e-98fb-00695205e875";"EAID_5DBF09CA_CB0A_42e4_A90A_3BAAD6B7E95E";"association-relationship";"association";"";"";"";"";"e09e0c4d-1c6f-474b-8abc-7fd36f6fd699";"EAID_B8584CD2_A54A_4a59_82B6_A597A0864CFA";"f2c26bb2-4c76-4b03-8ceb-6397b5a12ae8";"EAID_32DFC5DD_79D9_45d5_8F9D_7D5125961817";"09072026-00:43:48"
"684";"heeft";"heeft";"63eb75bc-0ca6-458b-8db8-bb510dceacde";"EAID_0B21C716_7F3E_42e6_89D6_631C6ADCD215";"association-relationship";"association";"";"";"";"";"e2ea124f-56ce-4614-9e32-0f13371a5ede";"EAID_266057AF_58BD_42e1_B4D5_16EB266B9B7A";"e09e0c4d-1c6f-474b-8abc-7fd36f6fd699";"EAID_B8584CD2_A54A_4a59_82B6_A597A0864CFA";"09072026-00:43:48"
"685";"heeft";"heeft";"935df1ac-de50-4a3d-b4c7-18c8b7fe33eb";"EAID_E0BB1B06_DD1A_4a88_B7F2_D426177F8198";"association-relationship";"association";"";"";"";"";"5e8930d4-8f06-4075-bf2b-31f45ee86dbc";"EAID_CFFD5F20_5FA9_4d93_AD34_6867D64A58B9";"f2c26bb2-4c76-4b03-8ceb-6397b5a12ae8";"EAID_32DFC5DD_79D9_45d5_8F9D_7D5125961817";"09072026-00:43:48"
"686";"heeft";"heeft";"688148c1-ca9a-499a-b723-fb6d1a6cb731";"EAID_333AC8C9_7443_4a49_A875_297B65FC944C";"association-relationship";"association";"";"";"";"";"e2ea124f-56ce-4614-9e32-0f13371a5ede";"EAID_266057AF_58BD_42e1_B4D5_16EB266B9B7A";"5e8930d4-8f06-4075-bf2b-31f45ee86dbc";"EAID_CFFD5F20_5FA9_4d93_AD34_6867D64A58B9";"09072026-00:43:48"
"687";"heeft";"heeft";"2f206e80-b8d1-4bb3-a814-75d6c7351dd9";"EAID_2DC85C4C_48E2_4017_809C_20F8347288FF";"association-relationship";"association";"";"";"";"";"e2ea124f-56ce-4614-9e32-0f13371a5ede";"EAID_266057AF_58BD_42e1_B4D5_16EB266B9B7A";"7fd9ee36-f8f5-48a1-ba76-b68030cf07c2";"EAID_E8301577_1A49_43cf_A2CA_0F042584EBB3";"09072026-00:43:48"
"688";"heeft";"heeft";"78dc9a20-d3a5-438e-a6f1-72220430ef25";"EAID_32D089B1_51D3_4720_B2BC_E5475EE62FA3";"association-relationship";"association";"";"";"";"";"e2ea124f-56ce-4614-9e32-0f13371a5ede";"EAID_266057AF_58BD_42e1_B4D5_16EB266B9B7A";"153ea543-3a96-4878-b661-f7c3d0f07d20";"EAID_F47ACE79_C476_479f_A3A3_729E65AF3D32";"09072026-00:43:48"
"689";"heeft";"heeft";"4f43d038-9ae5-4ee3-b9cc-5c2916001bda";"EAID_901A3590_2010_4e3f_954C_A0A3D9E7AF28";"association-relationship";"association";"";"";"";"";"e2ea124f-56ce-4614-9e32-0f13371a5ede";"EAID_266057AF_58BD_42e1_B4D5_16EB266B9B7A";"b83efc57-9184-4405-8c23-fbcabe7577b4";"EAID_133AF611_9FA0_4a09_BF12_74C5FA5F6F60";"09072026-00:43:48"
"690";"heeft";"heeft";"";"EAID_CED5C094_5222_4347_9FE1_7D5B2DECA3DD";"association-relationship";"association";"";"";"";"";"f2c26bb2-4c76-4b03-8ceb-6397b5a12ae8";"EAID_32DFC5DD_79D9_45d5_8F9D_7D5125961817";"";"EAID_8AF9FAE6_13D8_484d_97F5_2A3839BC8618";"09072026-00:43:48"
"691";"heeft";"heeft";"3bfc5f88-2f56-40d8-9474-d7ec9148e40c";"EAID_234C124E_EB86_4555_93EC_22588C3A17A4";"association-relationship";"association";"";"";"";"";"f2c26bb2-4c76-4b03-8ceb-6397b5a12ae8";"EAID_32DFC5DD_79D9_45d5_8F9D_7D5125961817";"b83efc57-9184-4405-8c23-fbcabe7577b4";"EAID_133AF611_9FA0_4a09_BF12_74C5FA5F6F60";"09072026-00:43:48"
"692";"heeft";"heeft";"d28bf26b-b41d-429e-b33d-1e5ea07896c1";"EAID_4610B0AB_0D86_42ab_9619_8B78B5EAB332";"association-relationship";"association";"";"";"";"";"8d356375-d2fe-4939-8ed7-f1403fa8c96e";"EAID_E42A32F7_262F_4005_9EB9_4674B76E8825";"6df26100-0a75-447d-a8f1-5a87adeea7ef";"EAID_836E51BF_65E9_4482_B555_C9AB737D264D";"09072026-00:43:48"
"693";"heeft";"heeft";"cfc132d3-e4ae-4cd0-9ded-a5cacbb7429d";"EAID_754FC6C1_D7B3_4b3d_9991_8DD4AA00CCC1";"association-relationship";"association";"";"";"";"";"8d356375-d2fe-4939-8ed7-f1403fa8c96e";"EAID_E42A32F7_262F_4005_9EB9_4674B76E8825";"6897cf81-2661-4676-80b2-588cb1f4e42d";"EAID_E11FDCA7_7538_4353_83FF_72164D928452";"09072026-00:43:48"
"694";"heeft";"heeft";"";"EAID_9DE067E7_2305_4f08_86EA_E5AF550E336F";"association-relationship";"association";"";"";"";"";"";"EAID_382D408F_41A3_49d2_9F66_DFFA6C75590D";"ba16f72b-26d0-4f28-be3d-68a3155dca65";"EAID_4C1543FD_250B_4291_9B23_BC9D3D9C0C4A";"09072026-00:43:48"
"695";"heeft";"heeft";"0a872c1c-01be-410d-8655-8a44059a6245";"EAID_7356FAC0_F183_494b_948D_5DFC47CC5522";"association-relationship";"association";"";"";"";"";"8d356375-d2fe-4939-8ed7-f1403fa8c96e";"EAID_E42A32F7_262F_4005_9EB9_4674B76E8825";"6ace770c-ac42-4d79-bd84-145f77968360";"EAID_17286CE1_21F2_454b_95A6_3E4C0C6E2453";"09072026-00:43:48"
"696";"heeft";"heeft";"b8bb3085-75f0-4755-9941-b168b0e93e95";"EAID_E1790157_80B5_4537_BEDB_FB6A0AEB3A56";"association-relationship";"association";"";"";"";"";"6ace770c-ac42-4d79-bd84-145f77968360";"EAID_17286CE1_21F2_454b_95A6_3E4C0C6E2453";"c74cb377-1926-4afd-a50d-14b2643b04b2";"EAID_0644BD52_8C2B_462d_94B9_9C99908952F5";"09072026-00:43:48"
"697";"heeft";"heeft";"fb21cd8a-b977-413c-b829-586b114fa9d6";"EAID_C1012227_462A_41ec_AF20_53B78105C045";"association-relationship";"association";"";"";"";"";"3f6a41fd-293f-4f84-a449-1daa26b8a757";"EAID_14939C33_2DCE_41bf_A2BE_FF1EDD292FE7";"f7d73677-6a8a-4921-acfc-590e3bf6cb26";"EAID_8417459E_2193_44a2_A1AC_38C39EA93CBF";"09072026-00:43:48"
"698";"heeft";"heeft";"35412e48-6dfd-4e80-8ad5-de25a07abdc4";"EAID_65B9846F_78F1_46f7_B8BB_7A022AB7FEA2";"association-relationship";"association";"";"";"";"";"c74cb377-1926-4afd-a50d-14b2643b04b2";"EAID_0644BD52_8C2B_462d_94B9_9C99908952F5";"3f6a41fd-293f-4f84-a449-1daa26b8a757";"EAID_14939C33_2DCE_41bf_A2BE_FF1EDD292FE7";"09072026-00:43:48"
"699";"heeft";"heeft";"9841bc5a-f561-4903-a686-d19bdc774366";"EAID_9E33A846_9576_4387_8887_CF26687CAA07";"association-relationship";"association";"";"";"";"";"f7d73677-6a8a-4921-acfc-590e3bf6cb26";"EAID_8417459E_2193_44a2_A1AC_38C39EA93CBF";"fc805177-e231-40eb-8f59-0fb3bdc896a1";"EAID_F8283401_70F8_41b8_A97C_32A9074AD4B1";"09072026-00:43:48"
"700";"heeft";"heeft";"1db78a57-8af9-42db-be9e-d49dabe7aff7";"EAID_B592184C_6739_49fe_9E13_B8D972C049AA";"association-relationship";"association";"";"";"";"";"6b072b67-e13f-422e-9e5c-068deb532aad";"EAID_E09E5B44_4D39_455a_B0A5_390A63AC0C43";"be17bc1c-f653-4b92-8f97-9e9219502be5";"EAID_9AE5BCE3_AD6D_4241_9651_823400E3745F";"09072026-00:43:48"
"701";"heeft";"heeft";"";"EAID_0520C4AE_A1CB_4bc1_A3C2_F5763CB45D1B";"association-relationship";"association";"";"";"";"";"7b7d7585-b081-4bcc-a39e-cf6b3803799a";"EAID_369E453B_4C3A_48dc_9619_C36232B339D9";"";"EAID_FEFE9DBE_921F_4cc4_99C5_972A9C5F4C6E";"09072026-00:43:48"
"702";"heeft";"heeft";"65e5b313-dcf0-4e7b-8a37-005cc3cfe5d4";"EAID_2A8819BB_D6B0_4dbf_BE82_21CAD5A21361";"association-relationship";"association";"";"";"";"";"7b7d7585-b081-4bcc-a39e-cf6b3803799a";"EAID_369E453B_4C3A_48dc_9619_C36232B339D9";"0d7e9bb5-b865-4599-aa6d-6cac9fd2185b";"EAID_59CF7225_3D61_42e2_A399_7EB13450D97D";"09072026-00:43:48"
"703";"heeft";"heeft";"";"EAID_2C2606E9_7715_4136_A6A2_67CBD99E13A6";"association-relationship";"association";"";"";"";"";"7b7d7585-b081-4bcc-a39e-cf6b3803799a";"EAID_369E453B_4C3A_48dc_9619_C36232B339D9";"";"EAID_D7947186_4317_407b_A456_41DF5187E810";"09072026-00:43:48"
"704";"heeft";"heeft";"";"EAID_93326F4C_59F0_4858_82A9_04FE93151B7F";"association-relationship";"association";"";"";"";"";"7b7d7585-b081-4bcc-a39e-cf6b3803799a";"EAID_369E453B_4C3A_48dc_9619_C36232B339D9";"";"EAID_B61986A2_B8E7_4e69_AD55_E61771FDEEB4";"09072026-00:43:48"
"705";"heeft";"heeft";"582fc94e-c593-4a43-90c4-1ba1d4aab9ad";"EAID_BC9161A8_B949_418c_8460_7BE95515134F";"association-relationship";"association";"";"";"";"";"7b7d7585-b081-4bcc-a39e-cf6b3803799a";"EAID_369E453B_4C3A_48dc_9619_C36232B339D9";"b4652813-e293-416c-9ff0-c254fcd6fd83";"EAID_7A080605_07C5_4947_9B35_BC6EBE2041FA";"09072026-00:43:48"
"706";"heeft";"heeft";"";"EAID_88AEF29B_D906_4ba5_B394_135C20D857EF";"association-relationship";"association";"";"";"";"";"28b74cdd-2459-4a6e-ba6d-813ac7b9b811";"EAID_604A6143_DE7F_4950_B3D4_DFB88C7F4670";"";"EAID_78DA1B42_4AF8_4650_81A0_7F2C3A450B3D";"09072026-00:43:48"
"707";"heeft";"heeft";"";"EAID_5A187491_2E2F_4344_A191_E6973A644E4E";"association-relationship";"association";"";"";"";"";"";"EAID_CA844994_4AAE_417f_82A3_31CA5432237A";"";"EAID_D9693C25_0F66_4504_BE2B_4BBF66071026";"09072026-00:43:48"
"708";"heeft";"heeft";"";"EAID_0F2A93BC_D421_4e98_A566_CD5F2C347D4E";"association-relationship";"association";"";"";"";"";"";"EAID_78DA1B42_4AF8_4650_81A0_7F2C3A450B3D";"";"EAID_CA844994_4AAE_417f_82A3_31CA5432237A";"09072026-00:43:48"
"709";"heeft";"heeft";"8eac410d-1f63-4549-b772-04c1a6c9ed9c";"EAID_228716A3_A8CB_429c_9478_21776C4D879F";"association-relationship";"association";"";"";"";"";"b9283c74-797a-4a79-83a7-ca5619ef8b1d";"EAID_A1C60F39_3074_4d1c_A37D_5F431F54DF92";"88554f73-87e4-45e5-999e-4b5d029f15a9";"EAID_11AB7925_5C96_4615_92F6_4055935221A0";"09072026-00:43:48"
"710";"heeft";"heeft";"";"EAID_6CA0E96C_37E6_4bed_87B2_D060CCE29539";"association-relationship";"association";"";"";"";"";"2a859087-fe7f-412a-b057-bf1e3f249a4c";"EAID_DAF09055_A5A6_4ff4_A158_21B20567B296";"id-a0f8e790-518a-4717-88c2-1143de9f944a";"EAID_A0F8E790_518A_4717_88C2_1143DE9F944A";"09072026-00:43:48"
"711";"heeft";"heeft";"56d90813-2964-425d-90e5-3578eb6a3d3a";"EAID_1A5D69CD_5B2F_4164_8535_0652847B151E";"association-relationship";"association";"";"";"";"";"a0f96391-4935-4c7a-be2b-2fa1b00da57f";"EAID_F2DBE01F_7535_4f26_9DF2_081EF8632F36";"cd27cd50-1721-4870-a292-ea0f24d1ada4";"EAID_9F4E12E4_B228_4931_AC83_1B1F60958A89";"09072026-00:43:48"
"712";"heeft";"heeft";"";"EAID_650953B3_10A4_4a3e_A10F_D9D839FE0701";"association-relationship";"association";"";"";"";"";"38610e76-2c3e-429a-b30b-1fd21f05c8fc";"EAID_975C3DA3_930A_49d8_B54F_2A560DC2AD5A";"";"EAID_F35DA519_FA0C_48ae_9EFC_C4EBEC4BF144";"09072026-00:43:48"
"713";"heeft";"heeft";"adfd5f13-ef86-489e-9c94-a6aa4b5a425f";"EAID_00B936E5_0468_4bdf_9016_63374762D9CE";"association-relationship";"association";"";"";"";"";"2a859087-fe7f-412a-b057-bf1e3f249a4c";"EAID_DAF09055_A5A6_4ff4_A158_21B20567B296";"75a56fd7-b2b2-4a08-9b09-8235d4592cae";"EAID_5A367DA9_DE05_4b3b_954D_24271FD4FB76";"09072026-00:43:48"
"714";"heeft";"heeft";"";"EAID_FA64AD6E_C1D7_467a_8DCA_B830A678F036";"association-relationship";"association";"";"";"";"";"a842e972-764b-4dd8-ad79-f537d4e68565";"EAID_57F01465_EE56_4c33_9BD9_8DB351A2C530";"";"EAID_51A266C7_3BDA_457c_9A32_CD1B166CA5BF";"09072026-00:43:48"
"715";"heeft";"heeft";"b3ecd0eb-a0d4-46c6-bd3e-ac3e0ca1a18d";"EAID_A9B9419C_C849_441a_86D8_3AC45CE560D3";"association-relationship";"association";"";"";"";"";"8ffe8caf-2af7-47e5-acc5-c4e6fd5f38b1";"EAID_EAAF2F59_6BC0_4243_B126_A8E604B32C5E";"a842e972-764b-4dd8-ad79-f537d4e68565";"EAID_57F01465_EE56_4c33_9BD9_8DB351A2C530";"09072026-00:43:48"
"716";"heeft";"heeft";"";"EAID_82DF0B8F_A0F0_4ad7_B346_87B8E4BEED4B";"association-relationship";"association";"";"";"";"";"b0cd75ba-28f2-4950-bb79-6ceb662eb6fa";"EAID_EE5472C2_193E_4432_B175_78D6DF1D357B";"";"EAID_F188F63C_0033_4164_9F73_413AE6943497";"09072026-00:43:48"
"717";"heeft";"heeft";"";"EAID_228DEC20_E504_4c49_B1AF_0B4637DCCADB";"association-relationship";"association";"";"";"";"";"b0cd75ba-28f2-4950-bb79-6ceb662eb6fa";"EAID_EE5472C2_193E_4432_B175_78D6DF1D357B";"";"EAID_CEAAEBFB_9CB8_4c5e_98F7_11791C0A21D2";"09072026-00:43:48"
"718";"heeft";"heeft";"";"EAID_A2DD3BA5_80F4_4454_B90B_BDD529FA2949";"association-relationship";"association";"";"";"";"";"b0cd75ba-28f2-4950-bb79-6ceb662eb6fa";"EAID_EE5472C2_193E_4432_B175_78D6DF1D357B";"";"EAID_AE33D54A_A105_4fac_B378_D5651B66F0F0";"09072026-00:43:48"
"719";"heeft";"heeft";"";"EAID_88DB8E16_976E_45bc_A3F9_D17297A9CD71";"association-relationship";"association";"";"";"";"";"";"EAID_E2C66E88_930E_460f_93F8_8CD160DCEE15";"";"EAID_E07490AD_C5DE_4665_8540_92B19656A027";"09072026-00:43:48"
"720";"heeft";"heeft";"";"EAID_28D4E7EF_78AD_0107_6D04_292F8E0449E9";"aggregation-relationship";"aggregation";"";"";"";"";"";"EAID_022154F4_817D_0DFB_5FFC_281C33037384";"";"EAID_1D0EFA3D_888E_945B_4A20_292F8D894D4C";"09072026-00:43:48"
"721";"heeft";"heeft";"";"EAID_0FB7A2D5_5521_3BAB_4D18_281C3303F9AD";"aggregation-relationship";"aggregation";"";"";"";"";"";"EAID_07F494EF_DD9B_36A7_4EE0_281C33030C21";"";"EAID_23F6E69F_CA5F_A12B_BCE4_281C3303F966";"09072026-00:43:48"
"722";"heeft";"heeft";"";"EAID_23CB341F_67D0_AA55_ECF2_281C3303B698";"aggregation-relationship";"aggregation";"";"";"";"";"";"EAID_07F494EF_DD9B_36A7_4EE0_281C33030C21";"";"EAID_1081AC17_59B0_A2F8_A83C_281C3303651D";"09072026-00:43:48"
"723";"heeft";"heeft";"";"EAID_1EFB14B1_B2C0_1D2E_3970_281C33030205";"aggregation-relationship";"aggregation";"";"";"";"";"";"EAID_1CDDED16_888E_945B_4A20_28EA07CB4D4C";"";"EAID_1081AC17_59B0_A2F8_A83C_281C3303651D";"09072026-00:43:48"
"724";"heeft";"heeft";"";"EAID_7A6BF11D_7F34_468f_A1AA_73D96DDD51D3";"association-relationship";"association";"";"";"";"";"id-f4fd02f2-9ffa-4a35-ba32-b4cde4002e7a";"EAID_F4FD02F2_9FFA_4a35_BA32_B4CDE4002E7A";"id-f787184d-3aa8-4132-96c4-23a363c3c1b7";"EAID_F787184D_3AA8_4132_96C4_23A363C3C1B7";"09072026-00:43:48"
"725";"heeft";"heeft";"";"EAID_1624B655_157F_D9F5_640E_263C266D2F4E";"aggregation-relationship";"aggregation";"";"";"";"";"";"EAID_107E216A_17F2_DFCA_EAFE_263C7FFC912E";"";"EAID_234EB82E_9EC6_5904_2634_263C0A957ADF";"09072026-00:43:48"
"726";"heeft";"heeft";"";"EAID_3C31FC7D_C671_4e1b_A8C5_12D4FFF23CDC";"association-relationship";"association";"";"";"";"";"";"EAID_A947042E_7CA6_44f8_902A_1C1185A391F6";"";"EAID_B9287881_AD66_4396_A629_ED5FE9196316";"09072026-00:43:48"
"727";"heeft";"heeft";"e6eb9b07-0f19-42da-a092-9895381d1de7";"EAID_DED75E94_E6C5_4f02_A427_BEDEFBAA92A5";"association-relationship";"association";"";"";"";"";"2a859087-fe7f-412a-b057-bf1e3f249a4c";"EAID_DAF09055_A5A6_4ff4_A158_21B20567B296";"276088a8-7dcf-4dd8-9450-bf677c7329ed";"EAID_A22B8038_3C04_44a7_8E75_90A3A5E2615B";"09072026-00:43:48"
"728";"heeft";"heeft";"7a6bdc6c-3280-46de-b7b0-1e59285eda32";"EAID_656A8E26_0332_4854_8F8D_C5B2EA71C5D2";"association-relationship";"association";"";"";"";"";"17a0d019-c25e-4bba-ae64-f381da597376";"EAID_276E1BF9_E902_4303_A9E7_048627E0DC84";"276088a8-7dcf-4dd8-9450-bf677c7329ed";"EAID_A22B8038_3C04_44a7_8E75_90A3A5E2615B";"09072026-00:43:48"
"729";"heeft";"heeft";"6fe27ced-a01c-4c4d-a14e-7428e89b40b2";"EAID_A8A409D9_0B4B_4d2e_8D2A_D194827E95F7";"association-relationship";"association";"";"";"";"";"7866576d-8cb5-495b-a2f4-2b56393ee7b5";"EAID_E060DC30_E4F2_4794_A16E_7207032E250";"5547cc2e-c193-4d41-a6e2-8f04b5e3cd92";"EAID_B1D48EFB_81E7_420d_A080_5B4C01798FFB";"09072026-00:43:48"
"730";"heeft";"heeft";"33065b74-d5c3-4f43-9c02-43e9a2e2f5a7";"EAID_C0B674EC_1823_48d3_9D17_0E00F4F722C9";"association-relationship";"association";"";"";"";"";"0a945e86-b4f2-45b2-855f-ed9fd0b4dca1";"EAID_B011D584_1E66_4a21_A9C4_C922A8763AB2";"1a89112a-e13c-4c87-a862-e8ec66c01588";"EAID_C6094F79_D8EA_4763_90DF_4E30EFABA1FA";"09072026-00:43:48"
"731";"heeft";"heeft";"6d96b799-6837-4655-9a8c-1457438c469b";"EAID_3BA44B64_D37E_474c_9D0E_FCF6EFE4928E";"association-relationship";"association";"";"";"";"";"48bc7e60-2a17-4909-b475-b18938e79048";"EAID_2587938E_CF7F_499b_BB21_9CB8BBCC1DD2";"10eaa33f-03bf-42b4-9310-56add2cb5a7b";"EAID_5641C50A_C0FA_4e71_B07B_26C7B1CE94ED";"09072026-00:43:48"
"732";"heeft";"heeft";"57e4dcf7-b09f-402c-9ac7-6d0a2d3f70e3";"EAID_CC057874_5639_42db_9AE1_18C649146197";"association-relationship";"association";"";"";"";"";"b2498fa2-f9ff-48dd-946d-8b8ed395da81";"EAID_10C06EB3_F94A_4005_9C66_0DAE61B96192";"0833a871-2597-43ea-90e9-a0c4b5f53572";"EAID_1528D03C_4F22_4d6b_A44F_605802C195C4";"09072026-00:43:48"
"733";"heeft";"heeft";"";"EAID_DD86ACFC_507A_42ff_84CD_2ADA84514289";"association-relationship";"association";"";"";"";"";"b2498fa2-f9ff-48dd-946d-8b8ed395da81";"EAID_10C06EB3_F94A_4005_9C66_0DAE61B96192";"";"EAID_3120D398_95C1_42fe_B10F_4F3B6BF15D1A";"09072026-00:43:48"
"734";"heeft";"heeft";"";"EAID_B9AF179F_CA5C_4aa9_87C8_DE0731990450";"association-relationship";"association";"";"";"";"";"ac9bd49c-9861-44f3-adff-ffa256a08111";"EAID_28A6F2AC_5AB1_4f25_8876_931152CA28E0";"";"EAID_3EA09322_144A_407d_86C4_FCC8C041C826";"09072026-00:43:48"
"735";"heeft";"heeft";"";"EAID_DCEBD762_19C5_4cdf_B69F_EF03366FAFF9";"association-relationship";"association";"";"";"";"";"cad45b80-14d3-4a0c-a906-0c1614dc9570";"EAID_9DF5AC43_3673_4b9a_BB5E_6DCA7BE28835";"";"EAID_3EA09322_144A_407d_86C4_FCC8C041C826";"09072026-00:43:48"
"736";"heeft";"heeft";"2ac414af-6cdb-4ef7-a46f-63958e342a72";"EAID_DC0B2F2C_B864_4290_AEDA_3BA3DF2ED022";"association-relationship";"association";"";"";"";"";"cd39bcc5-b77a-41f8-8815-e8076696f48d";"EAID_1C25D70B_AE22_4654_9190_2F55272D9BE6";"44e5cb64-556a-4b36-9b4e-a2c8e61345ed";"EAID_1C84E4B6_1BB5_4a0d_A945_FFFDFDFB544B";"09072026-00:43:48"
"737";"heeft";"heeft";"6c9a44dc-88cf-4262-8c6b-a4bf16b6a775";"EAID_A6A3C17F_1AF6_498b_B4CE_E7EDACC88D2C";"association-relationship";"association";"";"";"";"";"ac9bd49c-9861-44f3-adff-ffa256a08111";"EAID_28A6F2AC_5AB1_4f25_8876_931152CA28E0";"cd39bcc5-b77a-41f8-8815-e8076696f48d";"EAID_1C25D70B_AE22_4654_9190_2F55272D9BE6";"09072026-00:43:48"
"738";"heeft";"heeft";"e90deded-2ff0-47dd-a552-3023aa37610f";"EAID_96F3EE4A_4E0B_4427_A6AC_941B7F0ACCD8";"association-relationship";"association";"";"";"";"";"ac9bd49c-9861-44f3-adff-ffa256a08111";"EAID_28A6F2AC_5AB1_4f25_8876_931152CA28E0";"31dcb0af-e9f1-44e1-8d5a-278f887fa9e7";"EAID_98A7AE65_A061_449a_94CD_6218069CA86A";"09072026-00:43:48"
"739";"heeft";"heeft";"40739765-98b7-4fc1-939e-9461e227b040";"EAID_C07FCDFF_6F36_4bb1_906A_79765C3577E6";"association-relationship";"association";"";"";"";"";"126c564a-16fa-4e61-b52d-3af4968904d8";"EAID_D90E822D_7EF8_4ea6_AF5C_4A4362577941";"ac9bd49c-9861-44f3-adff-ffa256a08111";"EAID_28A6F2AC_5AB1_4f25_8876_931152CA28E0";"09072026-00:43:48"
"740";"heeft";"heeft";"07d5c383-704a-4fa7-87c9-5e9a4e5039ad";"EAID_8BE77D7B_E711_4db7_908F_04A150D26AB9";"association-relationship";"association";"";"";"";"";"126b246a-a292-49cb-a609-3ffa5898210e";"EAID_0EEAF579_3F47_4551_B9F9_7367280EB3EB";"e83e86ad-4769-41ce-91c7-675e93441074";"EAID_7B8D0A8F_07BF_42bf_90B3_28A72BD4401A";"09072026-00:43:48"
"741";"heeft";"heeft";"";"EAID_0E305A12_8F68_4386_BC11_13BDBE911426";"association-relationship";"association";"";"";"";"";"61b2020b-9264-4277-8aac-d888eeece350";"EAID_FC698CC3_7A64_4991_A751_B3B2A5DF77E3";"";"EAID_764CE125_55C1_480d_90BA_745484CF3FC0";"09072026-00:43:48"
"742";"heeft";"heeft";"b9759517-adc5-4f7c-8798-8afabbaa141f";"EAID_2A42756C_D8A3_421a_8AB5_430D80BAFEF4";"association-relationship";"association";"";"";"";"";"a353735d-326c-48fd-9f74-0192ba6e414a";"EAID_D87012E0_D2EB_4333_AD6C_1E43E6857304";"61b2020b-9264-4277-8aac-d888eeece350";"EAID_FC698CC3_7A64_4991_A751_B3B2A5DF77E3";"09072026-00:43:48"
"743";"heeft";"heeft";"23f03f91-c99b-4f48-92c8-0b4719ad86ab";"EAID_18DF7A1B_5396_42fe_8FDF_34812458527C";"association-relationship";"association";"";"";"";"";"4499a4ec-1e22-4a1c-968a-ad3dbb7be6a1";"EAID_A784A0ED_4451_4a92_B7C8_ABE528BA898F";"4abf6a6b-2045-4961-b70f-c6f664e9261c";"EAID_9F935C8B_5B7C_4ce4_9360_04A91F4F70CC";"09072026-00:43:48"
"744";"heeft";"heeft";"cc4c9401-9483-4efe-a34f-2f107c93ab6d";"EAID_6D11AF80_239E_4525_8000_2717D074149D";"association-relationship";"association";"";"";"";"";"87fdbae1-7e9e-46a4-8043-3d77bd5903ac";"EAID_C95CF400_8487_4ff3_B475_CA1E01EBCA78";"ecb0f96e-e66d-48fb-ade1-416366d1b18e";"EAID_87964E36_9FEE_4b8f_A053_C4EDAF000646";"09072026-00:43:48"
"745";"heeft";"heeft";"28ed8f7a-d737-48b0-8687-0c0959e19ba9";"EAID_E206BCA6_B3F5_4376_8CC4_67310C284E95";"association-relationship";"association";"";"";"";"";"e21e51ee-3a32-444b-80c7-b6694ff37253";"EAID_E74D0D46_66EB_4deb_A540_7AB08E95F956";"e3c92496-53d2-473e-9643-9774cdda2891";"EAID_E1DA56C3_6ECA_4ec9_8CF4_FC57E1C43102";"09072026-00:43:48"
"746";"heeft";"heeft";"6bc2e229-9b2d-4217-8f68-3a1f852f33f3";"EAID_8EA25837_2624_4d49_AC94_79AFF4995ABC";"association-relationship";"association";"";"";"";"";"2bd07fb4-4cfb-4d89-ac99-cb2377decd2d";"EAID_2FFE3BAD_CB0E_43ea_A435_FD693B9255C3";"d7ab242e-b050-4af7-a400-d87ce1eceb43";"EAID_04439F81_75DB_45cf_BE7A_352A54A95D73";"09072026-00:43:48"
"747";"heeft";"heeft";"6bc1e742-ac8d-48bc-8cc9-69551d2ec912";"EAID_A9F63505_885F_4702_8652_2374F2A395FD";"association-relationship";"association";"";"";"";"";"24693ea2-5032-4c71-a9c7-945b3ac90530";"EAID_FFAA30D3_91C2_44aa_B52D_B21C51DB0326";"2bd07fb4-4cfb-4d89-ac99-cb2377decd2d";"EAID_2FFE3BAD_CB0E_43ea_A435_FD693B9255C3";"09072026-00:43:48"
"748";"heeft";"heeft";"";"EAID_8FF67C2D_BF63_4860_9E51_C4BF24F61872";"association-relationship";"association";"";"";"";"";"e3c92496-53d2-473e-9643-9774cdda2891";"EAID_E1DA56C3_6ECA_4ec9_8CF4_FC57E1C43102";"";"EAID_65E960EA_CC92_4af1_AF2B_B4625FA6AEA0";"09072026-00:43:48"
"749";"heeft";"heeft";"1d22d816-073f-488e-9150-ae9b2e886c09";"EAID_0D4DE7F7_8FFF_46fb_93EF_75C59A40402E";"association-relationship";"association";"";"";"";"";"126b246a-a292-49cb-a609-3ffa5898210e";"EAID_0EEAF579_3F47_4551_B9F9_7367280EB3EB";"126c564a-16fa-4e61-b52d-3af4968904d8";"EAID_D90E822D_7EF8_4ea6_AF5C_4A4362577941";"09072026-00:43:48"
"750";"heeft";"heeft";"";"EAID_7361D015_36B8_4060_90DC_4675F7E67B02";"association-relationship";"association";"";"";"";"";"126b246a-a292-49cb-a609-3ffa5898210e";"EAID_0EEAF579_3F47_4551_B9F9_7367280EB3EB";"";"EAID_1EC60172_CB6B_40c9_9818_C7A708C8540E";"09072026-00:43:48"
"751";"heeft";"heeft";"00827d58-62c7-48cb-a649-ba9c932f6883";"EAID_D83126B9_06B7_4d92_AEB4_0A4E83CD17F8";"association-relationship";"association";"";"";"";"";"126b246a-a292-49cb-a609-3ffa5898210e";"EAID_0EEAF579_3F47_4551_B9F9_7367280EB3EB";"5029f2d1-bad6-4813-8f59-d3f7981849e3";"EAID_4AF7FA48_DFB0_474f_B797_A13D5FD37530";"09072026-00:43:48"
"752";"heeft";"heeft";"";"EAID_2C43B3E5_866D_4e62_9F6B_129BB99B685E";"association-relationship";"association";"";"";"";"";"ede48ca8-4854-44b2-b549-0827bebf56ab";"EAID_A91E9C27_C4FA_4e1b_A4FF_8AE74ED9B7EB";"";"EAID_170AF8F5_8952_407a_91C4_EAF910DE3304";"09072026-00:43:48"
"753";"heeft";"heeft";"a61b0795-3df1-4d1e-91e3-3655a46b2b58";"EAID_1AF4A6F2_AE2B_454b_BF4E_9F4CC491CC73";"association-relationship";"association";"";"";"";"";"126c564a-16fa-4e61-b52d-3af4968904d8";"EAID_D90E822D_7EF8_4ea6_AF5C_4A4362577941";"5029f2d1-bad6-4813-8f59-d3f7981849e3";"EAID_4AF7FA48_DFB0_474f_B797_A13D5FD37530";"09072026-00:43:48"
"754";"heeft";"heeft";"";"EAID_5DDB92ED_B5AD_49f8_92B7_76CC4B5C6177";"association-relationship";"association";"";"";"";"";"126c564a-16fa-4e61-b52d-3af4968904d8";"EAID_D90E822D_7EF8_4ea6_AF5C_4A4362577941";"";"EAID_1EC60172_CB6B_40c9_9818_C7A708C8540E";"09072026-00:43:48"
"755";"heeft";"heeft";"";"EAID_D9503D77_C2AE_4279_801D_A2916D66D72A";"association-relationship";"association";"";"";"";"";"126c564a-16fa-4e61-b52d-3af4968904d8";"EAID_D90E822D_7EF8_4ea6_AF5C_4A4362577941";"";"EAID_E81C0FA0_2203_489a_98E9_32F1CB200E75";"09072026-00:43:48"
"756";"heeft";"heeft";"325c0c9f-d78c-4351-ab1b-f0b5b5ba1d83";"EAID_6651DFAB_6AA2_4754_987F_3F4635E0B941";"association-relationship";"association";"";"";"";"";"d7ab242e-b050-4af7-a400-d87ce1eceb43";"EAID_04439F81_75DB_45cf_BE7A_352A54A95D73";"126c564a-16fa-4e61-b52d-3af4968904d8";"EAID_D90E822D_7EF8_4ea6_AF5C_4A4362577941";"09072026-00:43:48"
"757";"heeft";"heeft";"abd448fb-9af6-4aa5-af7d-b1db4ba67390";"EAID_B73281DC_36F6_447b_A7F0_EC6A1EC333F3";"association-relationship";"association";"";"";"";"";"132ee7cb-0cfc-47d1-a50c-dd7e3a656651";"EAID_7087D528_7024_4569_876A_C4605A00546D";"126c564a-16fa-4e61-b52d-3af4968904d8";"EAID_D90E822D_7EF8_4ea6_AF5C_4A4362577941";"09072026-00:43:48"
"758";"heeft";"heeft";"";"EAID_EA2C3BC9_E303_4c1f_BF27_F0CBF17570AA";"association-relationship";"association";"";"";"";"";"";"EAID_170AF8F5_8952_407a_91C4_EAF910DE3304";"b6c26d6b-c773-4b50-ba03-a8463f23889a";"EAID_6A4CF470_3B0E_4141_9DB6_C9E8A525CB49";"09072026-00:43:48"
"759";"heeft";"heeft";"2db4f725-61b4-4fec-8940-07c387d7438f";"EAID_CCA3BF1D_D8A1_4c6d_8FFC_FB82A807A944";"association-relationship";"association";"";"";"";"";"8fd2ff34-a208-4924-bec3-b5ee7e5e7a18";"EAID_631FEEF1_88D3_4d18_ADB2_BF999068493E";"93731fcf-2b7f-42f2-9f94-6f6f80ce0067";"EAID_5AA9821A_A88A_480b_9950_70FE017593B3";"09072026-00:43:48"
"760";"heeft";"heeft";"b69065f9-a1a7-45d6-a52a-3eb38626a5c2";"EAID_29BC6916_A8BA_4b0f_A710_D461C86FE7E0";"association-relationship";"association";"";"";"";"";"c604ce01-282e-4d1a-ade9-d1a4c1938f4e";"EAID_48FE13A9_2204_4631_BAEE_E2D3B10E9A2D";"a9cb919f-a224-4ab5-9825-40d54104f90d";"EAID_A3DAD553_0E55_4256_824B_CDB5E12CB545";"09072026-00:43:48"
"761";"heeft";"heeft";"d9faeb90-03b7-4cad-8ae1-39c540baf079";"EAID_E13676F2_69CF_4caa_8667_41E5E65FE315";"association-relationship";"association";"";"";"";"";"c604ce01-282e-4d1a-ade9-d1a4c1938f4e";"EAID_48FE13A9_2204_4631_BAEE_E2D3B10E9A2D";"32052c54-e099-47e7-8ded-599537226dfa";"EAID_EEB60E10_C244_4176_AB68_F0E30759269F";"09072026-00:43:48"
"762";"heeft";"heeft";"";"EAID_E471ACCA_15CE_4b2e_83BE_301BF0407150";"association-relationship";"association";"";"";"";"";"32052c54-e099-47e7-8ded-599537226dfa";"EAID_EEB60E10_C244_4176_AB68_F0E30759269F";"";"EAID_D8A82A45_03C3_44d5_AF32_3138A55B2E75";"09072026-00:43:48"
"763";"heeft";"heeft";"";"EAID_2393270E_EFBE_40d2_AC3F_A7F8A4854537";"association-relationship";"association";"";"";"";"";"cad45b80-14d3-4a0c-a906-0c1614dc9570";"EAID_9DF5AC43_3673_4b9a_BB5E_6DCA7BE28835";"";"EAID_3E5B2877_D6CC_487e_BD79_042E32D17550";"09072026-00:43:48"
"764";"heeft";"heeft";"";"EAID_5FEBB551_1932_4fa7_8C9C_D796353F1138";"association-relationship";"association";"";"";"";"";"cd27cd50-1721-4870-a292-ea0f24d1ada4";"EAID_9F4E12E4_B228_4931_AC83_1B1F60958A89";"";"EAID_69B41CDD_C3F1_449b_92B4_8F7657840646";"09072026-00:43:48"
"765";"heeft";"heeft";"2363ef36-35c9-4a18-8200-4df22492d661";"EAID_4A5F49E9_B2F8_4ee3_AFE4_963CAF4FB6F4";"association-relationship";"association";"";"";"";"";"ea768404-3043-48bc-b0dc-143abc8806d6";"EAID_257F4ABF_7CCD_453f_B2E8_5A6434383A9B";"34b2e5f9-63ab-42e8-bfa9-85e12ff6e417";"EAID_73FB5212_40ED_40dc_B837_36588840445A";"09072026-00:43:48"
"766";"heeft";"heeft";"";"EAID_E5CC9977_A6A5_4d53_B7F5_394A7C56235C";"association-relationship";"association";"";"";"";"";"";"EAID_B9B82B25_5D7F_4d2b_84F9_4DF74525EEAD";"378dab8d-1135-40b8-9ed5-3591a89c75c2";"EAID_440219A4_C64B_4eac_ADE5_E79ED6AA9BFE";"09072026-00:43:48"
"767";"heeft";"heeft";"d92b1d77-f9dd-4b4f-931e-cc46acc841aa";"EAID_7E93A04F_3844_49ba_B1AB_F26D73012118";"association-relationship";"association";"";"";"";"";"6e591734-ef9a-4858-bca1-f924c1aef7b0";"EAID_98CB3C6F_588B_479f_9A2B_F5D5362DD17C";"378dab8d-1135-40b8-9ed5-3591a89c75c2";"EAID_440219A4_C64B_4eac_ADE5_E79ED6AA9BFE";"09072026-00:43:48"
"768";"heeft";"heeft";"05e87fd0-ab57-4558-8a10-c379bd6c6394";"EAID_84B35607_9C4D_47a2_B9E0_5C20A2C477FB";"association-relationship";"association";"";"";"";"";"62126697-6498-4c0a-a84e-2275138c2eaa";"EAID_CB27D699_F82B_45ad_823A_B2B51BCAECBA";"ea768404-3043-48bc-b0dc-143abc8806d6";"EAID_257F4ABF_7CCD_453f_B2E8_5A6434383A9B";"09072026-00:43:48"
"769";"heeft";"heeft";"";"EAID_E4D00870_1DF1_4693_909D_E94782A7BEF9";"association-relationship";"association";"";"";"";"";"378dab8d-1135-40b8-9ed5-3591a89c75c2";"EAID_440219A4_C64B_4eac_ADE5_E79ED6AA9BFE";"";"EAID_01E83CEC_D69D_47eb_9BAB_252AABADDD18";"09072026-00:43:48"
"770";"heeft";"heeft";"";"EAID_2EBFB0E8_1F2A_45fb_A9C2_AAED1EFBA6DB";"association-relationship";"association";"";"";"";"";"";"EAID_9547BC67_7488_4d9a_B651_2B69A62D789F";"ce320796-17d5-4134-ade8-7b87211272dd";"EAID_7F9392E5_6E43_4880_AF14_819E32A86204";"09072026-00:43:48"
"771";"heeft";"heeft";"";"EAID_54AE48BD_8390_49e1_8C8C_3EEDFF82D0F0";"association-relationship";"association";"";"";"";"";"654000c4-9d8b-4453-b3e8-4f77fb1b15a2";"EAID_3D2D5426_653C_485c_A99C_8AD933E76D78";"";"EAID_9547BC67_7488_4d9a_B651_2B69A62D789F";"09072026-00:43:48"
"772";"heeft";"heeft";"";"EAID_36B85F97_36E8_4031_B65F_8B9943124096";"association-relationship";"association";"";"";"";"";"";"EAID_ED0D0224_0A30_435b_AB25_87FDA8DF4078";"8922cc29-6d1c-4a9c-abd6-6a53dda41cdf";"EAID_F73901FC_A78E_486f_B6C6_74CFCBE26CAB";"09072026-00:43:48"
"773";"heeft";"heeft";"";"EAID_39319771_8062_415c_B199_3696EE6A91A5";"association-relationship";"association";"";"";"";"";"";"EAID_7210A379_17EE_4143_A106_ECD9414B2A0D";"654000c4-9d8b-4453-b3e8-4f77fb1b15a2";"EAID_3D2D5426_653C_485c_A99C_8AD933E76D78";"09072026-00:43:48"
"774";"heeft";"heeft";"7f9b276d-9db3-45ba-9835-ffccd3bf26ee";"EAID_A8A40307_22D9_4cdb_AD87_E911FEDFEFC5";"association-relationship";"association";"";"";"";"";"8922cc29-6d1c-4a9c-abd6-6a53dda41cdf";"EAID_F73901FC_A78E_486f_B6C6_74CFCBE26CAB";"0080f5e8-d0d2-4a34-816d-24c8ec6b185a";"EAID_88AF7A2E_C508_464a_AD22_DD9B156D570D";"09072026-00:43:48"
"775";"heeft";"heeft";"21699665-ea95-4b33-b7a9-fbe7a9a3fd73";"EAID_4BD998AC_402B_4878_A326_37E05F1EC7AB";"association-relationship";"association";"";"";"";"";"b3ca70ae-c2de-4728-ac7d-a144a95c858e";"EAID_0E4A8F94_ED08_43dc_9F78_C9DD17D34690";"0080f5e8-d0d2-4a34-816d-24c8ec6b185a";"EAID_88AF7A2E_C508_464a_AD22_DD9B156D570D";"09072026-00:43:48"
"776";"heeft";"heeft";"";"EAID_3D1EFD60_73B1_4a17_81AE_DDD33A2EB868";"association-relationship";"association";"";"";"";"";"";"EAID_14E4AF23_21E9_412a_B78D_C208EE9F419D";"";"EAID_03B4B3C0_3616_4ea2_A8B1_3D6754325F02";"09072026-00:43:48"
"777";"heeft";"heeft";"";"EAID_7BBFA897_6852_412c_926B_E156B7A48C23";"association-relationship";"association";"";"";"";"";"";"EAID_341942C1_0F72_4e13_ADD1_235805BB81C0";"0ca1b8c3-e144-45c1-b3e8-4a97f7653fd1";"EAID_E2B83F97_FDFD_4876_9E66_23D79D4A4C03";"09072026-00:43:48"
"778";"heeft";"heeft";"";"EAID_F9EED8C4_63F8_409b_8B6C_1CD783D7A903";"association-relationship";"association";"";"";"";"";"";"EAID_341942C1_0F72_4e13_ADD1_235805BB81C0";"0080f5e8-d0d2-4a34-816d-24c8ec6b185a";"EAID_88AF7A2E_C508_464a_AD22_DD9B156D570D";"09072026-00:43:48"
"779";"heeft";"heeft";"09ed04b5-b142-4606-8fb7-d5301c08cc20";"EAID_564051E6_A5BA_44c2_9AC4_E2E84198168B";"association-relationship";"association";"";"";"";"";"44f31c7d-6347-4e52-a809-c48563f4b7f1";"EAID_E9AEF0A9_11BC_4d2a_BC48_FB77F04EF9A6";"b285df90-a239-4757-b78e-a281744f89cb";"EAID_7FE4B466_B051_4068_9ED1_6E60C3B2DBAD";"09072026-00:43:48"
"780";"heeft";"heeft";"b956a74a-d667-488c-ad46-8f2b5ea97568";"EAID_7570B853_AEE4_4a58_A791_9FE8BE675DD6";"association-relationship";"association";"";"";"";"";"4b2cc303-de99-49c4-968f-836a71825814";"EAID_5805FA72_C0CE_43c1_A53F_B81166AEFDD4";"b8e61a1f-ed19-4cd3-b873-0fe7d85beb9b";"EAID_669000E9_25D6_4346_B718_516CDB8B88B7";"09072026-00:43:48"
"781";"heeft";"heeft";"da305487-2a3d-4044-bd5c-1fcd42461afa";"EAID_F8E8F7C2_352B_4da4_A2CE_D66ADA9928FA";"association-relationship";"association";"";"";"";"";"b403d1ab-a0ee-4ca0-befa-01bbc54bf403";"EAID_B60B8EF9_D1C0_4e36_BF9B_1C16F92518DD";"21343647-4fed-40b8-8a9e-4672592d2aa8";"EAID_EB35F5B8_9289_49cc_8DF4_8BD20EC662A9";"09072026-00:43:48"
"782";"heeft";"heeft";"";"EAID_62978B60_56F9_4143_88FE_195F9FDF5F6E";"association-relationship";"association";"";"";"";"";"f048185d-8eb4-447b-ade2-6160df1dedb3";"EAID_752621CC_D5CA_4f4c_A937_AF6C84E6ADED";"";"EAID_0EABA880_434F_41c3_A41D_0002222AAC2A";"09072026-00:43:48"
"783";"heeft";"heeft";"";"EAID_6303A698_1CF8_4bef_8262_FD5C31CD2912";"association-relationship";"association";"";"";"";"";"460ada62-9cdd-478f-9555-4fb161ebc0b3";"EAID_8A04280B_E0B4_4e36_B448_C99750393D0D";"";"EAID_0EABA880_434F_41c3_A41D_0002222AAC2A";"09072026-00:43:48"
"784";"heeft";"heeft";"e24bf7e2-8224-4b05-a8bc-2df196d5546b";"EAID_0BF396DC_084B_4d64_8ED0_B60488A68871";"association-relationship";"association";"";"";"";"";"b9283c74-797a-4a79-83a7-ca5619ef8b1d";"EAID_A1C60F39_3074_4d1c_A37D_5F431F54DF92";"3410d2a0-c0ff-4984-a083-a1b27c374178";"EAID_2EE54C3D_0D8B_440e_A4A4_031273313901";"09072026-00:43:48"
"785";"heeft";"heeft";"dca98c3a-558b-4fa5-8a53-268bd4306813";"EAID_C1681AE0_B792_4bdb_B52E_16F7E28788E5";"association-relationship";"association";"";"";"";"";"e963434a-50be-4619-b041-58689adc00de";"EAID_BBCF9DBE_70AD_431c_B698_7F0D69D07050";"02f467d4-ebca-47cc-9a06-ed4d635d4462";"EAID_576642BA_9AF9_42fc_831A_F9D3138F20FC";"09072026-00:43:48"
"786";"heeft";"heeft";"5e6de92c-30d3-4f93-9438-d33cba1df66d";"EAID_E4131B79_73B1_4c98_9B5E_3663B17719CC";"association-relationship";"association";"";"";"";"";"04bc18ef-7530-4fd3-82e4-2503e9229bbe";"EAID_3B84D5F0_FCA3_47a5_B90C_F0834DAD6EBD";"126c564a-16fa-4e61-b52d-3af4968904d8";"EAID_D90E822D_7EF8_4ea6_AF5C_4A4362577941";"09072026-00:43:48"
"787";"heeft";"heeft";"0039ad59-4270-4af9-b9b0-dc4c747bccee";"EAID_D1CABCB9_BCC0_4288_96F7_C66C76C6D252";"association-relationship";"association";"";"";"";"";"cda4149f-f0a0-44d9-b893-25bcce04d20d";"EAID_6508657D_7C3F_4261_B647_5D3B077A20F9";"28c55e98-3c0d-4314-9eb0-d0985b1ba564";"EAID_9E01AD8B_D856_4a58_9CE1_06C70F628350";"09072026-00:43:48"
"788";"heeft";"heeft";"8f3813c2-b6e6-417a-ab5f-a42b842ead0e";"EAID_E0398E9C_B2DD_403a_98FC_EBB0A8851598";"association-relationship";"association";"";"";"";"";"0f53081c-01f9-4c0a-b049-77d310a0ea33";"EAID_D1889096_CC76_48a8_A9DF_8151FFF1E0AC";"28c55e98-3c0d-4314-9eb0-d0985b1ba564";"EAID_9E01AD8B_D856_4a58_9CE1_06C70F628350";"09072026-00:43:48"
"789";"heeft";"heeft";"f921832b-8af0-4e42-b3fa-8298ee3ef6e7";"EAID_B86CBE10_CDA1_4945_BE76_236321765DCF";"association-relationship";"association";"";"";"";"";"cda4149f-f0a0-44d9-b893-25bcce04d20d";"EAID_6508657D_7C3F_4261_B647_5D3B077A20F9";"488958ee-08fd-4818-af8b-2d7ebb73c01f";"EAID_5B64A5F8_64B5_4d1b_BEDD_486ED2C2C493";"09072026-00:43:48"
"790";"heeft";"heeft";"e555b10f-2e83-4d6d-8b98-9e901e482394";"EAID_ADFCB89E_2296_4c77_B112_FD165DE4F164";"association-relationship";"association";"";"";"";"";"ca9df4ee-92e1-4c24-ace3-467d146a320e";"EAID_FE1A2EF2_44FA_46fa_A583_7BAB858E17FD";"0f53081c-01f9-4c0a-b049-77d310a0ea33";"EAID_D1889096_CC76_48a8_A9DF_8151FFF1E0AC";"09072026-00:43:48"
"791";"heeft";"heeft";"20b8dfdd-dc3a-4e2c-aae4-8802ddb078e4";"EAID_16B5C6F2_2668_4586_9717_DAEB205D9712";"association-relationship";"association";"";"";"";"";"3545eb93-e19a-4b1f-b3f2-03b79b30b200";"EAID_BE7C28C6_0922_4c6a_A953_3D598D991AB5";"2a859087-fe7f-412a-b057-bf1e3f249a4c";"EAID_DAF09055_A5A6_4ff4_A158_21B20567B296";"09072026-00:43:48"
"792";"heeft";"heeft";"";"EAID_90F004CE_1EA4_4ba4_A30A_593E8594B53B";"association-relationship";"association";"";"";"";"";"";"EAID_0FA25A4F_DF7F_4feb_9460_19D054E874F8";"2a859087-fe7f-412a-b057-bf1e3f249a4c";"EAID_DAF09055_A5A6_4ff4_A158_21B20567B296";"09072026-00:43:48"
"793";"heeft";"heeft";"00c0ef0a-7112-4afb-9d14-d8de41fe1f57";"EAID_58333E4E_8EE0_430f_9451_1F2C0086D94A";"association-relationship";"association";"";"";"";"";"7c5fd54e-88dd-4738-95ec-5164d6c6af35";"EAID_EC0FB9CB_B407_49b4_8FCF_8837E7A72DA9";"2a859087-fe7f-412a-b057-bf1e3f249a4c";"EAID_DAF09055_A5A6_4ff4_A158_21B20567B296";"09072026-00:43:48"
"794";"heeft";"heeft";"";"EAID_97F5FC70_3EF7_4e2d_ABB6_6FEDD3E67843";"association-relationship";"association";"";"";"";"";"b0cd75ba-28f2-4950-bb79-6ceb662eb6fa";"EAID_EE5472C2_193E_4432_B175_78D6DF1D357B";"";"EAID_63D30089_AD78_4c29_9D17_160FE4A242E8";"09072026-00:43:48"
"795";"heeft";"heeft";"";"EAID_743C5835_5DF0_4cb8_A13F_AD396DD4794F";"association-relationship";"association";"";"";"";"";"3991c605-2abb-4185-b7ce-1adf5966e3c7";"EAID_598F7015_C6B5_4eed_80A6_139B62324678";"";"EAID_0C74C068_BA3A_4394_AA76_16B47FEFC88C";"09072026-00:43:48"
"796";"Leid tot";"heeft";"372960b2-675e-43f0-ada9-ecb83d5152d9";"EAID_18BB4C56_7880_4b1e_9FE8_1F2DF357CE51";"association-relationship";"association";"";"";"";"";"a1f148c2-d310-45c0-aee9-33e2c641ce37";"EAID_8B394DCE_C3C4_4262_9460_8EF130E90D83";"2d7f4231-96e8-4424-a656-c52473ea36dc";"EAID_51285531_9529_4b2d_9EC6_B6BAEA729D9A";"09072026-00:43:48"
"797";"heeft";"heeft";"";"EAID_AE74E4E1_6E71_4998_BBD4_046C3475AB34";"association-relationship";"association";"";"";"";"";"";"EAID_117A52E7_D317_92C3_C4DB_281C33034B40";"126c564a-16fa-4e61-b52d-3af4968904d8";"EAID_D90E822D_7EF8_4ea6_AF5C_4A4362577941";"09072026-00:43:48"
"798";"heeft";"heeft";"";"EAID_14CB3251_B48B_48cb_ADE0_C590A6D15CC0";"association-relationship";"association";"";"";"";"";"id-5cc59215-5a63-4ef8-9d64-c4fac0619121";"EAID_5CC59215_5A63_4ef8_9D64_C4FAC0619121";"";"EAID_B2A3D4C2_236C_457f_A2C8_8F889C1427E9";"09072026-00:43:48"
"799";"heeft";"heeft";"";"EAID_0654E579_F123_4f1a_8617_C8BBB77D4AE7";"association-relationship";"association";"";"";"";"";"id-5cc59215-5a63-4ef8-9d64-c4fac0619121";"EAID_5CC59215_5A63_4ef8_9D64_C4FAC0619121";"";"EAID_093B2482_D72E_4f88_931C_75C9DABED007";"09072026-00:43:48"
"800";"heeft";"heeft";"";"EAID_7D8BF68A_5F48_4fe3_B011_77A9D5271B3C";"association-relationship";"association";"";"";"";"";"id-5cc59215-5a63-4ef8-9d64-c4fac0619121";"EAID_5CC59215_5A63_4ef8_9D64_C4FAC0619121";"";"EAID_DBFDE0B1_FF6D_422f_BDDA_42ED8A172260";"09072026-00:43:48"
"801";"heeft";"heeft";"";"EAID_A68DF820_8014_4a30_8022_CE9F8A9792B9";"association-relationship";"association";"";"";"";"";"";"EAID_513A944D_0FEC_4f78_B290_63274D22C58C";"id-5cc59215-5a63-4ef8-9d64-c4fac0619121";"EAID_5CC59215_5A63_4ef8_9D64_C4FAC0619121";"09072026-00:43:48"
"802";"heeft";"heeft";"";"EAID_6782ACA0_4327_4513_950A_BFFC9CF3A0BB";"association-relationship";"association";"";"";"";"";"id-839017b2-0f95-42d0-ab2b-e873636340da";"EAID_839017B2_0F95_42d0_AB2B_E873636340DA";"";"EAID_7DA4A554_10BF_47d1_ACED_966712B043F4";"09072026-00:43:48"
"803";"heeft";"heeft";"";"EAID_231265E5_8136_4df3_A240_A94C93570512";"association-relationship";"association";"";"";"";"";"id-839017b2-0f95-42d0-ab2b-e873636340da";"EAID_839017B2_0F95_42d0_AB2B_E873636340DA";"";"EAID_93E12A3E_71E3_431e_9871_BF6075EAAEF1";"09072026-00:43:48"
"804";"heeft";"heeft";"";"EAID_66C955AA_55E2_4fab_B02C_FE5E0D5940AF";"association-relationship";"association";"";"";"";"";"id-839017b2-0f95-42d0-ab2b-e873636340da";"EAID_839017B2_0F95_42d0_AB2B_E873636340DA";"";"EAID_5DD63EFE_649F_484e_BB10_A18096B9ABDF";"09072026-00:43:48"
"805";"heeft";"heeft";"";"EAID_614E37B8_40E2_4a6d_B8B9_1A4939BAE27E";"association-relationship";"association";"";"";"";"";"";"EAID_1AA67F0D_3B94_48a3_A037_A2ACC6D61CF0";"";"EAID_C7000EFD_826C_4e47_BD80_075A6EF4E558";"09072026-00:43:48"
"806";"heeft";"heeft";"";"EAID_9586FFAB_ABE1_4160_B444_46F64313A073";"association-relationship";"association";"";"";"";"";"2a859087-fe7f-412a-b057-bf1e3f249a4c";"EAID_DAF09055_A5A6_4ff4_A158_21B20567B296";"";"EAID_D8F2EAAD_7C80_4164_8171_C632F18A6742";"09072026-00:43:48"
"807";"heeft";"heeft";"";"EAID_77CD93A7_63DA_4704_BEFB_E6171E770244";"association-relationship";"association";"";"";"";"";"";"EAID_51A266C7_3BDA_457c_9A32_CD1B166CA5BF";"f96af00f-2933-42d0-aacf-58ccb4a0ef52";"EAID_9FBF9FB8_B28D_4733_8443_607B8498F446";"09072026-00:43:48"
"808";"heeft";"heeft";"";"EAID_6C17630A_1AC8_473b_A33C_9748C3DFEC38";"association-relationship";"association";"";"";"";"";"";"EAID_CD519902_210F_4355_8B24_EAD513F61966";"cd27cd50-1721-4870-a292-ea0f24d1ada4";"EAID_9F4E12E4_B228_4931_AC83_1B1F60958A89";"09072026-00:43:48"
"809";"heeft";"heeft";"2ff7df3b-ef3b-46d2-8eee-1f48fbf392a7";"EAID_B6A165E1_F6F2_447a_83F3_8786CC50D691";"association-relationship";"association";"";"";"";"";"a9b50546-d72d-4e60-8da5-184a27a626c5";"EAID_7D3D98F0_664C_4605_9D95_F68C88ECBA9A";"71b8f8f4-9789-4cab-9828-d508607188bf";"EAID_7F4E17A3_0EC2_4bee_B4E0_BFA26D653EB9";"09072026-00:43:48"
"810";"heeft";"heeft";"";"EAID_B9EFC41B_C77E_43e5_80BE_886D1F7FF6A7";"association-relationship";"association";"";"";"";"";"a9b50546-d72d-4e60-8da5-184a27a626c5";"EAID_7D3D98F0_664C_4605_9D95_F68C88ECBA9A";"";"EAID_3650DB98_AC7B_46c0_A607_C54D69E38E42";"09072026-00:43:48"
"811";"heeft";"heeft";"ac70f084-2dac-49a5-99dc-beb9d639a990";"EAID_616888E8_12DB_4385_9F2A_EEABBBE80C6E";"association-relationship";"association";"";"";"";"";"892c2a19-8066-404b-8a04-268f9497dd1c";"EAID_832DA9A0_0E64_4d41_8266_38418B095919";"21e043b1-6d0c-4fd0-ac07-fd854ed8b9df";"EAID_9079F098_1084_4484_ACCC_6C6C07043193";"09072026-00:43:48"
"812";"heeft";"heeft";"";"EAID_FDDDA9A7_05A7_4fc6_A28F_9A131CAD0BAD";"association-relationship";"association";"";"";"";"";"343e027e-16c9-43d7-8b90-891aaf9c4b70";"EAID_21BBA828_AAE0_4785_9E44_45C1B866C882";"";"EAID_E79C6C20_3D05_49fb_96ED_105B5CD0ABA5";"09072026-00:43:48"
"813";"heeft";"heeft";"1c076683-6766-4f7f-ab00-6aaf8763d7ce";"EAID_0695940F_CBA6_466e_8F9C_6E37C74771AE";"association-relationship";"association";"";"";"";"";"2e6cb8da-90a5-4c57-be64-5a82cfbddb12";"EAID_6BBB2AE0_6F42_4676_8C6C_E727032F5F47";"e5933d4f-02b6-4851-a31e-8bc5b7cbaab6";"EAID_D857E285_1EA3_4ba3_9614_5FACAC8BA133";"09072026-00:43:48"
"814";"heeft";"heeft";"21ddff00-5cac-43ba-bb7e-f16beb9b89bb";"EAID_04CF947C_03FA_49c9_BFC4_B20074B47588";"association-relationship";"association";"";"";"";"";"14baf353-fdc5-458c-9a2e-66b3ec04d9d0";"EAID_E1FAE16A_42AE_4b7d_88FC_F429079D1C4D";"f1461f1c-503e-47ba-a1e7-43204103b356";"EAID_D60910E1_6E36_4ebb_9687_2D2B1CE66E0B";"09072026-00:43:48"
"815";"heeft";"heeft";"";"EAID_0F845181_E24A_470c_977D_39ED7375D456";"association-relationship";"association";"";"";"";"";"14baf353-fdc5-458c-9a2e-66b3ec04d9d0";"EAID_E1FAE16A_42AE_4b7d_88FC_F429079D1C4D";"";"EAID_B31B867F_061E_42d4_AB8A_DB5589602969";"09072026-00:43:48"
"816";"heeft";"heeft";"";"EAID_0A4EE071_9E38_4a5c_A701_0ECACC233BB1";"association-relationship";"association";"";"";"";"";"";"EAID_8D273DE5_3529_4652_BCA1_F86B28F26017";"";"EAID_7EFBF1CA_EC6E_4b8a_B97F_453CA32AB9A5";"09072026-00:43:48"
"817";"heeft";"heeft";"";"EAID_D3BFC0FC_375B_4acf_B588_D0C21597C84A";"association-relationship";"association";"";"";"";"";"6cc63d39-c5a3-4d09-8eab-22e56384fe7e";"EAID_45AFD4E2_9909_4c33_93CE_F2466B85CA0F";"";"EAID_2AA9DB3B_D79C_490d_8776_DA1CB25E9B09";"09072026-00:43:48"
"818";"heeft";"heeft";"";"EAID_42A182B6_9541_4283_BA4F_E672ADC03C9D";"association-relationship";"association";"";"";"";"";"";"EAID_DB093A73_BE89_462b_8FBA_19B2629072ED";"";"EAID_E403A215_A367_4eef_8716_075AF54388D0";"09072026-00:43:48"
"819";"heeft";"heeft";"d12fd861-8281-4d1f-a030-c31301d20ef8";"EAID_42130460_011F_4022_A09E_5F4EA114151E";"association-relationship";"association";"";"";"";"";"0ae46688-6cc8-4553-adc7-04b2ed7b8b8f";"EAID_20CA8283_CE99_455c_BF4D_EAE3DF41AE5B";"10eaa33f-03bf-42b4-9310-56add2cb5a7b";"EAID_5641C50A_C0FA_4e71_B07B_26C7B1CE94ED";"09072026-00:43:48"
"820";"heeft";"heeft";"09a0bcf4-054c-4cc0-a78f-860ded281a64";"EAID_8FD88F5F_A73E_4e67_A11A_D06E0AE70055";"association-relationship";"association";"";"";"";"";"1fe5c807-e9a7-4f44-a2b6-816341875d6e";"EAID_FD701A55_6865_44aa_9A73_C46E02481796";"0ae46688-6cc8-4553-adc7-04b2ed7b8b8f";"EAID_20CA8283_CE99_455c_BF4D_EAE3DF41AE5B";"09072026-00:43:48"
"821";"heeft";"heeft";"277cb4bf-fbda-421b-8dc8-3096bb85ba16";"EAID_98895123_3432_4228_916D_276992A55D90";"association-relationship";"association";"";"";"";"";"1fe5c807-e9a7-4f44-a2b6-816341875d6e";"EAID_FD701A55_6865_44aa_9A73_C46E02481796";"020a5c18-9065-48d4-9cdd-5500cf5ce9ae";"EAID_156C82B1_2641_40c8_9E99_60031643C29A";"09072026-00:43:48"
"822";"heeft";"heeft";"3a06a3bb-514b-4aba-9846-44d1b81d14c9";"EAID_B1B2D83D_5165_43df_9248_9A0DCB724A53";"association-relationship";"association";"";"";"";"";"1fe5c807-e9a7-4f44-a2b6-816341875d6e";"EAID_FD701A55_6865_44aa_9A73_C46E02481796";"126c564a-16fa-4e61-b52d-3af4968904d8";"EAID_D90E822D_7EF8_4ea6_AF5C_4A4362577941";"09072026-00:43:48"
"823";"heeft";"heeft";"0cf29670-030e-49c3-b03f-ed1eded90c37";"EAID_F16D79F6_7D75_4c83_89DA_A23B7A8C2D49";"association-relationship";"association";"";"";"";"";"1fe5c807-e9a7-4f44-a2b6-816341875d6e";"EAID_FD701A55_6865_44aa_9A73_C46E02481796";"10eaa33f-03bf-42b4-9310-56add2cb5a7b";"EAID_5641C50A_C0FA_4e71_B07B_26C7B1CE94ED";"09072026-00:43:48"
"824";"heeft";"heeft";"baf64242-3e96-4726-adac-3298915cdf51";"EAID_FD3717BB_474D_4f8f_98CB_329751FA5CBD";"association-relationship";"association";"";"";"";"";"1fe5c807-e9a7-4f44-a2b6-816341875d6e";"EAID_FD701A55_6865_44aa_9A73_C46E02481796";"7d5124d4-f23d-432d-ad5a-dc7c1b0fac44";"EAID_649EFD86_ED52_4293_8577_DBE5445845BF";"09072026-00:43:48"
"825";"heeft";"heeft";"";"EAID_ABE367A4_534E_48b9_9240_627972C6AF1B";"association-relationship";"association";"";"";"";"";"";"EAID_DB093A73_BE89_462b_8FBA_19B2629072ED";"126c564a-16fa-4e61-b52d-3af4968904d8";"EAID_D90E822D_7EF8_4ea6_AF5C_4A4362577941";"09072026-00:43:48"
"826";"heeft";"heeft";"c06651b4-7573-4497-833f-e508f0201ab9";"EAID_3311AF9E_CCBA_4588_9321_1DDB46763BD2";"association-relationship";"association";"";"";"";"";"8155eb9b-eb9e-4eec-a850-80c185983a9f";"EAID_9775E778_DBF8_4122_94CE_551466B62F46";"178c47cb-24e6-4e2d-a4a7-7da62997b0e6";"EAID_01C1622D_23E7_4a63_9B63_F45CA63E76CA";"09072026-00:43:48"
"827";"heeft";"heeft";"e7f77bc1-8e18-45ae-b679-d86f6a200da4";"EAID_3BA6B85A_0320_45da_A802_502DACD005CB";"association-relationship";"association";"";"";"";"";"f048185d-8eb4-447b-ade2-6160df1dedb3";"EAID_752621CC_D5CA_4f4c_A937_AF6C84E6ADED";"507292ba-1a0c-4ebf-b696-fc2c5ce1910e";"EAID_A5975EF7_558A_44fa_A656_AB43580D8C35";"09072026-00:43:48"
"828";"heeft";"heeft";"2850ea45-edf4-4574-a49d-a49a89505787";"EAID_F2BB0B84_CC53_4d49_8F47_BF8032EF63DB";"association-relationship";"association";"";"";"";"";"9155e64f-138f-4269-bd68-46f217cb33c3";"EAID_0B3F8A89_F21E_4bea_9620_8D6713AB632C";"3f1aeea3-a5a8-4df6-af1e-51d5ef4ad32f";"EAID_CB7BA76D_0793_4d5a_9596_533C5BC56BBF";"09072026-00:43:48"
"829";"heeft";"heeft";"e830cd8c-ec58-4fc7-849a-d936674a0bae";"EAID_A31F7870_F775_49c8_9702_98020B0CEA18";"association-relationship";"association";"";"";"";"";"44e5cb64-556a-4b36-9b4e-a2c8e61345ed";"EAID_1C84E4B6_1BB5_4a0d_A945_FFFDFDFB544B";"cad45b80-14d3-4a0c-a906-0c1614dc9570";"EAID_9DF5AC43_3673_4b9a_BB5E_6DCA7BE28835";"09072026-00:43:48"
"830";"heeft";"heeft";"43843e4a-f392-442b-a94a-96f927347fad";"EAID_73B0C853_9BFA_4759_8F5D_C54422F6BCB9";"association-relationship";"association";"";"";"";"";"67a1d348-4663-4a34-8b6a-06b3ea888a9d";"EAID_461EFCF0_E65E_4c7c_B44D_8F36C36FDCE4";"ac9bd49c-9861-44f3-adff-ffa256a08111";"EAID_28A6F2AC_5AB1_4f25_8876_931152CA28E0";"09072026-00:43:48"
"831";"heeft";"heeft";"2f5a56d1-cdb1-4de1-9bb6-a68c1df77572";"EAID_8FC49C86_553F_43d0_A5A3_088421D55DEE";"association-relationship";"association";"";"";"";"";"1affb298-091d-452a-83bd-29638650afb5";"EAID_11595AD8_CE67_40dd_BDA9_489DC7D244ED";"ac9bd49c-9861-44f3-adff-ffa256a08111";"EAID_28A6F2AC_5AB1_4f25_8876_931152CA28E0";"09072026-00:43:48"
"832";"heeft";"heeft";"";"EAID_0A687C58_657E_43da_89AA_E9165EC861EA";"association-relationship";"association";"";"";"";"";"3f1aeea3-a5a8-4df6-af1e-51d5ef4ad32f";"EAID_CB7BA76D_0793_4d5a_9596_533C5BC56BBF";"";"EAID_E71DC5EC_EEEB_4d27_A3C1_B46FD34AD41B";"09072026-00:43:48"
"833";"heeft";"heeft";"";"EAID_4911DA73_BAD4_4ab5_BFBD_964A47E22378";"association-relationship";"association";"";"";"";"";"cad45b80-14d3-4a0c-a906-0c1614dc9570";"EAID_9DF5AC43_3673_4b9a_BB5E_6DCA7BE28835";"";"EAID_E71DC5EC_EEEB_4d27_A3C1_B46FD34AD41B";"09072026-00:43:48"
"834";"heeft";"heeft";"fdf3b606-8a8e-45f2-8e2c-afdf814f913f";"EAID_A0BCF57E_3731_49c0_AC99_256F66DD032D";"association-relationship";"association";"";"";"";"";"a6741440-a70f-4d05-b164-6a21b867b4d3";"EAID_8D52E9F1_9CC9_42c6_A347_E68E29718E55";"126c564a-16fa-4e61-b52d-3af4968904d8";"EAID_D90E822D_7EF8_4ea6_AF5C_4A4362577941";"09072026-00:43:48"
"835";"heeft";"heeft";"f3b39c28-12d8-445e-9453-2aee492bf4f3";"EAID_11C86045_388F_48a6_8BD6_7BA9928D9D64";"association-relationship";"association";"";"";"";"";"126c564a-16fa-4e61-b52d-3af4968904d8";"EAID_D90E822D_7EF8_4ea6_AF5C_4A4362577941";"ede48ca8-4854-44b2-b549-0827bebf56ab";"EAID_A91E9C27_C4FA_4e1b_A4FF_8AE74ED9B7EB";"09072026-00:43:48"
"836";"heeft";"heeft";"";"EAID_1F7EF4DB_E751_47a9_A960_CF2846AF6B3E";"association-relationship";"association";"";"";"";"";"";"EAID_B598FF22_CDD0_486f_B528_99421D0FA608";"126c564a-16fa-4e61-b52d-3af4968904d8";"EAID_D90E822D_7EF8_4ea6_AF5C_4A4362577941";"09072026-00:43:48"
"837";"heeft";"heeft";"de65a54c-bb40-4c1e-849e-1d8f068668f3";"EAID_2B472ADB_4268_4c90_85C2_436E804F561A";"association-relationship";"association";"";"";"";"";"02f66265-00ae-418d-8d0e-dcbaf36652bb";"EAID_936A4E8B_3E5A_44b6_8A5D_EFB39F83FB6D";"126c564a-16fa-4e61-b52d-3af4968904d8";"EAID_D90E822D_7EF8_4ea6_AF5C_4A4362577941";"09072026-00:43:48"
"838";"heeft";"heeft";"a83259ac-60d3-412b-9566-67a8389dd5b0";"EAID_58514271_87E3_4f5f_A3E4_AF251AA7D9C9";"association-relationship";"association";"";"";"";"";"8c200706-b80b-44f7-9928-bec39e0db21f";"EAID_BBBB63AC_B546_409b_B6D4_53DB561253B7";"4adcc34d-9843-4735-9abb-48d9d58eab0c";"EAID_BF424764_453D_46cc_817C_3A7BDC4134A7";"09072026-00:43:48"
"839";"heeft";"heeft";"8623ad16-4105-4638-af96-741cd94330a2";"EAID_044ACFF3_A63F_4745_9BFB_CD7E5CB1A797";"association-relationship";"association";"";"";"";"";"113af80a-7e3e-41f6-8f79-8d0d48c4c257";"EAID_EA7FE08E_34F7_45d2_BE2E_E4E3B8333BF3";"e1c425c1-a3fe-4144-907d-13da8d9fb5cc";"EAID_2902E8D6_FF16_45d6_A0A4_47E2857D2D19";"09072026-00:43:48"
"840";"heeft";"heeft";"";"EAID_05D2D9C8_7433_4221_9EEF_612ACFFDC656";"association-relationship";"association";"";"";"";"";"113af80a-7e3e-41f6-8f79-8d0d48c4c257";"EAID_EA7FE08E_34F7_45d2_BE2E_E4E3B8333BF3";"";"EAID_AB2AED85_D2B0_45cf_9B1F_C6005E894494";"09072026-00:43:48"
"841";"heeft";"heeft";"";"EAID_F56EF6BD_D1C5_48fc_80AC_EF42CD79FCC8";"association-relationship";"association";"";"";"";"";"";"EAID_881F95F7_7096_49ab_B1CA_4D9FA93BB4A9";"";"EAID_40394EFE_AD3E_4fd9_B9FC_AF73442AF625";"09072026-00:43:48"
"842";"heeft";"heeft";"";"EAID_0684D5EF_2ED0_4667_91FB_BA90F35EE98E";"association-relationship";"association";"";"";"";"";"02f66265-00ae-418d-8d0e-dcbaf36652bb";"EAID_936A4E8B_3E5A_44b6_8A5D_EFB39F83FB6D";"";"EAID_881F95F7_7096_49ab_B1CA_4D9FA93BB4A9";"09072026-00:43:48"
"843";"heeft";"heeft";"";"EAID_38EA370E_4A5A_42fc_9CFC_4D0E53E8A0CC";"association-relationship";"association";"";"";"";"";"7d5124d4-f23d-432d-ad5a-dc7c1b0fac44";"EAID_649EFD86_ED52_4293_8577_DBE5445845BF";"";"EAID_881F95F7_7096_49ab_B1CA_4D9FA93BB4A9";"09072026-00:43:48"
"844";"heeft";"heeft";"";"EAID_75DA4113_4927_43d1_A910_B2ECE6D51B65";"association-relationship";"association";"";"";"";"";"724f019e-158f-4404-8b57-3e1eae109fec";"EAID_4B871112_CB41_4bfb_BD43_117C63D31BB4";"";"EAID_881F95F7_7096_49ab_B1CA_4D9FA93BB4A9";"09072026-00:43:48"
"845";"heeft";"heeft";"";"EAID_9807C834_5480_4fa2_A27B_C379E2437C85";"association-relationship";"association";"";"";"";"";"";"EAID_14E4AF23_21E9_412a_B78D_C208EE9F419D";"";"EAID_7210A379_17EE_4143_A106_ECD9414B2A0D";"09072026-00:43:48"
"846";"heeft";"heeft";"3d080a89-77d4-48a7-bb1e-8a62da53d0f2";"EAID_EE334186_2640_4708_BB09_B028A5434439";"association-relationship";"association";"";"";"";"";"7d5124d4-f23d-432d-ad5a-dc7c1b0fac44";"EAID_649EFD86_ED52_4293_8577_DBE5445845BF";"ff9366e3-dd65-48ce-9051-9d6b01b2c6db";"EAID_B3371695_97AD_49d2_9AF1_15591B422007";"09072026-00:43:48"
"847";"heeft";"heeft";"7ccdc69f-4281-46ad-a054-f4026444f956";"EAID_FA90DE4F_C686_4701_A3A0_5A67856C004D";"association-relationship";"association";"<font color=""#610e6a"">De STATUSsen die bereikt zijn gedurende de behandeling van de ZAAK.</font>";"<font color=""#610e6a"">De STATUSsen die bereikt zijn gedurende de behandeling van de ZAAK.</font>";"";"";"7d5124d4-f23d-432d-ad5a-dc7c1b0fac44";"EAID_649EFD86_ED52_4293_8577_DBE5445845BF";"138f7a81-f370-4e0c-9254-d6c7727a338c";"EAID_7C975D37_670B_405e_B825_924BCAFA74C7";"09072026-00:43:48"
"848";"heeft";"heeft";"";"EAID_EF19B3B9_08AC_4c8c_B785_4571F6FA8DDF";"association-relationship";"association";"";"<font color=""#610e6a"">De STATUSTYPEn die bereikt kunnen worden bij behandeling van ZAAKen van het ZAAKTYPE.</font>";"";"";"";"EAID_7210A379_17EE_4143_A106_ECD9414B2A0D";"";"EAID_AA496B7B_913C_40fd_943E_52F1A6E89440";"09072026-00:43:48"
"849";"heeft";"heeft";"";"EAID_133EB5E3_4BBC_4bf7_8462_98F9532803A0";"association-relationship";"association";"";"";"";"";"f048185d-8eb4-447b-ade2-6160df1dedb3";"EAID_752621CC_D5CA_4f4c_A937_AF6C84E6ADED";"";"EAID_6C1FC62B_EE66_4c73_BDBF_A59114A3806A";"09072026-00:43:48"
"850";"heeft";"heeft";"aa0087b5-b435-4fdd-bfa0-1f5644c2a6a7";"EAID_9A375AE5_3CB2_4803_A247_061E39A8D5DE";"association-relationship";"association";"";"";"";"";"2515abf4-dea2-44eb-8886-c90c1ab42069";"EAID_6FB0A5B7_7B5F_437f_A462_4B1EADB964E4";"e1371e07-969e-4a34-be81-0a23ffd541dd";"EAID_AF9534B0_7CBD_4061_9276_A7B6698B383A";"09072026-00:43:48"
"851";"heeft";"heeft";"bd7ed444-6797-4286-ad2f-8f35398c7ff3";"EAID_BB758CBA_3CE6_4bcc_BD0E_05CE964EE458";"association-relationship";"association";"De verwijzing naar de VERBLIJFSTITEL die aangeeft over welke verblijfsrechtelijke status de ingezetene beschikt.";"De verwijzing naar de VERBLIJFSTITEL die aangeeft over welke verblijfsrechtelijke status de ingezetene beschikt.";"";"";"c5e5f4f9-5bb6-4a9f-816b-e41abc770e86";"EAID_CA19D17F_3EB7_459d_9883_16F0C0B5D35E";"fd0e38fd-ce78-454e-9d27-268a9e15ca40";"EAID_A660422D_E9ED_47c9_9978_480E57572775";"09072026-00:43:48"
"852";"heeft";"heeft";"127cb308-3cb1-4590-ad64-1116b1173d7d";"EAID_968FD4BA_EAFC_43e0_8BEF_B1525616127C";"association-relationship";"association";"";"";"";"";"6eaed538-bcc5-4648-b0f2-4c5095b9f514";"EAID_3D5CCB29_91E4_458e_8BCD_6741198E45B8";"b403d1ab-a0ee-4ca0-befa-01bbc54bf403";"EAID_B60B8EF9_D1C0_4e36_BF9B_1C16F92518DD";"09072026-00:43:48"
"853";"heeft";"heeft";"1d5985e9-53ff-4a69-b0ca-728185f03bb8";"EAID_A1F4ED3F_AB5A_47b2_A1E8_F24FB4DCF6FC";"association-relationship";"association";"";"";"";"";"cad45b80-14d3-4a0c-a906-0c1614dc9570";"EAID_9DF5AC43_3673_4b9a_BB5E_6DCA7BE28835";"429cbd2f-a86d-49d9-9c8a-0de67a7e7d3e";"EAID_2651D6E0_6AC8_43a8_A4F6_4706209BAC8E";"09072026-00:43:48"
"854";"heeft (onderdeel van)";"heeft (onderdeel van)";"";"EAID_D8950A51_815D_4ddc_A7ED_F99377454BC1";"association-relationship";"association";"";"";"";"";"";"EAID_42CA98D5_0E2F_4110_AED0_6B8ADB955BBF";"ab441c2e-d5a6-4546-b1b8-a08d3bee1c07";"EAID_51285531_9529_4b2d_9EC6_B6BAEA729D9A";"09072026-00:43:48"
"855";"heeft Adresseerbaar object";"heeft Adresseerbaar object";"";"EAID_0D455136_E7F3_45b9_856F_99BD1C12F7EF";"association-relationship";"association";"";"";"";"";"";"EAID_049E7FD0_D515_4057_9C87_A09980C5DE6A";"460ada62-9cdd-478f-9555-4fb161ebc0b3";"EAID_8A04280B_E0B4_4e36_B448_C99750393D0D";"09072026-00:43:48"
"856";"heeft aangevraagd";"heeft aangevraagd";"";"EAID_EF148167_40EF_4598_A654_94DC90DE7646";"association-relationship";"association";"";"";"";"";"3991c605-2abb-4185-b7ce-1adf5966e3c7";"EAID_598F7015_C6B5_4eed_80A6_139B62324678";"";"EAID_950DD620_01C0_4594_875F_AE23C9154826";"09072026-00:43:48"
"857";"heeft aanmelding";"heeft aanmelding";"57384606-45b3-4cc5-aff2-95fd78564829";"EAID_C49D501E_CC39_4b11_9579_7B0A180B98DD";"association-relationship";"association";"";"";"";"";"276088a8-7dcf-4dd8-9450-bf677c7329ed";"EAID_A22B8038_3C04_44a7_8E75_90A3A5E2615B";"4615aabe-451f-40ef-87ce-fb4fcd43c859";"EAID_294E3981_C1EF_451e_AE2B_758EC4E4B284";"09072026-00:43:48"
"858";"heeft adres";"heeft adres";"";"EAID_2564E656_78D5_4563_A39D_C357E78CC456";"association-relationship";"association";"";"";"";"";"8155eb9b-eb9e-4eec-a850-80c185983a9f";"EAID_9775E778_DBF8_4122_94CE_551466B62F46";"";"EAID_909E635B_E33D_4ded_8471_900CD175B7D1";"09072026-00:43:48"
"859";"heeft adres";"heeft adres";"";"EAID_A32B511F_6DE7_4c10_8F83_466FFB1BDCD6";"association-relationship";"association";"";"";"";"";"";"EAID_049E7FD0_D515_4057_9C87_A09980C5DE6A";"8155eb9b-eb9e-4eec-a850-80c185983a9f";"EAID_9775E778_DBF8_4122_94CE_551466B62F46";"09072026-00:43:48"
"860";"heeft als adres";"heeft als adres";"";"EAID_D2DD4C21_DB8A_4363_BAE9_8B334918F116";"association-relationship";"association";"";"";"";"";"ffca91bc-ed2b-4885-9e04-7a459fd67cad";"EAID_F0467610_553B_47cd_A9F7_3B1D20CC425E";"f152bdf8-bd60-4c88-b739-e3091afdbf7a";"EAID_32A22BC6_89EC_44af_8D7D_79B12311AE2D";"09072026-00:43:48"
"861";"heeft als adres";"heeft als adres";"";"EAID_F02B0A9C_3C5F_454c_A18B_ADBD6872BED2";"association-relationship";"association";"";"";"";"";"ffca91bc-ed2b-4885-9e04-7a459fd67cad";"EAID_F0467610_553B_47cd_A9F7_3B1D20CC425E";"403c547f-8d7e-4235-99d9-d155063c6085";"EAID_31A87864_6CE0_4e93_A493_ECD0FBDD4461";"09072026-00:43:48"
"862";"heeft als adres";"heeft als adres";"63af0984-394b-4562-9022-311d3d9afb79";"EAID_BEDA1555_5770_4493_A32F_FDA62195CB59";"association-relationship";"association";"";"";"";"";"e1371e07-969e-4a34-be81-0a23ffd541dd";"EAID_AF9534B0_7CBD_4061_9276_A7B6698B383A";"403c547f-8d7e-4235-99d9-d155063c6085";"EAID_32A22BC6_89EC_44af_8D7D_79B12311AE2D";"09072026-00:43:48"
"863";"heeft als correspondentieadres postadres in";"heeft als correspondentieadres postadres in";"";"EAID_32FC2297_3704_4d5e_ACEA_29634F47A45F";"association-relationship";"association";"";"";"";"";"";"EAID_990C2EBD_AB9B_4f3f_AFF0_18BA11A552DA";"bedf86fb-8710-49fc-addb-e48a11b551ed";"EAID_24BDA4BA_CFCC_4e3f_8305_671F4ED7C502";"09072026-00:43:48"
"864";"heeft als correspondentieadres postadres in";"heeft als correspondentieadres postadres in";"";"EAID_2A3BF217_F7B1_422a_9EAE_8EBB4422E5F2";"association-relationship";"association";"";"De woonplaats die behoort bij het postadres van het SUBJECT";"";"";"";"EAID_990C2EBD_AB9B_4f3f_AFF0_18BA11A552DA";"c063970e-27f6-45a2-88e8-0105dbbce716";"EAID_039AFF88_F5F7_4c1a_B7E4_1BDFC495F67A";"09072026-00:43:48"
"865";"heeft als eigenaar";"heeft als eigenaar";"9667559c-b000-4cc2-849c-46585b399f57";"EAID_C10716C8_9E28_4843_94C2_8A56B849BAD8";"association-relationship";"association";"";"";"";"";"82773f8d-3aa1-4e1f-b6de-9284a1851960";"EAID_3DC85114_5C3F_4930_B98B_6EB6ED71FC2E";"cad45b80-14d3-4a0c-a906-0c1614dc9570";"EAID_9DF5AC43_3673_4b9a_BB5E_6DCA7BE28835";"09072026-00:43:48"
"866";"heeft als equivalent";"heeft als equivalent";"";"EAID_A99434DD_EF9A_48ec_A0CB_C9F62FEF4887";"association-relationship";"association";"";"Een OVERIG BOUWWERK dat een equivalent is van een OVERIG GEBOUWD OBJECT.";"";"";"";"EAID_7CDF37D9_26D7_46a5_9CF3_392601BDCECA";"";"EAID_1DA7BC25_CF02_4161_B9A2_DE0BE27C5254";"09072026-00:43:48"
"867";"heeft als hoofdadres";"heeft als hoofdadres";"833503ef-cb7d-4a25-a292-9e00ef6951a5";"EAID_293514AA_9A4B_445c_8F4C_7F85C924AFB8";"association-relationship";"association";"De unieke aanduiding van de Nummeraanduiding die in het kader van de Basisregistratie Adressen en Gebouwen is aangemerkt als het hoofdadres van een adresseerbaar object.";"De unieke aanduiding van de Nummeraanduiding die in het kader van de Basisregistratie Adressen en Gebouwen is aangemerkt als het hoofdadres van een adresseerbaar object.";"";"";"403c547f-8d7e-4235-99d9-d155063c6085";"EAID_31A87864_6CE0_4e93_A493_ECD0FBDD4461";"cc3c2d8f-cb2f-4e39-a220-bff533892688";"EAID_BA35A5E2_5A1D_4328_91CD_D51694ED5FBA";"09072026-00:43:48"
"868";"heeft als locatie-adres";"heeft als locatie-adres";"";"EAID_2F6083B5_170E_46af_937A_5A13F67F58E6";"association-relationship";"association";"";"De ADRESSEERBAAR OBJECT AANDUIDING bij het BENOEMD OBJECT waarin de VESTIGING (&#233;&#233;n van) haar lokatie(s) heeft en die bij inschrijving gekozen is als vestigingssadres.
";"";"";"f152bdf8-bd60-4c88-b739-e3091afdbf7a";"EAID_32A22BC6_89EC_44af_8D7D_79B12311AE2D";"b403d1ab-a0ee-4ca0-befa-01bbc54bf403";"EAID_B60B8EF9_D1C0_4e36_BF9B_1C16F92518DD";"09072026-00:43:48"
"869";"heeft als locatie-adres";"heeft als locatie-adres";"f16c3dd1-3feb-4c30-9729-45de90014da8";"EAID_EC366E53_F18A_4208_AAFD_A255250D2F6A";"association-relationship";"association";"De ADRESSEERBAAR OBJECT AANDUIDING bij het BENOEMD OBJECT waarin de VESTIGING (één van) haar lokatie(s) heeft en die bij inschrijving gekozen is als vestigingssadres.";"De ADRESSEERBAAR OBJECT AANDUIDING bij het BENOEMD OBJECT waarin de VESTIGING (één van) haar lokatie(s) heeft en die bij inschrijving gekozen is als vestigingssadres.";"<memo>";"";"b403d1ab-a0ee-4ca0-befa-01bbc54bf403";"EAID_B60B8EF9_D1C0_4e36_BF9B_1C16F92518DD";"403c547f-8d7e-4235-99d9-d155063c6085";"EAID_31A87864_6CE0_4e93_A493_ECD0FBDD4461";"09072026-00:43:48"
"870";"heeft als nevenadres";"heeft als nevenadres";"";"EAID_6BE6C413_4B23_4047_A6D4_7E175A72822F";"specialization-relationship";"generalization";"";"";"";"";"900a1db0-0009-453f-a000-4d382bcc367d";"EAID_7B33EB93_BAD8_4b36_90A1_B3909415EDC3";"f152bdf8-bd60-4c88-b739-e3091afdbf7a";"EAID_32A22BC6_89EC_44af_8D7D_79B12311AE2D";"09072026-00:43:48"
"871";"heeft als nevenadres";"heeft als nevenadres";"a76861ae-ab65-4db6-921d-068108fff862";"EAID_D23F2649_1EAC_4e38_AE5D_ADA51D334AC9";"association-relationship";"association";"";"";"";"";"403c547f-8d7e-4235-99d9-d155063c6085";"EAID_31A87864_6CE0_4e93_A493_ECD0FBDD4461";"cc3c2d8f-cb2f-4e39-a220-bff533892688";"EAID_BA35A5E2_5A1D_4328_91CD_D51694ED5FBA";"09072026-00:43:48"
"872";"heeft als officieel adres";"heeft als officieel adres";"";"EAID_EA30E741_5270_4eec_A922_9F0E5D133B52";"association-relationship";"association";"";"De OVERIGE ADRESSEERBAAR OBJECT AANDUIDING waaronder het officiële adres is opgenomen.";"";"";"";"EAID_CFA3D54E_C8E0_4559_9475_29D31AF2DECD";"900a1db0-0009-453f-a000-4d382bcc367d";"EAID_7B33EB93_BAD8_4b36_90A1_B3909415EDC3";"09072026-00:43:48"
"873";"heeft als officieel adres";"heeft als officieel adres";"";"EAID_AF7C0D10_A5E7_4a45_985D_6AA69822C9FB";"association-relationship";"association";"";"De OVERIGE ADRESSEERBAAR OBJECT AANDUIDING waaronder het officiële adres is opgenomen.";"";"";"";"EAID_7CDF37D9_26D7_46a5_9CF3_392601BDCECA";"900a1db0-0009-453f-a000-4d382bcc367d";"EAID_7B33EB93_BAD8_4b36_90A1_B3909415EDC3";"09072026-00:43:48"
"874";"heeft als verantwoordelijke";"heeft als verantwoordelijke";"803db62b-ba55-4382-90a4-334f941ec079";"EAID_93E13784_D545_4f09_85F0_4E459FBB4EED";"association-relationship";"association";"";"";"";"";"fe2e2e4e-228a-46d7-964f-a489ed253d2d";"EAID_E38BEAEF_03C4_439b_8A64_663886C1D6F9";"6f0e6db2-3ca2-48db-a370-9aacdfcd4c29";"EAID_B18119D9_5BF8_498f_B9D3_ECCE7A770012";"09072026-00:43:48"
"875";"heeft behandeling";"heeft behandeling";"a755ef36-7a09-400e-8ba2-e25522354060";"EAID_6D7DECEC_F17A_4ecb_B263_9AA07C56EF1E";"association-relationship";"association";"";"";"";"";"276088a8-7dcf-4dd8-9450-bf677c7329ed";"EAID_A22B8038_3C04_44a7_8E75_90A3A5E2615B";"924f174b-0a98-4957-b087-781f548d18bc";"EAID_1B8CF61F_3039_4fc5_A57D_B758170FCA0E";"09072026-00:43:48"
"876";"heeft betaling";"heeft betaling";"41d9a81f-f668-499d-bbf1-330314142fcd";"EAID_4792EF86_3EA9_4e05_A5CC_0EA419541F79";"association-relationship";"association";"";"";"";"";"7d5124d4-f23d-432d-ad5a-dc7c1b0fac44";"EAID_649EFD86_ED52_4293_8577_DBE5445845BF";"8cec89b8-6174-42ac-937f-9500bfb8901b";"EAID_FC488929_8721_402f_A073_1DFDB76A816E";"09072026-00:43:48"
"877";"heeft betrekking op";"heeft betrekking op";"";"EAID_269DD70D_7782_B958_65A1_28FC08223B63";"aggregation-relationship";"aggregation";"";"";"";"";"";"EAID_0897E8F8_77FF_DE35_D40E_28FC069F6910";"";"EAID_0F06241B_EBEF_4053_33E4_263C236F76FC";"09072026-00:43:48"
"878";"heeft betrekking op";"heeft betrekking op";"356168fd-0c53-4ae1-a393-905b0a1bde95";"EAID_4A07878B_1FE7_48d9_BBF1_C4D18F299E2B";"association-relationship";"association";"";"";"";"";"ab96da46-ed16-412b-8022-4233ce20e311";"EAID_CB0A6B53_D263_459e_8C28_AD97E5552FFF";"126c564a-16fa-4e61-b52d-3af4968904d8";"EAID_D90E822D_7EF8_4ea6_AF5C_4A4362577941";"09072026-00:43:48"
"879";"heeft betrekking op";"heeft betrekking op";"c9f5eee0-30d3-4a1c-8137-7956f1429e41";"EAID_D1F86572_708B_42f8_B095_789694BB8DCB";"association-relationship";"association";"";"";"";"";"8fd2ff34-a208-4924-bec3-b5ee7e5e7a18";"EAID_631FEEF1_88D3_4d18_ADB2_BF999068493E";"7d5124d4-f23d-432d-ad5a-dc7c1b0fac44";"EAID_649EFD86_ED52_4293_8577_DBE5445845BF";"09072026-00:43:48"
"880";"heeft betrekking op";"heeft betrekking op";"792f85d2-f766-4def-bc4a-3cc79a15fcb1";"EAID_3DEF8FFF_14B3_4877_8B09_89A1FB3FF2E9";"association-relationship";"association";"";"";"";"";"a9cb919f-a224-4ab5-9825-40d54104f90d";"EAID_A3DAD553_0E55_4256_824B_CDB5E12CB545";"7d5124d4-f23d-432d-ad5a-dc7c1b0fac44";"EAID_649EFD86_ED52_4293_8577_DBE5445845BF";"09072026-00:43:48"
"881";"heeft betrekking op";"heeft betrekking op";"bb522ffd-6442-4514-83b1-bd03cb5d638d";"EAID_1A349697_B524_49b7_B513_DEC2BA5ACE19";"association-relationship";"association";"";"";"";"";"4c80e4c9-5e35-43d8-8438-2860c18949f0";"EAID_5DC6EA71_272C_4392_BA5E_5C97DC3CA9D9";"671ec5bd-e8ac-44d7-8a01-cc9b439c6c5f";"EAID_8C809341_AC60_4378_8BA0_0843E8C06AF3";"09072026-00:43:48"
"882";"heeft betrekking op";"heeft betrekking op";"";"EAID_9AF385C9_F018_43ac_8D3A_AE960B46F8C0";"association-relationship";"usage";"";"";"";"";"";"EAID_B31B867F_061E_42d4_AB8A_DB5589602969";"10eaa33f-03bf-42b4-9310-56add2cb5a7b";"EAID_5641C50A_C0FA_4e71_B07B_26C7B1CE94ED";"09072026-00:43:48"
"883";"heeft betrekking op";"heeft betrekking op";"941ee598-d7eb-4634-8d2d-85c8636bd7a5";"EAID_93CC56E0_B35A_4317_85E1_E1B28052DE8D";"association-relationship";"association";"De KADASTRALE ONROERENDE ZAAK waarbij de AANTEKENING geplaatst is.";"De KADASTRALE ONROERENDE ZAAK waarbij de AANTEKENING geplaatst is.";"<memo>";"";"6c7ed209-0c32-432f-b6cd-32a0a1505a4e";"EAID_0BC18F79_3560_4e43_8154_7CCDC7D67A03";"8155eb9b-eb9e-4eec-a850-80c185983a9f";"EAID_9775E778_DBF8_4122_94CE_551466B62F46";"09072026-00:43:48"
"884";"heeft betrekking op";"heeft betrekking op";"9f95c45c-5e5a-4e80-8f5d-37b204a91e40";"EAID_37F7170A_15AE_4bf3_9042_193E6084A3E8";"association-relationship";"association";"Een verwijzing naar het recht dat door een persoon wordt uitgeoefend op een kadastrale onroerende zaak.";"Een verwijzing naar het recht dat door een persoon wordt uitgeoefend op een kadastrale onroerende zaak.";"<memo>";"";"429cbd2f-a86d-49d9-9c8a-0de67a7e7d3e";"EAID_2651D6E0_6AC8_43a8_A4F6_4706209BAC8E";"671ec5bd-e8ac-44d7-8a01-cc9b439c6c5f";"EAID_8C809341_AC60_4378_8BA0_0843E8C06AF3";"09072026-00:43:48"
"885";"heeft betrekking op andere";"heeft betrekking op andere";"5ae85bb2-e01e-40d4-b02f-2bcec30a1113";"EAID_87D7E92A_583F_4b4a_AA34_019ABCFBD939";"association-relationship";"association";"<font color=""#610e6a"">De andere ZAAKen die het onderwerp zijn van de ZAAK.</font>";"<font color=""#610e6a"">De andere ZAAKen die het onderwerp zijn van de ZAAK.</font>";"";"";"7d5124d4-f23d-432d-ad5a-dc7c1b0fac44";"EAID_649EFD86_ED52_4293_8577_DBE5445845BF";"7d5124d4-f23d-432d-ad5a-dc7c1b0fac44";"EAID_649EFD86_ED52_4293_8577_DBE5445845BF";"09072026-00:43:48"
"886";"heeft betrekking op andere";"heeft betrekking op andere";"0538505e-ab26-44d1-b199-b5d708025e3b";"EAID_5535E8EB_1CF8_4c21_BD0E_B3786D318FB2";"association-relationship";"association";"<font color=""#610e6a"">De andere ZAAKen die het onderwerp zijn van de ZAAK.</font>";"<font color=""#610e6a"">De andere ZAAKen die het onderwerp zijn van de ZAAK.</font>";"";"";"ce925d18-fde7-4bd6-9865-a7030a276a3c";"EAID_766265DF_56DD_4560_A55C_FF82E3B9751A";"ce925d18-fde7-4bd6-9865-a7030a276a3c";"EAID_766265DF_56DD_4560_A55C_FF82E3B9751A";"09072026-00:43:48"
"887";"heeft betrokkenen";"heeft betrokkenen";"826a42e7-c885-45ab-8ec0-f956b963f33d";"EAID_A72380B2_780A_4384_95FA_753AB757EF02";"association-relationship";"association";"";"";"";"";"276088a8-7dcf-4dd8-9450-bf677c7329ed";"EAID_A22B8038_3C04_44a7_8E75_90A3A5E2615B";"5011fe69-8832-47f9-9ba5-c68d53a95ecd";"EAID_3DF01B79_6712_473e_9878_594CB5AE95A7";"09072026-00:43:48"
"888";"heeft bijlagen";"heeft bijlagen";"";"EAID_67DD89C8_BCAE_443e_B026_803BB7928BF6";"association-relationship";"usage";"";"";"";"";"6f0e6db2-3ca2-48db-a370-9aacdfcd4c29";"EAID_B18119D9_5BF8_498f_B9D3_ECCE7A770012";"10eaa33f-03bf-42b4-9310-56add2cb5a7b";"EAID_5641C50A_C0FA_4e71_B07B_26C7B1CE94ED";"09072026-00:43:48"
"889";"heeft bijzonderheid";"heeft bijzonderheid";"ee77efed-f34c-4666-9ef4-da8b63c09faf";"EAID_507E6CB0_8844_4a39_AA86_7DE0A88CC0DB";"association-relationship";"association";"";"";"";"";"276088a8-7dcf-4dd8-9450-bf677c7329ed";"EAID_A22B8038_3C04_44a7_8E75_90A3A5E2615B";"47f7a086-43f4-4112-8a82-13d15ab3d12c";"EAID_77A962E5_889A_4af6_ADFD_37C3EE8C48F0";"09072026-00:43:48"
"890";"heeft changelog";"heeft changelog";"b4032b89-e48c-4b39-a507-d4d73a4c6f71";"EAID_5410F48D_F52E_4ec6_A270_59AD05B60075";"association-relationship";"association";"";"";"";"";"f5365fcc-279e-42e5-bde4-e7b10700a8ed";"EAID_B027D022_41D9_4c63_A63D_8F5111689564";"faf0976b-5000-4eb1-976d-10a3d7edf2c5";"EAID_5492ED6D_608E_465e_B975_BCADAAA3EE7F";"09072026-00:43:48"
"891";"heeft data";"heeft data";"f8b92c03-04c1-4a92-8d04-00513cc8e2d1";"EAID_33411F61_D155_49df_9D6B_C945FDA65DF7";"association-relationship";"association";"";"";"";"";"f14fa1cf-f2c7-4bd6-862d-28ff1616a882";"EAID_8E6BAEF8_1878_400f_9244_23575BD41EAB";"6f15e2ca-531d-4879-b087-f43559d8c3fd";"EAID_1F68C981_7E16_4368_8867_CA00AEB08A04";"09072026-00:43:48"
"892";"heeft documenten";"heeft documenten";"3c5fa727-2a38-4b36-9401-5522473fdaf0";"EAID_BE9DCE55_00F0_4742_BAA8_DB992389C5C6";"association-relationship";"association";"";"";"";"";"f14fa1cf-f2c7-4bd6-862d-28ff1616a882";"EAID_8E6BAEF8_1878_400f_9244_23575BD41EAB";"10eaa33f-03bf-42b4-9310-56add2cb5a7b";"EAID_5641C50A_C0FA_4e71_B07B_26C7B1CE94ED";"09072026-00:43:48"
"893";"heeft documenten";"heeft documenten";"79707b62-18b3-48c0-8794-bf01e7aeb3e9";"EAID_432403CA_DC70_4825_A02A_08D2207DF358";"association-relationship";"association";"";"";"";"";"f5c91145-fba4-47cb-aaf9-bb9c64e19a21";"EAID_A8945FD7_EA20_418e_8E7F_18F13F16E338";"10eaa33f-03bf-42b4-9310-56add2cb5a7b";"EAID_5641C50A_C0FA_4e71_B07B_26C7B1CE94ED";"09072026-00:43:48"
"894";"heeft doelstelling";"heeft doelstelling";"565f741a-83c3-49f3-bb31-f3c099f71c35";"EAID_51748CAF_E7CE_4ce8_9897_DE5549EF0F09";"association-relationship";"association";"";"";"";"";"276088a8-7dcf-4dd8-9450-bf677c7329ed";"EAID_A22B8038_3C04_44a7_8E75_90A3A5E2615B";"e348516f-ca14-4d0e-8071-b5c318f9201b";"EAID_28C572B5_C147_4b99_B920_00062C843FDE";"09072026-00:43:48"
"895";"heeft een";"heeft een";"";"EAID_DD96E8B4_4622_4a34_B2AC_A9C7363709EB";"association-relationship";"association";"";"";"";"";"b0cd75ba-28f2-4950-bb79-6ceb662eb6fa";"EAID_EE5472C2_193E_4432_B175_78D6DF1D357B";"";"EAID_E2C66E88_930E_460f_93F8_8CD160DCEE15";"09072026-00:43:48"
"896";"heeft eigenaar";"heeft eigenaar";"59eb91a6-d731-4490-8d42-93607b565d6b";"EAID_CB8AA91B_F488_4c76_A385_6989E086960E";"association-relationship";"association";"";"";"";"";"a6741440-a70f-4d05-b164-6a21b867b4d3";"EAID_8D52E9F1_9CC9_42c6_A347_E68E29718E55";"06ee795e-36b8-4e13-991d-02a5d91ef015";"EAID_5E06339C_13EE_44ca_BC40_0FC4B9DC8349";"09072026-00:43:48"
"897";"heeft financiele situatie";"heeft financiele situatie";"";"EAID_F561EA37_67B5_48d6_89C7_793BE8C31A4A";"association-relationship";"association";"";"";"";"";"2a859087-fe7f-412a-b057-bf1e3f249a4c";"EAID_DAF09055_A5A6_4ff4_A158_21B20567B296";"id-5cc59215-5a63-4ef8-9d64-c4fac0619121";"EAID_5CC59215_5A63_4ef8_9D64_C4FAC0619121";"09072026-00:43:48"
"898";"heeft gekwalificeerd";"heeft gekwalificeerd";"be399537-072d-44ea-9f49-58e6cc1b6514";"EAID_6BB295DA_4080_4b49_B3EF_07E52AE82C2A";"association-relationship";"association";"";"";"";"";"113af80a-7e3e-41f6-8f79-8d0d48c4c257";"EAID_EA7FE08E_34F7_45d2_BE2E_E4E3B8333BF3";"3907c387-dc68-4c15-a98c-edd640042495";"EAID_17FCEF39_AB9D_4516_9C60_1DDA61D87356";"09072026-00:43:48"
"899";"heeft genoten";"heeft genoten";"";"EAID_C14E8E75_F958_4d73_972F_E0E1FA74400A";"association-relationship";"association";"";"";"";"";"8c200706-b80b-44f7-9928-bec39e0db21f";"EAID_BBBB63AC_B546_409b_B6D4_53DB561253B7";"";"EAID_261363C5_1E00_4b6a_B570_2129DC044010";"09072026-00:43:48"
"900";"heeft gevolgd";"heeft gevolgd";"";"EAID_5C77DF7C_5271_4f51_9995_DAB3D5E7710A";"association-relationship";"association";"";"";"";"";"3991c605-2abb-4185-b7ce-1adf5966e3c7";"EAID_598F7015_C6B5_4eed_80A6_139B62324678";"";"EAID_88DF555F_9F2F_4274_A1ED_B201EEE0E62E";"09072026-00:43:48"
"901";"heeft gevolgd";"heeft gevolgd";"";"EAID_8AAE3275_1F11_4b67_BD1E_443971D3DEA3";"association-relationship";"association";"";"";"";"";"3991c605-2abb-4185-b7ce-1adf5966e3c7";"EAID_598F7015_C6B5_4eed_80A6_139B62324678";"";"EAID_8C5FEEDF_1AE5_44a6_8A13_53A70F06DBBC";"09072026-00:43:48"
"902";"heeft grondslag";"heeft grondslag";"f60d9be4-2cf1-4ed8-99f2-d1d220aa6c57";"EAID_4D45461F_C60E_41dc_8E1B_A4A741A90FC3";"association-relationship";"association";"";"";"";"";"ff9366e3-dd65-48ce-9051-9d6b01b2c6db";"EAID_B3371695_97AD_49d2_9AF1_15591B422007";"654000c4-9d8b-4453-b3e8-4f77fb1b15a2";"EAID_3D2D5426_653C_485c_A99C_8AD933E76D78";"09072026-00:43:48"
"903";"heeft herkomst";"heeft herkomst";"72305543-832c-4f6c-9385-996066687234";"EAID_B90C1086_1ADC_4b38_9B54_A709EBB2DAE3";"association-relationship";"association";"";"";"";"";"f5c91145-fba4-47cb-aaf9-bb9c64e19a21";"EAID_A8945FD7_EA20_418e_8E7F_18F13F16E338";"4499a4ec-1e22-4a1c-968a-ad3dbb7be6a1";"EAID_A784A0ED_4451_4a92_B7C8_ABE528BA898F";"09072026-00:43:48"
"904";"heeft herkomst";"heeft herkomst";"";"EAID_0391E42D_F622_483f_9441_820B9E511E22";"association-relationship";"association";"";"";"";"";"4499a4ec-1e22-4a1c-968a-ad3dbb7be6a1";"EAID_A784A0ED_4451_4a92_B7C8_ABE528BA898F";"";"EAID_841FC453_80B3_4389_A91F_9498FDC629CF";"09072026-00:43:48"
"905";"heeft hoofdlocatie in of op";"heeft hoofdlocatie in of op";"";"EAID_FA06B395_BB5E_466e_9989_A5038824E0B0";"association-relationship";"association";"";"";"";"";"b403d1ab-a0ee-4ca0-befa-01bbc54bf403";"EAID_B60B8EF9_D1C0_4e36_BF9B_1C16F92518DD";"460ada62-9cdd-478f-9555-4fb161ebc0b3";"EAID_8A04280B_E0B4_4e36_B448_C99750393D0D";"09072026-00:43:48"
"906";"heeft hoofdlocatie in of op";"heeft hoofdlocatie in of op";"44c4fc55-5975-4c27-bbfc-97478a0c3710";"EAID_4A73BBFA_80FE_417c_A59A_81915FFD7BD1";"association-relationship";"association";"Het BENOEMD OBJECT waarin of waarop zich (het gedeelte van) de VESTIGING bevindt dat beschouwd wordt als hoofdlocatie voor de uitvoering van de activiteiten van deze VESTIGING";"Het BENOEMD OBJECT waarin of waarop zich (het gedeelte van) de VESTIGING bevindt dat beschouwd wordt als hoofdlocatie voor de uitvoering van de activiteiten van deze VESTIGING";"<memo>";"";"b403d1ab-a0ee-4ca0-befa-01bbc54bf403";"EAID_B60B8EF9_D1C0_4e36_BF9B_1C16F92518DD";"13ad6d22-52ce-4439-9eed-200245c3a498";"EAID_3E9E08B7_574E_43dc_8D93_251BFA8F8D75";"09072026-00:43:48"
"907";"heeft huurrecht";"heeft huurrecht";"e23609b4-bc15-47c9-85db-5e40f8e464c0";"EAID_02F47C2D_6990_48f3_A445_0A1010D4A818";"association-relationship";"association";"";"";"";"";"b64affbe-e43f-4f32-acce-8900b6f409e8";"EAID_B75EE7EF_DC1F_47da_A95C_B9662075684D";"a6741440-a70f-4d05-b164-6a21b867b4d3";"EAID_8D52E9F1_9CC9_42c6_A347_E68E29718E55";"09072026-00:43:48"
"908";"heeft idealisatie";"heeft idealisatie";"";"EAID_85F36F5F_DB13_4679_BDE9_DBA0DB8668DF";"association-relationship";"association";"";"";"";"";"";"EAID_A744FAF8_16B7_4e5d_9C10_203AA8E7C440";"2e1ef581-f4f8-4212-9784-5927c5a8993d";"EAID_4942AB0A_804B_4043_BD3C_7F65E2D697E0";"09072026-00:43:48"
"909";"heeft idealisatie";"heeft idealisatie";"667f8d5c-0629-4dc7-83f9-13cf48080ee7";"EAID_FEF715EB_9E4F_42a4_8BF6_EE782C66738B";"association-relationship";"association";"";"";"";"";"6f20ada6-28e9-4358-9b66-1575021ee431";"EAID_DDFF98D8_99FF_47b5_82D1_7FF2376750D6";"2e1ef581-f4f8-4212-9784-5927c5a8993d";"EAID_4942AB0A_804B_4043_BD3C_7F65E2D697E0";"09072026-00:43:48"
"910";"heeft individueel keuzebudget";"heeft individueel keuzebudget";"c2c98f66-d26e-49ed-a862-e1fa7b16e89b";"EAID_AEC374FB_B966_4408_9540_612BDB839919";"association-relationship";"association";"";"";"";"";"3272f8ca-9302-4da5-810b-7b8c4d02d79b";"EAID_B64178F1_7D37_4a77_BEF7_97E8C9DDA4E8";"8c200706-b80b-44f7-9928-bec39e0db21f";"EAID_BBBB63AC_B546_409b_B6D4_53DB561253B7";"09072026-00:43:48"
"911";"heeft kenmerk";"heeft kenmerk";"";"EAID_9A5D63E3_15C9_4ebe_9333_27D3BECE7E0D";"association-relationship";"association";"";"";"";"";"10eaa33f-03bf-42b4-9310-56add2cb5a7b";"EAID_5641C50A_C0FA_4e71_B07B_26C7B1CE94ED";"";"EAID_D73AFAEC_3BF1_4309_93FE_5354EF26DA51";"09072026-00:43:48"
"912";"heeft kenmerken";"heeft kenmerken";"";"EAID_F19D0464_AAC3_42d0_96FA_4B7027AD4905";"association-relationship";"association";"";"";"";"";"7d5124d4-f23d-432d-ad5a-dc7c1b0fac44";"EAID_649EFD86_ED52_4293_8577_DBE5445845BF";"";"EAID_9E261D63_5143_4aa8_A1DA_554AB3D27025";"09072026-00:43:48"
"913";"heeft klantcontacten";"heeft klantcontacten";"9e4183af-0fe3-4558-b3ae-3b292dd5880b";"EAID_4F9D5F50_DE94_480e_BE89_958A1FFF824B";"association-relationship";"association";"";"";"";"";"a9cb919f-a224-4ab5-9825-40d54104f90d";"EAID_A3DAD553_0E55_4256_824B_CDB5E12CB545";"62c91622-cc32-4560-8427-d00101f4847e";"EAID_16FB8171_A9ED_4027_A663_C035509501C8";"09072026-00:43:48"
"914";"heeft leverancier";"heeft leverancier";"e525124d-2d12-4248-be04-57534df2013c";"EAID_35D9FE88_82DF_4953_881F_3AA8A3828695";"association-relationship";"association";"";"";"";"";"f5c91145-fba4-47cb-aaf9-bb9c64e19a21";"EAID_A8945FD7_EA20_418e_8E7F_18F13F16E338";"113af80a-7e3e-41f6-8f79-8d0d48c4c257";"EAID_EA7FE08E_34F7_45d2_BE2E_E4E3B8333BF3";"09072026-00:43:48"
"915";"heeft leverancier";"heeft leverancier";"6c5c42aa-2e0e-4785-9b03-4f29453fc7f5";"EAID_6F613631_A22B_43ba_8D17_71ADC062BC2E";"association-relationship";"association";"";"";"";"";"4694a321-36db-4a54-a7ab-6c3895a4e288";"EAID_3AFD7E5F_8061_4776_A332_334AF4125E7D";"113af80a-7e3e-41f6-8f79-8d0d48c4c257";"EAID_EA7FE08E_34F7_45d2_BE2E_E4E3B8333BF3";"09072026-00:43:48"
"916";"heeft locatie";"heeft locatie";"e04ef994-bc20-436f-8fc5-3541c2395f8e";"EAID_0EB0ABE6_4A54_48ad_8B51_41EBF75F8EF1";"association-relationship";"association";"";"";"";"";"6ace770c-ac42-4d79-bd84-145f77968360";"EAID_17286CE1_21F2_454b_95A6_3E4C0C6E2453";"ede94eee-d934-40f8-adcc-dc4b1703d333";"EAID_F25EE5A8_2CF4_498b_8DAD_8EEE48FAF3A5";"09072026-00:43:48"
"917";"heeft maatregel";"heeft maatregel";"9aaea699-9949-405b-9fca-efbfbd1989f8";"EAID_68D387CF_74AA_4219_8B64_52D7FE6A8DC5";"association-relationship";"association";"";"";"";"";"8c200706-b80b-44f7-9928-bec39e0db21f";"EAID_BBBB63AC_B546_409b_B6D4_53DB561253B7";"fd61984f-002e-465f-90c7-6a68cc692094";"EAID_50F3F931_38F4_4ff0_8CE4_8A51056767E0";"09072026-00:43:48"
"918";"heeft nevenlocatie in of op";"heeft nevenlocatie in of op";"";"EAID_BD3DB211_2AAC_4e65_BA58_7F7D92114407";"association-relationship";"association";"";"";"";"";"b403d1ab-a0ee-4ca0-befa-01bbc54bf403";"EAID_B60B8EF9_D1C0_4e36_BF9B_1C16F92518DD";"460ada62-9cdd-478f-9555-4fb161ebc0b3";"EAID_8A04280B_E0B4_4e36_B448_C99750393D0D";"09072026-00:43:48"
"919";"heeft nevenlocatie in of op";"heeft nevenlocatie in of op";"6e06f910-2743-4079-b060-e20a6bfc7483";"EAID_12085260_E4B0_4852_9F69_FF79A2FB9E67";"association-relationship";"association";"De BENOEMDe OBJECTen waarin zich de gedeelten van een VESTIGING bevinden die niet beschouwd worden als hoofdlocatie voor de uitvoering van de activiteiten van deze VESTIGING.";"De BENOEMDe OBJECTen waarin zich de gedeelten van een VESTIGING bevinden die niet beschouwd worden als hoofdlocatie voor de uitvoering van de activiteiten van deze VESTIGING.";"<memo>";"";"b403d1ab-a0ee-4ca0-befa-01bbc54bf403";"EAID_B60B8EF9_D1C0_4e36_BF9B_1C16F92518DD";"13ad6d22-52ce-4439-9eed-200245c3a498";"EAID_3E9E08B7_574E_43dc_8D93_251BFA8F8D75";"09072026-00:43:48"
"920";"heeft notities";"heeft notities";"2d92f1fb-98de-4511-b729-14ebc73fc9fc";"EAID_E8FABB8C_972D_43ce_805C_578C0E4B983B";"association-relationship";"association";"";"";"";"";"f5c91145-fba4-47cb-aaf9-bb9c64e19a21";"EAID_A8945FD7_EA20_418e_8E7F_18F13F16E338";"ca903c71-96d8-4db2-9aa9-52210dd02c1d";"EAID_354E5545_D067_4b81_9D1D_C5F5FFB532C7";"09072026-00:43:48"
"921";"heeft ondergaan";"heeft ondergaan";"df17958e-39e0-4dfa-997f-07fb77590046";"EAID_8AF83985_ABFC_4a38_95D3_CB368AA680BA";"association-relationship";"association";"";"";"";"";"8c200706-b80b-44f7-9928-bec39e0db21f";"EAID_BBBB63AC_B546_409b_B6D4_53DB561253B7";"fddeb5c4-571e-45ec-8bde-86cc9702ff18";"EAID_41AFF74F_ADBE_4f3f_AB2F_25027A70E573";"09072026-00:43:48"
"922";"heeft packages";"heeft packages";"e6759cff-f71a-4da3-ad43-176d328563a2";"EAID_F0223073_605B_4920_ABF7_6620F13A1BB6";"association-relationship";"association";"";"";"";"";"f5c91145-fba4-47cb-aaf9-bb9c64e19a21";"EAID_A8945FD7_EA20_418e_8E7F_18F13F16E338";"16727428-b97d-498b-9d5a-91b71dd67dc1";"EAID_ACE86CFF_D6D0_4cbd_8395_99BD763F1B37";"09072026-00:43:48"
"923";"heeft plaatsegevonden in";"heeft plaatsegevonden in";"";"EAID_2D794E8F_8411_4837_A299_6D36CA77C9A0";"association-relationship";"association";"";"";"";"";"";"EAID_26BCBA8B_C96C_4fc1_8CC3_40698E0FB71E";"bedf86fb-8710-49fc-addb-e48a11b551ed";"EAID_24BDA4BA_CFCC_4e3f_8305_671F4ED7C502";"09072026-00:43:48"
"924";"heeft plaatsgevonden in";"heeft plaatsgevonden in";"";"EAID_D21570BA_A563_482c_8387_A04B7B79C393";"association-relationship";"association";"";"";"";"";"";"EAID_C9DD308F_7EA7_4c1a_BC7D_68077692C113";"bedf86fb-8710-49fc-addb-e48a11b551ed";"EAID_24BDA4BA_CFCC_4e3f_8305_671F4ED7C502";"09072026-00:43:48"
"925";"heeft plaatsgevonden in";"heeft plaatsgevonden in";"";"EAID_7E3CD65C_48E2_4879_B654_AA2E4CA0503F";"association-relationship";"association";"";"De naam van een door het bevoegde gemeentelijk orgaan als zodanig aangewezen gedeelte van het gemeentelijk grondgebied waar de persoon is overleden. ";"";"";"";"EAID_26BCBA8B_C96C_4fc1_8CC3_40698E0FB71E";"c063970e-27f6-45a2-88e8-0105dbbce716";"EAID_039AFF88_F5F7_4c1a_B7E4_1BDFC495F67A";"09072026-00:43:48"
"926";"heeft plaatsgevonden in ";"heeft plaatsgevonden in ";"";"EAID_1A737C50_784B_4d5b_B971_2FA03EBACB2C";"association-relationship";"association";"";"";"";"";"";"EAID_C9DD308F_7EA7_4c1a_BC7D_68077692C113";"c063970e-27f6-45a2-88e8-0105dbbce716";"EAID_039AFF88_F5F7_4c1a_B7E4_1BDFC495F67A";"09072026-00:43:48"
"927";"heeft prijs";"heeft prijs";"a187007e-8c1e-4feb-9da4-4340ba089e2a";"EAID_298B2001_22B7_4eb0_BD63_2A58F87B3699";"association-relationship";"association";"";"";"";"";"021bf2ce-98b1-4ca5-8785-4cc902b98f10";"EAID_FF566C6B_077B_4914_8AF7_40EB1EDD388A";"eab684dd-ef28-42f6-adcc-f9b513859a0d";"EAID_BF7BAB5F_7025_4792_8288_47F5B1C53E95";"09072026-00:43:48"
"928";"heeft prijs";"heeft prijs";"";"EAID_DD042091_C78F_421c_954A_3C8B4C688527";"association-relationship";"association";"";"";"";"";"";"EAID_F1489610_1E50_4328_8CD8_F41E9CE0C0D8";"3b8b01b0-7870-48fb-b4a7-6a5a593e4ea3";"EAID_D5DD2F67_6A1F_46b0_972E_795ECC4B2E4F";"09072026-00:43:48"
"929";"heeft product";"heeft product";"";"EAID_56AD30A7_9970_419a_875D_F3EFAC07B608";"association-relationship";"association";"";"";"";"";"7d5124d4-f23d-432d-ad5a-dc7c1b0fac44";"EAID_649EFD86_ED52_4293_8577_DBE5445845BF";"";"EAID_03B4B3C0_3616_4ea2_A8B1_3D6754325F02";"09072026-00:43:48"
"930";"heeft regeling";"heeft regeling";"";"EAID_8497772C_6E42_41a6_903A_01B2B601D996";"association-relationship";"association";"";"";"";"";"2a859087-fe7f-412a-b057-bf1e3f249a4c";"EAID_DAF09055_A5A6_4ff4_A158_21B20567B296";"id-c25455f3-feb0-4c6d-9aa4-3b027718bee3";"EAID_C25455F3_FEB0_4c6d_9AA4_3B027718BEE3";"09072026-00:43:48"
"931";"heeft relatie";"heeft relatie";"2749f898-63d6-458d-9f8a-fdb73d6a5392";"EAID_377AB2D0_5B41_4ef2_98F6_B482621C54A3";"association-relationship";"association";"";"";"";"";"2a859087-fe7f-412a-b057-bf1e3f249a4c";"EAID_DAF09055_A5A6_4ff4_A158_21B20567B296";"5011fe69-8832-47f9-9ba5-c68d53a95ecd";"EAID_3DF01B79_6712_473e_9878_594CB5AE95A7";"09072026-00:43:48"
"932";"heeft soort";"heeft soort";"";"EAID_E15D5C66_CF29_438f_8E91_3427CB747057";"association-relationship";"association";"";"";"";"";"276088a8-7dcf-4dd8-9450-bf677c7329ed";"EAID_A22B8038_3C04_44a7_8E75_90A3A5E2615B";"";"EAID_E81990BA_1B6E_4e2a_9910_1E02CDDD53A6";"09072026-00:43:48"
"933";"heeft synoniem";"heeft synoniem";"";"EAID_0FE32C76_69E2_4d61_BB8B_92F4DC906BC2";"association-relationship";"association";"";"";"";"";"";"EAID_E194EC08_CD47_4429_9598_FDA0AF9E3C2A";"";"EAID_E194EC08_CD47_4429_9598_FDA0AF9E3C2A";"09072026-00:43:48"
"934";"heeft thema";"heeft thema";"";"EAID_41876C31_8F0F_4b25_9638_B28C416FC0B5";"association-relationship";"association";"";"";"";"";"";"EAID_A744FAF8_16B7_4e5d_9C10_203AA8E7C440";"";"EAID_55FC829A_906B_4cb7_87D7_5BBAE59E07A8";"09072026-00:43:48"
"935";"heeft thema";"heeft thema";"";"EAID_18882E45_B285_482d_B88C_0A5650BD39DE";"association-relationship";"association";"";"";"";"";"6f20ada6-28e9-4358-9b66-1575021ee431";"EAID_DDFF98D8_99FF_47b5_82D1_7FF2376750D6";"";"EAID_55FC829A_906B_4cb7_87D7_5BBAE59E07A8";"09072026-00:43:48"
"936";"heeft traject";"heeft traject";"";"EAID_562A7C80_3621_40aa_B091_E30616E65F1D";"association-relationship";"association";"";"";"";"";"id-839017b2-0f95-42d0-ab2b-e873636340da";"EAID_839017B2_0F95_42d0_AB2B_E873636340DA";"2a859087-fe7f-412a-b057-bf1e3f249a4c";"EAID_DAF09055_A5A6_4ff4_A158_21B20567B296";"09072026-00:43:48"
"937";"heeft uitkering";"heeft uitkering";"";"EAID_BCF11527_05CB_487d_A009_91EAFA3FE979";"association-relationship";"association";"";"";"";"";"e1371e07-969e-4a34-be81-0a23ffd541dd";"EAID_AF9534B0_7CBD_4061_9276_A7B6698B383A";"id-07784236-3aa6-45e5-8253-7d088c4020b0";"EAID_07784236_3AA6_45e5_8253_7D088C4020B0";"09072026-00:43:48"
"938";"heeft velden";"heeft velden";"";"EAID_FA630ACF_77F6_47a2_93B4_8FB6A9DF9A91";"association-relationship";"association";"";"";"";"";"";"EAID_0567826D_81EE_4bbd_8D62_3073B74CDF11";"";"EAID_E512AEFD_85FB_4b57_82FE_709221307861";"09072026-00:43:48"
"939";"heeft verbinding";"heeft verbinding";"a7e711e4-b35a-4946-b0f9-ec9655f89939";"EAID_3E839A6C_553C_4d8f_9E43_AEFAB5959C2C";"association-relationship";"association";"";"";"";"";"e963434a-50be-4619-b041-58689adc00de";"EAID_BBCF9DBE_70AD_431c_B698_7F0D69D07050";"36e81522-45dc-4859-a86a-92f9d1d879ba";"EAID_3BBB3264_592A_4d8c_A741_C2A3C38E3932";"09072026-00:43:48"
"940";"heeft verlof";"heeft verlof";"5342d9d1-5bd3-46bc-a78f-e9bd9b053643";"EAID_A4816678_4407_46e7_B5EC_2FEAB323A83A";"association-relationship";"association";"";"";"";"";"8c200706-b80b-44f7-9928-bec39e0db21f";"EAID_BBBB63AC_B546_409b_B6D4_53DB561253B7";"9ba143bc-5214-4998-9041-b3dc1c22fe77";"EAID_D04135BF_C2F0_46dd_B332_F1BE36C358EF";"09072026-00:43:48"
"941";"heeft versies";"heeft versies";"57fac394-58ed-4178-ba5d-ed907a710b16";"EAID_28D220D9_A7C8_4054_A2E4_2AB35D150EDA";"association-relationship";"association";"";"";"";"";"f5c91145-fba4-47cb-aaf9-bb9c64e19a21";"EAID_A8945FD7_EA20_418e_8E7F_18F13F16E338";"3d765f43-c4e8-4556-850b-bb886c528d5d";"EAID_39445166_1EAB_43f8_9F5C_89EA606605EE";"09072026-00:43:48"
"942";"heeft verslag";"heeft verslag";"0cf9cfb8-427e-4ab9-a459-c132e4c21789";"EAID_478BEE5A_22BB_4688_9AF4_5B6A29A16BAF";"association-relationship";"association";"";"";"";"";"ea768404-3043-48bc-b0dc-143abc8806d6";"EAID_257F4ABF_7CCD_453f_B2E8_5A6434383A9B";"378dab8d-1135-40b8-9ed5-3591a89c75c2";"EAID_440219A4_C64B_4eac_ADE5_E79ED6AA9BFE";"09072026-00:43:48"
"943";"heeft verzuim";"heeft verzuim";"7b47f9d0-02cf-486b-a153-dfebe31b2f23";"EAID_7702C4F6_A0C5_44d0_9857_96B1F62FD27F";"association-relationship";"association";"";"";"";"";"8c200706-b80b-44f7-9928-bec39e0db21f";"EAID_BBBB63AC_B546_409b_B6D4_53DB561253B7";"c024eb06-53f7-4793-91d6-6e249ee119dc";"EAID_610B18E6_B675_4cc0_A883_BAB9D384C668";"09072026-00:43:48"
"944";"heeft voorziening";"heeft voorziening";"";"EAID_CE467A42_14DD_488c_AEAA_FD1A268DF8B7";"association-relationship";"association";"";"";"";"";"2a859087-fe7f-412a-b057-bf1e3f249a4c";"EAID_DAF09055_A5A6_4ff4_A158_21B20567B296";"id-07784236-3aa6-45e5-8253-7d088c4020b0";"EAID_07784236_3AA6_45e5_8253_7D088C4020B0";"09072026-00:43:48"
"945";"heeft voorzieningen";"heeft voorzieningen";"3639a571-b6e2-4b74-af91-3ce591951b0c";"EAID_2692726B_3EC8_43f0_A1EF_492B29B6AF55";"association-relationship";"association";"";"";"";"";"c481e8b8-f7d7-4979-b767-ebf2a9b04712";"EAID_71D7E96D_641A_4b6a_A325_DED07C3B5836";"38610e76-2c3e-429a-b30b-1fd21f05c8fc";"EAID_975C3DA3_930A_49d8_B54F_2A560DC2AD5A";"09072026-00:43:48"
"946";"hoofdcategorie";"hoofdcategorie";"";"EAID_72EEDB98_89E2_489f_853E_374200CC5BD7";"association-relationship";"association";"";"";"";"";"e1029618-919b-4889-9989-e7f6ca9a16ea";"EAID_8A02DCF5_E568_4d45_96A2_FD4FB53F414C";"";"EAID_9EC6B40B_0C87_4453_B567_E0D3572F86AF";"09072026-00:43:48"
"947";"hoofdonderwerp";"hoofdonderwerp";"54b64aa5-5c9f-42ea-a6a6-7bb8b7fea307";"EAID_D378AE75_A54F_4dbd_A673_D6DFAF7CAD9F";"association-relationship";"association";"";"";"";"";"bc793405-f822-4a23-a8dc-74206f1d45df";"EAID_8D758F67_6085_4ac7_BFDC_8D97AB632A93";"bc793405-f822-4a23-a8dc-74206f1d45df";"EAID_8D758F67_6085_4ac7_BFDC_8D97AB632A93";"09072026-00:43:48"
"948";"hoogte score";"hoogte score";"";"EAID_5E95CEAC_D815_4ec4_9D75_A27E0E0FBA3A";"association-relationship";"association";"";"";"";"";"75a56fd7-b2b2-4a08-9b09-8235d4592cae";"EAID_5A367DA9_DE05_4b3b_954D_24271FD4FB76";"";"EAID_653EA248_1547_4f8b_B026_B44FEEC711B2";"09072026-00:43:48"
"949";"hoort bij";"hoort bij";"4ae976fb-fea1-44f9-a1db-9b2dce06bc23";"EAID_CAEF36F1_E915_4dc3_BFA4_53FD9C8F5E33";"association-relationship";"association";"";"";"";"";"b46a7928-928b-4ad4-9c27-f3d112073ea0";"EAID_F954FB72_AE88_4a0e_A3D8_555FCF8D9C9F";"8d356375-d2fe-4939-8ed7-f1403fa8c96e";"EAID_E42A32F7_262F_4005_9EB9_4674B76E8825";"09072026-00:43:48"
"950";"hoort bij";"hoort bij";"";"EAID_99BFEAAB_AEF8_424e_B567_5D1DC2F5EE15";"association-relationship";"association";"";"";"";"";"";"EAID_13119DEC_D451_4bec_BB37_7B1944ACCA9D";"6b072b67-e13f-422e-9e5c-068deb532aad";"EAID_E09E5B44_4D39_455a_B0A5_390A63AC0C43";"09072026-00:43:48"
"951";"hoort bij";"hoort bij";"26e42d90-8384-40ca-a95e-f6308e68e86e";"EAID_5C741153_4EE0_491d_9927_7ECB0A8B4F39";"association-relationship";"association";"";"";"";"";"ede48ca8-4854-44b2-b549-0827bebf56ab";"EAID_A91E9C27_C4FA_4e1b_A4FF_8AE74ED9B7EB";"a13ea500-9135-4985-a718-c56240860c46";"EAID_C5AA8835_219D_4bfa_85EF_8BA45F732BCD";"09072026-00:43:48"
"952";"hoort bij";"hoort bij";"2364b739-148b-4a4b-8513-545fe9521e84";"EAID_1C2E6D7B_B9F0_48a9_9EB6_C68727E25A65";"association-relationship";"association";"";"";"";"";"857327b0-3ab3-4578-869d-7b390aa1e3d3";"EAID_331C4A0B_1505_4945_A0B0_DCD8703AB50F";"34b2e5f9-63ab-42e8-bfa9-85e12ff6e417";"EAID_73FB5212_40ED_40dc_B837_36588840445A";"09072026-00:43:48"
"953";"hoort bij";"hoort bij";"08d8664d-52d5-4c34-822b-e983e81bbcf9";"EAID_97901C7A_E07B_49af_828A_2F0E03C8E795";"association-relationship";"association";"";"";"";"";"1364056c-dc25-4855-a75f-eb523f012b02";"EAID_475E24C9_CC9A_49cc_AB80_8CA0221441E5";"378dab8d-1135-40b8-9ed5-3591a89c75c2";"EAID_440219A4_C64B_4eac_ADE5_E79ED6AA9BFE";"09072026-00:43:48"
"954";"hoort bij";"hoort bij";"";"EAID_A06DA05F_8BC4_497b_8A7B_05774189434F";"association-relationship";"association";"";"";"";"";"378dab8d-1135-40b8-9ed5-3591a89c75c2";"EAID_440219A4_C64B_4eac_ADE5_E79ED6AA9BFE";"";"EAID_CA56A59A_F855_4c19_89BE_578B12481EA0";"09072026-00:43:48"
"955";"hoort bij";"hoort bij";"6bd2eccf-3246-42d0-a069-f3eb47f2d0ec";"EAID_C0088790_7E28_4d9e_AEA3_ED3243330D49";"association-relationship";"association";"";"";"";"";"d4ab4c0d-d752-4d86-ad6a-2ac25ec6af6b";"EAID_84DED9A9_2D33_4a77_94F2_29657024590F";"8d356375-d2fe-4939-8ed7-f1403fa8c96e";"EAID_E42A32F7_262F_4005_9EB9_4674B76E8825";"09072026-00:43:48"
"956";"hoort bij";"hoort bij";"";"EAID_F1F6FACA_0A8D_4904_BA95_CF4984524E7C";"association-relationship";"association";"";"";"";"";"4adcc34d-9843-4735-9abb-48d9d58eab0c";"EAID_BF424764_453D_46cc_817C_3A7BDC4134A7";"";"EAID_53B0C49F_1BDE_4fee_BB0B_0D82517177CC";"09072026-00:43:48"
"957";"hoort bij";"hoort bij";"f5f1b034-bfe2-402f-b63b-32d27ac828bc";"EAID_CF008EC2_F42E_4e6b_8000_E9A81F3A2ECA";"association-relationship";"association";"<font color=""#610e6a"">De ORGANISATORISCHE EENHEID waarvan de MEDEWERKER deel uitmaakt of deel heeft uitgemaakt.</font>";"<font color=""#610e6a"">De ORGANISATORISCHE EENHEID waarvan de MEDEWERKER deel uitmaakt of deel heeft uitgemaakt.</font>";"";"";"6cc6afe6-e4c6-4e2b-a359-f278b23700db";"EAID_16EB3936_03CB_4854_9CD8_9F0911EEA51B";"02f66265-00ae-418d-8d0e-dcbaf36652bb";"EAID_936A4E8B_3E5A_44b6_8A5D_EFB39F83FB6D";"09072026-00:43:48"
"958";"houder";"houder";"d1b05250-3517-4bbc-b51b-5cd4fce900d6";"EAID_E4ACAF3E_D89D_40d2_BE17_3BBA3AEB554B";"association-relationship";"association";"";"";"";"";"1486de79-ad71-4dce-8473-f23f1e9c436c";"EAID_FF448272_AB9D_4ec9_B4BE_E60E2552817A";"cad45b80-14d3-4a0c-a906-0c1614dc9570";"EAID_9DF5AC43_3673_4b9a_BB5E_6DCA7BE28835";"09072026-00:43:48"
"959";"in kader van";"in kader van";"";"EAID_1dfe04bd_a10f_4e6e_a645_314e26f7d87e";"aggregation-relationship";"aggregation";"";"";"";"";"";"EAID_1CDDED16_888E_945B_4A20_28EA07CB4D4C";"";"EAID_022154F4_817D_0DFB_5FFC_281C33037384";"09072026-00:43:48"
"960";"in kader van";"in kader van";"3db1a1b4-7ba4-49c9-96fd-d5e0f8857da0";"EAID_34310019_D4F3_4952_97C7_EE9936584868";"association-relationship";"association";"";"";"";"";"565033f9-9a69-4d65-ad37-f1d17ea3e937";"EAID_1D4DA0E6_DA20_4ff7_A415_B937712C6F6D";"3dbc7681-e73c-46c5-80bc-434afc971eef";"EAID_3BD1368C_23F1_4f42_99DB_C81581A646A0";"09072026-00:43:48"
"961";"informering";"informering";"";"EAID_E23DE89E_E65E_449a_AF92_470FAA5C1FD9";"association-relationship";"association";"";"";"";"";"";"EAID_ACC7A392_9A16_42a8_A58E_1E8E6826B2D0";"cd27cd50-1721-4870-a292-ea0f24d1ada4";"EAID_9F4E12E4_B228_4931_AC83_1B1F60958A89";"09072026-00:43:48"
"962";"informering";"informering";"";"EAID_291AA6CC_C44B_4c13_834F_E9F77ADF8B8B";"association-relationship";"association";"";"";"";"";"";"EAID_418C04F0_F173_4775_9814_D50F5EE79A38";"";"EAID_ACC7A392_9A16_42a8_A58E_1E8E6826B2D0";"09072026-00:43:48"
"963";"ingediend bij";"ingediend bij";"f70c9b47-eb69-466d-afdf-793e6e116bda";"EAID_EBC91C89_CF15_49bc_A3BF_05673D182F65";"association-relationship";"association";"";"";"";"";"8d9233d7-dfb9-4b87-bab2-61631a632f95";"EAID_33E5EA10_F43A_4966_B9C1_875F0E2C1B52";"6cc6afe6-e4c6-4e2b-a359-f278b23700db";"EAID_16EB3936_03CB_4854_9CD8_9F0911EEA51B";"09072026-00:43:48"
"964";"ingediend door";"ingediend door";"5b116060-2346-44ef-a8c9-2e82acd56c02";"EAID_17617172_7EAE_4ad5_AD37_4EE2EE4E1F78";"association-relationship";"association";"";"";"";"";"f14fa1cf-f2c7-4bd6-862d-28ff1616a882";"EAID_8E6BAEF8_1878_400f_9244_23575BD41EAB";"d4b0a5ba-7c38-44eb-8856-e3cb971dca37";"EAID_E9AD325A_49CF_48a6_AA9E_7FB57E03E414";"09072026-00:43:48"
"965";"ingediend door";"ingediend door";"999891d7-9b4a-4e56-9958-48235696914a";"EAID_8E6F2106_48ED_4640_8D57_232E09A4B65F";"association-relationship";"association";"";"";"";"";"6d31df7d-b7f9-4f50-be9f-eaf05c697f6e";"EAID_BF21FFA3_3EA6_410a_BC65_7BE5547646B6";"113af80a-7e3e-41f6-8f79-8d0d48c4c257";"EAID_EA7FE08E_34F7_45d2_BE2E_E4E3B8333BF3";"09072026-00:43:48"
"966";"ingediend voor";"ingediend voor";"612cdcba-392c-4a8d-a499-44a5056672ce";"EAID_D92FDD25_BBD8_463d_B918_B7340DF94F75";"association-relationship";"association";"";"";"";"";"dc97ebf4-61ee-47f6-a108-af6bb4a276f7";"EAID_75B4E818_5ECD_45c5_98F9_66F57FC6117E";"686c0af1-67b2-42a4-8690-060705617c13";"EAID_01D90490_C76A_444a_BFCE_355AFC5FB012";"09072026-00:43:48"
"967";"ingehuurd via";"ingehuurd via";"";"EAID_62481646_A5FD_404a_8716_91401BCA31F5";"association-relationship";"association";"";"";"";"";"";"EAID_1D87490A_9F07_424f_BE6F_5E9C11376B05";"113af80a-7e3e-41f6-8f79-8d0d48c4c257";"EAID_EA7FE08E_34F7_45d2_BE2E_E4E3B8333BF3";"09072026-00:43:48"
"968";"ingevoerd door";"ingevoerd door";"bdb56029-e943-4032-b928-a03596fcdb40";"EAID_BB0E15C3_7C28_4167_A47C_C8EC2B734D21";"association-relationship";"association";"";"";"";"";"6cc6afe6-e4c6-4e2b-a359-f278b23700db";"EAID_16EB3936_03CB_4854_9CD8_9F0911EEA51B";"563fd27c-7299-4311-8f40-60a95b9da4b5";"EAID_999725EE_737F_410e_906B_9865EBED3597";"09072026-00:43:48"
"969";"inhuur";"inhuur";"e9be552e-c164-4ba0-8136-f23ddde27b9f";"EAID_BD37E6F0_5FCB_43c2_A915_1C3F4F2D8CE0";"association-relationship";"association";"";"";"";"";"70e40543-6a99-433d-8a01-f4273e308410";"EAID_3FB9B466_D147_42d7_99D1_2D14A007D16C";"6cc6afe6-e4c6-4e2b-a359-f278b23700db";"EAID_16EB3936_03CB_4854_9CD8_9F0911EEA51B";"09072026-00:43:48"
"970";"initieert";"initieert";"";"EAID_21297097_1679_398F_3DA8_281C33035948";"aggregation-relationship";"aggregation";"";"";"";"";"";"EAID_0CA08ED2_6990_8292_BBC7_281C33037374";"";"EAID_022154F4_817D_0DFB_5FFC_281C33037384";"09072026-00:43:48"
"971";"initieert";"initieert";"";"EAID_1E3D3616_9089_2A1D_4FBF_28FC089977C5";"aggregation-relationship";"aggregation";"";"";"";"";"";"EAID_0897E8F8_77FF_DE35_D40E_28FC069F6910";"";"EAID_1BCE2533_656D_D59B_6ECD_28FC06D8D601";"09072026-00:43:48"
"972";"inspectierapport";"inspectierapport";"";"EAID_20BD6184_0D82_41ea_AAAC_78C6AF1EDE66";"association-relationship";"usage";"";"";"";"";"cda4149f-f0a0-44d9-b893-25bcce04d20d";"EAID_6508657D_7C3F_4261_B647_5D3B077A20F9";"10eaa33f-03bf-42b4-9310-56add2cb5a7b";"EAID_5641C50A_C0FA_4e71_B07B_26C7B1CE94ED";"09072026-00:43:48"
"973";"inzamelpunt van";"inzamelpunt van";"e8e072a0-6893-4af1-877b-50f8b77ca1a9";"EAID_8F27C588_2ED1_4d02_85C1_E3560A0C898D";"association-relationship";"association";"";"";"";"";"0310645e-6873-4cb3-93ec-734f0ac3323e";"EAID_1638F2AF_F1E8_4360_BA47_D975F2135168";"5b29c1f2-feeb-4e72-9b70-7a0a8bb374cc";"EAID_80A7D18F_7C7E_4ee6_9F07_055559BCEF9F";"09072026-00:43:48"
"974";"inzet bij";"inzet bij";"";"EAID_30F12B18_84AE_4b2a_A642_F2CD8D1AA505";"association-relationship";"association";"";"";"";"";"";"EAID_532191CA_13CC_4500_93C9_54AB2862F38D";"";"EAID_53B0C49F_1BDE_4fee_BB0B_0D82517177CC";"09072026-00:43:48"
"975";"inzet voor functie";"inzet voor functie";"";"EAID_BA44BA34_41E8_4faf_8D8E_7693BCC345B3";"association-relationship";"association";"";"";"";"";"";"EAID_532191CA_13CC_4500_93C9_54AB2862F38D";"1f07a048-a6c6-4f10-be33-49327c1d37ec";"EAID_F29C11C1_477C_4b90_985C_43F94D08230A";"09072026-00:43:48"
"976";"is";"is";"2238668e-a5b3-4ebd-97da-5ee3f7a82b2f";"EAID_09E484E1_ACD5_4340_B916_371787D426CF";"association-relationship";"association";"";"";"";"";"ccf78bc5-8d4a-440f-a642-abcf60149628";"EAID_F1E55DC7_0F33_40ea_8713_2E1AC3D7EE8D";"d0eb8d8b-25c9-4eef-9dc6-4a773d8899a7";"EAID_7B9EDDFD_57F7_4ff2_938F_FDFA3B503DA8";"09072026-00:43:48"
"977";"is";"is";"fd5dc934-a2fe-4333-9cda-365498227e51";"EAID_85F0446A_CB6B_456e_91A6_3CA8C45D2550";"association-relationship";"association";"";"";"";"";"db373678-134a-4333-9d49-e86faf5ce531";"EAID_5772BEBB_97FA_42a9_B70D_DB55EAD6D1EE";"ccf78bc5-8d4a-440f-a642-abcf60149628";"EAID_F1E55DC7_0F33_40ea_8713_2E1AC3D7EE8D";"09072026-00:43:48"
"978";"is";"is";"22bbe26b-edb4-4b65-8143-b59f43a73ba4";"EAID_16819B21_09BC_4882_9D17_6BDA1FAE308F";"association-relationship";"association";"";"";"";"";"6e591734-ef9a-4858-bca1-f924c1aef7b0";"EAID_98CB3C6F_588B_479f_9A2B_F5D5362DD17C";"db373678-134a-4333-9d49-e86faf5ce531";"EAID_5772BEBB_97FA_42a9_B70D_DB55EAD6D1EE";"09072026-00:43:48"
"979";"is";"is";"7176d435-c8b9-4425-9c64-3331ca2611b0";"EAID_CE20BFC0_F092_4cef_853B_695F355221B6";"association-relationship";"association";"";"";"";"";"6e591734-ef9a-4858-bca1-f924c1aef7b0";"EAID_98CB3C6F_588B_479f_9A2B_F5D5362DD17C";"cad45b80-14d3-4a0c-a906-0c1614dc9570";"EAID_9DF5AC43_3673_4b9a_BB5E_6DCA7BE28835";"09072026-00:43:48"
"980";"is";"is";"dd1b461d-f7be-4086-a3b8-3316e9e28938";"EAID_BE36E0F8_0D39_41ce_BE5D_9723DCE88E81";"association-relationship";"association";"";"";"";"";"ccf78bc5-8d4a-440f-a642-abcf60149628";"EAID_F1E55DC7_0F33_40ea_8713_2E1AC3D7EE8D";"cd27cd50-1721-4870-a292-ea0f24d1ada4";"EAID_9F4E12E4_B228_4931_AC83_1B1F60958A89";"09072026-00:43:48"
"981";"is";"is";"53ecde49-38a0-4808-a637-8d87e23964fd";"EAID_BAB2F0D0_9317_45c8_A353_9989968728B6";"association-relationship";"association";"";"";"";"";"6e591734-ef9a-4858-bca1-f924c1aef7b0";"EAID_98CB3C6F_588B_479f_9A2B_F5D5362DD17C";"d0eb8d8b-25c9-4eef-9dc6-4a773d8899a7";"EAID_7B9EDDFD_57F7_4ff2_938F_FDFA3B503DA8";"09072026-00:43:48"
"982";"is";"is";"63b23249-4725-43f8-860a-4c28317aff96";"EAID_92A22D30_408A_441f_81CD_1C5F1024FA59";"association-relationship";"association";"";"";"";"";"f08625cc-cc49-4664-91fa-823b217d333f";"EAID_91F9D39E_0322_42c6_AE7F_5027B36F3EC3";"3d86eebe-43ff-498e-9f8c-7c77a35f8730";"EAID_D12123D3_D62D_4978_B7D4_8405F00A0D6A";"09072026-00:43:48"
"983";"is";"is";"ce967246-1922-453b-8b28-1cecacff6152";"EAID_B5707E27_09A9_44de_933A_FAF7D8613113";"association-relationship";"association";"";"";"";"";"f08625cc-cc49-4664-91fa-823b217d333f";"EAID_91F9D39E_0322_42c6_AE7F_5027B36F3EC3";"b083bd60-0137-40b0-ad72-4602b3c1d754";"EAID_6AD98160_FFE6_4105_A724_5D5733C87CD8";"09072026-00:43:48"
"984";"is";"is";"d669deb4-79f7-4e15-9b95-4b8186f7e92f";"EAID_0BC7385F_11F7_4e77_817A_74BF0E915274";"association-relationship";"association";"";"";"";"";"40c57f7c-2356-4c05-b22d-a2a8466dfebd";"EAID_68C42EEA_6985_483e_99E6_E0F1FB71D622";"d1a889c0-4455-4121-9def-df4004050918";"EAID_452312FD_05FB_4abc_A48B_C605F7E3E193";"09072026-00:43:48"
"985";"is";"is";"";"EAID_C739EA01_6D8B_47ae_8C2B_17166344081F";"association-relationship";"association";"";"";"";"";"id-5cc59215-5a63-4ef8-9d64-c4fac0619121";"EAID_5CC59215_5A63_4ef8_9D64_C4FAC0619121";"";"EAID_AA004853_3565_4634_A434_BD7F36ED0B1A";"09072026-00:43:48"
"986";"is";"is";"";"EAID_4104376C_1AD6_4103_A360_B0C6C7B11452";"association-relationship";"association";"";"";"";"";"f08625cc-cc49-4664-91fa-823b217d333f";"EAID_91F9D39E_0322_42c6_AE7F_5027B36F3EC3";"55246c30-a3e2-400f-89c4-c5b01f7f7da8";"EAID_38649FF6_88C6_437d_AF8E_A9023D55E16C";"09072026-00:43:48"
"987";"is";"is";"";"EAID_37EA10C7_3C72_4026_8302_6BBD81BE0200";"association-relationship";"association";"";"";"";"";"f08625cc-cc49-4664-91fa-823b217d333f";"EAID_91F9D39E_0322_42c6_AE7F_5027B36F3EC3";"";"EAID_785E3B69_19DA_4952_84A8_592965B9229A";"09072026-00:43:48"
"988";"is";"is";"";"EAID_C8CB03FB_9768_4e98_9EFE_8A07021867E7";"association-relationship";"association";"";"";"";"";"f08625cc-cc49-4664-91fa-823b217d333f";"EAID_91F9D39E_0322_42c6_AE7F_5027B36F3EC3";"d2f8867b-fce6-4932-8b1a-ec8b9392f0d5";"EAID_BFE30E32_8CB9_4272_A559_9FB3FD74DACC";"09072026-00:43:48"
"989";"is";"is";"";"EAID_E471E71D_D793_403d_BDE8_69BF54783133";"association-relationship";"association";"";"";"";"";"f08625cc-cc49-4664-91fa-823b217d333f";"EAID_91F9D39E_0322_42c6_AE7F_5027B36F3EC3";"bcdc30f3-c919-4d3a-b768-b62da7bc755e";"EAID_11595AD8_CE67_40dd_BDA9_489DC7D244ED";"09072026-00:43:48"
"990";"is";"is";"";"EAID_90E45AEB_98D7_490a_B3F7_AD23213A3565";"association-relationship";"association";"";"";"";"";"f08625cc-cc49-4664-91fa-823b217d333f";"EAID_91F9D39E_0322_42c6_AE7F_5027B36F3EC3";"";"EAID_86952BDA_ADF6_4ff0_B8C7_BA3AA889A40B";"09072026-00:43:48"
"991";"is";"is";"fbb81ff0-38c0-4616-9f82-e8471c5287cc";"EAID_DACA45FB_FC4C_4e34_AC69_09811CE65CDF";"association-relationship";"association";"Een BESLUIT als specialisatie van OBJECT.";"Een BESLUIT als specialisatie van OBJECT.";"";"";"f08625cc-cc49-4664-91fa-823b217d333f";"EAID_91F9D39E_0322_42c6_AE7F_5027B36F3EC3";"10d36920-683f-4cb4-84bf-b00ac045674f";"EAID_AFB100D2_8C68_4488_8949_13E945D15920";"09072026-00:43:48"
"992";"is";"is";"3c152ed7-0d16-4840-abd3-c54751f8abf7";"EAID_19608E86_9614_4a15_A3CE_8FC5D0508750";"association-relationship";"association";"Een NATUURLIJK PERSOON als specialisatie van BETROKKENE.";"Een NATUURLIJK PERSOON als specialisatie van BETROKKENE.";"";"";"62c91622-cc32-4560-8427-d00101f4847e";"EAID_16FB8171_A9ED_4027_A663_C035509501C8";"cd27cd50-1721-4870-a292-ea0f24d1ada4";"EAID_9F4E12E4_B228_4931_AC83_1B1F60958A89";"09072026-00:43:48"
"993";"is";"is";"07c4e70c-ecf3-439b-8f21-3b3412113b4f";"EAID_6B62BEFD_0485_4a41_9C55_A1480F0DF153";"association-relationship";"association";"Een ORGANISATORISCHE EENHEID als specialisatie van BETROKKENE";"Een ORGANISATORISCHE EENHEID als specialisatie van BETROKKENE";"";"";"62c91622-cc32-4560-8427-d00101f4847e";"EAID_16FB8171_A9ED_4027_A663_C035509501C8";"02f66265-00ae-418d-8d0e-dcbaf36652bb";"EAID_936A4E8B_3E5A_44b6_8A5D_EFB39F83FB6D";"09072026-00:43:48"
"994";"is";"is";"1ec98c05-cced-4b12-b72c-b63909128bed";"EAID_90A5DA8A_9CBA_444a_93C8_9665C5DF1A99";"association-relationship";"association";"Een VESTIGING is een specialisatie van BETROKKENE.";"Een VESTIGING is een specialisatie van BETROKKENE.";"";"";"62c91622-cc32-4560-8427-d00101f4847e";"EAID_16FB8171_A9ED_4027_A663_C035509501C8";"6eaed538-bcc5-4648-b0f2-4c5095b9f514";"EAID_3D5CCB29_91E4_458e_8BCD_6741198E45B8";"09072026-00:43:48"
"995";"is";"is";"c25a14cc-2c29-4493-811e-d352a444612b";"EAID_F096C1D1_2139_414d_AF41_CDC5AB0453EE";"association-relationship";"association";"Een MEDEWERKER als specialisatie van BETROKKENE.";"Een MEDEWERKER als specialisatie van BETROKKENE.";"";"";"62c91622-cc32-4560-8427-d00101f4847e";"EAID_16FB8171_A9ED_4027_A663_C035509501C8";"6cc6afe6-e4c6-4e2b-a359-f278b23700db";"EAID_16EB3936_03CB_4854_9CD8_9F0911EEA51B";"09072026-00:43:48"
"996";"is";"is";"7ee48eee-723e-46c4-adfa-cf1173320e36";"EAID_012E0E79_E6CE_4524_8869_650547508733";"association-relationship";"association";"";"";"";"";"f08625cc-cc49-4664-91fa-823b217d333f";"EAID_91F9D39E_0322_42c6_AE7F_5027B36F3EC3";"82773f8d-3aa1-4e1f-b6de-9284a1851960";"EAID_3DC85114_5C3F_4930_B98B_6EB6ED71FC2E";"09072026-00:43:48"
"997";"is";"is";"58f9a2f6-5ffd-4e04-8124-d2498e5a8fc4";"EAID_0830350C_FF0C_43d0_8A9A_842171749C87";"association-relationship";"association";"";"";"";"";"f08625cc-cc49-4664-91fa-823b217d333f";"EAID_91F9D39E_0322_42c6_AE7F_5027B36F3EC3";"6eaed538-bcc5-4648-b0f2-4c5095b9f514";"EAID_3D5CCB29_91E4_458e_8BCD_6741198E45B8";"09072026-00:43:48"
"998";"is";"is";"";"EAID_139BE972_6A22_49c6_898D_188BA2505570";"association-relationship";"association";"";"";"";"";"f08625cc-cc49-4664-91fa-823b217d333f";"EAID_91F9D39E_0322_42c6_AE7F_5027B36F3EC3";"";"EAID_4DA0EB59_963C_4558_B763_44F542BC8D89";"09072026-00:43:48"
"999";"is";"is";"cf2fa46b-9daa-41a9-aa09-905cbaf09e2e";"EAID_2CA9E920_CD4C_432e_9A5E_44F84F706FAE";"association-relationship";"association";"Een HUISHOUDEN als specialisatie van OBJECT.";"Een HUISHOUDEN als specialisatie van OBJECT.";"";"";"f08625cc-cc49-4664-91fa-823b217d333f";"EAID_91F9D39E_0322_42c6_AE7F_5027B36F3EC3";"2515abf4-dea2-44eb-8886-c90c1ab42069";"EAID_6FB0A5B7_7B5F_437f_A462_4B1EADB964E4";"09072026-00:43:48"
"1000";"is";"is";"3594baba-160e-4e2b-860f-80497ac2c9f7";"EAID_425C5C44_916C_47bd_ACE2_73CB085EC80D";"association-relationship";"association";"";"";"";"";"f08625cc-cc49-4664-91fa-823b217d333f";"EAID_91F9D39E_0322_42c6_AE7F_5027B36F3EC3";"1affb298-091d-452a-83bd-29638650afb5";"EAID_26D1113F_F7B3_4bdd_9AAE_EA14CC9F3C3F";"09072026-00:43:48"
"1001";"is";"is";"";"EAID_4F678BE2_85AA_4354_A4AF_24D9D5F779C3";"association-relationship";"association";"";"";"";"";"f08625cc-cc49-4664-91fa-823b217d333f";"EAID_91F9D39E_0322_42c6_AE7F_5027B36F3EC3";"";"EAID_FD0B5F4D_AE9B_47bd_8C60_031D21AC24B1";"09072026-00:43:48"
"1002";"is";"is";"7c65922e-6636-4218-b699-f2b8e9f708b6";"EAID_9142C2DC_9D2F_41b8_AD21_7C22ADF570E1";"association-relationship";"association";"";"";"";"";"f08625cc-cc49-4664-91fa-823b217d333f";"EAID_91F9D39E_0322_42c6_AE7F_5027B36F3EC3";"0fd3695d-aa71-4f35-a8bf-7886c70e0ed8";"EAID_172AFD36_B400_4660_BFAC_4BBC1077D666";"09072026-00:43:48"
"1003";"is";"is";"";"EAID_98745F83_6621_4255_BA46_4A280FE34F0D";"association-relationship";"association";"";"";"";"";"f08625cc-cc49-4664-91fa-823b217d333f";"EAID_91F9D39E_0322_42c6_AE7F_5027B36F3EC3";"";"EAID_B1C6CA45_49C9_45f0_8B14_A721AD505C50";"09072026-00:43:48"
"1004";"is";"is";"3f36cd7c-d4cf-4419-a820-65ac9a87fc93";"EAID_A0CCD38F_E4E7_4044_A32A_DF84CA8A7DA6";"association-relationship";"association";"";"";"";"";"f08625cc-cc49-4664-91fa-823b217d333f";"EAID_91F9D39E_0322_42c6_AE7F_5027B36F3EC3";"8155eb9b-eb9e-4eec-a850-80c185983a9f";"EAID_9775E778_DBF8_4122_94CE_551466B62F46";"09072026-00:43:48"
"1005";"is";"is";"";"EAID_ACC89638_0162_4bf4_856A_F48A6CDBFA48";"association-relationship";"association";"";"";"";"";"f08625cc-cc49-4664-91fa-823b217d333f";"EAID_91F9D39E_0322_42c6_AE7F_5027B36F3EC3";"";"EAID_F4978264_32A5_4e70_97A8_D142B64400A8";"09072026-00:43:48"
"1006";"is";"is";"";"EAID_B905E456_B624_4d2d_B5F3_413FC8BF08D6";"association-relationship";"association";"";"";"";"";"f08625cc-cc49-4664-91fa-823b217d333f";"EAID_91F9D39E_0322_42c6_AE7F_5027B36F3EC3";"";"EAID_2EC96974_F21E_4bdb_AF4D_30D7091F5645";"09072026-00:43:48"
"1007";"is";"is";"94463f49-0948-43b4-b02a-de8a39f43b88";"EAID_BC791907_D562_40fe_9F9E_81FEF5482049";"association-relationship";"association";"";"";"";"";"f08625cc-cc49-4664-91fa-823b217d333f";"EAID_91F9D39E_0322_42c6_AE7F_5027B36F3EC3";"bb6b6dd2-7b6a-4146-afc0-c5647256ef11";"EAID_FB13857C_C695_4b53_8060_BACFA0E16950";"09072026-00:43:48"
"1008";"is";"is";"56517134-fbe8-451f-8921-5a62b35c62c9";"EAID_E5B87DF0_8E09_4275_A6F3_BCE04E6877B4";"association-relationship";"association";"";"";"";"";"f08625cc-cc49-4664-91fa-823b217d333f";"EAID_91F9D39E_0322_42c6_AE7F_5027B36F3EC3";"8772e7a6-24c8-454f-ab54-7d12c1849e97";"EAID_67CC2144_6B88_433c_853D_07379C66D6CF";"09072026-00:43:48"
"1009";"is";"is";"89bee356-0715-4cd1-af69-24133b3416b0";"EAID_E9AA24B1_EE12_49cc_8CA9_7930E154DD9D";"association-relationship";"association";"";"";"";"";"f08625cc-cc49-4664-91fa-823b217d333f";"EAID_91F9D39E_0322_42c6_AE7F_5027B36F3EC3";"cd27cd50-1721-4870-a292-ea0f24d1ada4";"EAID_9F4E12E4_B228_4931_AC83_1B1F60958A89";"09072026-00:43:48"
"1010";"is aanleiding voor";"is aanleiding voor";"";"EAID_0A5CA34A_9326_497e_ADC3_38787D073F36";"association-relationship";"association";"";"";"";"";"";"EAID_0567826D_81EE_4bbd_8D62_3073B74CDF11";"";"EAID_7210A379_17EE_4143_A106_ECD9414B2A0D";"09072026-00:43:48"
"1011";"is bedoeld voor";"is bedoeld voor";"1d524c3a-a1e7-4221-82ac-dbcac1493647";"EAID_AF0D1D06_F235_46c9_B49F_3ECC8618A332";"association-relationship";"association";"";"";"";"";"d1a889c0-4455-4121-9def-df4004050918";"EAID_452312FD_05FB_4abc_A48B_C605F7E3E193";"7be642b3-e95f-4f1a-9415-d95c38346e9f";"EAID_069C9894_5E07_4c95_AC28_EB4A5EBFD165";"09072026-00:43:48"
"1012";"is belast met";"is belast met";"5f3d1ae7-22ec-491f-80f4-041d895cbadd";"EAID_BA508E5B_A499_4ff8_91A5_37368D6C0481";"association-relationship";"association";"Verwijzing naar het ZAKELIJK RECHT waarmee het onderhavige ZAKELIJK RECHT is belast.";"Verwijzing naar het ZAKELIJK RECHT waarmee het onderhavige ZAKELIJK RECHT is belast.";"<memo>";"";"671ec5bd-e8ac-44d7-8a01-cc9b439c6c5f";"EAID_8C809341_AC60_4378_8BA0_0843E8C06AF3";"671ec5bd-e8ac-44d7-8a01-cc9b439c6c5f";"EAID_8C809341_AC60_4378_8BA0_0843E8C06AF3";"09072026-00:43:48"
"1013";"is beperkt tot";"is beperkt tot";"e47573a3-744f-4bcf-96da-33a0ba01811a";"EAID_F9F7F2FF_30E9_49b4_B5B6_9B4FB86E8500";"association-relationship";"association";"Verwijzing naar de TENAAMSTELLING waarop  het  ZAKELIJK RECHT beperking  heeft.";"Verwijzing naar de TENAAMSTELLING waarop  het  ZAKELIJK RECHT beperking  heeft.";"<memo>";"";"671ec5bd-e8ac-44d7-8a01-cc9b439c6c5f";"EAID_8C809341_AC60_4378_8BA0_0843E8C06AF3";"429cbd2f-a86d-49d9-9c8a-0de67a7e7d3e";"EAID_2651D6E0_6AC8_43a8_A4F6_4706209BAC8E";"09072026-00:43:48"
"1014";"is betrokken bij";"is betrokken bij";"";"EAID_F6CE3998_EF89_46c2_A99E_7D8F594782D5";"association-relationship";"association";"";"";"";"";"";"EAID_D46DA88A_F3EB_4c72_85DA_C0C4239289E2";"671ec5bd-e8ac-44d7-8a01-cc9b439c6c5f";"EAID_8C809341_AC60_4378_8BA0_0843E8C06AF3";"09072026-00:43:48"
"1015";"is budgetverantwoordelijk";"is budgetverantwoordelijk";"157e7f22-c3a6-4e72-9949-af522cbbf2f9";"EAID_6FF88F9A_09E6_4941_9752_49B5B854D383";"association-relationship";"association";"";"";"";"";"126c564a-16fa-4e61-b52d-3af4968904d8";"EAID_D90E822D_7EF8_4ea6_AF5C_4A4362577941";"be336327-21c4-4d8a-9088-e04b4411204a";"EAID_9ABE303F_1E8D_407c_BBB8_E7DAC383E0C3";"09072026-00:43:48"
"1016";"is conform";"is conform";"";"EAID_90D3BEFB_53DD_4577_ADC1_43654BC665DD";"association-relationship";"association";"";"";"";"";"6f15e2ca-531d-4879-b087-f43559d8c3fd";"EAID_1F68C981_7E16_4368_8867_CA00AEB08A04";"";"EAID_E512AEFD_85FB_4b57_82FE_709221307861";"09072026-00:43:48"
"1017";"is contactpersoon voor";"is contactpersoon voor";"5a2a3f00-a45f-4c21-b7f8-a8a274b3619a";"EAID_7FBB7F66_64B4_40dd_9628_02202FF00FB1";"association-relationship";"association";"<font color=""#610e6a"">De MEDEWERKER die anderen desgevraagd in contact brengt met (andere) medewerkers van deze ORGANISATORISCHE EENHEID.</font>";"<font color=""#610e6a"">De MEDEWERKER die anderen desgevraagd in contact brengt met (andere) medewerkers van deze ORGANISATORISCHE EENHEID.</font>";"";"";"6cc6afe6-e4c6-4e2b-a359-f278b23700db";"EAID_16EB3936_03CB_4854_9CD8_9F0911EEA51B";"02f66265-00ae-418d-8d0e-dcbaf36652bb";"EAID_936A4E8B_3E5A_44b6_8A5D_EFB39F83FB6D";"09072026-00:43:48"
"1018";"is deel van";"is deel van";"";"EAID_E3A29593_7D11_45b6_8760_C93326BC40D1";"association-relationship";"association";"";"";"";"";"";"EAID_1B65D674_DC17_40e8_B663_85DA82FD7E94";"7e054df1-48a3-46c3-91a5-5ce10e326f9b";"EAID_EDB5D3CD_CE4D_4317_81C6_C01CC7325148";"09072026-00:43:48"
"1019";"is deel van";"is deel van";"";"EAID_6632E190_6345_4e95_BD10_E4F8D912E404";"association-relationship";"association";"";"";"";"";"";"EAID_710A1D2B_3C7B_41cf_A947_727186C40A98";"";"EAID_14E4AF23_21E9_412a_B78D_C208EE9F419D";"09072026-00:43:48"
"1020";"is deelzaak van";"is deelzaak van";"645fc44e-4e80-4f90-864e-7b41badbece6";"EAID_0B81CD99_DB7F_40a0_BD64_26FCBC96420A";"association-relationship";"association";"<font color=""#610e6a"">De verwijzing naar de ZAAK, waarom verzocht is door de initiator daarvan, die door de zaakbehandelende organisatie is opgedeeld in twee of meer separaat te behandelen zaken waarvan de onderhavige zaak er één is.</font>";"<font color=""#610e6a"">De verwijzing naar de ZAAK, waarom verzocht is door de initiator daarvan, die door de zaakbehandelende organisatie is opgedeeld in twee of meer separaat te behandelen zaken waarvan de onderhavige zaak er één is.</font>";"";"";"7d5124d4-f23d-432d-ad5a-dc7c1b0fac44";"EAID_649EFD86_ED52_4293_8577_DBE5445845BF";"7d5124d4-f23d-432d-ad5a-dc7c1b0fac44";"EAID_649EFD86_ED52_4293_8577_DBE5445845BF";"09072026-00:43:48"
"1021";"is deelzaak van";"is deelzaak van";"0e1ec2c3-26f4-4bc0-af59-cbd5165c8002";"EAID_F95B6C11_B53E_4135_A96C_77C2F49379A9";"association-relationship";"association";"<font color=""#610e6a"">De verwijzing naar de ZAAK, waarom verzocht is door de initiator daarvan, die door de zaakbehandelende organisatie is opgedeeld in twee of meer separaat te behandelen zaken waarvan de onderhavige zaak er één is.</font>";"<font color=""#610e6a"">De verwijzing naar de ZAAK, waarom verzocht is door de initiator daarvan, die door de zaakbehandelende organisatie is opgedeeld in twee of meer separaat te behandelen zaken waarvan de onderhavige zaak er één is.</font>";"";"";"ce925d18-fde7-4bd6-9865-a7030a276a3c";"EAID_766265DF_56DD_4560_A55C_FF82E3B9751A";"ce925d18-fde7-4bd6-9865-a7030a276a3c";"EAID_766265DF_56DD_4560_A55C_FF82E3B9751A";"09072026-00:43:48"
"1022";"is een";"is een";"";"EAID_9E12F959_DACD_493e_B131_B39A1E11F932";"association-relationship";"association";"";"";"";"";"b883410b-ba90-45a0-a9f0-f16b8e1fa9ac";"EAID_F110608E_9C6A_4d66_BDCB_F4B2465E3CFD";"";"EAID_4E835898_6623_457f_99B4_C688D465F720";"09072026-00:43:48"
"1023";"is een";"is een";"";"EAID_FEC3267E_6981_45d1_95F5_2F3F0BFDADA3";"association-relationship";"association";"";"";"";"";"8d15d21d-4e39-4dcb-b9f7-be128f6b324a";"EAID_5EDE0349_8865_4b90_9A18_235C5AA660C4";"";"EAID_6B63630A_8A30_454d_B8C4_252D4C30A3BF";"09072026-00:43:48"
"1024";"is een";"is een";"";"EAID_B9BE2BE6_1767_424c_AEA2_5CC3BAF512A9";"specialization-relationship";"generalization";"";"";"";"";"";"EAID_093B2482_D72E_4f88_931C_75C9DABED007";"cd27cd50-1721-4870-a292-ea0f24d1ada4";"EAID_9F4E12E4_B228_4931_AC83_1B1F60958A89";"09072026-00:43:48"
"1025";"is functionaris van";"is functionaris van";"d6e63f28-0898-40d3-ba92-b9ff41861de3";"EAID_3270BFBF_5A15_4283_BD78_48CB364D4E88";"association-relationship";"association";"nog niet in NHR uitgewerkt";"nog niet in NHR uitgewerkt";"";"";"82773f8d-3aa1-4e1f-b6de-9284a1851960";"EAID_3DC85114_5C3F_4930_B98B_6EB6ED71FC2E";"cd27cd50-1721-4870-a292-ea0f24d1ada4";"EAID_9F4E12E4_B228_4931_AC83_1B1F60958A89";"09072026-00:43:48"
"1026";"is gebaseerd op";"is gebaseerd op";"";"EAID_16848953_BC13_EB5B_B06F_281C33031871";"aggregation-relationship";"aggregation";"";"";"";"";"";"EAID_1CC0F6E1_888E_945B_4A20_28C0FB594D4C";"";"EAID_1CC0F3FE_888E_945B_4A20_28C0F7424D4C";"09072026-00:43:48"
"1027";"is gebaseerd op";"is gebaseerd op";"";"EAID_1AADF3B2_BCF5_C7B1_6E79_28FC0756152E";"aggregation-relationship";"aggregation";"";"";"";"";"";"EAID_234EB82E_9EC6_5904_2634_263C0A957ADF";"";"EAID_0A9D7FDF_4271_2DBE_58D2_28F9CE6C00A4";"09072026-00:43:48"
"1028";"is gebaseerd op";"is gebaseerd op";"071bbb7a-fc82-459e-a5f1-cbc34035a1ca";"EAID_B351492B_CB3B_40e7_8893_75B45A6AA17F";"association-relationship";"association";"";"";"";"";"b883410b-ba90-45a0-a9f0-f16b8e1fa9ac";"EAID_F110608E_9C6A_4d66_BDCB_F4B2465E3CFD";"c481e8b8-f7d7-4979-b767-ebf2a9b04712";"EAID_71D7E96D_641A_4b6a_A325_DED07C3B5836";"09072026-00:43:48"
"1029";"is gehuisvest in";"is gehuisvest in";"856ae513-dde7-4adb-b2d6-22ef5dc7f9eb";"EAID_689523F1_DB08_428a_B016_53B63C975012";"association-relationship";"association";"<font color=""#610e6a"">De VESTIGING VAN ZAAKBEHANDELENDE ORGANISATIE waar de ORGANISATORISCHE EENHEID haar activiteiten uitvoert.</font>";"<font color=""#610e6a"">De VESTIGING VAN ZAAKBEHANDELENDE ORGANISATIE waar de ORGANISATORISCHE EENHEID haar activiteiten uitvoert.</font>";"";"";"02f66265-00ae-418d-8d0e-dcbaf36652bb";"EAID_936A4E8B_3E5A_44b6_8A5D_EFB39F83FB6D";"bb257165-3229-4e5f-a24c-524966c748f5";"EAID_D8142B98_64CB_408e_9941_92423543F08A";"09072026-00:43:48"
"1030";"is gekoppeld aan";"is gekoppeld aan";"";"EAID_CF75F931_F266_433c_BA48_5ED157516443";"association-relationship";"association";"";"";"";"";"3991c605-2abb-4185-b7ce-1adf5966e3c7";"EAID_598F7015_C6B5_4eed_80A6_139B62324678";"f830bbc9-38d5-4f61-be23-79091f18282e";"EAID_EA6F820F_C458_4b24_8055_5C2CC76F5904";"09072026-00:43:48"
"1031";"is gekoppeld aan";"is gekoppeld aan ";"52560d93-1f86-401d-a93c-3ea685635af0";"EAID_5F26AFF9_ADDC_4234_AB26_A3E9201A2CAF";"association-relationship";"association";"";"";"";"";"3991c605-2abb-4185-b7ce-1adf5966e3c7";"EAID_598F7015_C6B5_4eed_80A6_139B62324678";"9f1ea854-eb45-47a0-98f4-4043b4a69be0";"EAID_B0D9792B_46E7_4b88_B267_C72691616733";"09072026-00:43:48"
"1032";"is gemachtigd door";"is gemachtigd door";"";"EAID_6F32D49E_6315_4594_9D48_76649170C2FD";"association-relationship";"usage";"";"";"";"";"c3a7596c-2303-4354-9f02-aa999d7fca47";"EAID_02BDED5E_9106_4aed_94C2_513689353284";"fe2e2e4e-228a-46d7-964f-a489ed253d2d";"EAID_E38BEAEF_03C4_439b_8A64_663886C1D6F9";"09072026-00:43:48"
"1033";"is gerelateerd";"is gerelateerd";"";"EAID_915CBFAB_B8BD_4677_8678_C69406BF0280";"association-relationship";"association";"";"";"";"";"";"EAID_A744FAF8_16B7_4e5d_9C10_203AA8E7C440";"";"EAID_A744FAF8_16B7_4e5d_9C10_203AA8E7C440";"09072026-00:43:48"
"1034";"is gerelateerd aan";"is gerelateerd aan";"";"EAID_098BFB74_D98B_118C_2214_2927B827F6D7";"aggregation-relationship";"aggregation";"";"";"";"";"";"EAID_173D0C11_3C5E_8344_BE5E_293122950DAC";"";"EAID_11F2FF40_D317_92C3_C4DB_2931225D4B40";"09072026-00:43:48"
"1035";"is gesloten/aangegaan in";"is gesloten/aangegaan in";"";"EAID_63EFE2F5_4FD5_487e_9C3F_23836AC7DC54";"association-relationship";"association";"";"";"";"";"";"EAID_28A0D7C0_DABF_403b_B263_22F424032A28";"bedf86fb-8710-49fc-addb-e48a11b551ed";"EAID_24BDA4BA_CFCC_4e3f_8305_671F4ED7C502";"09072026-00:43:48"
"1036";"is gesloten/aangegaan in ";"is gesloten/aangegaan in ";"";"EAID_F8489A80_C576_4766_910C_C5770F526B92";"association-relationship";"association";"";"De naam van een door het bevoegde gemeentelijk orgaan als zodanig aangewezen gedeelte van het gemeentelijk grondgebied waar het huwelijk is gesloten of het geregistreerd partnerschap is aangegaan.";"";"";"";"EAID_28A0D7C0_DABF_403b_B263_22F424032A28";"c063970e-27f6-45a2-88e8-0105dbbce716";"EAID_039AFF88_F5F7_4c1a_B7E4_1BDFC495F67A";"09072026-00:43:48"
"1037";"is gevestigd in";"is gevestigd in";"";"EAID_07B7AA32_6C85_4f64_88FC_B13D20D10B69";"association-relationship";"association";"";"";"";"";"cda4149f-f0a0-44d9-b893-25bcce04d20d";"EAID_6508657D_7C3F_4261_B647_5D3B077A20F9";"";"EAID_461EFCF0_E65E_4c7c_B44D_8F36C36FDCE4";"09072026-00:43:48"
"1038";"is gevestigd in";"is gevestigd in";"902f9482-f753-4c19-b57f-975374b3e3c7";"EAID_B8A7B3F7_4835_4e90_9EE3_B1A006D7FF55";"association-relationship";"association";"";"";"";"";"cda4149f-f0a0-44d9-b893-25bcce04d20d";"EAID_6508657D_7C3F_4261_B647_5D3B077A20F9";"67a1d348-4663-4a34-8b6a-06b3ea888a9d";"EAID_A33151CE_37B2_4026_B0AF_B541687B5B7C";"09072026-00:43:48"
"1039";"is gevoerd door";"is gevoerd door";"1d6a385b-f334-4663-ad6e-5d1b4bee34cc";"EAID_7DE2D62B_838D_4d12_A5B1_4C6DB9A475E3";"association-relationship";"association";"";"";"";"";"a9cb919f-a224-4ab5-9825-40d54104f90d";"EAID_A3DAD553_0E55_4256_824B_CDB5E12CB545";"6cc6afe6-e4c6-4e2b-a359-f278b23700db";"EAID_16EB3936_03CB_4854_9CD8_9F0911EEA51B";"09072026-00:43:48"
"1040";"is gewijd aan";"is gewijd aan";"fedba8a1-1f2a-43d0-9966-8a1efc32830d";"EAID_71A3BEE0_D763_4683_8CC0_EBD7E32B5FB4";"association-relationship";"association";"";"";"";"";"7be642b3-e95f-4f1a-9415-d95c38346e9f";"EAID_069C9894_5E07_4c95_AC28_EB4A5EBFD165";"36e81522-45dc-4859-a86a-92f9d1d879ba";"EAID_3BBB3264_592A_4d8c_A741_C2A3C38E3932";"09072026-00:43:48"
"1041";"is grondslag voor";"is grondslag voor";"";"EAID_21354175_DFBE_1F46_E7EC_281C3303E844";"aggregation-relationship";"aggregation";"";"";"";"";"";"EAID_1CC0F6E1_888E_945B_4A20_28C0FB594D4C";"";"EAID_0CA08ED2_6990_8292_BBC7_281C33037374";"09072026-00:43:48"
"1042";"is hoofdvestiging van";"is hoofdvestiging van";"8552d20e-fba6-4524-971f-e518ac956f2d";"EAID_E885D25B_BCD8_411c_B1D5_11DF58BEF6F2";"association-relationship";"association";"De door de MAATSCHAPPELIJKE ACTIVITEIT aangemerkte VESTIGING als hoofdvestiging.";"De door de MAATSCHAPPELIJKE ACTIVITEIT aangemerkte VESTIGING als hoofdvestiging.";"<memo>";"";"b403d1ab-a0ee-4ca0-befa-01bbc54bf403";"EAID_B60B8EF9_D1C0_4e36_BF9B_1C16F92518DD";"82773f8d-3aa1-4e1f-b6de-9284a1851960";"EAID_3DC85114_5C3F_4930_B98B_6EB6ED71FC2E";"09072026-00:43:48"
"1043";"is ingeschreven op";"is ingeschreven op";"";"EAID_251A6D64_B5B4_4a38_A168_0061F912CCEE";"association-relationship";"association";"";"";"";"";"";"EAID_E5E010C2_C1F3_4986_AA9A_C71C19263606";"460ada62-9cdd-478f-9555-4fb161ebc0b3";"EAID_8A04280B_E0B4_4e36_B448_C99750393D0D";"09072026-00:43:48"
"1044";"is ingeschreven op";"is ingeschreven op";"";"EAID_3F23A45A_85D5_41da_AC81_926674F1F3D0";"association-relationship";"association";"";"De NUMMERAANDUIDING bij het ADRESSEERBAAR OBJECT waarin de INGESCHREVEN NATUURLIJK PERSOON verblijft en die hij/zij gekozen heeft als inschrijvingsadres.";"";"";"";"EAID_E5E010C2_C1F3_4986_AA9A_C71C19263606";"cc3c2d8f-cb2f-4e39-a220-bff533892688";"EAID_BA35A5E2_5A1D_4328_91CD_D51694ED5FBA";"09072026-00:43:48"
"1045";"is kind van";"is kind van";"5bdb439a-6f54-46c6-b522-0356ace6c7bc";"EAID_F7CE1157_F7D4_4967_81D0_55F7619A680F";"association-relationship";"association";"";"";"";"";"24e40e1f-4e7b-47ad-a1b3-4050e365f68a";"EAID_FE559B58_A6CD_4108_82BE_98E1AEBFD9BD";"8c200706-b80b-44f7-9928-bec39e0db21f";"EAID_BBBB63AC_B546_409b_B6D4_53DB561253B7";"09072026-00:43:48"
"1046";"is lid van";"is lid van";"e539742f-6815-4cef-98a9-6055a5087cf4";"EAID_1DF94C0B_C6BD_4c7d_9AE2_5761713339DB";"association-relationship";"association";"";"";"";"";"db373678-134a-4333-9d49-e86faf5ce531";"EAID_5772BEBB_97FA_42a9_B70D_DB55EAD6D1EE";"62126697-6498-4c0a-a84e-2275138c2eaa";"EAID_CB27D699_F82B_45ad_823A_B2B51BCAECBA";"09072026-00:43:48"
"1047";"is onderdeel van";"is onderdeel van";"d2bf82e7-8ae0-4ee6-bc6a-1385b536824a";"EAID_2907D6A4_5E68_4260_888D_6A2F4DBED03F";"association-relationship";"association";"";"";"";"";"7b7d7585-b081-4bcc-a39e-cf6b3803799a";"EAID_369E453B_4C3A_48dc_9619_C36232B339D9";"6b072b67-e13f-422e-9e5c-068deb532aad";"EAID_E09E5B44_4D39_455a_B0A5_390A63AC0C43";"09072026-00:43:48"
"1048";"is onderdeel van";"is onderdeel van";"";"EAID_F7C59B99_448C_42c0_ACEC_9D497D3E0D5B";"association-relationship";"association";"";"";"";"";"";"EAID_14E4AF23_21E9_412a_B78D_C208EE9F419D";"";"EAID_14E4AF23_21E9_412a_B78D_C208EE9F419D";"09072026-00:43:48"
"1049";"is onderdeel van";"is onderdeel van";"b0377d6a-5d4c-4a12-8be1-b63944b8fc2e";"EAID_9BC2535C_F097_4ac5_BEFF_F5AEC06A5774";"association-relationship";"association";"De unieke aanduidingen van de WOZ-DEELOBJECTen waaruit het WOZ-OBJECT bestaat.";"De unieke aanduidingen van de WOZ-DEELOBJECTen waaruit het WOZ-OBJECT bestaat.";"<memo>";"";"8047febd-3ee4-4a35-83ce-5f538c607446";"EAID_EEC30588_0E12_41c9_977E_C885A0A7EDC3";"3f1aeea3-a5a8-4df6-af1e-51d5ef4ad32f";"EAID_CB7BA76D_0793_4d5a_9596_533C5BC56BBF";"09072026-00:43:48"
"1050";"is ontbonden in";"is ontbonden in";"";"EAID_597C9BB7_1AA0_4e62_BC7C_C8E6379DDD0B";"association-relationship";"association";"";"";"";"";"";"EAID_10E7F112_407D_4099_9CC7_F6B53DD094BF";"bedf86fb-8710-49fc-addb-e48a11b551ed";"EAID_24BDA4BA_CFCC_4e3f_8305_671F4ED7C502";"09072026-00:43:48"
"1051";"is ontbonden in";"is ontbonden in";"";"EAID_9C3FAABF_FF65_4d81_9E7B_D0A78B5A910B";"association-relationship";"association";"";"De woonplaats van een door het bevoegde gemeentelijk orgaan als zodanig aangewezen gedeelte van het gemeentelijk grondgebied waar het huwelijk is ontbonden, dan wel het geregistreerd partnerschap is beëindigd. ";"";"";"";"EAID_10E7F112_407D_4099_9CC7_F6B53DD094BF";"c063970e-27f6-45a2-88e8-0105dbbce716";"EAID_039AFF88_F5F7_4c1a_B7E4_1BDFC495F67A";"09072026-00:43:48"
"1052";"is ontstaan uit";"is ontstaan uit";"";"EAID_B236458D_84DF_4f68_A42A_50E754D9CBA3";"association-relationship";"association";"";"";"";"";"";"EAID_DCF0623A_694F_4b82_B615_F499F169C19A";"671ec5bd-e8ac-44d7-8a01-cc9b439c6c5f";"EAID_8C809341_AC60_4378_8BA0_0843E8C06AF3";"09072026-00:43:48"
"1053";"is ontstaan uit / overgegaan in";"is ontstaan uit / overgegaan in";"055cae5a-0f94-41ba-83b9-25999d5d0dac";"EAID_9A56AD9F_136A_485a_93B1_7137FCC39416";"association-relationship";"association";"De verwijzing naar vervallen BENOEMD(e) OBJECT(en) waaruit het BENOEMD OBJECT is ontstaan en naar BENOEMD(e) OBJECT (en) waarin een vervallen BENOEMD OBJECT is overgegaan.";"De verwijzing naar vervallen BENOEMD(e) OBJECT(en) waaruit het BENOEMD OBJECT is ontstaan en naar BENOEMD(e) OBJECT (en) waarin een vervallen BENOEMD OBJECT is overgegaan.";"<memo>";"";"13ad6d22-52ce-4439-9eed-200245c3a498";"EAID_3E9E08B7_574E_43dc_8D93_251BFA8F8D75";"13ad6d22-52ce-4439-9eed-200245c3a498";"EAID_3E9E08B7_574E_43dc_8D93_251BFA8F8D75";"09072026-00:43:48"
"1054";"is ontstaan uit andere kadastrale onroerende zaak bij";"is ontstaan uit andere kadastrale onroerende zaak ";"0fd961fe-2a91-41e3-a17d-0b1aeca2fc37";"EAID_EBEE5BED_D39A_4e50_ACD7_4924DF1DF463";"association-relationship";"association";"De verwijzing naar andere KADASTRALE ONROERENDE ZAAKen waaruit de KADASTRALE ONROERENDE ZAAK is ontstaan.";"De verwijzing naar andere KADASTRALE ONROERENDE ZAAKen waaruit de KADASTRALE ONROERENDE ZAAK is ontstaan.";"<memo>";"";"8155eb9b-eb9e-4eec-a850-80c185983a9f";"EAID_9775E778_DBF8_4122_94CE_551466B62F46";"8155eb9b-eb9e-4eec-a850-80c185983a9f";"EAID_9775E778_DBF8_4122_94CE_551466B62F46";"09072026-00:43:48"
"1055";"is op basis van";"is op basis van";"";"EAID_7D705C7A_3508_43e3_B862_6C76A6FC5BA5";"association-relationship";"association";"";"";"";"";"53cc8281-81c1-40c8-901d-2751e34ea367";"EAID_01ECE551_A7B0_4b99_B6E7_F654D6AC15D5";"";"EAID_F73F6BFE_9CFE_4497_80E3_CADAA344CF69";"09072026-00:43:48"
"1056";"is op vestiging";"is op vestiging";"af1d2efb-7cc3-4d13-9c7f-4e0b4e375c6d";"EAID_DAE508E1_5EDF_4ff6_B108_E83324586885";"association-relationship";"association";"";"";"";"";"a3e45dca-c075-4ba9-9df2-d286b47f73ab";"EAID_63FF86E2_1BB0_48f6_8D95_3D82E8D2FA06";"bb257165-3229-4e5f-a24c-524966c748f5";"EAID_D8142B98_64CB_408e_9941_92423543F08A";"09072026-00:43:48"
"1057";"is opdrachtgever";"is opdrachtgever";"6114d978-ea78-4dd7-90fb-4fcc69644c17";"EAID_A7B546AD_C824_410c_814E_168B39E9BA6A";"association-relationship";"association";"";"";"";"";"2bd07fb4-4cfb-4d89-ac99-cb2377decd2d";"EAID_2FFE3BAD_CB0E_43ea_A435_FD693B9255C3";"7979016d-19cb-493e-904e-c7363a7930aa";"EAID_C2520FC3_622B_4edf_B911_C661B0D710FE";"09072026-00:43:48"
"1058";"is opdrachtgever";"is opdrachtgever";"99008732-e0f4-49ff-87e5-59463dbb6f35";"EAID_98567643_D699_44fe_995E_BE51DC5CE53C";"association-relationship";"association";"";"";"";"";"7979016d-19cb-493e-904e-c7363a7930aa";"EAID_C2520FC3_622B_4edf_B911_C661B0D710FE";"d7ab242e-b050-4af7-a400-d87ce1eceb43";"EAID_04439F81_75DB_45cf_BE7A_352A54A95D73";"09072026-00:43:48"
"1059";"is opdrachtnemer";"is opdrachtnemer";"aa697624-34ad-420e-9a28-adc622dba2c6";"EAID_532D04B1_49B6_42ee_BBA0_318F384B8650";"association-relationship";"association";"";"";"";"";"be336327-21c4-4d8a-9088-e04b4411204a";"EAID_9ABE303F_1E8D_407c_BBB8_E7DAC383E0C3";"d7ab242e-b050-4af7-a400-d87ce1eceb43";"EAID_04439F81_75DB_45cf_BE7A_352A54A95D73";"09072026-00:43:48"
"1060";"is opgebouwd uit";"is opgebouwd uit";"";"EAID_1BA6A67D_41B2_1703_07EC_290BF4F5529D";"aggregation-relationship";"aggregation";"";"";"";"";"";"EAID_1CC0F3FE_888E_945B_4A20_28C0F7424D4C";"";"EAID_1CC0F3FE_888E_945B_4A20_28C0F7424D4C";"09072026-00:43:48"
"1061";"is opgebouwd uit";"is opgebouwd uit";"";"EAID_C9BD5B6D_0EF1_49c6_9ABC_82F1C4E9AC06";"association-relationship";"association";"";"";"";"";"id-07784236-3aa6-45e5-8253-7d088c4020b0";"EAID_07784236_3AA6_45e5_8253_7D088C4020B0";"id-f4fd02f2-9ffa-4a35-ba32-b4cde4002e7a";"EAID_F4FD02F2_9FFA_4a35_BA32_B4CDE4002E7A";"09072026-00:43:48"
"1062";"is opgenomen in";"is opgenomen in";"";"EAID_650100B0_3544_4f97_90AF_1CA621FCD924";"association-relationship";"association";"";"";"";"";"6f20ada6-28e9-4358-9b66-1575021ee431";"EAID_DDFF98D8_99FF_47b5_82D1_7FF2376750D6";"";"EAID_A744FAF8_16B7_4e5d_9C10_203AA8E7C440";"09072026-00:43:48"
"1063";"is origine van";"is origine van";"";"EAID_0593c719_a0cd_43c5_9606_d3f450c7484f";"aggregation-relationship";"aggregation";"";"";"";"";"";"EAID_d3335b08_9b4b_4e55_b507_0e1d481f1409";"";"EAID_0238113B_1577_D45C_C5E9_293122B2568D";"09072026-00:43:48"
"1064";"is origine van";"is origine van";"";"EAID_271e5b6d_0bc7_47e2_bd0b_3045ad2beeb3";"aggregation-relationship";"aggregation";"";"";"";"";"";"EAID_18090A2C_CED1_0A51_0DFD_294370D99076";"";"EAID_ed7f7a0f_bef9_4532_94ad_f36418629141";"09072026-00:43:48"
"1065";"is overgegaan in";"is overgegaan in";"8fe98480-088a-46b7-8b6a-d955f6f00b78";"EAID_82776B18_BA57_4a96_94B7_564C96D364E5";"association-relationship";"association";"De nieuwe GEMEENTE waarin de GEMEENTE bij zijn opheffing c.q. na herindeling is overgegaan.";"De nieuwe GEMEENTE waarin de GEMEENTE bij zijn opheffing c.q. na herindeling is overgegaan.";"<memo>";"";"f830bbc9-38d5-4f61-be23-79091f18282e";"EAID_EA6F820F_C458_4b24_8055_5C2CC76F5904";"f830bbc9-38d5-4f61-be23-79091f18282e";"EAID_EA6F820F_C458_4b24_8055_5C2CC76F5904";"09072026-00:43:48"
"1066";"is overgegaan in";"is overgegaan in";"a9baba26-2b07-4423-ba27-abcdcc8522b2";"EAID_37F200B1_6FE0_4e06_BD2C_633C7FD25541";"association-relationship";"association";"De nieuwe GEMEENTE waarin de GEMEENTE bij zijn opheffing c.q. na herindeling is overgegaan.";"De nieuwe GEMEENTE waarin de GEMEENTE bij zijn opheffing c.q. na herindeling is overgegaan.";"<memo>";"";"9f1ea854-eb45-47a0-98f4-4043b4a69be0";"EAID_B0D9792B_46E7_4b88_B267_C72691616733";"9f1ea854-eb45-47a0-98f4-4043b4a69be0";"EAID_B0D9792B_46E7_4b88_B267_C72691616733";"09072026-00:43:48"
"1067";"is partner van";"is partner van";"";"EAID_28E29059_DBFC_4cfc_A99F_940A0853B602";"association-relationship";"association";"";"";"";"";"2a859087-fe7f-412a-b057-bf1e3f249a4c";"EAID_DAF09055_A5A6_4ff4_A158_21B20567B296";"id-07784236-3aa6-45e5-8253-7d088c4020b0";"EAID_07784236_3AA6_45e5_8253_7D088C4020B0";"09072026-00:43:48"
"1068";"is partner van";"is partner van";"1cbf5573-5e8f-4914-a34b-c7db0866017f";"EAID_04C60911_78B7_4a60_BF69_BF5722278217";"association-relationship";"association";"";"";"";"";"8c200706-b80b-44f7-9928-bec39e0db21f";"EAID_BBBB63AC_B546_409b_B6D4_53DB561253B7";"24e40e1f-4e7b-47ad-a1b3-4050e365f68a";"EAID_FE559B58_A6CD_4108_82BE_98E1AEBFD9BD";"09072026-00:43:48"
"1069";"is projectleider van";"is projectleider van";"ab8abbc8-d62b-4751-9bb3-d7f56895e834";"EAID_BCAFF0F6_3351_45ae_BD46_EA29D08AB8B5";"association-relationship";"association";"";"";"";"";"fa52d5b0-b810-4f70-8e27-180b36fec342";"EAID_888BBB4F_BEBA_4b9a_BB2E_0E1F2A3606DF";"e5933d4f-02b6-4851-a31e-8bc5b7cbaab6";"EAID_D857E285_1EA3_4ba3_9614_5FACAC8BA133";"09072026-00:43:48"
"1070";"is regelingsoort";"is regelingsoort";"";"EAID_AE5918D8_03E0_4a58_8902_F4FC44321626";"association-relationship";"association";"";"";"";"";"id-c25455f3-feb0-4c6d-9aa4-3b027718bee3";"EAID_C25455F3_FEB0_4c6d_9AA4_3B027718BEE3";"id-14d3c960-5ef2-433c-8e1c-b493974280e2";"EAID_14D3C960_5EF2_433c_8E1C_B493974280E2";"09072026-00:43:48"
"1071";"is soort";"is soort";"";"EAID_5B20AB3F_D1D0_4f8d_BC22_558AFF53BFC7";"association-relationship";"association";"";"";"";"";"5011fe69-8832-47f9-9ba5-c68d53a95ecd";"EAID_3DF01B79_6712_473e_9878_594CB5AE95A7";"";"EAID_F5FAF498_F536_4fb3_9948_73EBCDF61AD5";"09072026-00:43:48"
"1072";"is soort";"is soort";"";"EAID_BDB6C649_731B_45d7_84A2_AA3FBE5CD679";"association-relationship";"association";"";"";"";"";"e83e86ad-4769-41ce-91c7-675e93441074";"EAID_7B8D0A8F_07BF_42bf_90B3_28A72BD4401A";"";"EAID_2483BD14_7FA7_4514_A565_C7F7967E226D";"09072026-00:43:48"
"1073";"is soort voorziening";"is soort voorziening";"";"EAID_CA3F2F05_2D8A_4e33_A4ED_A35C7D2D5B1F";"association-relationship";"association";"";"";"";"";"id-af18e7d3-279d-4323-b785-6c75b4701430";"EAID_AF18E7D3_279D_4323_B785_6C75B4701430";"id-07784236-3aa6-45e5-8253-7d088c4020b0";"EAID_07784236_3AA6_45e5_8253_7D088C4020B0";"09072026-00:43:48"
"1074";"is specialisatie van";"is specialisatie van";"";"EAID_39C8B742_E4AE_43c5_9C2F_7425B209BFA6";"specialization-relationship";"generalization";"";"";"";"";"900a1db0-0009-453f-a000-4d382bcc367d";"EAID_7B33EB93_BAD8_4b36_90A1_B3909415EDC3";"f152bdf8-bd60-4c88-b739-e3091afdbf7a";"EAID_32A22BC6_89EC_44af_8D7D_79B12311AE2D";"09072026-00:43:48"
"1075";"is specialisatie van";"is specialisatie van";"";"EAID_5C7F4009_AC62_4a29_9530_94BCED16B754";"specialization-relationship";"generalization";"";"";"";"";"";"EAID_785E3B69_19DA_4952_84A8_592965B9229A";"460ada62-9cdd-478f-9555-4fb161ebc0b3";"EAID_8A04280B_E0B4_4e36_B448_C99750393D0D";"09072026-00:43:48"
"1076";"is specialisatie van";"is specialisatie van";"";"EAID_12BB6081_6817_4985_A5C7_5609A46F7627";"specialization-relationship";"generalization";"";"";"";"";"";"EAID_461EFCF0_E65E_4c7c_B44D_8F36C36FDCE4";"460ada62-9cdd-478f-9555-4fb161ebc0b3";"EAID_8A04280B_E0B4_4e36_B448_C99750393D0D";"09072026-00:43:48"
"1077";"is specialisatie van";"is specialisatie van";"";"EAID_191EBD95_B9FF_4ad2_AD5B_2116F1A010E1";"specialization-relationship";"generalization";"";"";"";"";"";"EAID_86952BDA_ADF6_4ff0_B8C7_BA3AA889A40B";"460ada62-9cdd-478f-9555-4fb161ebc0b3";"EAID_8A04280B_E0B4_4e36_B448_C99750393D0D";"09072026-00:43:48"
"1078";"is specialisatie van";"is specialisatie van";"";"EAID_9F2BF8A9_2B29_452a_93A7_16FAFC306B10";"specialization-relationship";"generalization";"";"";"";"";"";"EAID_CFA3D54E_C8E0_4559_9475_29D31AF2DECD";"460ada62-9cdd-478f-9555-4fb161ebc0b3";"EAID_8A04280B_E0B4_4e36_B448_C99750393D0D";"09072026-00:43:48"
"1079";"is specialisatie van";"is specialisatie van";"";"EAID_D668FED3_7391_43ad_B548_28C2B01D8B15";"specialization-relationship";"generalization";"";"";"";"";"";"EAID_7CDF37D9_26D7_46a5_9CF3_392601BDCECA";"460ada62-9cdd-478f-9555-4fb161ebc0b3";"EAID_8A04280B_E0B4_4e36_B448_C99750393D0D";"09072026-00:43:48"
"1080";"is specialisatie van";"is specialisatie van";"";"EAID_E390B7DE_7736_49e9_91C4_43F2E0A34B58";"specialization-relationship";"generalization";"";"";"";"";"c0361a4b-968e-477e-b81c-ee26a5aa0543";"EAID_73F1C4A1_481E_4052_A372_1A0895ED1295";"460ada62-9cdd-478f-9555-4fb161ebc0b3";"EAID_8A04280B_E0B4_4e36_B448_C99750393D0D";"09072026-00:43:48"
"1081";"is specialisatie van";"is specialisatie van";"";"EAID_125BDD18_1CDE_4dcc_B15F_97BCAE63CAEA";"specialization-relationship";"generalization";"";"";"";"";"";"EAID_547FD48D_F885_4816_BCFA_4048995C8D83";"10eaa33f-03bf-42b4-9310-56add2cb5a7b";"EAID_5641C50A_C0FA_4e71_B07B_26C7B1CE94ED";"09072026-00:43:48"
"1082";"is specialisatie van";"is specialisatie van";"";"EAID_FA6AA954_4369_49a3_938D_A26469440859";"specialization-relationship";"generalization";"";"";"";"";"";"EAID_47DA1FC8_F181_41bc_B16A_CE80D2CA13B1";"10eaa33f-03bf-42b4-9310-56add2cb5a7b";"EAID_5641C50A_C0FA_4e71_B07B_26C7B1CE94ED";"09072026-00:43:48"
"1083";"is specialisatie van";"is specialisatie van";"8a23634c-c278-4b89-bacd-a9a0d8a581da";"EAID_047ABA8C_E1FC_48df_93A3_F4B03F34650F";"specialization-relationship";"generalization";"";"";"";"";"900a1db0-0009-453f-a000-4d382bcc367d";"EAID_7B33EB93_BAD8_4b36_90A1_B3909415EDC3";"403c547f-8d7e-4235-99d9-d155063c6085";"EAID_31A87864_6CE0_4e93_A493_ECD0FBDD4461";"09072026-00:43:48"
"1084";"is specialisatie van";"is specialisatie van";"82ea545d-a4fc-49fe-b9e4-66c9ab3c3522";"EAID_8B8B4F3A_C2D4_4d90_9F6B_CF12DDCDF029";"specialization-relationship";"generalization";"";"";"";"";"c0361a4b-968e-477e-b81c-ee26a5aa0543";"EAID_73F1C4A1_481E_4052_A372_1A0895ED1295";"13ad6d22-52ce-4439-9eed-200245c3a498";"EAID_3E9E08B7_574E_43dc_8D93_251BFA8F8D75";"09072026-00:43:48"
"1085";"is specialisatie van";"is specialisatie van";"353c626b-4046-4186-ae30-2fe693420648";"EAID_CBFBC098_828D_42e9_8450_3A17680001B6";"specialization-relationship";"generalization";"";"";"";"";"f048185d-8eb4-447b-ade2-6160df1dedb3";"EAID_752621CC_D5CA_4f4c_A937_AF6C84E6ADED";"13ad6d22-52ce-4439-9eed-200245c3a498";"EAID_3E9E08B7_574E_43dc_8D93_251BFA8F8D75";"09072026-00:43:48"
"1086";"is specialisatie van";"is specialisatie van";"";"EAID_19C966A1_3EC7_451e_B8AA_06AA6F695FC1";"specialization-relationship";"generalization";"";"";"";"";"";"EAID_F4978264_32A5_4e70_97A8_D142B64400A8";"c0361a4b-968e-477e-b81c-ee26a5aa0543";"EAID_73F1C4A1_481E_4052_A372_1A0895ED1295";"09072026-00:43:48"
"1087";"is specialisatie van";"is specialisatie van";"";"EAID_E7643921_48FD_41bd_B5B9_8073DEFA32B8";"specialization-relationship";"generalization";"";"";"";"";"";"EAID_B1C6CA45_49C9_45f0_8B14_A721AD505C50";"c0361a4b-968e-477e-b81c-ee26a5aa0543";"EAID_73F1C4A1_481E_4052_A372_1A0895ED1295";"09072026-00:43:48"
"1088";"is specialisatie van";"is specialisatie van";"100224ea-cdcd-43b8-9167-60337a6b97ae";"EAID_50674B62_A018_4be0_846B_E027F6F40245";"specialization-relationship";"generalization";"";"";"";"";"67a1d348-4663-4a34-8b6a-06b3ea888a9d";"EAID_A33151CE_37B2_4026_B0AF_B541687B5B7C";"f048185d-8eb4-447b-ade2-6160df1dedb3";"EAID_752621CC_D5CA_4f4c_A937_AF6C84E6ADED";"09072026-00:43:48"
"1089";"is specialisatie van";"is specialisatie van";"";"EAID_561F45A9_0052_467f_AD76_5A32A1DC7E95";"specialization-relationship";"generalization";"";"";"";"";"";"EAID_7CDF37D9_26D7_46a5_9CF3_392601BDCECA";"f048185d-8eb4-447b-ade2-6160df1dedb3";"EAID_752621CC_D5CA_4f4c_A937_AF6C84E6ADED";"09072026-00:43:48"
"1090";"is specialisatie van";"is specialisatie van";"";"EAID_479990C6_8BA2_46e4_A463_07A39FF52D05";"specialization-relationship";"generalization";"";"";"";"";"";"EAID_F4978264_32A5_4e70_97A8_D142B64400A8";"cc3c2d8f-cb2f-4e39-a220-bff533892688";"EAID_BA35A5E2_5A1D_4328_91CD_D51694ED5FBA";"09072026-00:43:48"
"1091";"is specialisatie van";"is specialisatie van";"";"EAID_1924E3C8_8437_4fe3_BAB2_AEAFF7234917";"specialization-relationship";"generalization";"";"";"";"";"";"EAID_7CDF37D9_26D7_46a5_9CF3_392601BDCECA";"cc3c2d8f-cb2f-4e39-a220-bff533892688";"EAID_BA35A5E2_5A1D_4328_91CD_D51694ED5FBA";"09072026-00:43:48"
"1092";"is specialisatie van";"is specialisatie van";"";"EAID_78471D18_5B5A_41e8_9981_09DAA2E2DDD8";"specialization-relationship";"generalization";"";"";"";"";"";"EAID_B1C6CA45_49C9_45f0_8B14_A721AD505C50";"cc3c2d8f-cb2f-4e39-a220-bff533892688";"EAID_BA35A5E2_5A1D_4328_91CD_D51694ED5FBA";"09072026-00:43:48"
"1093";"is specialisatie van";"is specialisatie van";"2038e0bf-4ad4-4ad5-b2e0-6137db5abc10";"EAID_C5E850E0_1018_4d64_8F3C_55C4E3055752";"specialization-relationship";"generalization";"";"";"";"";"67a1d348-4663-4a34-8b6a-06b3ea888a9d";"EAID_A33151CE_37B2_4026_B0AF_B541687B5B7C";"cc3c2d8f-cb2f-4e39-a220-bff533892688";"EAID_BA35A5E2_5A1D_4328_91CD_D51694ED5FBA";"09072026-00:43:48"
"1094";"is specialisatie van";"is specialisatie van";"d8a04126-13f8-4dfa-aaf5-83c893e3e5e4";"EAID_DC2B12AC_F981_4fa4_8010_9BF6F758DD75";"specialization-relationship";"generalization";"";"";"";"";"b84fbae7-cecd-4c24-96cb-427a00d862c6";"EAID_869E0A04_A663_4839_970D_7FB82DF6C317";"8155eb9b-eb9e-4eec-a850-80c185983a9f";"EAID_9775E778_DBF8_4122_94CE_551466B62F46";"09072026-00:43:48"
"1095";"is specialisatie van";"is specialisatie van";"d874eb84-5f07-4964-9b57-a770f8e01a27";"EAID_B14AD247_EC60_4a80_BFA9_78EB5738E001";"specialization-relationship";"generalization";"";"";"";"";"0fd3695d-aa71-4f35-a8bf-7886c70e0ed8";"EAID_172AFD36_B400_4660_BFAC_4BBC1077D666";"8155eb9b-eb9e-4eec-a850-80c185983a9f";"EAID_9775E778_DBF8_4122_94CE_551466B62F46";"09072026-00:43:48"
"1096";"is specialisatie van";"is specialisatie van";"03190979-0d08-4dfa-b5e7-722e5a282244";"EAID_EA27F33E_463D_4208_85C8_E9FF4B687175";"specialization-relationship";"generalization";"";"";"";"";"e1371e07-969e-4a34-be81-0a23ffd541dd";"EAID_AF9534B0_7CBD_4061_9276_A7B6698B383A";"cd27cd50-1721-4870-a292-ea0f24d1ada4";"EAID_9F4E12E4_B228_4931_AC83_1B1F60958A89";"09072026-00:43:48"
"1097";"is specialisatie van";"is specialisatie van";"0481a6dd-53a1-469a-91c8-2fd09ea49284";"EAID_6774413F_EE68_46d3_9C8D_D3DEFD6FB28A";"specialization-relationship";"generalization";"";"";"";"";"c5e5f4f9-5bb6-4a9f-816b-e41abc770e86";"EAID_CA19D17F_3EB7_459d_9883_16F0C0B5D35E";"e1371e07-969e-4a34-be81-0a23ffd541dd";"EAID_AF9534B0_7CBD_4061_9276_A7B6698B383A";"09072026-00:43:48"
"1098";"is specialisatie van";"is specialisatie van";"badf1cb6-a6de-44e6-906c-7a649ca8faf5";"EAID_F4C0BE46_9707_4980_8BE3_083B83DA78A6";"specialization-relationship";"generalization";"";"";"";"";"cd27cd50-1721-4870-a292-ea0f24d1ada4";"EAID_9F4E12E4_B228_4931_AC83_1B1F60958A89";"cad45b80-14d3-4a0c-a906-0c1614dc9570";"EAID_9DF5AC43_3673_4b9a_BB5E_6DCA7BE28835";"09072026-00:43:48"
"1099";"is specialisatie van";"is specialisatie van";"05918c92-2ca3-4b67-90b5-b53f7aab1d2f";"EAID_434E0FCD_FB21_4e0b_908C_79D7E5C3EDB2";"specialization-relationship";"generalization";"";"";"";"";"6eaed538-bcc5-4648-b0f2-4c5095b9f514";"EAID_3D5CCB29_91E4_458e_8BCD_6741198E45B8";"cad45b80-14d3-4a0c-a906-0c1614dc9570";"EAID_9DF5AC43_3673_4b9a_BB5E_6DCA7BE28835";"09072026-00:43:48"
"1100";"is specialisatie van";"is specialisatie van";"";"EAID_CA4EDB07_778F_42c4_85ED_A5FE4AF8B21F";"specialization-relationship";"generalization";"";"";"";"";"";"EAID_AE553F3F_B8B6_4bd2_A6A1_8051145C823B";"";"EAID_889A7DC6_B389_4e02_BB53_CC0B2B5B0D91";"09072026-00:43:48"
"1101";"is te vinden in";"is te vinden in";"";"EAID_5B6E5EE5_1ED8_40de_9294_B50BFAFC2A5F";"association-relationship";"association";"";"";"";"";"";"EAID_D7947186_4317_407b_A456_41DF5187E810";"28b74cdd-2459-4a6e-ba6d-813ac7b9b811";"EAID_604A6143_DE7F_4950_B3D4_DFB88C7F4670";"09072026-00:43:48"
"1102";"is te vinden in";"is te vinden in";"";"EAID_00A89678_8013_45ef_B523_EAE54EADE361";"association-relationship";"association";"";"";"";"";"";"EAID_D7947186_4317_407b_A456_41DF5187E810";"";"EAID_CA844994_4AAE_417f_82A3_31CA5432237A";"09072026-00:43:48"
"1103";"is te vinden in";"is te vinden in";"";"EAID_17951F4C_9871_476b_AFB3_7B3848B3B93D";"association-relationship";"association";"";"";"";"";"";"EAID_D7947186_4317_407b_A456_41DF5187E810";"";"EAID_D9693C25_0F66_4504_BE2B_4BBF66071026";"09072026-00:43:48"
"1104";"is te vinden in";"is te vinden in";"";"EAID_E19D5B42_D3F7_4c43_9037_DA4531AFF728";"association-relationship";"association";"";"";"";"";"";"EAID_D7947186_4317_407b_A456_41DF5187E810";"";"EAID_78DA1B42_4AF8_4650_81A0_7F2C3A450B3D";"09072026-00:43:48"
"1105";"is uitkomst van";"is uitkomst van";"59d14376-3721-44b6-abc2-14b36094787f";"EAID_520BC9F9_923B_4ed1_B58C_4940D065F52E";"association-relationship";"association";"<font color=""#610e6a"">Aanduiding van de ZAAK waarbinnen het BESLUIT genomen is.</font>";"<font color=""#610e6a"">Aanduiding van de ZAAK waarbinnen het BESLUIT genomen is.</font>";"";"";"10d36920-683f-4cb4-84bf-b00ac045674f";"EAID_AFB100D2_8C68_4488_8949_13E945D15920";"7d5124d4-f23d-432d-ad5a-dc7c1b0fac44";"EAID_649EFD86_ED52_4293_8577_DBE5445845BF";"09072026-00:43:48"
"1106";"is van";"is van";"bae5bccc-6ebe-4f12-8360-9892b4c57855";"EAID_D5B590DA_28E1_4b12_8C69_F16AF4B9ADD7";"association-relationship";"association";"";"";"";"";"ce320796-17d5-4134-ade8-7b87211272dd";"EAID_7F9392E5_6E43_4880_AF14_819E32A86204";"0080f5e8-d0d2-4a34-816d-24c8ec6b185a";"EAID_88AF7A2E_C508_464a_AD22_DD9B156D570D";"09072026-00:43:48"
"1107";"is van";"is van";"";"EAID_E2A9D50C_A97B_4a16_B459_6AF2C5E70523";"association-relationship";"association";"";"";"";"";"7e054df1-48a3-46c3-91a5-5ce10e326f9b";"EAID_EDB5D3CD_CE4D_4317_81C6_C01CC7325148";"";"EAID_14E4AF23_21E9_412a_B78D_C208EE9F419D";"09072026-00:43:48"
"1108";"is van";"is van";"";"EAID_90835500_2830_4eb0_812A_4088C8C3F672";"association-relationship";"association";"";"<font color=""#610e6a"">Aanduiding van de aard van het BESLUIT.</font>";"";"";"10d36920-683f-4cb4-84bf-b00ac045674f";"EAID_AFB100D2_8C68_4488_8949_13E945D15920";"";"EAID_922D3938_A0EA_42bf_9EFC_23A6A236AF9B";"09072026-00:43:48"
"1109";"is van";"is van";"";"EAID_5943359E_DF81_47ae_A92E_10B7337A0102";"association-relationship";"association";"";"";"";"";"";"EAID_1B65D674_DC17_40e8_B663_85DA82FD7E94";"";"EAID_710A1D2B_3C7B_41cf_A947_727186C40A98";"09072026-00:43:48"
"1110";"is van";"is van";"";"EAID_CFC59C3B_CE93_4428_B10D_BE49A6FCD782";"association-relationship";"association";"";"<font color=""#610e6a"">Aanduiding van de aard van het DOCUMENT.</font>";"";"";"10eaa33f-03bf-42b4-9310-56add2cb5a7b";"EAID_5641C50A_C0FA_4e71_B07B_26C7B1CE94ED";"";"EAID_77C7D6B6_44DE_44c0_A662_8E1A0A226EA8";"09072026-00:43:48"
"1111";"is van";"is van";"";"EAID_B632C4ED_D11A_49a2_9AE8_70F6799F2EB1";"association-relationship";"association";"";"<font color=""#610e6a"">Aanduiding van de aard van de STATUS.</font>";"";"";"138f7a81-f370-4e0c-9254-d6c7727a338c";"EAID_7C975D37_670B_405e_B825_924BCAFA74C7";"";"EAID_AA496B7B_913C_40fd_943E_52F1A6E89440";"09072026-00:43:48"
"1112";"is van";"is van";"";"EAID_213C1581_1B5D_467e_B825_25738FF800C9";"association-relationship";"association";"";"<font color=""#610e6a"">Aanduiding van de aard van de ZAAK.</font>";"";"";"7d5124d4-f23d-432d-ad5a-dc7c1b0fac44";"EAID_649EFD86_ED52_4293_8577_DBE5445845BF";"";"EAID_7210A379_17EE_4143_A106_ECD9414B2A0D";"09072026-00:43:48"
"1113";"is van soort";"is van soort";"";"EAID_C4C65D59_136E_4a4c_8E5B_96A6396D3CE6";"association-relationship";"association";"";"";"";"";"7f936c4f-360e-47a3-a558-1682d8cfbf1a";"EAID_2C230EE7_036D_48be_B82A_FF45598170F7";"";"EAID_67CF25EB_EBB0_4185_8171_1F9DD3B5D212";"09072026-00:43:48"
"1114";"is van soort";"is van soort";"";"EAID_0D2A4E08_7DF5_4545_A877_D564CB67BE55";"association-relationship";"association";"";"";"";"";"id-f4fd02f2-9ffa-4a35-ba32-b4cde4002e7a";"EAID_F4FD02F2_9FFA_4a35_BA32_B4CDE4002E7A";"id-3372192d-4773-46b2-bda5-c98b220f8954";"EAID_3372192D_4773_46b2_BDA5_C98B220F8954";"09072026-00:43:48"
"1115";"is van soort";"is van soort";"";"EAID_FDDAA5BD_12FD_4301_8601_F758417272CC";"association-relationship";"association";"";"";"";"";"924f174b-0a98-4957-b087-781f548d18bc";"EAID_1B8CF61F_3039_4fc5_A57D_B758170FCA0E";"";"EAID_4F518962_5EA3_4f56_8379_3A835FFE84CA";"09072026-00:43:48"
"1116";"is van soort";"is van soort";"";"EAID_9EB392F7_17AF_488e_9A25_F6F50C22C142";"association-relationship";"association";"";"";"";"";"47f7a086-43f4-4112-8a82-13d15ab3d12c";"EAID_77A962E5_889A_4af6_ADFD_37C3EE8C48F0";"";"EAID_03BB6341_7C3E_4a4b_9207_6A2EB9D116FE";"09072026-00:43:48"
"1117";"is van soort";"is van soort";"";"EAID_F3D8FF7E_2CB8_46e1_9A48_452F97414C61";"association-relationship";"association";"";"";"";"";"e348516f-ca14-4d0e-8071-b5c318f9201b";"EAID_28C572B5_C147_4b99_B920_00062C843FDE";"";"EAID_79A14AF2_F1F9_43a3_914B_FD04CB609F44";"09072026-00:43:48"
"1118";"is van soort";"is van soort";"";"EAID_3F138B95_B799_496c_8B92_7BAD804EBAAC";"association-relationship";"association";"";"";"";"";"a9cb919f-a224-4ab5-9825-40d54104f90d";"EAID_A3DAD553_0E55_4256_824B_CDB5E12CB545";"";"EAID_D2F0A41E_E49A_4d27_B0A2_DEF81C612A5B";"09072026-00:43:48"
"1119";"is vastgelegd in";"is vastgelegd in";"e90890ce-400a-4a6d-a00f-7ae0ec3f39ec";"EAID_343A1C67_34DE_442e_B097_C38C395339B1";"association-relationship";"association";"";"";"";"";"833312cc-f7d8-4b4c-9e79-b21c8e7597cb";"EAID_3F83DAA3_C37F_42b2_8D35_D75B840172F8";"10eaa33f-03bf-42b4-9310-56add2cb5a7b";"EAID_5641C50A_C0FA_4e71_B07B_26C7B1CE94ED";"09072026-00:43:48"
"1120";"is vastgelegd in";"is vastgelegd in";"44ab10d1-64dc-48d0-b056-d967e185f13c";"EAID_1832A896_B756_4337_9A4B_3A2C5C3E2624";"association-relationship";"association";"";"";"";"";"10d36920-683f-4cb4-84bf-b00ac045674f";"EAID_AFB100D2_8C68_4488_8949_13E945D15920";"10eaa33f-03bf-42b4-9310-56add2cb5a7b";"EAID_5641C50A_C0FA_4e71_B07B_26C7B1CE94ED";"09072026-00:43:48"
"1121";"is verantwoordelijk voor";"is verantwoordelijk voor";"5d824bfa-3bba-4fc2-98a8-cfd8267b3a08";"EAID_F5450BE9_CD9C_4fc5_A2E6_A569D5CE87AE";"association-relationship";"association";"<font color=""#610e6a"">De ORGANISATORISCHE EENHEID waarvoor de MEDEWERKER uit hoofde van zijn of haar functie zorgt (of zorgde) dat deze goed functioneert en daar rekenschap van geeft.</font>";"<font color=""#610e6a"">De ORGANISATORISCHE EENHEID waarvoor de MEDEWERKER uit hoofde van zijn of haar functie zorgt (of zorgde) dat deze goed functioneert en daar rekenschap van geeft.</font>";"";"";"6cc6afe6-e4c6-4e2b-a359-f278b23700db";"EAID_16EB3936_03CB_4854_9CD8_9F0911EEA51B";"02f66265-00ae-418d-8d0e-dcbaf36652bb";"EAID_936A4E8B_3E5A_44b6_8A5D_EFB39F83FB6D";"09072026-00:43:48"
"1122";"is verantwoordelijke voor";"is verantwoordelijke voor";"";"EAID_DE49408A_E6E8_44c9_B127_6365ABD57598";"association-relationship";"association";"";"<font color=""#610e6a"">De MEDEWERKER die verantwoordelijk is voor ZAAKen van het ZAAKTYPE.</font>";"";"";"6cc6afe6-e4c6-4e2b-a359-f278b23700db";"EAID_16EB3936_03CB_4854_9CD8_9F0911EEA51B";"";"EAID_7210A379_17EE_4143_A106_ECD9414B2A0D";"09072026-00:43:48"
"1123";"is verantwoordelijke voor";"is verantwoordelijke voor";"";"EAID_B26014D0_A1AF_4738_9D86_FF18128429F5";"association-relationship";"association";"";"<font color=""#610e6a"">De ORGANISATORISCHE EENHEID die verantwoordelijk is voor ZAAKen van het ZAAKTYPE.</font>";"";"";"02f66265-00ae-418d-8d0e-dcbaf36652bb";"EAID_936A4E8B_3E5A_44b6_8A5D_EFB39F83FB6D";"";"EAID_7210A379_17EE_4143_A106_ECD9414B2A0D";"09072026-00:43:48"
"1124";"is verbonden met";"is verbonden met";"441b177e-e996-4218-ae9f-fdad75c2b589";"EAID_552A06F1_91B6_4510_96FC_82C5E0C72951";"association-relationship";"association";"";"";"";"";"8deec5da-a06a-4159-9b20-e9f9ff24674e";"EAID_8BE600D0_EBF4_475b_8801_F387A5D39009";"f1220c91-e576-4a25-9cdb-0a2b991ae362";"EAID_79284529_B817_4e3f_BE51_AEAFC60BDE44";"09072026-00:43:48"
"1125";"is verstrekt aan";"is verstrekt aan";"5ebe759a-6acb-4830-8029-ac31bfdc43bc";"EAID_423300D3_B0CE_4c89_BA5F_84D7317DE876";"association-relationship";"association";"";"";"";"";"e1371e07-969e-4a34-be81-0a23ffd541dd";"EAID_AF9534B0_7CBD_4061_9276_A7B6698B383A";"bd460a48-7720-465d-b12b-c15097ec620c";"EAID_CA9BC1BB_D572_4e47_BECF_17CFD379BD6A";"09072026-00:43:48"
"1126";"is voor";"is voor";"";"EAID_E9CC210C_B151_47b6_A5BA_AC4E849EB25E";"association-relationship";"association";"";"";"";"";"";"EAID_F73F6BFE_9CFE_4497_80E3_CADAA344CF69";"c481e8b8-f7d7-4979-b767-ebf2a9b04712";"EAID_71D7E96D_641A_4b6a_A325_DED07C3B5836";"09072026-00:43:48"
"1127";"is voor";"is voor";"";"EAID_A4DEBE31_2675_4c3c_8F18_30059602F874";"association-relationship";"association";"";"De aan het WOZ-OBJECT gerelateerde WOZ-WAARDEn";"";"";"";"EAID_7C387F42_EC1A_4a78_B09B_533AAB03C0C2";"3f1aeea3-a5a8-4df6-af1e-51d5ef4ad32f";"EAID_CB7BA76D_0793_4d5a_9596_533C5BC56BBF";"09072026-00:43:48"
"1128";"is voorziening";"is voorziening";"33d65922-fb9e-40e3-ae60-6b492f8029ee";"EAID_21C88910_836E_4469_B652_8359A6183C8C";"association-relationship";"association";"";"";"";"";"38610e76-2c3e-429a-b30b-1fd21f05c8fc";"EAID_975C3DA3_930A_49d8_B54F_2A560DC2AD5A";"8ffe8caf-2af7-47e5-acc5-c4e6fd5f38b1";"EAID_EAAF2F59_6BC0_4243_B126_A8E604B32C5E";"09072026-00:43:48"
"1129";"kan hebben";"kan hebben";"";"EAID_82A2F2B0_64BD_4220_B796_089DE67469F4";"association-relationship";"association";"";"";"";"";"id-839017b2-0f95-42d0-ab2b-e873636340da";"EAID_839017B2_0F95_42d0_AB2B_E873636340DA";"";"EAID_0E3205DA_BC88_425b_AF68_882BFB316812";"09072026-00:43:48"
"1130";"kan hebben";"kan hebben";"";"EAID_EB0C81E9_A810_4d08_BC07_5C91295EE507";"association-relationship";"association";"";"";"";"";"id-839017b2-0f95-42d0-ab2b-e873636340da";"EAID_839017B2_0F95_42d0_AB2B_E873636340DA";"";"EAID_5FC12BE5_75F0_4dd9_8DA7_993C03F3700A";"09072026-00:43:48"
"1131";"kan leiden tot";"kan leiden tot";"192e96be-8f85-4ad7-b4e9-c2604dd347d7";"EAID_34EC7FEA_4CA2_4ef7_8B64_2CA8A801BE8B";"association-relationship";"association";"";"";"";"";"a9cb919f-a224-4ab5-9825-40d54104f90d";"EAID_A3DAD553_0E55_4256_824B_CDB5E12CB545";"f14fa1cf-f2c7-4bd6-862d-28ff1616a882";"EAID_8E6BAEF8_1878_400f_9244_23575BD41EAB";"09072026-00:43:48"
"1132";"kan leiden tot";"kan leiden tot";"534c1256-6f64-412d-9fde-5ca8d9d95ca9";"EAID_18115A7E_6613_4d50_B334_53B8AD8659F2";"specialization-relationship";"generalization";"";"";"";"";"0080f5e8-d0d2-4a34-816d-24c8ec6b185a";"EAID_88AF7A2E_C508_464a_AD22_DD9B156D570D";"7d5124d4-f23d-432d-ad5a-dc7c1b0fac44";"EAID_649EFD86_ED52_4293_8577_DBE5445845BF";"09072026-00:43:48"
"1133";"kan leiden tot";"kan leiden tot";"1c461660-a8c0-49bd-b07a-087f0a71ec18";"EAID_87F9EA19_0A1D_4c3f_ADCA_C8F48F216312";"association-relationship";"association";"";"";"";"";"f14fa1cf-f2c7-4bd6-862d-28ff1616a882";"EAID_8E6BAEF8_1878_400f_9244_23575BD41EAB";"7d5124d4-f23d-432d-ad5a-dc7c1b0fac44";"EAID_649EFD86_ED52_4293_8577_DBE5445845BF";"09072026-00:43:48"
"1134";"kan vastgelegd zijn als";"kan vastgelegd zijn als";"1ad4c187-4450-4758-82df-d178cb42c920";"EAID_12F1389D_562F_4850_BA96_74239D26E835";"association-relationship";"association";"<font color=""#610e6a"">Aanduiding van het (de) DOCUMENT(en) waarin het BESLUIT beschreven is.</font>";"<font color=""#610e6a"">Aanduiding van het (de) DOCUMENT(en) waarin het BESLUIT beschreven is.</font>";"";"";"10d36920-683f-4cb4-84bf-b00ac045674f";"EAID_AFB100D2_8C68_4488_8949_13E945D15920";"10eaa33f-03bf-42b4-9310-56add2cb5a7b";"EAID_5641C50A_C0FA_4e71_B07B_26C7B1CE94ED";"09072026-00:43:48"
"1135";"kandidaat";"kandidaat";"2f2e3252-46f6-4ff7-b7ac-b85b4fa292ec";"EAID_BED7E9A7_0ECA_4b8b_8EF8_117D8668B970";"association-relationship";"association";"";"";"";"";"565033f9-9a69-4d65-ad37-f1d17ea3e937";"EAID_1D4DA0E6_DA20_4ff7_A415_B937712C6F6D";"ddefe4a6-d89c-432d-b27a-b96cb575b16a";"EAID_131BDD67_2A31_43c5_9125_F12DE2D98D2D";"09072026-00:43:48"
"1136";"kent";"kent";"dc3662c0-6c08-4228-97ae-fa7a35a10185";"EAID_FA07FA3D_3EC3_450e_8FE0_766875D7CC5F";"association-relationship";"association";"";"";"";"";"f2c26bb2-4c76-4b03-8ceb-6397b5a12ae8";"EAID_32DFC5DD_79D9_45d5_8F9D_7D5125961817";"153ea543-3a96-4878-b661-f7c3d0f07d20";"EAID_F47ACE79_C476_479f_A3A3_729E65AF3D32";"09072026-00:43:48"
"1137";"kent";"kent";"fca6bdb8-7279-4aec-a639-210d247b3b0a";"EAID_B89D9C03_1963_4320_9F82_3ED1E30C2895";"association-relationship";"association";"";"";"";"";"7d5124d4-f23d-432d-ad5a-dc7c1b0fac44";"EAID_649EFD86_ED52_4293_8577_DBE5445845BF";"10eaa33f-03bf-42b4-9310-56add2cb5a7b";"EAID_5641C50A_C0FA_4e71_B07B_26C7B1CE94ED";"09072026-00:43:48"
"1138";"komt overeen";"komt overeen";"";"EAID_02F4A71A_66B6_4463_B50A_FB9BFCB7CEE5";"association-relationship";"association";"";"";"";"";"";"EAID_5835F691_4452_44de_A1E9_07088AC16D69";"55246c30-a3e2-400f-89c4-c5b01f7f7da8";"EAID_38649FF6_88C6_437d_AF8E_A9023D55E16C";"09072026-00:43:48"
"1139";"komt overeen";"komt overeen";"";"EAID_DC0AD24C_F485_4623_A82F_D7E8045A0CA2";"association-relationship";"association";"";"";"";"";"";"EAID_5835F691_4452_44de_A1E9_07088AC16D69";"8772e7a6-24c8-454f-ab54-7d12c1849e97";"EAID_67CC2144_6B88_433c_853D_07379C66D6CF";"09072026-00:43:48"
"1140";"komt voor op";"komt voor op";"";"EAID_C80A3916_7A36_4443_B0C8_A936E6C9DAED";"association-relationship";"association";"";"";"";"";"8cec89b8-6174-42ac-937f-9500bfb8901b";"EAID_FC488929_8721_402f_A073_1DFDB76A816E";"";"EAID_764CE125_55C1_480d_90BA_745484CF3FC0";"09072026-00:43:48"
"1141";"komt voort uit";"komt voort uit";"02f61f8f-0b0f-4b73-a524-2ab1db86f712";"EAID_DFD415FA_8E2B_40c0_ACC5_9FAE27393B25";"association-relationship";"association";"";"";"";"";"078d57f3-e8a0-485e-a175-c1b3de49eee0";"EAID_653EEEA7_ED82_427d_BD72_86C847793AD6";"d10d2101-2e16-4f56-bcce-43783fd256be";"EAID_4957AC99_3F36_4959_A210_9EC6759B87F8";"09072026-00:43:48"
"1142";"komt voort uit";"komt voort uit";"8faef50a-6358-4c53-9992-5f493f42dc54";"EAID_24376BB8_FAE1_4a4b_AED2_61E7F212C79A";"association-relationship";"association";"";"";"";"";"b2498fa2-f9ff-48dd-946d-8b8ed395da81";"EAID_10C06EB3_F94A_4005_9C66_0DAE61B96192";"6f20ada6-28e9-4358-9b66-1575021ee431";"EAID_DDFF98D8_99FF_47b5_82D1_7FF2376750D6";"09072026-00:43:48"
"1143";"leidt tot";"leidt tot";"";"EAID_1778947E_A0EE_C776_2C1C_281C33036576";"aggregation-relationship";"aggregation";"";"";"";"";"";"EAID_208D605F_BDE5_700A_13F6_281C3303691F";"";"EAID_0CA08ED2_6990_8292_BBC7_281C33037374";"09072026-00:43:48"
"1144";"leidt tot";"leidt tot";"";"EAID_1C5A9AA9_EAEC_E309_1CBD_281C3303397F";"aggregation-relationship";"aggregation";"";"";"";"";"";"EAID_0CA08ED2_6990_8292_BBC7_281C33037374";"";"EAID_16ABCFF8_4817_6A73_59BA_281C3303F8D2";"09072026-00:43:48"
"1145";"leidt tot";"leidt tot";"";"EAID_82cb1000_a7d4_42b4_92a5_4b61d1936a60";"aggregation-relationship";"aggregation";"";"";"";"";"";"EAID_101157F7_7852_102E_7547_2698B55B6FF8";"";"EAID_14116EEA_C461_0DB2_97AB_263C0A4777FC";"09072026-00:43:48"
"1146";"leidt tot";"leidt tot";"";"EAID_1488955D_7866_448b_A697_E1CB459071A4";"association-relationship";"association";"";"";"";"";"";"EAID_764CE125_55C1_480d_90BA_745484CF3FC0";"ab96da46-ed16-412b-8022-4233ce20e311";"EAID_CB0A6B53_D263_459e_8C28_AD97E5552FFF";"09072026-00:43:48"
"1147";"leidt tot";"leidt tot";"937276cf-fa97-4457-983d-0b74c16b37ee";"EAID_E6BACB34_2453_4892_847D_04A542D878FF";"association-relationship";"association";"";"";"";"";"4abf6a6b-2045-4961-b70f-c6f664e9261c";"EAID_9F935C8B_5B7C_4ce4_9360_04A91F4F70CC";"ab96da46-ed16-412b-8022-4233ce20e311";"EAID_CB0A6B53_D263_459e_8C28_AD97E5552FFF";"09072026-00:43:48"
"1148";"leidt tot";"leidt tot";"";"EAID_6CFEC8E4_A77E_44d6_8AB7_8D425CB81C98";"association-relationship";"association";"";"";"";"";"";"EAID_65E960EA_CC92_4af1_AF2B_B4625FA6AEA0";"ab96da46-ed16-412b-8022-4233ce20e311";"EAID_CB0A6B53_D263_459e_8C28_AD97E5552FFF";"09072026-00:43:48"
"1149";"leidt tot";"leidt tot";"471fc4ce-a9e2-4fee-92d7-05d3e9f0e84d";"EAID_4D75AD5B_9FC4_4e2d_9C3B_A3ED4EDFB067";"association-relationship";"association";"";"";"";"";"13ede1f8-bf63-4da6-abbd-cdc18b7ec39a";"EAID_66E2B5BA_44A0_4fde_AE33_E211EE4832C2";"1855a91d-d82d-4544-a51b-7110776a9de1";"EAID_B65280CD_3429_4966_AD2D_CB3EE76EE2E8";"09072026-00:43:48"
"1150";"leidt tot";"leidt tot";"a38555ec-4b90-4a67-84c4-c97a851aaff6";"EAID_EE14C3D4_EB6B_475f_9445_08C464180657";"association-relationship";"association";"";"";"";"";"e643dc04-a205-421d-ab23-c6da046b1642";"EAID_9F392B0B_1654_4b4e_9261_F0A90DA1F7BD";"c481e8b8-f7d7-4979-b767-ebf2a9b04712";"EAID_71D7E96D_641A_4b6a_A325_DED07C3B5836";"09072026-00:43:48"
"1151";"leidt tot";"leidt tot";"6b6cffc7-fd31-4dac-b248-c760ad8d8d13";"EAID_2E1D8835_BE1E_475b_8F1C_5815DB6EDFA8";"association-relationship";"association";"";"";"";"";"6f0e6db2-3ca2-48db-a370-9aacdfcd4c29";"EAID_B18119D9_5BF8_498f_B9D3_ECCE7A770012";"7d5124d4-f23d-432d-ad5a-dc7c1b0fac44";"EAID_649EFD86_ED52_4293_8577_DBE5445845BF";"09072026-00:43:48"
"1152";"leidt tot";"leidt tot";"4fde8de5-1ced-453b-af16-cd9d7c5054f4";"EAID_C2B5F5BE_EBBD_4eb1_B0B3_689D079662BE";"association-relationship";"association";"";"";"";"";"441803f5-7428-4554-bcb1-7fdf750e7afd";"EAID_A31C3B5D_EAC5_482d_8816_8B858EC4BE01";"e1be07bf-e9fb-488e-9b03-785b44167e43";"EAID_A110896B_0CAD_46cf_9226_840DEE3328F0";"09072026-00:43:48"
"1153";"leidt_tot";"leidt_tot";"1c453f21-741c-41e9-a1b2-548d39326b6a";"EAID_810BB1B8_B632_4c4c_86B2_51E6D96C0719";"association-relationship";"association";"";"";"";"";"3545eb93-e19a-4b1f-b3f2-03b79b30b200";"EAID_BE7C28C6_0922_4c6a_A953_3D598D991AB5";"c481e8b8-f7d7-4979-b767-ebf2a9b04712";"EAID_71D7E96D_641A_4b6a_A325_DED07C3B5836";"09072026-00:43:48"
"1154";"leverancier";"leverancier";"d2807ad4-d168-4323-8133-3b116c52470c";"EAID_FA794E49_670B_4071_9AB0_16EE0E2BB363";"association-relationship";"association";"";"";"";"";"ae658af8-46be-4d41-ba95-c5e24cec7598";"EAID_9E0936E5_6B50_4205_BA5D_FEB80486D6F1";"59bf814b-1020-4906-978b-ca22af2eecc0";"EAID_6C283ABA_C1A3_465b_B267_39E75D06E41F";"09072026-00:43:48"
"1155";"leverancier";"leverancier";"ac5d3c87-a86f-4f20-b47b-f2e58dfa9925";"EAID_D68DAC72_0E04_4516_86B4_F3287714B891";"association-relationship";"association";"";"";"";"";"021bf2ce-98b1-4ca5-8785-4cc902b98f10";"EAID_FF566C6B_077B_4914_8AF7_40EB1EDD388A";"113af80a-7e3e-41f6-8f79-8d0d48c4c257";"EAID_EA7FE08E_34F7_45d2_BE2E_E4E3B8333BF3";"09072026-00:43:48"
"1156";"leverancier";"leverancier";"";"EAID_7A1CE4C1_6A3D_4ddd_88EA_F9FE9398E13F";"association-relationship";"association";"";"";"";"";"e643dc04-a205-421d-ab23-c6da046b1642";"EAID_9F392B0B_1654_4b4e_9261_F0A90DA1F7BD";"";"EAID_51A266C7_3BDA_457c_9A32_CD1B166CA5BF";"09072026-00:43:48"
"1157";"leverde prestatie";"leverde prestatie";"";"EAID_8C14443A_7D04_4c37_B966_C3B55F35C468";"association-relationship";"association";"";"";"";"";"";"EAID_51A266C7_3BDA_457c_9A32_CD1B166CA5BF";"cc667191-bb35-45a0-a231-504b663b70f1";"EAID_F0CE97B6_3004_4424_A0AA_5034BC0144D1";"09072026-00:43:48"
"1158";"levert";"levert";"cb42549e-f813-4b37-a289-ee5bc5e66c50";"EAID_42164840_C756_492e_A778_D778B6B90C19";"association-relationship";"association";"";"";"";"";"c8645fb0-cd62-4940-9e68-306579d7dfd0";"EAID_144D1047_35BB_4926_9472_895D89DC2E0C";"38d8e66f-29f5-4387-b12f-1291ee266080";"EAID_E846CC36_DF4A_4398_AE4C_122CAFEBAEAA";"09072026-00:43:48"
"1159";"levert voorziening";"levert voorziening";"";"EAID_65B6883C_78DF_48b7_BC4E_C6FDCC1B9E2A";"association-relationship";"association";"";"";"";"";"53cc8281-81c1-40c8-901d-2751e34ea367";"EAID_01ECE551_A7B0_4b99_B6E7_F654D6AC15D5";"";"EAID_51A266C7_3BDA_457c_9A32_CD1B166CA5BF";"09072026-00:43:48"
"1160";"ligt aan";"ligt aan";"59c31a85-128f-4b37-8467-b67c9775fc61";"EAID_0A2FDD46_9A5F_44dc_9399_32C1F10D382D";"association-relationship";"association";"De unieke aanduiding van de OPENBARE RUIMTE waarvan de aanduiding van het WOZ-object wordt afgeleid met behulp van de locatieomschrijving.";"De unieke aanduiding van de OPENBARE RUIMTE waarvan de aanduiding van het WOZ-object wordt afgeleid met behulp van de locatieomschrijving.";"<memo>";"";"3f1aeea3-a5a8-4df6-af1e-51d5ef4ad32f";"EAID_CB7BA76D_0793_4d5a_9596_533C5BC56BBF";"bb6b6dd2-7b6a-4146-afc0-c5647256ef11";"EAID_BFE30E32_8CB9_4272_A559_9FB3FD74DACC";"09072026-00:43:48"
"1161";"ligt aan";"ligt aan";"f1251a6f-301c-4fff-8d00-2be4c35fdb0d";"EAID_85187FF7_4357_4128_8E54_8EE077AD6C43";"association-relationship";"association";"De unieke aanduiding van een OPENBARE RUIMTE waaraan het object, waaraan de ADRESSEERBAAR OBJECT AANDUIDING is toegekend, is gelegen.";"De unieke aanduiding van een OPENBARE RUIMTE waaraan het object, waaraan de ADRESSEERBAAR OBJECT AANDUIDING is toegekend, is gelegen.";"<memo>";"";"403c547f-8d7e-4235-99d9-d155063c6085";"EAID_31A87864_6CE0_4e93_A493_ECD0FBDD4461";"bb6b6dd2-7b6a-4146-afc0-c5647256ef11";"EAID_FB13857C_C695_4b53_8060_BACFA0E16950";"09072026-00:43:48"
"1162";"ligt in";"ligt in";"";"EAID_41C3ACE4_1E32_460f_9514_1111FDA0591F";"association-relationship";"association";"";"";"";"";"1dc502a7-f60b-4950-92b1-9a7f8cdc471f";"EAID_9507EE24_6397_4a9c_B478_8C2899EC0BFB";"55246c30-a3e2-400f-89c4-c5b01f7f7da8";"EAID_38649FF6_88C6_437d_AF8E_A9023D55E16C";"09072026-00:43:48"
"1163";"ligt in";"ligt in";"45103237-f73a-432d-b3b7-09e34313fad2";"EAID_8E0F4A33_65E9_4970_80DF_67A24D781DAE";"association-relationship";"association";"";"";"";"";"1dc502a7-f60b-4950-92b1-9a7f8cdc471f";"EAID_9507EE24_6397_4a9c_B478_8C2899EC0BFB";"8772e7a6-24c8-454f-ab54-7d12c1849e97";"EAID_67CC2144_6B88_433c_853D_07379C66D6CF";"09072026-00:43:48"
"1164";"ligt in";"ligt in";"";"EAID_81BDFD99_069C_4922_BE85_483C4B9F23FA";"association-relationship";"association";"";"";"";"";"f152bdf8-bd60-4c88-b739-e3091afdbf7a";"EAID_32A22BC6_89EC_44af_8D7D_79B12311AE2D";"";"EAID_5835F691_4452_44de_A1E9_07088AC16D69";"09072026-00:43:48"
"1165";"ligt in";"ligt in";"20037e63-09d2-47bc-928c-546b7b928dcd";"EAID_2D684491_7079_4805_AC0F_906DCD61D5E8";"association-relationship";"association";"De wijk waarin de buurt is gelegen.";"De wijk waarin de buurt is gelegen.";"<memo>";"";"55246c30-a3e2-400f-89c4-c5b01f7f7da8";"EAID_38649FF6_88C6_437d_AF8E_A9023D55E16C";"938a3b10-79fd-4571-aaed-cb7069369465";"EAID_120EA50B_B9A2_4869_A3BE_46931F631D33";"09072026-00:43:48"
"1166";"ligt in";"ligt in";"";"EAID_B29149D6_F8A3_4e94_8A7E_4A63AE9530B4";"association-relationship";"association";"";"";"";"";"d2f8867b-fce6-4932-8b1a-ec8b9392f0d5";"EAID_BFE30E32_8CB9_4272_A559_9FB3FD74DACC";"8772e7a6-24c8-454f-ab54-7d12c1849e97";"EAID_67CC2144_6B88_433c_853D_07379C66D6CF";"09072026-00:43:48"
"1167";"ligt in";"ligt in";"";"EAID_CC829D43_4015_4659_A5E0_EE20F563EE88";"association-relationship";"association";"";"";"";"";"fd33a9fa-9c73-43a1-8e22-8cff15dc84d9";"EAID_2F759BC4_7E3C_4ce9_94FF_33A4106A6E5A";"bedf86fb-8710-49fc-addb-e48a11b551ed";"EAID_24BDA4BA_CFCC_4e3f_8305_671F4ED7C502";"09072026-00:43:48"
"1168";"ligt in";"ligt in";"b7cb97ea-7328-4830-88fb-e038439544b9";"EAID_08EA443E_3F28_4a10_B0DB_D9BBB6B1B38C";"association-relationship";"association";"De unieke aanduiding van de WOONPLAATS waarbinnen het object, waaraan de ADRESSEERBAAR OBJECT AANDUIDING is toegekend, is gelegen.";"De unieke aanduiding van de WOONPLAATS waarbinnen het object, waaraan de ADRESSEERBAAR OBJECT AANDUIDING is toegekend, is gelegen.";"<memo>";"";"403c547f-8d7e-4235-99d9-d155063c6085";"EAID_31A87864_6CE0_4e93_A493_ECD0FBDD4461";"c063970e-27f6-45a2-88e8-0105dbbce716";"EAID_039AFF88_F5F7_4c1a_B7E4_1BDFC495F67A";"09072026-00:43:48"
"1169";"ligt in";"ligt in";"";"EAID_836B94B7_21EE_41de_8B9D_6A7D1B943044";"association-relationship";"association";"";"";"";"";"403c547f-8d7e-4235-99d9-d155063c6085";"EAID_31A87864_6CE0_4e93_A493_ECD0FBDD4461";"";"EAID_5835F691_4452_44de_A1E9_07088AC16D69";"09072026-00:43:48"
"1170";"ligt in";"ligt in";"191a7e66-3954-4f61-bd58-7a78066a075f";"EAID_FE5BF648_C231_4744_ADA9_63521891E583";"association-relationship";"association";"De BUURT waarin een BENOEMD OBJECT is gelegen.";"De BUURT waarin een BENOEMD OBJECT is gelegen.";"<memo>";"";"403c547f-8d7e-4235-99d9-d155063c6085";"EAID_31A87864_6CE0_4e93_A493_ECD0FBDD4461";"8772e7a6-24c8-454f-ab54-7d12c1849e97";"EAID_67CC2144_6B88_433c_853D_07379C66D6CF";"09072026-00:43:48"
"1171";"ligt in";"ligt in";"46a99c09-f596-4d6b-a69c-7a8c56419691";"EAID_382B5B2D_C729_4156_B828_8DF93BB553AE";"association-relationship";"association";"De wijk waarin de buurt is gelegen.";"De wijk waarin de buurt is gelegen.";"<memo>";"";"8772e7a6-24c8-454f-ab54-7d12c1849e97";"EAID_67CC2144_6B88_433c_853D_07379C66D6CF";"fd33a9fa-9c73-43a1-8e22-8cff15dc84d9";"EAID_2F759BC4_7E3C_4ce9_94FF_33A4106A6E5A";"09072026-00:43:48"
"1172";"ligt in";"ligt in";"4e6c53ae-9899-4dda-bfd4-bc87fcb57799";"EAID_A6CB5E7A_4B48_4eeb_8462_F517C276BA67";"association-relationship";"association";"De GEMEENTE waarin de WOONPLAATS is gelegen.";"De GEMEENTE waarin de WOONPLAATS is gelegen.";"<memo>";"";"c063970e-27f6-45a2-88e8-0105dbbce716";"EAID_039AFF88_F5F7_4c1a_B7E4_1BDFC495F67A";"9f1ea854-eb45-47a0-98f4-4043b4a69be0";"EAID_B0D9792B_46E7_4b88_B267_C72691616733";"09072026-00:43:48"
"1173";"ligt in";"ligt in";"4fd14514-5c0d-4a89-86ac-562133492dfd";"EAID_D617F437_70A0_4c93_B04F_628EE7EDDB2D";"association-relationship";"association";"De gemeente waarin de wijk is gelegen.";"De gemeente waarin de wijk is gelegen.";"<memo>";"";"fd33a9fa-9c73-43a1-8e22-8cff15dc84d9";"EAID_2F759BC4_7E3C_4ce9_94FF_33A4106A6E5A";"9f1ea854-eb45-47a0-98f4-4043b4a69be0";"EAID_B0D9792B_46E7_4b88_B267_C72691616733";"09072026-00:43:48"
"1174";"ligt in";"ligt in";"bd0e4cd8-5461-4e85-9cbb-f41a13334de2";"EAID_A74A6822_8290_4666_B395_5571E73EF773";"association-relationship";"association";"Unieke aanduiding van de woonplaats waarbinnen een OPENBARE RUIMTE is gelegen.";"Unieke aanduiding van de woonplaats waarbinnen een OPENBARE RUIMTE is gelegen.";"<memo>";"";"bb6b6dd2-7b6a-4146-afc0-c5647256ef11";"EAID_FB13857C_C695_4b53_8060_BACFA0E16950";"c063970e-27f6-45a2-88e8-0105dbbce716";"EAID_039AFF88_F5F7_4c1a_B7E4_1BDFC495F67A";"09072026-00:43:48"
"1175";"ligt op";"ligt op";"";"EAID_C32A50B9_89E5_48b5_93DD_DD21E01E2E4C";"association-relationship";"association";"";"";"";"";"ca9df4ee-92e1-4c24-ace3-467d146a320e";"EAID_FE1A2EF2_44FA_46fa_A583_7BAB858E17FD";"";"EAID_CFA3D54E_C8E0_4559_9475_29D31AF2DECD";"09072026-00:43:48"
"1176";"ligt op";"ligt op";"";"EAID_E803AA60_7038_4d6e_B5BA_2741116E7008";"association-relationship";"association";"";"";"";"";"0f53081c-01f9-4c0a-b049-77d310a0ea33";"EAID_D1889096_CC76_48a8_A9DF_8151FFF1E0AC";"";"EAID_CFA3D54E_C8E0_4559_9475_29D31AF2DECD";"09072026-00:43:48"
"1177";"link naar";"link naar";"";"EAID_6CA6F084_4DE0_4c35_AC1E_1E2F6FC54177";"association-relationship";"association";"";"";"";"";"";"EAID_AB7CF266_388F_413a_92D0_B2FA67C75633";"5003634c-22b1-4f9a-bf73-8cdb4c42a8b4";"EAID_C0F1A08E_C6CD_4524_A2E0_0E5CA483DCFD";"09072026-00:43:48"
"1178";"link van";"link van";"";"EAID_24F1516A_B3A7_4fb0_8FBA_5258470B7301";"association-relationship";"association";"";"";"";"";"5003634c-22b1-4f9a-bf73-8cdb4c42a8b4";"EAID_C0F1A08E_C6CD_4524_A2E0_0E5CA483DCFD";"";"EAID_AB7CF266_388F_413a_92D0_B2FA67C75633";"09072026-00:43:48"
"1179";"locatie";"locatie";"4576bfea-bc77-4944-9b3b-e4431f709bbc";"EAID_EB9B83F5_23DD_4cc8_B65A_EED41272722B";"association-relationship";"association";"";"";"";"";"8fd2ff34-a208-4924-bec3-b5ee7e5e7a18";"EAID_631FEEF1_88D3_4d18_ADB2_BF999068493E";"bb257165-3229-4e5f-a24c-524966c748f5";"EAID_D8142B98_64CB_408e_9941_92423543F08A";"09072026-00:43:48"
"1180";"locatie";"locatie";"baf6ae17-fc07-4f08-bca0-423b62073085";"EAID_EA77B4A5_CA76_44c6_9EC8_F01ABEEF768B";"association-relationship";"association";"";"";"";"";"a9cb919f-a224-4ab5-9825-40d54104f90d";"EAID_A3DAD553_0E55_4256_824B_CDB5E12CB545";"bb257165-3229-4e5f-a24c-524966c748f5";"EAID_D8142B98_64CB_408e_9941_92423543F08A";"09072026-00:43:48"
"1181";"locatie";"locatie";"1a957821-6423-4a59-b93c-988475bf2c71";"EAID_F9228738_BF54_4296_BB71_7C509671C3D4";"association-relationship";"association";"";"";"";"";"e963434a-50be-4619-b041-58689adc00de";"EAID_BBCF9DBE_70AD_431c_B698_7F0D69D07050";"c9503a2a-eb9b-450f-954d-e374ac65198e";"EAID_98F3132E_F97A_4f49_B4F5_28618BB693F8";"09072026-00:43:48"
"1182";"maakt";"maakt";"6805b9ef-0803-48c9-a09e-a9fd02af0b07";"EAID_6517383A_6627_4b06_A95A_D0F49D18B238";"association-relationship";"association";"";"";"";"";"6f57464b-d011-4a75-afe8-a69b543c042b";"EAID_BBE1DC54_1482_4650_BB7F_930DDB823E09";"5b02590d-3c1e-416c-ad2b-9edbef005ba5";"EAID_1EBA6DEB_268D_4339_86C9_7C1BA218A7A0";"09072026-00:43:48"
"1183";"maakt deel uit van";"maakt deel uit van";"";"EAID_8C320C9C_D0D6_43d7_BC97_0197B4393ECC";"association-relationship";"association";"";"";"";"";"cd27cd50-1721-4870-a292-ea0f24d1ada4";"EAID_9F4E12E4_B228_4931_AC83_1B1F60958A89";"";"EAID_A0D437D2_BE13_45a2_8C8D_1AE953B9404C";"09072026-00:43:48"
"1184";"maakt deel uit van";"maakt deel uit van";"974bbfdb-1c9b-4aa9-add5-55e12b4cfc7f";"EAID_3644F34A_DFBA_455b_8EB9_E35A0FF1CD92";"association-relationship";"association";"De unieke aanduidingen van de PANDEN waarvan het VERBLIJFSOBJECT onderdeel uitmaakt.";"De unieke aanduidingen van de PANDEN waarvan het VERBLIJFSOBJECT onderdeel uitmaakt.";"<memo>";"";"67a1d348-4663-4a34-8b6a-06b3ea888a9d";"EAID_A33151CE_37B2_4026_B0AF_B541687B5B7C";"1affb298-091d-452a-83bd-29638650afb5";"EAID_26D1113F_F7B3_4bdd_9AAE_EA14CC9F3C3F";"09072026-00:43:48"
"1185";"maakt onderdeel uit van";"maakt onderdeel uit van";"d0f5fe59-9e1f-4fee-83ed-f8a2eb543edc";"EAID_24F2CEAD_9FEF_4696_83AD_B94EE8624FDF";"association-relationship";"association";"";"";"";"";"17a0d019-c25e-4bba-ae64-f381da597376";"EAID_276E1BF9_E902_4303_A9E7_048627E0DC84";"016ea33a-4ba2-45d7-ae45-616eeedcc567";"EAID_909A4134_4697_481e_9110_6386D0F6CAAD";"09072026-00:43:48"
"1186";"maakt onderdeel uit van";"maakt onderdeel uit van";"27cc8e08-460e-472c-a75b-e24ffa30f23a";"EAID_84E3BDE3_49ED_4f04_BD2D_F6030EE3EDC5";"association-relationship";"association";"";"";"";"";"2a859087-fe7f-412a-b057-bf1e3f249a4c";"EAID_DAF09055_A5A6_4ff4_A158_21B20567B296";"ffca91bc-ed2b-4885-9e04-7a459fd67cad";"EAID_F0467610_553B_47cd_A9F7_3B1D20CC425E";"09072026-00:43:48"
"1187";"maakt onderdeel uit van";"maakt onderdeel uit van";"";"EAID_989DE1A0_BB83_4b84_9101_66823D7E6945";"association-relationship";"association";"";"";"";"";"cd27cd50-1721-4870-a292-ea0f24d1ada4";"EAID_9F4E12E4_B228_4931_AC83_1B1F60958A89";"ffca91bc-ed2b-4885-9e04-7a459fd67cad";"EAID_F0467610_553B_47cd_A9F7_3B1D20CC425E";"09072026-00:43:48"
"1188";"maakt onderdeel van";"maakt onderdeel van";"4fbbccb1-2869-4fae-b1fd-d4fbcc18da28";"EAID_7183497F_E505_4dc0_A153_04A52CE79C5E";"association-relationship";"association";"";"";"";"";"5011fe69-8832-47f9-9ba5-c68d53a95ecd";"EAID_3DF01B79_6712_473e_9878_594CB5AE95A7";"ffca91bc-ed2b-4885-9e04-7a459fd67cad";"EAID_F0467610_553B_47cd_A9F7_3B1D20CC425E";"09072026-00:43:48"
"1189";"medewerker heeft dienstverband";"medewerker heeft dienstverband";"03d6f596-0237-468b-88de-f651d9736896";"EAID_8AB912F9_CF51_4288_85FB_DC19C1E92659";"association-relationship";"association";"";"";"";"";"8c200706-b80b-44f7-9928-bec39e0db21f";"EAID_BBBB63AC_B546_409b_B6D4_53DB561253B7";"a3e45dca-c075-4ba9-9df2-d286b47f73ab";"EAID_63FF86E2_1BB0_48f6_8D95_3D82E8D2FA06";"09072026-00:43:48"
"1190";"melder";"melder";"22a94f45-99a1-4241-843a-9b7db5baf28e";"EAID_05380CFB_6F3C_40c5_9160_8D12D5D9E210";"association-relationship";"association";"";"";"";"";"1a89112a-e13c-4c87-a862-e8ec66c01588";"EAID_C6094F79_D8EA_4763_90DF_4E30EFABA1FA";"6cc6afe6-e4c6-4e2b-a359-f278b23700db";"EAID_16EB3936_03CB_4854_9CD8_9F0911EEA51B";"09072026-00:43:48"
"1191";"melder";"melder";"c4be2f8d-c2e5-4c09-9bdc-78e8af8358ae";"EAID_7D663D6E_58EA_4f60_8A11_B5611B740A67";"association-relationship";"association";"";"";"";"";"1a89112a-e13c-4c87-a862-e8ec66c01588";"EAID_C6094F79_D8EA_4763_90DF_4E30EFABA1FA";"cd27cd50-1721-4870-a292-ea0f24d1ada4";"EAID_9F4E12E4_B228_4931_AC83_1B1F60958A89";"09072026-00:43:48"
"1192";"melder";"melder";"166bc98d-c784-450e-877b-bedb8bff4231";"EAID_D3F7C054_B676_41e3_B470_1FD8BFAFB232";"association-relationship";"association";"";"";"";"";"f14fa1cf-f2c7-4bd6-862d-28ff1616a882";"EAID_8E6BAEF8_1878_400f_9244_23575BD41EAB";"cad45b80-14d3-4a0c-a906-0c1614dc9570";"EAID_9DF5AC43_3673_4b9a_BB5E_6DCA7BE28835";"09072026-00:43:48"
"1193";"met";"met";"bb3c999d-f81f-4b64-8f29-b35a497ecd5a";"EAID_8E658E97_A6B3_4c06_9C40_20A059C06BBD";"association-relationship";"association";"";"";"";"";"8fd2ff34-a208-4924-bec3-b5ee7e5e7a18";"EAID_631FEEF1_88D3_4d18_ADB2_BF999068493E";"6cc6afe6-e4c6-4e2b-a359-f278b23700db";"EAID_16EB3936_03CB_4854_9CD8_9F0911EEA51B";"09072026-00:43:48"
"1194";"met";"met";"";"EAID_C836212C_BD57_42b6_B51D_E49EA2853F66";"association-relationship";"association";"";"";"";"";"";"EAID_3BF6985C_06AB_4cfc_9A0E_5CC37C224245";"cd27cd50-1721-4870-a292-ea0f24d1ada4";"EAID_9F4E12E4_B228_4931_AC83_1B1F60958A89";"09072026-00:43:48"
"1195";"mondt uit";"mondt uit";"68cdc95d-a731-4b4d-8004-bbf6e38a8d24";"EAID_3A80E369_1CB1_413e_B9E7_CC54A4EAAFE6";"association-relationship";"association";"";"";"";"";"4e5cd8a8-0110-4038-9b91-1f0562401398";"EAID_26C0D33A_B15A_4256_A5BF_5382A4E03539";"0cbc6488-2932-4634-b226-a741ba030a46";"EAID_F8BD6D83_D3F8_4dd3_B12E_22A991D1A0A2";"09072026-00:43:48"
"1196";"mondt uit";"mondt uit";"e9683428-726d-450e-b89a-43acaf704a13";"EAID_F4336DDB_05D3_439b_ACB5_62B9E010DA8A";"association-relationship";"association";"";"";"";"";"bc6f065d-05c9-454d-a18d-1c0c2a2dfe15";"EAID_44EC6082_2682_43c7_A52E_0AD05B06A046";"70e40543-6a99-433d-8a01-f4273e308410";"EAID_3FB9B466_D147_42d7_99D1_2D14A007D16C";"09072026-00:43:48"
"1197";"mondt uit";"mondt uit";"3d7604c4-d4b4-46ec-a3e4-98cc21b3b3bf";"EAID_AD975BE9_A0DA_49e6_A0C4_9569996A120F";"association-relationship";"association";"";"";"";"";"11a5fd2d-0237-4e70-b859-d1e26456553b";"EAID_BB135B0E_A2C2_4681_BD91_30863F8B3D70";"bc6f065d-05c9-454d-a18d-1c0c2a2dfe15";"EAID_44EC6082_2682_43c7_A52E_0AD05B06A046";"09072026-00:43:48"
"1198";"mondt uit";"mondt uit";"";"EAID_CE4355D8_EE82_4ce4_8B5B_7BD4769AA44E";"association-relationship";"association";"";"";"";"";"";"EAID_7694A657_22D8_4b00_AAE2_A78EF014B43A";"bc6f065d-05c9-454d-a18d-1c0c2a2dfe15";"EAID_44EC6082_2682_43c7_A52E_0AD05B06A046";"09072026-00:43:48"
"1199";"mondt uit";"mondt uit";"fc937909-60b9-495d-97df-905c3062d190";"EAID_27F22979_C7BD_47b1_B397_FB73EE85054D";"association-relationship";"association";"";"";"";"";"686c0af1-67b2-42a4-8690-060705617c13";"EAID_01D90490_C76A_444a_BFCE_355AFC5FB012";"70e40543-6a99-433d-8a01-f4273e308410";"EAID_3FB9B466_D147_42d7_99D1_2D14A007D16C";"09072026-00:43:48"
"1200";"mondt uit";"mondt uit";"";"EAID_B1AE1615_E4CD_4e14_B866_F6DD3F3837E8";"association-relationship";"association";"";"";"";"";"";"EAID_7694A657_22D8_4b00_AAE2_A78EF014B43A";"11a5fd2d-0237-4e70-b859-d1e26456553b";"EAID_BB135B0E_A2C2_4681_BD91_30863F8B3D70";"09072026-00:43:48"
"1201";"mondt uit in";"mondt uit in";"";"EAID_90C15984_859B_4665_A898_139D05C730D5";"association-relationship";"association";"";"";"";"";"";"EAID_B598FF22_CDD0_486f_B528_99421D0FA608";"686c0af1-67b2-42a4-8690-060705617c13";"EAID_01D90490_C76A_444a_BFCE_355AFC5FB012";"09072026-00:43:48"
"1202";"mondt uit in";"mondt uit in";"6fbfcdbc-67e9-41c3-9e39-010647ac56cc";"EAID_744D06AC_B194_446e_8B69_DE9DED40C71B";"association-relationship";"association";"";"";"";"";"8fd2ff34-a208-4924-bec3-b5ee7e5e7a18";"EAID_631FEEF1_88D3_4d18_ADB2_BF999068493E";"a9cb919f-a224-4ab5-9825-40d54104f90d";"EAID_A3DAD553_0E55_4256_824B_CDB5E12CB545";"09072026-00:43:48"
"1203";"mondt uit in";"mondt uit in";"85f0a234-96e8-48bb-8417-0809a7c7d186";"EAID_B6963309_6A66_4c0f_A90A_C36C517ED4AC";"association-relationship";"association";"";"";"";"";"32052c54-e099-47e7-8ded-599537226dfa";"EAID_EEB60E10_C244_4176_AB68_F0E30759269F";"a9cb919f-a224-4ab5-9825-40d54104f90d";"EAID_A3DAD553_0E55_4256_824B_CDB5E12CB545";"09072026-00:43:48"
"1204";"mondt uit in";"mondt uit in ";"aa7a038a-e58d-4ced-8aa2-aff70ef188be";"EAID_AD817D28_F4F3_47c6_AB94_EE00A505B132";"association-relationship";"association";"";"";"";"";"8d9233d7-dfb9-4b87-bab2-61631a632f95";"EAID_33E5EA10_F43A_4966_B9C1_875F0E2C1B52";"ede48ca8-4854-44b2-b549-0827bebf56ab";"EAID_A91E9C27_C4FA_4e1b_A4FF_8AE74ED9B7EB";"09072026-00:43:48"
"1205";"monument ambacht";"monument ambacht";"e0f90c75-0b61-49a9-9dba-a52749a1382e";"EAID_8E18F665_2A86_44fd_AD55_3E435A282BDF";"association-relationship";"association";"";"";"";"";"4ebf7f05-0ff1-4d2e-aa62-879be7565dd7";"EAID_32C02923_EE3A_4553_B94B_31E0C273A829";"bb9de7ad-7e7e-4b87-9968-046d9bedd6ef";"EAID_54944273_F312_44b2_A78D_43488F915429";"09072026-00:43:48"
"1206";"monument bouwactiviteit";"monument bouwactiviteit";"f24b1d87-3295-4cc5-bfd6-1a1ea0dac0c0";"EAID_55585CB9_E569_47ca_9EFE_B9D5CF46BCBD";"association-relationship";"association";"";"";"";"";"4ebf7f05-0ff1-4d2e-aa62-879be7565dd7";"EAID_32C02923_EE3A_4553_B94B_31E0C273A829";"2b2319c1-d5b9-43c6-87cb-43bb194c65c6";"EAID_4AD539EC_A308_43da_B025_17A1647303F3";"09072026-00:43:48"
"1207";"monument bouwstijl";"monument bouwstijl";"d2d29d92-77fb-49a7-ab49-12b6cd92e217";"EAID_144ADF26_C2E9_4080_8F4F_32F9B255E4AE";"association-relationship";"association";"";"";"";"";"4ebf7f05-0ff1-4d2e-aa62-879be7565dd7";"EAID_32C02923_EE3A_4553_B94B_31E0C273A829";"b46a0ac4-5d5a-430a-be26-9b40cc3bb7af";"EAID_8C0888C9_7B2E_4fcb_AEFF_E1733875CDCA";"09072026-00:43:48"
"1208";"monument bouwtype";"monument bouwtype";"";"EAID_D9634EAD_2869_40a1_B243_805897E4B1B3";"association-relationship";"association";"";"";"";"";"4ebf7f05-0ff1-4d2e-aa62-879be7565dd7";"EAID_32C02923_EE3A_4553_B94B_31E0C273A829";"";"EAID_5E9DAFBB_C9B5_4706_A43D_07AD4979DED4";"09072026-00:43:48"
"1209";"monument fotos";"monument fotos";"12b60afd-2e12-4c61-bd9d-1427d3355679";"EAID_1F08C810_A491_4e07_B859_C3D4EDEBA557";"association-relationship";"association";"";"";"";"";"4ebf7f05-0ff1-4d2e-aa62-879be7565dd7";"EAID_32C02923_EE3A_4553_B94B_31E0C273A829";"b285df90-a239-4757-b78e-a281744f89cb";"EAID_7FE4B466_B051_4068_9ED1_6E60C3B2DBAD";"09072026-00:43:48"
"1210";"monument functie";"monument functie";"";"EAID_FD27EB67_1CFA_4f40_AE79_329DE9DE6754";"association-relationship";"association";"";"";"";"";"4ebf7f05-0ff1-4d2e-aa62-879be7565dd7";"EAID_32C02923_EE3A_4553_B94B_31E0C273A829";"";"EAID_49993EF9_ED8B_49e0_B8F7_FC7C8C28669D";"09072026-00:43:48"
"1211";"naam1 (werkwoord)";"naam1 (werkwoord)";"";"EAID_3F495D53_B1CF_4dda_A6CA_903B2ECC735F";"association-relationship";"association";"";"";"";"";"";"EAID_AE553F3F_B8B6_4bd2_A6A1_8051145C823B";"";"EAID_0799B0D1_5067_43e2_8A6F_48FB972225E5";"09072026-00:43:48"
"1212";"naam2 (werkwoord)";"naam2 (werkwoord)";"";"EAID_18883E50_FEE4_4c26_A82E_28BB87F53C62";"association-relationship";"association";"";"";"";"";"";"EAID_DE4D6CAB_7798_46cd_AE1B_328684681323";"";"EAID_0799B0D1_5067_43e2_8A6F_48FB972225E5";"09072026-00:43:48"
"1213";"naam3";"naam3";"";"EAID_EB1ECE1C_9867_46d8_B423_50862C0A344A";"association-relationship";"association";"";"";"";"";"";"EAID_EF4E7B58_F178_4a4f_85C5_A5CD93747A36";"";"EAID_23D170D0_917E_4873_A622_43214405AB3D";"09072026-00:43:48"
"1214";"naam4";"naam4";"";"EAID_476E7F9D_D7F2_4279_B35B_981DCDA389E0";"association-relationship";"association";"";"";"";"";"";"EAID_EF4E7B58_F178_4a4f_85C5_A5CD93747A36";"";"EAID_97EE5348_F06A_44cb_A792_7371CF5D2E53";"09072026-00:43:48"
"1215";"naar";"naar";"97c79f0c-9950-46fe-87df-46737e2f994b";"EAID_DBB3CA78_D0F1_42b0_A19B_05524EF200C0";"association-relationship";"association";"";"";"";"";"a353735d-326c-48fd-9f74-0192ba6e414a";"EAID_D87012E0_D2EB_4333_AD6C_1E43E6857304";"8cec89b8-6174-42ac-937f-9500bfb8901b";"EAID_FC488929_8721_402f_A073_1DFDB76A816E";"09072026-00:43:48"
"1216";"naar";"naar";"31f646ac-e2b4-4ba1-982b-2323737a3485";"EAID_ADC7B92C_E9E6_4067_A289_7746AF3306C0";"association-relationship";"association";"";"";"";"";"ab96da46-ed16-412b-8022-4233ce20e311";"EAID_CB0A6B53_D263_459e_8C28_AD97E5552FFF";"126b246a-a292-49cb-a609-3ffa5898210e";"EAID_0EEAF579_3F47_4551_B9F9_7367280EB3EB";"09072026-00:43:48"
"1217";"naar aanleiding van";"naar aanleiding van";"";"EAID_6D6EF335_FEA2_4da1_BE3A_40BB6E1B104C";"association-relationship";"association";"";"";"";"";"";"EAID_B852AF03_A5E0_4148_AFC1_108509FF8BBD";"";"EAID_AEF1825F_C554_4490_975D_93AEA24991A9";"09072026-00:43:48"
"1218";"neemt deel";"neemt deel";"";"EAID_2839C308_1490_41f8_9996_CFAC2B7399A3";"association-relationship";"association";"";"";"";"";"3991c605-2abb-4185-b7ce-1adf5966e3c7";"EAID_598F7015_C6B5_4eed_80A6_139B62324678";"";"EAID_6AEA0314_895B_46be_B525_96F4657E7F0D";"09072026-00:43:48"
"1219";"neemt dienst af";"neemt dienst af";"";"EAID_FEB7633D_30CF_4343_B4B4_3AF3A1CA2956";"association-relationship";"association";"";"";"";"";"2a859087-fe7f-412a-b057-bf1e3f249a4c";"EAID_DAF09055_A5A6_4ff4_A158_21B20567B296";"";"EAID_022154F4_817D_0DFB_5FFC_281C33037384";"09072026-00:43:48"
"1220";"objectidentificatie";"objectidentificatie";"";"EAID_0571314D_3B21_4a0f_91AB_BA987C8740E6";"association-relationship";"association";"";"";"";"";"";"EAID_5DB3AE05_D225_403e_B376_F163CD463ECF";"";"EAID_86952BDA_ADF6_4ff0_B8C7_BA3AA889A40B";"09072026-00:43:48"
"1221";"objectidentificatie";"objectidentificatie";"";"EAID_1F9E8A7E_8156_4e0a_8DAB_3C10605BFB19";"association-relationship";"association";"";"";"";"";"";"EAID_5DB3AE05_D225_403e_B376_F163CD463ECF";"bcdc30f3-c919-4d3a-b768-b62da7bc755e";"EAID_11595AD8_CE67_40dd_BDA9_489DC7D244ED";"09072026-00:43:48"
"1222";"objectidentificatie";"objectidentificatie";"";"EAID_5B3FA5AC_04C1_48ed_8BAD_5C13734EDF0F";"association-relationship";"association";"";"";"";"";"";"EAID_5DB3AE05_D225_403e_B376_F163CD463ECF";"f152bdf8-bd60-4c88-b739-e3091afdbf7a";"EAID_32A22BC6_89EC_44af_8D7D_79B12311AE2D";"09072026-00:43:48"
"1223";"objectidentificatie";"objectidentificatie";"";"EAID_65C3179E_8A33_40ce_8D45_A54A7607B4F3";"association-relationship";"association";"";"";"";"";"";"EAID_5DB3AE05_D225_403e_B376_F163CD463ECF";"";"EAID_785E3B69_19DA_4952_84A8_592965B9229A";"09072026-00:43:48"
"1224";"objectidentificatie";"objectidentificatie";"";"EAID_7189D7CE_B76E_48ce_966C_9AB15B106A5F";"association-relationship";"association";"";"";"";"";"";"EAID_5DB3AE05_D225_403e_B376_F163CD463ECF";"d2f8867b-fce6-4932-8b1a-ec8b9392f0d5";"EAID_BFE30E32_8CB9_4272_A559_9FB3FD74DACC";"09072026-00:43:48"
"1225";"objectidentificatie";"objectidentificatie";"";"EAID_BD54EBE9_8A70_4273_BD74_56753E7757A4";"association-relationship";"association";"";"";"";"";"";"EAID_5DB3AE05_D225_403e_B376_F163CD463ECF";"";"EAID_461EFCF0_E65E_4c7c_B44D_8F36C36FDCE4";"09072026-00:43:48"
"1226";"objectidentificatie";"objectidentificatie";"";"EAID_DF16BEEE_FECB_48d9_B4D1_1F9E4CB9B23C";"association-relationship";"association";"";"";"";"";"";"EAID_5DB3AE05_D225_403e_B376_F163CD463ECF";"bedf86fb-8710-49fc-addb-e48a11b551ed";"EAID_24BDA4BA_CFCC_4e3f_8305_671F4ED7C502";"09072026-00:43:48"
"1227";"oefent uit";"oefent uit";"68de1faa-e93f-4235-aa92-401168227a04";"EAID_066348C0_B9D0_49ba_A200_75D0213B2FB4";"association-relationship";"association";"<font color=""#610e6a"">De ROLlen die BETROKKENE heeft in de zaken waarin BETROKKENE een ROL speelt.</font>";"<font color=""#610e6a"">De ROLlen die BETROKKENE heeft in de zaken waarin BETROKKENE een ROL speelt.</font>";"";"";"62c91622-cc32-4560-8427-d00101f4847e";"EAID_16FB8171_A9ED_4027_A663_C035509501C8";"7d5124d4-f23d-432d-ad5a-dc7c1b0fac44";"EAID_649EFD86_ED52_4293_8577_DBE5445845BF";"09072026-00:43:48"
"1228";"omvat";"omvat";"";"EAID_D5C41A3E_F7C6_47ce_89E8_55CD70D5B20B";"association-relationship";"association";"";"";"";"";"";"EAID_85E3996B_578D_4313_B078_2773F98412D9";"";"EAID_0303A7A4_EF51_4262_AEE0_642FA5064807";"09072026-00:43:48"
"1229";"omvat";"omvat";"";"EAID_17B63209_082A_486f_8C97_693197D5283D";"association-relationship";"association";"";"";"";"";"";"EAID_CD06432A_B69D_4ab2_A5B0_C4C3092835A0";"";"EAID_FAB83AD1_DC8C_4f78_B54F_33466EB9B139";"09072026-00:43:48"
"1230";"omvat";"omvat";"";"EAID_15EBE58A_B543_4c88_9A5E_D4A42C45195A";"association-relationship";"association";"";"";"";"";"";"EAID_4C0C5DDB_E5BA_42a0_BA5B_65E2D433B16C";"";"EAID_20437683_6777_4c7b_B44B_1E3A216239AA";"09072026-00:43:48"
"1231";"omvat";"omvat";"";"EAID_98544267_83F6_43ed_A9B5_5775C5462D91";"association-relationship";"association";"";"<font color=""#610e6a"">De ENKELVOUDIGe DOCUMENTen die deel uit maken van het SAMENGESTELD DOCUMENT.</font>";"";"";"";"EAID_47DA1FC8_F181_41bc_B16A_CE80D2CA13B1";"";"EAID_547FD48D_F885_4816_BCFA_4048995C8D83";"09072026-00:43:48"
"1232";"onder verantwoordelijkheid van";"onder verantwoordelijkheid van";"";"EAID_15A8C8EF_84C3_4ed7_AB51_28EEC9AE9DC6";"association-relationship";"association";"";"";"";"";"id-839017b2-0f95-42d0-ab2b-e873636340da";"EAID_839017B2_0F95_42d0_AB2B_E873636340DA";"9f1ea854-eb45-47a0-98f4-4043b4a69be0";"EAID_B0D9792B_46E7_4b88_B267_C72691616733";"09072026-00:43:48"
"1233";"onder verantwoordelijkheid van";"onder verantwoordelijkheid van";"";"EAID_732DC9B8_0A3D_4496_899F_159E046A126E";"association-relationship";"association";"";"";"";"";"id-839017b2-0f95-42d0-ab2b-e873636340da";"EAID_839017B2_0F95_42d0_AB2B_E873636340DA";"f830bbc9-38d5-4f61-be23-79091f18282e";"EAID_EA6F820F_C458_4b24_8055_5C2CC76F5904";"09072026-00:43:48"
"1234";"onderdeel";"onderdeel";"ebcc1e5e-53d4-491c-8a96-35e01a9a95c2";"EAID_DE8C34A9_EA94_4c24_825D_C8C6D33AF4F5";"association-relationship";"association";"";"";"";"";"e963434a-50be-4619-b041-58689adc00de";"EAID_BBCF9DBE_70AD_431c_B698_7F0D69D07050";"7be642b3-e95f-4f1a-9415-d95c38346e9f";"EAID_069C9894_5E07_4c95_AC28_EB4A5EBFD165";"09072026-00:43:48"
"1235";"onderdeel van";"onderdeel van";"0a2afdc2-7f28-4102-97b8-e0df995999db";"EAID_36F38F1C_2F35_4088_A9E7_35BF53C3E709";"association-relationship";"association";"";"";"";"";"2d7f4231-96e8-4424-a656-c52473ea36dc";"EAID_8B394DCE_C3C4_4262_9460_8EF130E90D83";"e1620918-61a7-4cef-b0e2-6b8e206608c8";"EAID_F9B2A863_63C8_4229_906A_D0891BB4F021";"09072026-00:43:48"
"1236";"onderdeel van afdeling";"onderdeel van";"28fb69dc-f115-42ab-8216-93830c8b3689";"EAID_0F596F15_608B_4a1a_ADE6_D1053EF13FF8";"association-relationship";"association";"";"";"";"";"a3e45dca-c075-4ba9-9df2-d286b47f73ab";"EAID_63FF86E2_1BB0_48f6_8D95_3D82E8D2FA06";"02f66265-00ae-418d-8d0e-dcbaf36652bb";"EAID_53B0C49F_1BDE_4fee_BB0B_0D82517177CC";"09072026-00:43:48"
"1237";"onderdeel van";"onderdeel van";"";"EAID_B12C3E92_BEF7_4859_A882_A37444268D3C";"association-relationship";"association";"";"";"";"";"bd504191-10c0-436a-b0e0-fd4858a7b67d";"EAID_81EFBDCE_E500_4090_A37A_D3F799517866";"";"EAID_53B0C49F_1BDE_4fee_BB0B_0D82517177CC";"09072026-00:43:48"
"1238";"onderdeel van";"onderdeel van";"";"EAID_7BF736B1_C39A_4cd3_8C30_EB2A0FEA2980";"association-relationship";"association";"";"";"";"";"";"EAID_E1C6E98B_20B2_43b0_8EC1_5C0905B3A139";"b7ad73b1-bea5-48e8-acaa-d6031c3078ce";"EAID_D69EE16A_390C_4d6f_BC01_2B13FB3B22F1";"09072026-00:43:48"
"1239";"onderdeel van ";"onderdeel van ";"";"EAID_9821848F_48A0_446d_8811_5DC161D2D13A";"association-relationship";"association";"";"Kan ook een generalisatie zijn. Geldt ook voor de overige routes";"";"";"";"EAID_09D462A9_94C8_4803_A0A0_B7DB4363B45D";"ab441c2e-d5a6-4546-b1b8-a08d3bee1c07";"EAID_51285531_9529_4b2d_9EC6_B6BAEA729D9A";"09072026-00:43:48"
"1240";"ondergaat";"ondergaat";"";"EAID_08EC674A_D2E2_7F62_3AFE_281C330334D7";"aggregation-relationship";"aggregation";"";"";"";"";"";"EAID_022154F4_817D_0DFB_5FFC_281C33037384";"";"EAID_24BA1E4E_CF1D_B8E9_E3C3_281C33039A81";"09072026-00:43:48"
"1241";"onderkent leefgebiieden";"onderkent leefgebiieden";"fab3a1be-c9cb-442f-a15e-03135adee7f0";"EAID_CA494862_38C0_4098_8995_1953CABDDBF3";"association-relationship";"association";"";"";"";"";"4f3a28d3-464a-42c3-97e1-39231e5f7bf1";"EAID_6C27D3D1_FBCE_4504_AF1E_48B4A4CB02EA";"c80348b6-b173-41ab-9bf6-3a1a780d0fb3";"EAID_C55180D9_A5C3_4859_BD88_7686F5384157";"09072026-00:43:48"
"1242";"onderkent scores";"onderkent scores";"";"EAID_6B0F940E_3386_401a_AC21_169514BAAAB4";"association-relationship";"association";"";"";"";"";"4f3a28d3-464a-42c3-97e1-39231e5f7bf1";"EAID_6C27D3D1_FBCE_4504_AF1E_48B4A4CB02EA";"";"EAID_653EA248_1547_4f8b_B026_B44FEEC711B2";"09072026-00:43:48"
"1243";"ondersteunt client";"ondersteunt client";"254ae1ce-f810-443c-9321-3f132c96f1e9";"EAID_BBB0C356_446A_4c07_A599_5915989A3B0F";"association-relationship";"association";"";"";"";"";"17a0d019-c25e-4bba-ae64-f381da597376";"EAID_276E1BF9_E902_4303_A9E7_048627E0DC84";"2a859087-fe7f-412a-b057-bf1e3f249a4c";"EAID_DAF09055_A5A6_4ff4_A158_21B20567B296";"09072026-00:43:48"
"1244";"ontheffing voor";"ontheffing voor";"";"EAID_5423D12F_B004_4fa9_ABC0_0ABADB27A103";"association-relationship";"association";"";"";"";"";"";"EAID_3F5932BD_C721_402d_8154_74A1CE097825";"";"EAID_D41DCE2D_4AD5_45b8_9527_EC416F4A4CC7";"09072026-00:43:48"
"1245";"oorspronkelijk";"oorspronkelijk";"09b9ccf3-bcc7-4764-8b94-9fe1afb1f735";"EAID_B352FC5A_89BA_4c9c_9D7C_50CAD3BE05DE";"association-relationship";"association";"";"";"";"";"ede48ca8-4854-44b2-b549-0827bebf56ab";"EAID_A91E9C27_C4FA_4e1b_A4FF_8AE74ED9B7EB";"ede48ca8-4854-44b2-b549-0827bebf56ab";"EAID_A91E9C27_C4FA_4e1b_A4FF_8AE74ED9B7EB";"09072026-00:43:48"
"1246";"op basis van";"op basis van";"";"EAID_040E7F95_87E6_452f_B4A5_632CF872267A";"association-relationship";"association";"";"";"";"";"";"EAID_54697170_4C4D_40f6_9E08_35DF1970B8C6";"";"EAID_697512E4_0C8E_4be8_8E95_9E2E4BD50F85";"09072026-00:43:48"
"1247";"op vacature";"op vacature";"ffb8bccc-96ba-474c-adc5-28a79f27d4f9";"EAID_69D5B4D8_4D23_4a03_AF7E_9DD4B3B0B439";"association-relationship";"association";"";"";"";"";"3dbc7681-e73c-46c5-80bc-434afc971eef";"EAID_3BD1368C_23F1_4f42_99DB_C81581A646A0";"bd6c1561-9387-409b-a16b-99e79492ad3d";"EAID_DC978807_5F36_4148_B816_D6886D026DD8";"09072026-00:43:48"
"1248";"opgelegd door";"opgelegd door";"740c8a11-b349-4920-811b-164e49b80d3a";"EAID_394820AC_FA0B_45c2_8E87_64DADE538231";"association-relationship";"association";"";"";"";"";"eb5a2808-d438-4299-b803-4495b819396b";"EAID_B369B374_F560_4ea6_9A8B_DBBCB4961EFF";"aa2cb2d9-8482-473c-a5bf-c042cb39352a";"EAID_697F1730_B439_4b35_8799_1B2E9AB04548";"09072026-00:43:48"
"1249";"opgepaktDoor";"opgepaktDoor";"";"EAID_EB0C17C7_84CB_4130_93A0_B58E06C70982";"association-relationship";"association";"";"";"";"";"";"EAID_1AA67F0D_3B94_48a3_A037_A2ACC6D61CF0";"6eaed538-bcc5-4648-b0f2-4c5095b9f514";"EAID_3D5CCB29_91E4_458e_8BCD_6741198E45B8";"09072026-00:43:48"
"1250";"opgepaktIn";"opgepaktIn";"";"EAID_992CBE57_218F_42d1_8495_76BC51827E3A";"association-relationship";"association";"";"";"";"";"";"EAID_C6DA2586_C0E3_4868_93E8_64AF6D118092";"";"EAID_1AA67F0D_3B94_48a3_A037_A2ACC6D61CF0";"09072026-00:43:48"
"1251";"opgepaktNamens";"opgepaktNamens";"";"EAID_3A702009_0E61_4756_AD68_959F192FA31A";"association-relationship";"association";"";"";"";"";"";"EAID_1AA67F0D_3B94_48a3_A037_A2ACC6D61CF0";"f830bbc9-38d5-4f61-be23-79091f18282e";"EAID_EA6F820F_C458_4b24_8055_5C2CC76F5904";"09072026-00:43:48"
"1252";"ophalen";"ophalen";"0de4bd31-27b7-4cf1-b7cd-ec8872769ef2";"EAID_C09F3E43_5B6A_460b_AD49_C26FE2DCFF78";"association-relationship";"association";"";"";"";"";"024bb42f-38cf-42ba-859d-184221eff16c";"EAID_55A58838_3877_4e76_B5BF_26C68FAD463D";"5b29c1f2-feeb-4e72-9b70-7a0a8bb374cc";"EAID_80A7D18F_7C7E_4ee6_9F07_055559BCEF9F";"09072026-00:43:48"
"1253";"pacht";"pacht";"31769d2d-4c7b-40f5-a0fc-66994fd4d91d";"EAID_C15F1759_2467_477e_8A57_60AD1EA11BD5";"association-relationship";"association";"";"";"";"";"a6741440-a70f-4d05-b164-6a21b867b4d3";"EAID_8D52E9F1_9CC9_42c6_A347_E68E29718E55";"eb838412-7041-4a22-a50d-fdd255391bc1";"EAID_EDC8B01F_4802_4562_BC41_C2CAD76880B6";"09072026-00:43:48"
"1254";"personeelsdossier";"personeelsdossier";"";"EAID_1C8FDDB2_7138_41c4_B087_937A036EDB3E";"association-relationship";"usage";"";"";"";"";"8c200706-b80b-44f7-9928-bec39e0db21f";"EAID_BBBB63AC_B546_409b_B6D4_53DB561253B7";"10eaa33f-03bf-42b4-9310-56add2cb5a7b";"EAID_5641C50A_C0FA_4e71_B07B_26C7B1CE94ED";"09072026-00:43:48"
"1255";"prestatie voor";"prestatie voor";"09279e0d-1629-4117-8988-ef9f1ef59700";"EAID_49E9E9A9_6284_4b72_A74F_9FC297060B71";"association-relationship";"association";"";"";"";"";"cc667191-bb35-45a0-a231-504b663b70f1";"EAID_F0CE97B6_3004_4424_A0AA_5034BC0144D1";"2a859087-fe7f-412a-b057-bf1e3f249a4c";"EAID_DAF09055_A5A6_4ff4_A158_21B20567B296";"09072026-00:43:48"
"1256";"procesleider";"procesleider";"894753eb-de74-40da-b1a1-e2bf53672c11";"EAID_083C9CF6_C21B_46b3_A933_1DDAFA9F771F";"association-relationship";"association";"";"";"";"";"bc6f065d-05c9-454d-a18d-1c0c2a2dfe15";"EAID_44EC6082_2682_43c7_A52E_0AD05B06A046";"6cc6afe6-e4c6-4e2b-a359-f278b23700db";"EAID_16EB3936_03CB_4854_9CD8_9F0911EEA51B";"09072026-00:43:48"
"1257";"projectleider";"projectleider";"00aa44b1-3d73-492e-ab54-c489a9101582";"EAID_BA3AE829_7C81_4f2b_B193_0F231A57B923";"association-relationship";"association";"";"";"";"";"cad45b80-14d3-4a0c-a906-0c1614dc9570";"EAID_9DF5AC43_3673_4b9a_BB5E_6DCA7BE28835";"0ae46688-6cc8-4553-adc7-04b2ed7b8b8f";"EAID_20CA8283_CE99_455c_BF4D_EAE3DF41AE5B";"09072026-00:43:48"
"1258";"projectleider";"projectleider";"38f8680b-ad50-4f77-b28a-76da1432d7d8";"EAID_2CDDCD51_E333_4b1a_9030_54231ACDC6C5";"association-relationship";"association";"";"";"";"";"020a5c18-9065-48d4-9cdd-5500cf5ce9ae";"EAID_156C82B1_2641_40c8_9E99_60031643C29A";"cad45b80-14d3-4a0c-a906-0c1614dc9570";"EAID_9DF5AC43_3673_4b9a_BB5E_6DCA7BE28835";"09072026-00:43:48"
"1259";"redenBlokkering";"redenBlokkering";"";"EAID_3929A5E7_EB95_4337_972C_2AF8AD5BB30B";"association-relationship";"association";"";"";"";"";"id-07784236-3aa6-45e5-8253-7d088c4020b0";"EAID_07784236_3AA6_45e5_8253_7D088C4020B0";"";"EAID_88B0A7AB_53E6_4bc1_8D99_9BE896AB8418";"09072026-00:43:48"
"1260";"redenInstroom";"redenInstroom";"";"EAID_124D9BBB_6EDF_4877_892B_FC37C49240C5";"association-relationship";"association";"";"";"";"";"id-07784236-3aa6-45e5-8253-7d088c4020b0";"EAID_07784236_3AA6_45e5_8253_7D088C4020B0";"";"EAID_8D999BE8_96AB_8418_99A2_CB86335AFB97";"09072026-00:43:48"
"1261";"redenUitstroom";"redenUitstroom";"";"EAID_070894C5_A7FF_41c1_9B45_49DB985F037C";"association-relationship";"association";"";"";"";"";"id-07784236-3aa6-45e5-8253-7d088c4020b0";"EAID_07784236_3AA6_45e5_8253_7D088C4020B0";"";"EAID_99A2CB86_335A_FB97_9C8F_47170B1699EC";"09072026-00:43:48"
"1262";"refereert";"refereert";"";"EAID_15977151_EC46_89CA_680B_276CADDFD8E5";"aggregation-relationship";"aggregation";"";"";"";"";"";"EAID_1BD0DD3A_888E_945B_4A20_276CADAE4D4C";"";"EAID_032C6459_3922_4AEF_0D73_262C4A138E25";"09072026-00:43:48"
"1263";"resulteert";"resulteert";"377d8bb4-f448-4e62-b8b4-16eb83b8ac89";"EAID_A9A7708E_526C_41d5_9E5F_48EEAB4E93BD";"association-relationship";"association";"";"";"";"";"1486de79-ad71-4dce-8473-f23f1e9c436c";"EAID_FF448272_AB9D_4ec9_B4BE_E60E2552817A";"ae658af8-46be-4d41-ba95-c5e24cec7598";"EAID_9E0936E5_6B50_4205_BA5D_FEB80486D6F1";"09072026-00:43:48"
"1264";"resulteert in";"resulteert in";"";"EAID_4AD8CEE6_4DEF_4fbd_A3AE_6C820235E955";"association-relationship";"association";"";"";"";"";"";"EAID_1CE06538_3F4A_45ac_AE86_30A4250D3608";"";"EAID_F20A11B2_0C6F_4a52_95BF_AB73997C3378";"09072026-00:43:48"
"1265";"resulteert in";"resulteert in";"";"EAID_BC115B0F_1283_4a77_94CC_4D76225B486D";"association-relationship";"association";"";"";"";"";"";"EAID_A1F16832_3F28_4441_8538_74BF04A48562";"";"EAID_551A527B_A2E2_4409_968B_D1BE4612EB3C";"09072026-00:43:48"
"1266";"resulteert in";"resulteert in";"";"EAID_3820CE7E_78D9_4703_8DC5_4D50C5DF7D51";"association-relationship";"association";"";"";"";"";"";"EAID_B0384246_6784_4724_B538_CE18197061CD";"";"EAID_A1F16832_3F28_4441_8538_74BF04A48562";"09072026-00:43:48"
"1267";"resulteert in";"resulteert in";"";"EAID_BAD81296_F327_4ebe_BDF4_E21A2508C717";"association-relationship";"association";"";"";"";"";"";"EAID_F20A11B2_0C6F_4a52_95BF_AB73997C3378";"";"EAID_A1F16832_3F28_4441_8538_74BF04A48562";"09072026-00:43:48"
"1268";"resulteert in";"resulteert in";"";"EAID_DFB45409_F01C_4a91_BFA5_9E66817F67FF";"association-relationship";"association";"";"";"";"";"";"EAID_652A68C3_618E_4050_AD4C_E43469A7558C";"";"EAID_A1F16832_3F28_4441_8538_74BF04A48562";"09072026-00:43:48"
"1269";"resulteert in";"resulteert in";"";"EAID_43A30A1E_B8CF_4471_81A9_9AC313DEA9F9";"association-relationship";"association";"";"";"";"";"";"EAID_F20A11B2_0C6F_4a52_95BF_AB73997C3378";"";"EAID_7CC8C026_91CB_422c_84C6_90401889F260";"09072026-00:43:48"
"1270";"resulteert in";"resulteert in";"";"EAID_BC1E536B_B612_48b7_A5C3_0CBDB41A25E4";"association-relationship";"association";"";"";"";"";"";"EAID_7E274EE0_FB77_43ef_ABCB_91ACF0ACD469";"";"EAID_551A527B_A2E2_4409_968B_D1BE4612EB3C";"09072026-00:43:48"
"1271";"resulteert in";"resulteert in";"";"EAID_946FC410_4AD5_413b_A646_F2AB1870548C";"association-relationship";"association";"";"";"";"";"";"EAID_652A68C3_618E_4050_AD4C_E43469A7558C";"";"EAID_7E274EE0_FB77_43ef_ABCB_91ACF0ACD469";"09072026-00:43:48"
"1272";"resulteert in";"resulteert in";"";"EAID_B1C136CA_4FD2_4421_9E25_2C2E0CEA8049";"association-relationship";"association";"";"";"";"";"";"EAID_B0384246_6784_4724_B538_CE18197061CD";"";"EAID_652A68C3_618E_4050_AD4C_E43469A7558C";"09072026-00:43:48"
"1273";"resulteert in ";"resulteert in ";"";"EAID_AE0CD7CF_5109_414f_97C1_9EB8619E2699";"association-relationship";"association";"";"";"";"";"";"EAID_F20A11B2_0C6F_4a52_95BF_AB73997C3378";"";"EAID_B0384246_6784_4724_B538_CE18197061CD";"09072026-00:43:48"
"1274";"rollen";"rollen";"369ab163-f69f-4bd9-9040-82dc05403594";"EAID_69D9DF4D_0CA8_46e6_8183_C7A6BA604AAC";"association-relationship";"association";"";"";"";"";"f5c91145-fba4-47cb-aaf9-bb9c64e19a21";"EAID_A8945FD7_EA20_418e_8E7F_18F13F16E338";"6cc6afe6-e4c6-4e2b-a359-f278b23700db";"EAID_16EB3936_03CB_4854_9CD8_9F0911EEA51B";"09072026-00:43:48"
"1275";"rust op";"rust op";"7d6791b0-0375-42dd-83db-8ef2dc64528b";"EAID_2BE9BA3F_23CF_4095_84AC_068C9CE16747";"association-relationship";"association";"Een verwijzing naar de KADASTRALE ONROERENDE ZAAK waarop het ZAKELIJK RECHT betrekking heeft.";"Een verwijzing naar de KADASTRALE ONROERENDE ZAAK waarop het ZAKELIJK RECHT betrekking heeft.";"<memo>";"";"671ec5bd-e8ac-44d7-8a01-cc9b439c6c5f";"EAID_8C809341_AC60_4378_8BA0_0843E8C06AF3";"8155eb9b-eb9e-4eec-a850-80c185983a9f";"EAID_9775E778_DBF8_4122_94CE_551466B62F46";"09072026-00:43:48"
"1276";"rust op";"rust op";"ca15db0e-f6f9-4159-b56b-0eaa11754c2c";"EAID_3D506CBC_2417_4aee_83A2_EC872CC303C7";"association-relationship";"association";"De KADASTRAAL ONROERENDE ZAAK waarop een ZEKERHEIDSRECHT rust.";"De KADASTRAAL ONROERENDE ZAAK waarop een ZEKERHEIDSRECHT rust. ";"<memo>";"";"0f33d06b-3e1f-4693-87af-2a5a9b739219";"EAID_3397A5B5_E789_46e6_8559_C528EA55F830";"8155eb9b-eb9e-4eec-a850-80c185983a9f";"EAID_9775E778_DBF8_4122_94CE_551466B62F46";"09072026-00:43:48"
"1277";"school heeft";"school heeft";"";"EAID_0B9864A5_0943_4b48_AB00_E932A450D1B7";"association-relationship";"association";"";"";"";"";"f2c26bb2-4c76-4b03-8ceb-6397b5a12ae8";"EAID_32DFC5DD_79D9_45d5_8F9D_7D5125961817";"";"EAID_3119A4DB_BB23_4adc_98BD_82F2D7996C6B";"09072026-00:43:48"
"1278";"schrijft op";"schrijft op";"565e193e-63ab-4555-8e20-261cbc20e0dc";"EAID_05D36DF8_E8DB_4273_B0C4_D1DDAB7070F4";"association-relationship";"association";"";"";"";"";"e3c92496-53d2-473e-9643-9774cdda2891";"EAID_E1DA56C3_6ECA_4ec9_8CF4_FC57E1C43102";"126c564a-16fa-4e61-b52d-3af4968904d8";"EAID_D90E822D_7EF8_4ea6_AF5C_4A4362577941";"09072026-00:43:48"
"1279";"schuld bij";"schuld bij";"";"EAID_0DD2A630_0EF5_4e6d_BAD6_99DAA6AD15B2";"association-relationship";"association";"";"";"";"";"";"EAID_93E12A3E_71E3_431e_9871_BF6075EAAEF1";"";"EAID_DCDAD212_479E_4fc3_B886_585AE57D8C21";"09072026-00:43:48"
"1280";"score bij leeggebied";"score bij leeggebied";"cf3ea3cf-dd61-4acc-94ed-77a6c3bb4c21";"EAID_B620036D_4786_442c_B36C_82307BAB6EE5";"association-relationship";"association";"";"";"";"";"75a56fd7-b2b2-4a08-9b09-8235d4592cae";"EAID_5A367DA9_DE05_4b3b_954D_24271FD4FB76";"c80348b6-b173-41ab-9bf6-3a1a780d0fb3";"EAID_C55180D9_A5C3_4859_BD88_7686F5384157";"09072026-00:43:48"
"1281";"server van database";"server van database";"358f0944-8c74-4dfa-9d48-aada1e522f83";"EAID_647B7DC0_6FCE_4d30_9CC7_9739BA6627E8";"association-relationship";"association";"";"";"";"";"d548564c-a918-47e4-ae60-697f0ed3e7aa";"EAID_FFD22E11_7A3A_459a_B575_928C67E8D1F3";"4694a321-36db-4a54-a7ab-6c3895a4e288";"EAID_3AFD7E5F_8061_4776_A332_334AF4125E7D";"09072026-00:43:48"
"1282";"solliciteert";"solliciteert";"76582d91-7e3c-4efc-befc-d07cdd39fe81";"EAID_D49B7ECE_0089_4d69_970C_8AB585251F66";"association-relationship";"association";"";"";"";"";"8c200706-b80b-44f7-9928-bec39e0db21f";"EAID_BBBB63AC_B546_409b_B6D4_53DB561253B7";"3dbc7681-e73c-46c5-80bc-434afc971eef";"EAID_3BD1368C_23F1_4f42_99DB_C81581A646A0";"09072026-00:43:48"
"1283";"solliciteert op functie";"solliciteert op functie";"178f4482-b733-4ff0-8a76-bb8fb50a9087";"EAID_7ED83E72_5019_47f5_84BF_5A3DC813EF67";"association-relationship";"association";"";"";"";"";"ddefe4a6-d89c-432d-b27a-b96cb575b16a";"EAID_131BDD67_2A31_43c5_9125_F12DE2D98D2D";"3dbc7681-e73c-46c5-80bc-434afc971eef";"EAID_3BD1368C_23F1_4f42_99DB_C81581A646A0";"09072026-00:43:48"
"1284";"soort";"soort";"";"EAID_266F9975_CC9F_4d21_BDDF_20EC737CF568";"association-relationship";"association";"";"";"";"";"ff9366e3-dd65-48ce-9051-9d6b01b2c6db";"EAID_B3371695_97AD_49d2_9AF1_15591B422007";"";"EAID_356C8F59_3721_46d0_BCD0_C17B0130035C";"09072026-00:43:48"
"1285";"soort";"soort";"";"EAID_0A546271_B26F_46d3_879F_2A9EB756A642";"association-relationship";"association";"";"";"";"";"";"EAID_209ACADD_34C7_4dc8_90AD_C6B3E092FBFD";"1486de79-ad71-4dce-8473-f23f1e9c436c";"EAID_FF448272_AB9D_4ec9_B4BE_E60E2552817A";"09072026-00:43:48"
"1286";"soort";"soort";"";"EAID_210DF58C_2B9A_4384_B330_79C2B6CC8280";"association-relationship";"association";"";"";"";"";"";"EAID_1CB4051D_B78A_48f0_AE3E_A98D997A5612";"1486de79-ad71-4dce-8473-f23f1e9c436c";"EAID_FF448272_AB9D_4ec9_B4BE_E60E2552817A";"09072026-00:43:48"
"1287";"soort";"soort";"";"EAID_8C3E5EF9_0F5D_4e6e_AE27_2A8738F55055";"association-relationship";"association";"";"";"";"";"";"EAID_A1F16832_3F28_4441_8538_74BF04A48562";"";"EAID_158BE97A_2031_437b_A5CC_637188EB9968";"09072026-00:43:48"
"1288";"soort";"soort";"";"EAID_F1399EFB_8A57_4655_9389_C6C8826B16D7";"association-relationship";"association";"";"";"";"";"";"EAID_7E274EE0_FB77_43ef_ABCB_91ACF0ACD469";"";"EAID_677992F0_3C05_43b6_82C7_4A7EA57EDFED";"09072026-00:43:48"
"1289";"soort";"soort";"";"EAID_A3FEE3DD_1148_4a7e_A133_1DAA02D2F1EA";"association-relationship";"association";"";"";"";"";"a9b50546-d72d-4e60-8da5-184a27a626c5";"EAID_7D3D98F0_664C_4605_9D95_F68C88ECBA9A";"";"EAID_0A7769C7_FE3E_45eb_A644_22E5CB207B42";"09072026-00:43:48"
"1290";"soort besteding";"soort besteding";"";"EAID_42E94BB7_BBBE_4cfd_BE12_83932898ADDA";"association-relationship";"association";"";"";"";"";"";"EAID_B9288D01_0B8F_4f8c_BAE1_AFD1B0EF6FDF";"";"EAID_A0051651_4772_436d_9553_B432BDCE3A52";"09072026-00:43:48"
"1291";"soort declaratie";"soort declaratie";"";"EAID_53ABD040_F8F1_4d2c_AD7A_9A832A9649E1";"association-relationship";"association";"";"";"";"";"93ffe408-fc04-407e-ad78-1afb51b5229e";"EAID_E611CEB2_F4FA_49e2_AA6B_B380BC1918AC";"";"EAID_9D4FB9DF_D68A_4503_96C0_272B6777A4FC";"09072026-00:43:48"
"1292";"soort maatregel";"soort maatregel";"";"EAID_48BA20B4_B020_400d_8936_9F8AD9650F3B";"association-relationship";"association";"";"";"";"";"fd61984f-002e-465f-90c7-6a68cc692094";"EAID_50F3F931_38F4_4ff0_8CE4_8A51056767E0";"";"EAID_B0747DFC_DFC8_4ef2_8E1E_C2E8606036FC";"09072026-00:43:48"
"1293";"soort opleiding";"soort opleiding";"";"EAID_B56E335E_B0BB_4876_939E_FD93B18E9768";"association-relationship";"association";"";"";"";"";"";"EAID_261363C5_1E00_4b6a_B570_2129DC044010";"affa85b2-1e80-4642-bb30-335dd9677094";"EAID_E07D60DE_CD26_4cef_A18B_6F72CC76C1B6";"09072026-00:43:48"
"1294";"soort verlof";"soort verlof";"";"EAID_3EDEEC77_46DE_47eb_AD90_10AA60A69F0C";"association-relationship";"association";"";"";"";"";"9ba143bc-5214-4998-9041-b3dc1c22fe77";"EAID_D04135BF_C2F0_46dd_B332_F1BE36C358EF";"";"EAID_ED741EE1_E773_40e3_B0E6_8D9886EB792F";"09072026-00:43:48"
"1295";"soort verzuim";"soort verzuim";"";"EAID_8B730311_4D6F_4d43_8A5B_8E099B4C421C";"association-relationship";"association";"";"";"";"";"c024eb06-53f7-4793-91d6-6e249ee119dc";"EAID_610B18E6_B675_4cc0_A883_BAB9D384C668";"";"EAID_45900108_585D_45ec_A042_BF4928B7F6DC";"09072026-00:43:48"
"1296";"soortHuisvesting";"soortHuisvesting";"";"EAID_A4221BE3_623E_4ecc_AAB1_1D5944526B6F";"association-relationship";"association";"";"";"";"";"id-07784236-3aa6-45e5-8253-7d088c4020b0";"EAID_07784236_3AA6_45e5_8253_7D088C4020B0";"";"EAID_8D999BE8_96AB_8418_B94F_289754CE1336";"09072026-00:43:48"
"1297";"speelt rol in";"speelt rol in";"d3a918dc-f5df-41ae-a7df-7c358aef76f2";"EAID_6D8C062B_73D8_40c4_8C1B_497F39295AF0";"association-relationship";"association";"";"";"";"";"36e81522-45dc-4859-a86a-92f9d1d879ba";"EAID_3BBB3264_592A_4d8c_A741_C2A3C38E3932";"9d218c7e-64e5-45e1-9bac-ec9f27d50fe3";"EAID_71A5C565_C2CC_495f_910A_76C199C6AF0E";"09072026-00:43:48"
"1298";"staat op";"staat op";"";"EAID_EFA6E5A8_4A4A_4fc8_89C5_6DFDB6186DB4";"association-relationship";"association";"";"";"";"";"";"EAID_703CAFCF_FDC0_4861_AA76_1692303DE7BE";"ba16f72b-26d0-4f28-be3d-68a3155dca65";"EAID_4C1543FD_250B_4291_9B23_BC9D3D9C0C4A";"09072026-00:43:48"
"1299";"staat op";"staat op";"9a893a3b-bd77-4fd1-aa40-7c0d6a0b55ba";"EAID_8C0C6E8C_2CFD_4f2b_95DB_6417D1A1398D";"association-relationship";"association";"";"";"";"";"b46a7928-928b-4ad4-9c27-f3d112073ea0";"EAID_F954FB72_AE88_4a0e_A3D8_555FCF8D9C9F";"ba16f72b-26d0-4f28-be3d-68a3155dca65";"EAID_4C1543FD_250B_4291_9B23_BC9D3D9C0C4A";"09072026-00:43:48"
"1300";"stamt uit";"stamt uit";"d1c0561a-00b2-4ad5-86a3-25e9e1ade172";"EAID_F50E960E_F058_49d1_BEE4_CDC528BE386F";"association-relationship";"association";"";"";"";"";"6b072b67-e13f-422e-9e5c-068deb532aad";"EAID_E09E5B44_4D39_455a_B0A5_390A63AC0C43";"fd2221c7-0cf4-47e1-a313-ec476a6592da";"EAID_137DECB4_F249_4039_B4F3_787852C4CB11";"09072026-00:43:48"
"1301";"stamt uit";"stamt uit";"2bf7217b-9b15-4657-ac2a-5b1d81aa044e";"EAID_FBD7B308_2CAD_425e_ACCA_ADFE8C30993C";"association-relationship";"association";"";"";"";"";"7b7d7585-b081-4bcc-a39e-cf6b3803799a";"EAID_369E453B_4C3A_48dc_9619_C36232B339D9";"fd2221c7-0cf4-47e1-a313-ec476a6592da";"EAID_137DECB4_F249_4039_B4F3_787852C4CB11";"09072026-00:43:48"
"1302";"start";"start";"";"EAID_C447377F_C042_4e0b_A045_CCF4CD03698B";"association-relationship";"association";"";"";"";"";"6cc63d39-c5a3-4d09-8eab-22e56384fe7e";"EAID_45AFD4E2_9909_4c33_93CE_F2466B85CA0F";"";"EAID_7210A379_17EE_4143_A106_ECD9414B2A0D";"09072026-00:43:48"
"1303";"stelt samen";"stelt samen";"79b778db-ba09-46ca-b48e-471469bfa040";"EAID_B15FDBFD_05E6_4a55_81FF_DB6F287AE693";"association-relationship";"association";"";"";"";"";"9a4512b0-6081-4f32-bec9-8f2b62e62761";"EAID_E5566AF6_3D43_4b2f_B658_F67F6C1C511D";"7be642b3-e95f-4f1a-9415-d95c38346e9f";"EAID_069C9894_5E07_4c95_AC28_EB4A5EBFD165";"09072026-00:43:48"
"1304";"subcategorie";"subcategorie";"";"EAID_BE8CFC8D_1A0C_4356_8D5A_24D839958662";"association-relationship";"association";"";"";"";"";"e1029618-919b-4889-9989-e7f6ca9a16ea";"EAID_8A02DCF5_E568_4d45_96A2_FD4FB53F414C";"";"EAID_9EC6B40B_0C87_4453_B567_E0D3572F86AF";"09072026-00:43:48"
"1305";"subthema";"subthema";"";"EAID_64AA92C3_5AC1_40d6_806D_A60B2036CCE0";"association-relationship";"association";"";"";"";"";"";"EAID_55FC829A_906B_4cb7_87D7_5BBAE59E07A8";"";"EAID_55FC829A_906B_4cb7_87D7_5BBAE59E07A8";"09072026-00:43:48"
"1306";"tegen prijs";"tegen prijs";"d48b950f-5dd2-4e00-b8d7-4bfa613bc08d";"EAID_D8CF5F7C_897F_4af8_B199_A0F5127C1236";"association-relationship";"association";"";"";"";"";"25088983-e263-4879-8cbb-b699218df32c";"EAID_EA2D32A2_5ED5_45c8_AC33_57C35981B3BC";"eab684dd-ef28-42f6-adcc-f9b513859a0d";"EAID_BF7BAB5F_7025_4792_8288_47F5B1C53E95";"09072026-00:43:48"
"1307";"toegewezen aan";"toegewezen aan";"0700334b-02c8-40f1-8da0-1b8885a030a9";"EAID_C886E8C0_39ED_477b_A430_B7577E0A3238";"association-relationship";"association";"";"";"";"";"bd504191-10c0-436a-b0e0-fd4858a7b67d";"EAID_81EFBDCE_E500_4090_A37A_D3F799517866";"a3e45dca-c075-4ba9-9df2-d286b47f73ab";"EAID_63FF86E2_1BB0_48f6_8D95_3D82E8D2FA06";"09072026-00:43:48"
"1308";"toelichting";"toelichting";"";"EAID_79624287_3216_40f0_895D_D5856745C0A6";"association-relationship";"association";"";"";"";"";"";"EAID_AEF1825F_C554_4490_975D_93AEA24991A9";"";"EAID_B061E420_187A_49dd_B8DA_2AF3FC5D860F";"09072026-00:43:48"
"1309";"toewijzing";"toewijzing";"3cfe23d7-405f-4445-b49b-7c3b3f69c9bf";"EAID_3C8D1B70_4F90_4ac7_A839_BE567A7ECCC5";"association-relationship";"association";"";"";"";"";"c481e8b8-f7d7-4979-b767-ebf2a9b04712";"EAID_71D7E96D_641A_4b6a_A325_DED07C3B5836";"53cc8281-81c1-40c8-901d-2751e34ea367";"EAID_01ECE551_A7B0_4b99_B6E7_F654D6AC15D5";"09072026-00:43:48"
"1310";"uitgevoerd binnen";"uitgevoerd binnen";"87fb2204-5b1b-4c09-a62d-2d8f5f219516";"EAID_096328B5_7E92_42a3_B30A_572EA01B47A4";"association-relationship";"association";"";"";"";"";"7e054df1-48a3-46c3-91a5-5ce10e326f9b";"EAID_EDB5D3CD_CE4D_4317_81C6_C01CC7325148";"7d5124d4-f23d-432d-ad5a-dc7c1b0fac44";"EAID_649EFD86_ED52_4293_8577_DBE5445845BF";"09072026-00:43:48"
"1311";"uitgevoerd door";"uitgevoerd door";"4a7f9da6-5291-48bd-bb28-80ed7e95b9c1";"EAID_9B827D4A_7753_49c0_9378_C88F563052BE";"association-relationship";"association";"";"";"";"";"7979016d-19cb-493e-904e-c7363a7930aa";"EAID_C2520FC3_622B_4edf_B911_C661B0D710FE";"1f07a048-a6c6-4f10-be33-49327c1d37ec";"EAID_F29C11C1_477C_4b90_985C_43F94D08230A";"09072026-00:43:48"
"1312";"uitgevoerd door";"uitgevoerd door";"be8d3879-98b0-4fac-8fa6-01afcf4bc56d";"EAID_A6483BC4_7D3D_4dee_B533_3C23F2236A96";"association-relationship";"association";"";"";"";"";"be336327-21c4-4d8a-9088-e04b4411204a";"EAID_9ABE303F_1E8D_407c_BBB8_E7DAC383E0C3";"1f07a048-a6c6-4f10-be33-49327c1d37ec";"EAID_F29C11C1_477C_4b90_985C_43F94D08230A";"09072026-00:43:48"
"1313";"uitgevoerd door";"uitgevoerd door";"4f604f93-5b7b-4d8b-bcff-1175f19b7f8c";"EAID_50A13B03_8117_4707_8DB3_8161452B7AEE";"association-relationship";"association";"";"";"";"";"078d57f3-e8a0-485e-a175-c1b3de49eee0";"EAID_653EEEA7_ED82_427d_BD72_86C847793AD6";"6cc6afe6-e4c6-4e2b-a359-f278b23700db";"EAID_16EB3936_03CB_4854_9CD8_9F0911EEA51B";"09072026-00:43:48"
"1314";"uitgevoerd met";"uitgevoerd met";"bc2d0a0d-0923-4b39-841d-f68f94e076c8";"EAID_F197BB35_77DD_4309_A8B7_D910A033AE6C";"association-relationship";"association";"";"";"";"";"892c2a19-8066-404b-8a04-268f9497dd1c";"EAID_832DA9A0_0E64_4d41_8266_38418B095919";"b8e3111b-1993-4490-bdf4-f8eca8add712";"EAID_9A422266_783E_4f48_9B12_F442C1B22A45";"09072026-00:43:48"
"1315";"uitgevoerd op";"uitgevoerd op";"";"EAID_37EC5804_46E0_4ce7_A773_E89651DBC4F1";"association-relationship";"association";"";"";"";"";"";"EAID_B31B867F_061E_42d4_AB8A_DB5589602969";"f1461f1c-503e-47ba-a1e7-43204103b356";"EAID_D60910E1_6E36_4ebb_9687_2D2B1CE66E0B";"09072026-00:43:48"
"1316";"uitgevoerde storting";"uitgevoerde storting";"7a6f2ca4-5333-4d8a-8724-f87a178254ea";"EAID_5614D2DC_1440_4241_9399_33073E5A1E4C";"association-relationship";"association";"";"";"";"";"4f840a95-77ba-47ae-b554-a00db6f905b4";"EAID_F6D7A83B_30BC_44f4_91E2_74C04DCE87AE";"c7dda76d-bcdd-4b63-97dc-9d273b2f9092";"EAID_15910FE7_D323_45ff_AA7F_CE3C636CE953";"09072026-00:43:48"
"1317";"betreft uitoefening van activiteiten door";"uitoefening van activiteiten";"a37784c9-5a27-4a7e-9d43-e2ded268f9e8";"EAID_58004512_4FFD_40af_B10A_D73656A9E4FE";"association-relationship";"association";"De MAATSCHAPPELIJKE ACTIVITEIT die activiteiten uitoefent voor een VESTIGING";"De MAATSCHAPPELIJKE ACTIVITEIT die activiteiten uitoefent voor een VESTIGING ";"<memo>";"";"b403d1ab-a0ee-4ca0-befa-01bbc54bf403";"EAID_B60B8EF9_D1C0_4e36_BF9B_1C16F92518DD";"82773f8d-3aa1-4e1f-b6de-9284a1851960";"EAID_3DC85114_5C3F_4930_B98B_6EB6ED71FC2E";"09072026-00:43:48"
"1318";"uitstroom";"uitstroom";"";"EAID_79E7A915_07A7_4fbd_939F_5BCF86B282BC";"association-relationship";"association";"";"";"";"";"id-839017b2-0f95-42d0-ab2b-e873636340da";"EAID_839017B2_0F95_42d0_AB2B_E873636340DA";"id-42d33289-422a-4d94-be6b-44b34cc230b5";"EAID_42D33289_422A_4d94_BE6B_44B34CC230B5";"09072026-00:43:48"
"1319";"uitvoerder";"uitvoerder";"6dff1fc3-487a-4db9-9f22-f5820e4e8888";"EAID_B951DEE9_57EB_4a05_84CD_B18D4FB633E6";"association-relationship";"association";"";"";"";"";"1a89112a-e13c-4c87-a862-e8ec66c01588";"EAID_C6094F79_D8EA_4763_90DF_4E30EFABA1FA";"113af80a-7e3e-41f6-8f79-8d0d48c4c257";"EAID_EA7FE08E_34F7_45d2_BE2E_E4E3B8333BF3";"09072026-00:43:48"
"1320";"uitvoerder";"uitvoerder";"4dd2e807-a6bc-4b1c-b96e-8ba9372aa86d";"EAID_D803E782_8DBB_4c45_91DD_56860F16EE69";"association-relationship";"association";"";"";"";"";"1a89112a-e13c-4c87-a862-e8ec66c01588";"EAID_C6094F79_D8EA_4763_90DF_4E30EFABA1FA";"6cc6afe6-e4c6-4e2b-a359-f278b23700db";"EAID_16EB3936_03CB_4854_9CD8_9F0911EEA51B";"09072026-00:43:48"
"1321";"uitvoering op";"uitvoering op";"";"EAID_C5D894AE_7CD9_4d0e_9FCB_306AF2F5A4BA";"association-relationship";"association";"";"";"";"";"";"EAID_B825D33A_6DCE_4263_A031_E6E92C4EE86B";"";"EAID_E2448A6D_3AE0_4884_AD5C_215A9E7166DE";"09072026-00:43:48"
"1322";"uitvoering van";"uitvoering van";"0f5ec85c-d3af-4e20-bb6e-09ddc99b459d";"EAID_7DA9022C_442D_404a_8B8D_FE7B0AD9E2AF";"association-relationship";"association";"";"";"";"";"3907c387-dc68-4c15-a98c-edd640042495";"EAID_17FCEF39_AB9D_4516_9C60_1DDA61D87356";"a13ea500-9135-4985-a718-c56240860c46";"EAID_C5AA8835_219D_4bfa_85EF_8BA45F732BCD";"09072026-00:43:48"
"1323";"vacature bij functie";"vacature bij functie";"4d60fe04-c12e-4e5d-b173-62c04055e52a";"EAID_8ACA644F_8D3A_4ab0_B755_24F44D39EEC1";"association-relationship";"association";"";"";"";"";"bd6c1561-9387-409b-a16b-99e79492ad3d";"EAID_DC978807_5F36_4148_B816_D6886D026DD8";"1f07a048-a6c6-4f10-be33-49327c1d37ec";"EAID_F29C11C1_477C_4b90_985C_43F94D08230A";"09072026-00:43:48"
"1324";"vacaturetekst";"vacaturetekst";"";"EAID_512E1661_34DE_4e18_9A66_9C4D5B1238D1";"association-relationship";"usage";"";"";"";"";"bd6c1561-9387-409b-a16b-99e79492ad3d";"EAID_DC978807_5F36_4148_B816_D6886D026DD8";"10eaa33f-03bf-42b4-9310-56add2cb5a7b";"EAID_5641C50A_C0FA_4e71_B07B_26C7B1CE94ED";"09072026-00:43:48"
"1325";"valt binnen";"valt binnen";"";"EAID_A7553E9F_B5BC_4bba_8ECA_55ECD6379F2C";"association-relationship";"association";"";"";"";"";"";"EAID_1CB4051D_B78A_48f0_AE3E_A98D997A5612";"";"EAID_209ACADD_34C7_4dc8_90AD_C6B3E092FBFD";"09072026-00:43:48"
"1326";"valt binnen";"valt binnen";"";"EAID_6E5A130E_ADAA_49b7_B413_2D6E404039F6";"association-relationship";"association";"";"";"";"";"6b072b67-e13f-422e-9e5c-068deb532aad";"EAID_E09E5B44_4D39_455a_B0A5_390A63AC0C43";"";"EAID_66DB38CC_932D_462c_9791_C60237EA9B7A";"09072026-00:43:48"
"1327";"valt binnen";"valt binnen";"";"EAID_9608D483_4A70_43a3_A08A_94E36A899845";"association-relationship";"association";"";"";"";"";"";"EAID_13119DEC_D451_4bec_BB37_7B1944ACCA9D";"7b7d7585-b081-4bcc-a39e-cf6b3803799a";"EAID_369E453B_4C3A_48dc_9619_C36232B339D9";"09072026-00:43:48"
"1328";"valt binnen";"valt binnen";"";"EAID_CF9A5227_0396_435a_8734_0980E5661383";"association-relationship";"association";"";"";"";"";"";"EAID_13119DEC_D451_4bec_BB37_7B1944ACCA9D";"";"EAID_13119DEC_D451_4bec_BB37_7B1944ACCA9D";"09072026-00:43:48"
"1329";"valt binnen";"valt binnen";"";"EAID_F136689A_92FE_4e0d_973C_2636E57C7825";"association-relationship";"association";"";"";"";"";"";"EAID_F73F6BFE_9CFE_4497_80E3_CADAA344CF69";"645ed017-feb5-40b0-82ae-990745bdb549";"EAID_5E542F35_E413_49c4_8FB7_335B6BE9667A";"09072026-00:43:48"
"1330";"valt binnen";"valt binnen";"";"EAID_517568B0_A13C_4f0f_8C5E_6E01CD68358B";"association-relationship";"association";"";"";"";"";"8ffe8caf-2af7-47e5-acc5-c4e6fd5f38b1";"EAID_EAAF2F59_6BC0_4243_B126_A8E604B32C5E";"";"EAID_462E3982_56C3_4442_BE2F_2C23A7ED6015";"09072026-00:43:48"
"1331";"valt binnen";"valt binnen";"";"EAID_47BA4F9D_8CFA_4bd8_98BB_4F97974CC940";"association-relationship";"association";"";"";"";"";"1dc502a7-f60b-4950-92b1-9a7f8cdc471f";"EAID_9507EE24_6397_4a9c_B478_8C2899EC0BFB";"938a3b10-79fd-4571-aaed-cb7069369465";"EAID_120EA50B_B9A2_4869_A3BE_46931F631D33";"09072026-00:43:48"
"1332";"valt binnen";"valt binnen";"691e2a9c-22b5-4900-a92d-c3047bab3104";"EAID_C8DBA134_C94C_45ee_9E7E_0C16B4497679";"association-relationship";"association";"";"";"";"";"1dc502a7-f60b-4950-92b1-9a7f8cdc471f";"EAID_9507EE24_6397_4a9c_B478_8C2899EC0BFB";"fd33a9fa-9c73-43a1-8e22-8cff15dc84d9";"EAID_2F759BC4_7E3C_4ce9_94FF_33A4106A6E5A";"09072026-00:43:48"
"1333";"valt binnen";"valt binnen";"2ca26f1f-9a85-45f2-82a9-2e13d1bcac38";"EAID_9E1D220D_78AE_4d04_86D3_06F8766BA779";"association-relationship";"association";"";"";"";"";"87fdbae1-7e9e-46a4-8043-3d77bd5903ac";"EAID_C95CF400_8487_4ff3_B475_CA1E01EBCA78";"fd2221c7-0cf4-47e1-a313-ec476a6592da";"EAID_137DECB4_F249_4039_B4F3_787852C4CB11";"09072026-00:43:48"
"1334";"valt binnen";"valt binnen";"a48d4ab6-22d8-402a-835b-611c470b6689";"EAID_64040FD4_B6BA_4e55_888A_3E35E6B2F658";"association-relationship";"association";"";"";"";"";"126b246a-a292-49cb-a609-3ffa5898210e";"EAID_0EEAF579_3F47_4551_B9F9_7367280EB3EB";"126b246a-a292-49cb-a609-3ffa5898210e";"EAID_0EEAF579_3F47_4551_B9F9_7367280EB3EB";"09072026-00:43:48"
"1335";"valt binnen";"valt binnen";"";"EAID_C3745FB4_D387_4ccc_8B35_F89C76EBC4F1";"association-relationship";"association";"";"";"";"";"9d218c7e-64e5-45e1-9bac-ec9f27d50fe3";"EAID_71A5C565_C2CC_495f_910A_76C199C6AF0E";"";"EAID_65792171_62FA_4c35_930A_8B9C999ADC14";"09072026-00:43:48"
"1336";"valt binnen";"valt binnen";"426c1c17-1895-4dc3-8302-25bac143d3f7";"EAID_49D9A171_E6B2_45f7_9F9B_2E834A96EABF";"association-relationship";"association";"";"";"";"";"baedc106-49fc-4fdc-9af2-cd5116319468";"EAID_C73389B7_7BCD_4496_888B_6ABEE9DE01FB";"69fbf6d0-3145-4563-950e-2e2f51d837db";"EAID_0598561F_667E_4926_9BF5_66A928358E9F";"09072026-00:43:48"
"1337";"valt binnen";"valt binnen";"";"EAID_53371D60_C96C_4429_9C69_0ABB37C36838";"association-relationship";"association";"";"";"";"";"021bf2ce-98b1-4ca5-8785-4cc902b98f10";"EAID_FF566C6B_077B_4914_8AF7_40EB1EDD388A";"";"EAID_2A7D73D7_87EA_4b61_88BB_F061DDBF52D9";"09072026-00:43:48"
"1338";"valt binnen";"valt binnen";"";"EAID_50AA9F5C_F1FB_48cb_8D23_75AA9A14FA93";"association-relationship";"association";"";"";"";"";"021bf2ce-98b1-4ca5-8785-4cc902b98f10";"EAID_FF566C6B_077B_4914_8AF7_40EB1EDD388A";"";"EAID_42EBA101_3E51_46d5_A234_EC7BA991D3AF";"09072026-00:43:48"
"1339";"valt binnen";"valt binnen";"";"EAID_00AC0751_7FD5_4e88_96AD_2D775346E74F";"association-relationship";"association";"";"";"";"";"2a859087-fe7f-412a-b057-bf1e3f249a4c";"EAID_DAF09055_A5A6_4ff4_A158_21B20567B296";"";"EAID_FF5A6019_C72C_4bcc_ADDF_84811CBDA79B";"09072026-00:43:48"
"1340";"valt binnen";"valt binnen";"b5202902-11d5-48e1-a50d-913906e889fc";"EAID_14C5A9DD_7317_48cc_BDD1_1C2E91A58702";"association-relationship";"association";"";"";"";"";"6cc63d39-c5a3-4d09-8eab-22e56384fe7e";"EAID_45AFD4E2_9909_4c33_93CE_F2466B85CA0F";"a6ea9d59-4ac3-4aca-ba3f-1b52e741b56b";"EAID_BEFEC56A_EF6C_49f0_9368_7E46F75D9562";"09072026-00:43:48"
"1341";"valt binnen";"valt binnen";"";"EAID_2B95DC1E_3A13_4c88_AD8F_D42DA96B45FD";"association-relationship";"association";"";"";"";"";"a6ea9d59-4ac3-4aca-ba3f-1b52e741b56b";"EAID_BEFEC56A_EF6C_49f0_9368_7E46F75D9562";"";"EAID_2AA9DB3B_D79C_490d_8776_DA1CB25E9B09";"09072026-00:43:48"
"1342";"valt binnen";"valt binnen";"664b8a08-e9ba-4aed-861f-7c1fb45c3e91";"EAID_C5CAADE8_D3FE_4a2a_8CE0_8C3F5DC74DB1";"association-relationship";"association";"";"";"";"";"a6ea9d59-4ac3-4aca-ba3f-1b52e741b56b";"EAID_BEFEC56A_EF6C_49f0_9368_7E46F75D9562";"3b8b01b0-7870-48fb-b4a7-6a5a593e4ea3";"EAID_D5DD2F67_6A1F_46b0_972E_795ECC4B2E4F";"09072026-00:43:48"
"1343";"valt binnen";"valt binnen";"c5f5150f-7166-4dca-8b12-7a017cee6106";"EAID_CE46B10D_4FE2_495c_AAA4_6DA8D72633DC";"association-relationship";"association";"";"";"";"";"1fe5c807-e9a7-4f44-a2b6-816341875d6e";"EAID_FD701A55_6865_44aa_9A73_C46E02481796";"60596f8e-1454-4ca8-9a31-64e7fc554815";"EAID_DA4F9850_4CA0_4508_9D57_F631BC30B360";"09072026-00:43:48"
"1344";"valt binnen";"valt binnen";"";"EAID_FC1D9123_E562_4fe4_9DE1_20ABD602CF8F";"association-relationship";"association";"";"";"";"";"686c0af1-67b2-42a4-8690-060705617c13";"EAID_01D90490_C76A_444a_BFCE_355AFC5FB012";"";"EAID_6CA060D0_C5AC_4b50_8B64_00DCAEA7EF48";"09072026-00:43:48"
"1345";"valt onder";"valt onder";"95aef8ed-3cde-4d31-9790-8017fe070ec6";"EAID_FA4F75BB_DBC5_47b3_90F1_0AC75F94E634";"association-relationship";"association";"";"";"";"";"b6c26d6b-c773-4b50-ba03-a8463f23889a";"EAID_6A4CF470_3B0E_4141_9DB6_C9E8A525CB49";"bc6f065d-05c9-454d-a18d-1c0c2a2dfe15";"EAID_44EC6082_2682_43c7_A52E_0AD05B06A046";"09072026-00:43:48"
"1346";"valt onder";"valt onder";"b43ea15b-9e81-45ed-87a6-449f39943f80";"EAID_64ABE717_2D93_476f_8084_A98C90BCAAEC";"association-relationship";"association";"";"";"";"";"686c0af1-67b2-42a4-8690-060705617c13";"EAID_01D90490_C76A_444a_BFCE_355AFC5FB012";"b6c26d6b-c773-4b50-ba03-a8463f23889a";"EAID_6A4CF470_3B0E_4141_9DB6_C9E8A525CB49";"09072026-00:43:48"
"1347";"van";"van";"37b5898b-7ba5-4235-818b-ae170377d716";"EAID_2CBFE5D9_98CF_48c2_B012_8C47E8059937";"association-relationship";"association";"";"";"";"";"a353735d-326c-48fd-9f74-0192ba6e414a";"EAID_D87012E0_D2EB_4333_AD6C_1E43E6857304";"8cec89b8-6174-42ac-937f-9500bfb8901b";"EAID_FC488929_8721_402f_A073_1DFDB76A816E";"09072026-00:43:48"
"1348";"van";"van";"40df25dc-9e75-469e-98e7-62a1e7df7917";"EAID_59EC2AF5_43E6_49fd_94BD_9563BDDB5D8E";"association-relationship";"association";"";"";"";"";"ab96da46-ed16-412b-8022-4233ce20e311";"EAID_CB0A6B53_D263_459e_8C28_AD97E5552FFF";"126b246a-a292-49cb-a609-3ffa5898210e";"EAID_0EEAF579_3F47_4551_B9F9_7367280EB3EB";"09072026-00:43:48"
"1349";"van soort";"van soort";"";"EAID_12BB2067_E3D9_416f_B77E_857C1AC23F7E";"association-relationship";"association";"";"";"";"";"b9283c74-797a-4a79-83a7-ca5619ef8b1d";"EAID_A1C60F39_3074_4d1c_A37D_5F431F54DF92";"";"EAID_D77AB8CF_E4B1_49fd_BE78_FE358FF76F13";"09072026-00:43:48"
"1350";"vastlegging";"vastlegging";"";"EAID_4471950A_BB45_415e_8BD3_B6EAB33AA5CC";"association-relationship";"usage";"";"";"";"";"8d356375-d2fe-4939-8ed7-f1403fa8c96e";"EAID_E42A32F7_262F_4005_9EB9_4674B76E8825";"10eaa33f-03bf-42b4-9310-56add2cb5a7b";"EAID_5641C50A_C0FA_4e71_B07B_26C7B1CE94ED";"09072026-00:43:48"
"1351";"vastlegging";"vastlegging";"";"EAID_FECC6A70_6D99_4103_AC80_81549EEC578A";"association-relationship";"usage";"";"";"";"";"2f8612e6-df55-40f2-a8d1-e51b22b5cf9d";"EAID_2A0CC803_9017_4fad_99B5_9347623090F5";"10eaa33f-03bf-42b4-9310-56add2cb5a7b";"EAID_5641C50A_C0FA_4e71_B07B_26C7B1CE94ED";"09072026-00:43:48"
"1352";"vastlegging als contract";"vastlegging als contract";"";"EAID_C645E918_6257_4a72_A084_A3FF0D6F3D59";"association-relationship";"usage";"";"";"";"";"f96af00f-2933-42d0-aacf-58ccb4a0ef52";"EAID_9FBF9FB8_B28D_4733_8443_607B8498F446";"10eaa33f-03bf-42b4-9310-56add2cb5a7b";"EAID_5641C50A_C0FA_4e71_B07B_26C7B1CE94ED";"09072026-00:43:48"
"1353";"verantwoordelijk ouder";"verantwoordelijk ouder";"22009008-1470-4af6-929f-f6d20fb78a4c";"EAID_40A5CCFA_BC16_4bd5_BAE7_4DE44F139081";"association-relationship";"association";"";"";"";"";"341c4296-ac61-426e-b1d8-668052c53ea9";"EAID_90E49701_2A06_4669_9199_6FCFDFCA707A";"91982611-d658-4c52-8869-0bbf87b487d3";"EAID_51C8E3DF_FFF4_4a20_9CB2_AA5FA50579E2";"09072026-00:43:48"
"1354";"verantwoordelijk voor";"verantwoordelijk voor";"e1dbed87-23d5-4be4-87e3-193365156a0e";"EAID_01CEEBB3_B2BF_464b_9CB6_A92E0F454D7E";"association-relationship";"association";"";"";"";"";"3c8f512f-33ab-4e24-8ea4-820796359003";"EAID_8F1A719D_C89A_4194_8FF4_1F3E0F174D3D";"02f66265-00ae-418d-8d0e-dcbaf36652bb";"EAID_936A4E8B_3E5A_44b6_8A5D_EFB39F83FB6D";"09072026-00:43:48"
"1355";"verantwoordelijke";"verantwoordelijke";"85fe23d6-6778-4014-950e-dbfc07199a82";"EAID_2EE1E49A_814D_4f73_8F1B_D89646B57943";"association-relationship";"association";"";"";"";"";"6f0e6db2-3ca2-48db-a370-9aacdfcd4c29";"EAID_B18119D9_5BF8_498f_B9D3_ECCE7A770012";"20697824-84fa-412e-8ea6-aa68a474c016";"EAID_FB771E02_8FE3_496b_B99B_CF4A496A7B80";"09072026-00:43:48"
"1356";"verantwoordelijke ouder";"verantwoordelijke ouder";"5d14ea1a-06f5-4de9-8ab6-b7648920e861";"EAID_1B912C26_ACAD_49a8_B48D_1F1D8B8BFD26";"association-relationship";"association";"";"";"";"";"aa2cb2d9-8482-473c-a5bf-c042cb39352a";"EAID_697F1730_B439_4b35_8799_1B2E9AB04548";"91982611-d658-4c52-8869-0bbf87b487d3";"EAID_51C8E3DF_FFF4_4a20_9CB2_AA5FA50579E2";"09072026-00:43:48"
"1357";"verbalisant";"verbalisant";"73379ce0-5683-4c25-ab83-b18dc794fd74";"EAID_AA01203B_68F8_49c7_93A0_50AF6F0CA78B";"association-relationship";"association";"";"";"";"";"7aae6aa2-cf47-491b-a0c0-a311729edcbf";"EAID_90B2A249_8D88_4a14_979F_672223D98E8C";"44f31c7d-6347-4e52-a809-c48563f4b7f1";"EAID_E9AEF0A9_11BC_4d2a_BC48_FB77F04EF9A6";"09072026-00:43:48"
"1358";"verblijft";"verblijft";"";"EAID_903DDEF6_9B11_46cf_A9A9_5E1C880CDABB";"association-relationship";"association";"";"";"";"";"3991c605-2abb-4185-b7ce-1adf5966e3c7";"EAID_598F7015_C6B5_4eed_80A6_139B62324678";"";"EAID_40C9655E_15CF_4b46_8B59_FD8D4CBC57B5";"09072026-00:43:48"
"1359";"verblijft in";"verblijft in";"";"EAID_80A0C7E6_77B0_4254_8A97_BF3AD8E19B78";"association-relationship";"association";"";"";"";"";"";"EAID_E5E010C2_C1F3_4986_AA9A_C71C19263606";"";"EAID_461EFCF0_E65E_4c7c_B44D_8F36C36FDCE4";"09072026-00:43:48"
"1360";"verblijft in";"verblijft in";"";"EAID_2F24AEED_4335_4b62_A0CD_9543D77552F9";"association-relationship";"association";"";"Het VERBLIJFSOBJECT behorende bij het woonadres van de persoon";"";"";"";"EAID_E5E010C2_C1F3_4986_AA9A_C71C19263606";"67a1d348-4663-4a34-8b6a-06b3ea888a9d";"EAID_A33151CE_37B2_4026_B0AF_B541687B5B7C";"09072026-00:43:48"
"1361";"verblijft op";"verblijft op";"";"EAID_15D42869_F5AB_4ccc_8486_B9F524B213D8";"association-relationship";"association";"";"";"";"";"";"EAID_E5E010C2_C1F3_4986_AA9A_C71C19263606";"";"EAID_785E3B69_19DA_4952_84A8_592965B9229A";"09072026-00:43:48"
"1362";"verblijft op";"verblijft op";"";"EAID_31B0C577_141F_42d2_BBBC_F65B2262AC11";"association-relationship";"association";"";"";"";"";"";"EAID_E5E010C2_C1F3_4986_AA9A_C71C19263606";"";"EAID_86952BDA_ADF6_4ff0_B8C7_BA3AA889A40B";"09072026-00:43:48"
"1363";"verblijft op";"verblijft op";"";"EAID_4445E54E_3236_4e43_92CD_37AC15FB124E";"association-relationship";"association";"";"";"";"";"";"EAID_E5E010C2_C1F3_4986_AA9A_C71C19263606";"bedf86fb-8710-49fc-addb-e48a11b551ed";"EAID_24BDA4BA_CFCC_4e3f_8305_671F4ED7C502";"09072026-00:43:48"
"1364";"verblijft op";"verblijft op";"";"EAID_ED2066DB_E293_4345_84CC_06CCC46A2791";"association-relationship";"association";"";"De LIGPLAATS behorende bij het woonadres van de persoon";"";"";"";"EAID_E5E010C2_C1F3_4986_AA9A_C71C19263606";"";"EAID_F4978264_32A5_4e70_97A8_D142B64400A8";"09072026-00:43:48"
"1365";"verblijft op";"verblijft op";"";"EAID_3DFCCBD6_B0BB_4299_B67B_978A0FC90E27";"association-relationship";"association";"";"De STANDPLAATS behorende bij het woonadres van de persoon";"";"";"";"EAID_E5E010C2_C1F3_4986_AA9A_C71C19263606";"";"EAID_B1C6CA45_49C9_45f0_8B14_A721AD505C50";"09072026-00:43:48"
"1366";"verblijft op locatie in";"verblijft op locatie in";"";"EAID_6D6C36DB_48B6_474e_B234_25D02A6F8D33";"association-relationship";"association";"";"";"";"";"";"EAID_E5E010C2_C1F3_4986_AA9A_C71C19263606";"c063970e-27f6-45a2-88e8-0105dbbce716";"EAID_039AFF88_F5F7_4c1a_B7E4_1BDFC495F67A";"09072026-00:43:48"
"1367";"vereist";"vereist";"";"EAID_2558E477_D8F1_2A51_72DE_281C33039333";"aggregation-relationship";"aggregation";"";"";"";"";"";"EAID_022154F4_817D_0DFB_5FFC_281C33037384";"";"EAID_1DF6D7C4_6EAB_C011_5CD9_281C3303C38C";"09072026-00:43:48"
"1368";"vereist";"vereist";"";"EAID_03A2244B_2F36_4897_04D0_28C108AE2710";"aggregation-relationship";"aggregation";"";"";"";"";"";"EAID_07F494EF_DD9B_36A7_4EE0_281C33030C21";"";"EAID_20BA95B7_C12B_F23F_093F_281C3303B58A";"09072026-00:43:48"
"1369";"verificatie";"verificatie";"e755563e-2b9c-409c-90e0-1ae5e3c9d4c9";"EAID_E6B1D422_FC65_4238_A32E_048C78380023";"association-relationship";"association";"";"";"";"";"078d57f3-e8a0-485e-a175-c1b3de49eee0";"EAID_653EEEA7_ED82_427d_BD72_86C847793AD6";"ae658af8-46be-4d41-ba95-c5e24cec7598";"EAID_9E0936E5_6B50_4205_BA5D_FEB80486D6F1";"09072026-00:43:48"
"1370";"verleent";"verleent";"366a6afa-2771-4162-9832-ceccf26d2376";"EAID_9B0E9554_A8CB_482f_9F02_89D4F65902BF";"association-relationship";"association";"";"";"";"";"6cc6afe6-e4c6-4e2b-a359-f278b23700db";"EAID_16EB3936_03CB_4854_9CD8_9F0911EEA51B";"48bc7e60-2a17-4909-b475-b18938e79048";"EAID_2587938E_CF7F_499b_BB21_9CB8BBCC1DD2";"09072026-00:43:48"
"1371";"vermeld in";"vermeld in";"798c379d-b811-44d3-9b9b-9d1f3f0d5286";"EAID_21767452_C186_401e_B6FB_C672ACC15B19";"association-relationship";"association";"";"";"";"";"f94b299a-c9eb-4bdb-82e7-5752360494cd";"EAID_C29CCD49_04E2_44b4_A6B0_AD8B10552628";"654000c4-9d8b-4453-b3e8-4f77fb1b15a2";"EAID_3D2D5426_653C_485c_A99C_8AD933E76D78";"09072026-00:43:48"
"1372";"veroorzaakt";"veroorzaakt";"";"EAID_BD34FCA6_9EAA_43fd_857F_33D4D8E10654";"association-relationship";"association";"";"";"";"";"2a859087-fe7f-412a-b057-bf1e3f249a4c";"EAID_DAF09055_A5A6_4ff4_A158_21B20567B296";"";"EAID_167FF4C9_6B66_EEDA_5189_262C4A139258";"09072026-00:43:48"
"1373";"verplicht tot";"verplicht tot";"048dabd1-3482-4c98-a1b0-4aa6a1e86e64";"EAID_D132F25A_C05F_4fda_B479_54E808DC2D78";"association-relationship";"association";"";"";"";"";"4e149a77-4fcc-4f4a-ac18-b6655848b5c1";"EAID_30D5F6E6_DE8D_46b6_AC8A_6CA1391ADFF7";"5bd99108-61d6-4b8f-ab84-dd16011d10db";"EAID_053B594A_5E45_4413_9339_D2D026ECCE20";"09072026-00:43:48"
"1374";"verplichting aan";"verplichting aan";"61e7af95-1437-4af9-8038-7a3c7d45372b";"EAID_4F3749A3_9564_4f68_B9AB_FF9F3BDFCC9D";"association-relationship";"association";"";"";"";"";"ede48ca8-4854-44b2-b549-0827bebf56ab";"EAID_A91E9C27_C4FA_4e1b_A4FF_8AE74ED9B7EB";"113af80a-7e3e-41f6-8f79-8d0d48c4c257";"EAID_EA7FE08E_34F7_45d2_BE2E_E4E3B8333BF3";"09072026-00:43:48"
"1375";"verstrekker";"verstrekker";"e3e13921-59aa-4116-85c3-b3c637f2d66e";"EAID_797A10EE_8097_4c6c_9BD9_FEECB4DEE86C";"association-relationship";"association";"";"";"";"";"1fe5c807-e9a7-4f44-a2b6-816341875d6e";"EAID_FD701A55_6865_44aa_9A73_C46E02481796";"cad45b80-14d3-4a0c-a906-0c1614dc9570";"EAID_9DF5AC43_3673_4b9a_BB5E_6DCA7BE28835";"09072026-00:43:48"
"1376";"versturen aan";"versturen aan";"b1b5c6cc-02a2-4dc0-a60f-b1c3d284fd14";"EAID_B8349E63_0501_4706_92CB_33056A09E646";"association-relationship";"association";"";"";"";"";"e2fc8a77-696d-4f3d-9fe3-9f7611ca70ae";"EAID_48BCF2C2_609C_4e4c_991E_8BDA80E0C7C7";"baedc106-49fc-4fdc-9af2-cd5116319468";"EAID_C73389B7_7BCD_4496_888B_6ABEE9DE01FB";"09072026-00:43:48"
"1377";"vervoerder";"vervoerder";"8110cb5d-05a1-4b9b-bb4b-76597151ae09";"EAID_EEB8F903_7B09_4df8_B1A2_7E28DD02269F";"association-relationship";"association";"";"";"";"";"3f048a6b-523c-4e8e-a581-0fcc089f1ec6";"EAID_81870665_768C_4fb2_8A4F_A9CB7989C884";"d3538832-c621-464d-adc3-3fdf7c6745af";"EAID_613E192A_D0F2_4e67_BE73_51C09197EE3D";"09072026-00:43:48"
"1378";"verwijst";"verwijst";"";"EAID_8E8DA387_26C8_4a71_BC2C_6DC5FA6F6C8B";"association-relationship";"association";"";"";"";"";"";"EAID_107E216A_17F2_DFCA_EAFE_263C7FFC912E";"2a859087-fe7f-412a-b057-bf1e3f249a4c";"EAID_DAF09055_A5A6_4ff4_A158_21B20567B296";"09072026-00:43:48"
"1379";"verwijst naar";"verwijst naar";"d993e1f8-350c-4b17-a7ec-fc4cbf18419d";"EAID_ECEFCF19_B735_4e84_A480_F63B7890E038";"association-relationship";"association";"";"";"";"";"f5de1e41-5207-4d9e-a4f8-7889b5c1e2b1";"EAID_05B355EF_39EA_4bfb_B1F3_AB31841C986E";"7866576d-8cb5-495b-a2f4-2b56393ee7b5";"EAID_E060DC30_E4F2_4794_A16E_7207032E250";"09072026-00:43:48"
"1380";"verwijst naar";"verwijst naar";"6df0c159-9d0a-45e4-85f4-f0b58cf92e51";"EAID_D87D2273_95F5_41bd_A11A_2EB5E4686B22";"association-relationship";"association";"";"";"";"";"8ffff080-afa5-43cf-a1dc-1ab2052f20ac";"EAID_503BD06E_E063_46f2_8B43_BF75A143D6C4";"f1220c91-e576-4a25-9cdb-0a2b991ae362";"EAID_79284529_B817_4e3f_BE51_AEAFC60BDE44";"09072026-00:43:48"
"1381";"verwijst naar";"verwijst naar";"b356984d-2ada-4bd3-bc5f-6c84cb671cf0";"EAID_42CA7FC6_306E_47b1_9490_3A13CA9CAC3F";"association-relationship";"association";"";"";"";"";"403c547f-8d7e-4235-99d9-d155063c6085";"EAID_32A22BC6_89EC_44af_8D7D_79B12311AE2D";"9155e64f-138f-4269-bd68-46f217cb33c3";"EAID_0B3F8A89_F21E_4bea_9620_8D6713AB632C";"09072026-00:43:48"
"1382";"verwijst naar";"verwijst naar";"";"EAID_D0DBDEA3_0F2F_4648_87A6_307E6AED9561";"association-relationship";"association";"";"";"";"";"";"EAID_C14C1D0E_2EE3_4d79_B7AB_BC0B7686FEF4";"f152bdf8-bd60-4c88-b739-e3091afdbf7a";"EAID_32A22BC6_89EC_44af_8D7D_79B12311AE2D";"09072026-00:43:48"
"1383";"verwijst naar";"verwijst naar";"";"EAID_32FA776A_90D3_48ea_9638_FB8AECBEDF16";"association-relationship";"association";"";"";"";"";"";"EAID_C14C1D0E_2EE3_4d79_B7AB_BC0B7686FEF4";"403c547f-8d7e-4235-99d9-d155063c6085";"EAID_31A87864_6CE0_4e93_A493_ECD0FBDD4461";"09072026-00:43:48"
"1384";"verzondenDoor";"verzondenDoor";"";"EAID_5CCE8C02_FBA7_405f_A9F1_4DF3182B7437";"association-relationship";"association";"";"";"";"";"";"EAID_C6DA2586_C0E3_4868_93E8_64AF6D118092";"";"EAID_3643CF44_EFAA_4939_9AEB_ACA8D8EE11F9";"09072026-00:43:48"
"1385";"vindbaar op";"vindbaar op";"5a6d8a55-8678-4efb-b6fa-c88d0eb6e4ff";"EAID_44E14266_7033_40f1_AC08_6F9BF5ED5C00";"association-relationship";"association";"";"";"";"";"7f936c4f-360e-47a3-a558-1682d8cfbf1a";"EAID_2C230EE7_036D_48be_B82A_FF45598170F7";"b46a7928-928b-4ad4-9c27-f3d112073ea0";"EAID_F954FB72_AE88_4a0e_A3D8_555FCF8D9C9F";"09072026-00:43:48"
"1386";"voert traject uit";"voert traject uit";"";"EAID_E36947B7_16A4_4050_9C67_3AAAB2A2D21A";"association-relationship";"association";"";"";"";"";"";"EAID_A947042E_7CA6_44f8_902A_1C1185A391F6";"id-839017b2-0f95-42d0-ab2b-e873636340da";"EAID_839017B2_0F95_42d0_AB2B_E873636340DA";"09072026-00:43:48"
"1387";"voert uit";"voert uit";"4d62a62a-b2d1-47b5-8e58-8e06a64b707e";"EAID_4C32F102_6FF6_4f9a_A48F_9336CD363A79";"association-relationship";"association";"";"";"";"";"6cc6afe6-e4c6-4e2b-a359-f278b23700db";"EAID_16EB3936_03CB_4854_9CD8_9F0911EEA51B";"0a945e86-b4f2-45b2-855f-ed9fd0b4dca1";"EAID_B011D584_1E66_4a21_A9C4_C922A8763AB2";"09072026-00:43:48"
"1388";"voert werk uit conform";"voert werk uit conform";"42dc4006-2aa2-422b-a4e1-be656f553861";"EAID_BE21C646_CB3B_4d16_A3E0_F856269AE2A1";"association-relationship";"association";"";"";"";"";"113af80a-7e3e-41f6-8f79-8d0d48c4c257";"EAID_EA7FE08E_34F7_45d2_BE2E_E4E3B8333BF3";"a13ea500-9135-4985-a718-c56240860c46";"EAID_C5AA8835_219D_4bfa_85EF_8BA45F732BCD";"09072026-00:43:48"
"1389";"volgens";"volgens";"";"EAID_5D16A414_E379_4c92_8D49_24D7B0D2BE18";"association-relationship";"association";"";"";"";"";"";"EAID_B825D33A_6DCE_4263_A031_E6E92C4EE86B";"8d6c2c57-1e18-4257-a894-5f5d751279ea";"EAID_73090FF8_12FD_471e_80FD_DBFB2FF97D7B";"09072026-00:43:48"
"1390";"volgens";"volgens";"d0a453e3-5cfe-4866-88fe-6c337f663e0c";"EAID_27329A36_5B92_44c6_8A47_EE43404FD628";"association-relationship";"association";"";"";"";"";"892c2a19-8066-404b-8a04-268f9497dd1c";"EAID_832DA9A0_0E64_4d41_8266_38418B095919";"024bb42f-38cf-42ba-859d-184221eff16c";"EAID_55A58838_3877_4e76_B5BF_26C68FAD463D";"09072026-00:43:48"
"1391";"voor";"voor";"ae0e17d0-d446-4578-be74-c5cd6b2f41c5";"EAID_6941BFAC_0A5F_49b1_92B2_0AD5EF8F7D88";"association-relationship";"association";"";"";"";"";"6c992a39-ca0b-4d4c-b749-fe8167af540d";"EAID_2F2A3590_9B34_4ec5_B0AE_B487ED241155";"7b7d7585-b081-4bcc-a39e-cf6b3803799a";"EAID_369E453B_4C3A_48dc_9619_C36232B339D9";"09072026-00:43:48"
"1392";"voor";"voor";"";"EAID_40558423_3CC2_455c_A9DD_AC4F8CAA30D3";"association-relationship";"association";"";"";"";"";"";"EAID_D9FAEFEC_2B8E_48dc_A1E8_E134754E9943";"b0cd75ba-28f2-4950-bb79-6ceb662eb6fa";"EAID_EE5472C2_193E_4432_B175_78D6DF1D357B";"09072026-00:43:48"
"1393";"voor";"voor";"b454f3a8-7ce2-4e4a-babd-fa7114cdfec9";"EAID_E2DB2551_BF37_4cf6_AAFB_7E4C84455BDD";"association-relationship";"association";"";"";"";"";"baedc106-49fc-4fdc-9af2-cd5116319468";"EAID_C73389B7_7BCD_4496_888B_6ABEE9DE01FB";"04bc18ef-7530-4fd3-82e4-2503e9229bbe";"EAID_3B84D5F0_FCA3_47a5_B90C_F0834DAD6EBD";"09072026-00:43:48"
"1394";"voor";"voor";"";"EAID_AC9BCED2_3C4A_40b8_A069_97B0D868A302";"association-relationship";"association";"";"";"";"";"04bc18ef-7530-4fd3-82e4-2503e9229bbe";"EAID_3B84D5F0_FCA3_47a5_B90C_F0834DAD6EBD";"";"EAID_43EF5733_B976_4f21_9906_5349FD861BB5";"09072026-00:43:48"
"1395";"voor";"voor";"61e0b5e3-3c38-4b2d-b81b-09066a081294";"EAID_6144A16A_F809_4685_BE15_3E8645BAD2DB";"association-relationship";"association";"";"";"";"";"3410d2a0-c0ff-4984-a083-a1b27c374178";"EAID_2EE54C3D_0D8B_440e_A4A4_031273313901";"7be642b3-e95f-4f1a-9415-d95c38346e9f";"EAID_069C9894_5E07_4c95_AC28_EB4A5EBFD165";"09072026-00:43:48"
"1396";"voorziening";"voorziening";"395e3639-898a-4df7-8ec2-aa74cc19c141";"EAID_986099D4_182A_4e44_8E8E_4975940E3376";"association-relationship";"association";"";"";"";"";"cc667191-bb35-45a0-a231-504b663b70f1";"EAID_F0CE97B6_3004_4424_A0AA_5034BC0144D1";"8ffe8caf-2af7-47e5-acc5-c4e6fd5f38b1";"EAID_EAAF2F59_6BC0_4243_B126_A8E604B32C5E";"09072026-00:43:48"
"1397";"vraagt aan";"vraagt aan";"9e564112-6987-4a30-b773-37f70532451f";"EAID_7CD3D99F_7481_4f29_A83F_B4BBCA24C6C0";"association-relationship";"association";"";"";"";"";"6cc6afe6-e4c6-4e2b-a359-f278b23700db";"EAID_16EB3936_03CB_4854_9CD8_9F0911EEA51B";"8d9233d7-dfb9-4b87-bab2-61631a632f95";"EAID_33E5EA10_F43A_4966_B9C1_875F0E2C1B52";"09072026-00:43:48"
"1398";"vrijstelling voor";"vrijstelling voor";"";"EAID_4A22D6DF_64B2_464e_9C4D_FED046CC57E0";"association-relationship";"association";"";"";"";"";"";"EAID_C31D4A7E_1F25_4b85_B49C_AEC45EB3DB54";"";"EAID_D41DCE2D_4AD5_45b8_9527_EC416F4A4CC7";"09072026-00:43:48"
"1399";"werkingsgebied";"werkingsgebied";"";"EAID_85D7732A_FD1F_428f_8293_CC41E211B76E";"association-relationship";"association";"";"";"";"";"";"EAID_A744FAF8_16B7_4e5d_9C10_203AA8E7C440";"";"EAID_A744FAF8_16B7_4e5d_9C10_203AA8E7C440";"09072026-00:43:48"
"1400";"werkingsgebied";"werkingsgebied";"";"EAID_E3CEF419_1FFF_41d2_A37B_30A3788D6FFB";"association-relationship";"association";"";"";"";"";"";"EAID_A744FAF8_16B7_4e5d_9C10_203AA8E7C440";"f1220c91-e576-4a25-9cdb-0a2b991ae362";"EAID_79284529_B817_4e3f_BE51_AEAFC60BDE44";"09072026-00:43:48"
"1401";"werkingsgebied";"werkingsgebied";"daeae9b2-1454-41db-a6d2-791b124ff7b1";"EAID_A05AFA08_D35E_4e53_A353_272267025927";"association-relationship";"association";"";"";"";"";"6f20ada6-28e9-4358-9b66-1575021ee431";"EAID_DDFF98D8_99FF_47b5_82D1_7FF2376750D6";"f1220c91-e576-4a25-9cdb-0a2b991ae362";"EAID_79284529_B817_4e3f_BE51_AEAFC60BDE44";"09072026-00:43:48"
"1402";"werkt bij";"werkt bij";"ab3f8845-b261-46a2-b018-7778e426c8e9";"EAID_DBA162E4_7D2A_4e48_A76A_C23731E1E35E";"association-relationship";"association";"";"";"";"";"6cc6afe6-e4c6-4e2b-a359-f278b23700db";"EAID_16EB3936_03CB_4854_9CD8_9F0911EEA51B";"b102f55a-581c-40da-836c-9ce8bdaba245";"EAID_1B3A22D3_E2BA_440a_A2FD_B3D322FB1171";"09072026-00:43:48"
"1403";"wordt begrensd door";"wordt begrensd door";"e20f27be-e5d0-4f30-a809-62909ad932e4";"EAID_7C1BBED5_4316_433a_A13D_CB353DB9B13C";"association-relationship";"association";"";"";"";"";"8d356375-d2fe-4939-8ed7-f1403fa8c96e";"EAID_E42A32F7_262F_4005_9EB9_4674B76E8825";"ede94eee-d934-40f8-adcc-dc4b1703d333";"EAID_F25EE5A8_2CF4_498b_8DAD_8EEE48FAF3A5";"09072026-00:43:48"
"1404";"wordt behandeld in";"wordt behandeld in";"b3885523-3cd0-44b1-8959-4169058f7388";"EAID_AA12C031_2ED2_4fde_911F_CFE585E81CB0";"association-relationship";"association";"";"";"";"";"378dab8d-1135-40b8-9ed5-3591a89c75c2";"EAID_440219A4_C64B_4eac_ADE5_E79ED6AA9BFE";"ea768404-3043-48bc-b0dc-143abc8806d6";"EAID_257F4ABF_7CCD_453f_B2E8_5A6434383A9B";"09072026-00:43:48"
"1405";"wordt beschreven";"wordt beschreven";"";"EAID_3CABDAAA_CBFF_4baf_83F5_E5EDAEFA5A8F";"association-relationship";"association";"";"";"";"";"b4652813-e293-416c-9ff0-c254fcd6fd83";"EAID_7A080605_07C5_4947_9B35_BC6EBE2041FA";"";"EAID_C45E0D5D_3B2F_40a7_B12C_B6E910C516FA";"09072026-00:43:48"
"1406";"wordt gegeven door";"wordt gegeven door";"f7749eff-2211-4d8f-b936-923dbf060e4f";"EAID_276851B1_EF8E_4e97_ABD2_AAB5A18AC50F";"association-relationship";"association";"";"";"";"";"affa85b2-1e80-4642-bb30-335dd9677094";"EAID_E07D60DE_CD26_4cef_A18B_6F72CC76C1B6";"85452d63-8236-431f-9dde-cebfc88112b0";"EAID_59F3063A_13A6_4cbc_A387_045A6B126746";"09072026-00:43:48"
"1407";"wordt geschreven op";"wordt geschreven op";"e647d0d1-6a6e-4d7f-bb49-18fa8accee8a";"EAID_BB1A104B_5484_454b_AE35_AA96D5BBAE72";"association-relationship";"association";"";"";"";"";"ede48ca8-4854-44b2-b549-0827bebf56ab";"EAID_A91E9C27_C4FA_4e1b_A4FF_8AE74ED9B7EB";"126b246a-a292-49cb-a609-3ffa5898210e";"EAID_0EEAF579_3F47_4551_B9F9_7367280EB3EB";"09072026-00:43:48"
"1408";"zit in";"zit in";"";"EAID_09CA27B3_BF50_45a5_8708_65E789BB518C";"association-relationship";"association";"";"";"";"";"b46a7928-928b-4ad4-9c27-f3d112073ea0";"EAID_F954FB72_AE88_4a0e_A3D8_555FCF8D9C9F";"";"EAID_703CAFCF_FDC0_4861_AA76_1692303DE7BE";"09072026-00:43:48"
"1409";"zit in";"zit in";"";"EAID_919B5B41_AEC2_4f84_B1E9_65741BF8C493";"association-relationship";"association";"";"";"";"";"7f936c4f-360e-47a3-a558-1682d8cfbf1a";"EAID_2C230EE7_036D_48be_B82A_FF45598170F7";"";"EAID_703CAFCF_FDC0_4861_AA76_1692303DE7BE";"09072026-00:43:48"
"1410";"zonder verblijfsobject ligt in";"zonder verblijfsobject ligt in";"63fa5430-926d-4fe3-9cb3-db2a3cb8ab94";"EAID_DD1F44A8_B55B_40e6_A5CB_CC8555D9635D";"association-relationship";"association";"De BUURT waarin het PAND gelegen is waarbinnen zich geen verblijfsobjecten bevinden.";"De BUURT waarin het PAND gelegen is waarbinnen zich geen verblijfsobjecten bevinden.";"<memo>";"";"1affb298-091d-452a-83bd-29638650afb5";"EAID_11595AD8_CE67_40dd_BDA9_489DC7D244ED";"8772e7a6-24c8-454f-ab54-7d12c1849e97";"EAID_38649FF6_88C6_437d_AF8E_A9023D55E16C";"09072026-00:43:48"
"1411";"zonder verblijfsobject ligt in";"zonder verblijfsobject ligt in";"";"EAID_8C85AD33_E957_4c18_AC13_770D41B51F57";"association-relationship";"association";"";"";"";"";"bcdc30f3-c919-4d3a-b768-b62da7bc755e";"EAID_11595AD8_CE67_40dd_BDA9_489DC7D244ED";"8772e7a6-24c8-454f-ab54-7d12c1849e97";"EAID_67CC2144_6B88_433c_853D_07379C66D6CF";"09072026-00:43:48"
