"diagram_guid";"diagram_naam";"element_guid";"element_naam";"element_uml_type";"beleidsdomein_guid";"beleidsdomein_naam";"taakveld"
"EAID_1870EA6A_B28E_464d_BF23_0BAC5C950999";"(Zaak)objecten";"EAID_6FB0A5B7_7B5F_437f_A462_4B1EADB964E4";"Huishouden";"Class";"EAPK_DF1A3AF5_E138_4f54_AAB1_1716247A2F1D";"RGBZPlus";"99 Kern"
"EAID_1870EA6A_B28E_464d_BF23_0BAC5C950999";"(Zaak)objecten";"EAID_CA19D17F_3EB7_459d_9883_16F0C0B5D35E";"Ingezetene";"Class";"EAPK_DF1A3AF5_E138_4f54_AAB1_1716247A2F1D";"RGBZPlus";"99 Kern"
"EAID_1870EA6A_B28E_464d_BF23_0BAC5C950999";"(Zaak)objecten";"EAID_91F9D39E_0322_42c6_AE7F_5027B36F3EC3";"Object";"Class";"EAPK_DF1A3AF5_E138_4f54_AAB1_1716247A2F1D";"RGBZPlus";"99 Kern"
"EAID_1870EA6A_B28E_464d_BF23_0BAC5C950999";"(Zaak)objecten";"EAID_1C092D44_571B_4903_BE7C_274931EB1A80";"RSGB";"Class";"EAPK_DF1A3AF5_E138_4f54_AAB1_1716247A2F1D";"RGBZPlus";"99 Kern"
"EAID_79A12E83_7204_4e76_9EFF_DE43AB9C5CF5";"AANDUIDING ADRES OBJECT";"EAID_32A22BC6_89EC_44af_8D7D_79B12311AE2D";"Nummeraanduiding";"Class";"EAPK_58A5214F_E56C_4707_BE2D_AB36DD6976A3";"RSGBPlus";"99 Kern"
"EAID_79A12E83_7204_4e76_9EFF_DE43AB9C5CF5";"AANDUIDING ADRES OBJECT";"EAID_DF81069D_CBE4_433e_AB7C_CB06170275C9";"LocatieaanduidingAdresWOZObject";"Class";"EAPK_58A5214F_E56C_4707_BE2D_AB36DD6976A3";"RSGBPlus";"99 Kern"
"EAID_79A12E83_7204_4e76_9EFF_DE43AB9C5CF5";"AANDUIDING ADRES OBJECT";"EAID_CB7BA76D_0793_4d5a_9596_533C5BC56BBF";"WOZ-object";"Class";"EAPK_58A5214F_E56C_4707_BE2D_AB36DD6976A3";"RSGBPlus";"99 Kern"
"EAID_5AEC36BA_4A41_469d_948F_1F161CE8C49B";"AANDUIDING LIGGING OBJECT";"EAID_BFE30E32_8CB9_4272_A559_9FB3FD74DACC";"OpenbareRuimte";"Class";"EAPK_58A5214F_E56C_4707_BE2D_AB36DD6976A3";"RSGBPlus";"99 Kern"
"EAID_5AEC36BA_4A41_469d_948F_1F161CE8C49B";"AANDUIDING LIGGING OBJECT";"EAID_CB7BA76D_0793_4d5a_9596_533C5BC56BBF";"WOZ-object";"Class";"EAPK_58A5214F_E56C_4707_BE2D_AB36DD6976A3";"RSGBPlus";"99 Kern"
"EAID_FF57C1EA_0D27_4c30_A22A_F558746A1B42";"AANDUIDING LOCATIE OVERIG GEBOUWD OBJECT";"EAID_8A04280B_E0B4_4e36_B448_C99750393D0D";"AdresseerbaarObject";"Class";"EAPK_58A5214F_E56C_4707_BE2D_AB36DD6976A3";"RSGBPlus";"99 Kern"
"EAID_FF57C1EA_0D27_4c30_A22A_F558746A1B42";"AANDUIDING LOCATIE OVERIG GEBOUWD OBJECT";"EAID_7CDF37D9_26D7_46a5_9CF3_392601BDCECA";"OverigGebouwdObject";"Class";"EAPK_58A5214F_E56C_4707_BE2D_AB36DD6976A3";"RSGBPlus";"99 Kern"
"EAID_EB829228_B970_4bc9_A9B4_5E88B9EF07D3";"ADRESSEERBAAR OBJECT AANDUIDING";"EAID_38649FF6_88C6_437d_AF8E_A9023D55E16C";"Buurt";"Class";"EAPK_58A5214F_E56C_4707_BE2D_AB36DD6976A3";"RSGBPlus";"99 Kern"
"EAID_EB829228_B970_4bc9_A9B4_5E88B9EF07D3";"ADRESSEERBAAR OBJECT AANDUIDING";"EAID_BFE30E32_8CB9_4272_A559_9FB3FD74DACC";"OpenbareRuimte";"Class";"EAPK_58A5214F_E56C_4707_BE2D_AB36DD6976A3";"RSGBPlus";"99 Kern"
"EAID_EB829228_B970_4bc9_A9B4_5E88B9EF07D3";"ADRESSEERBAAR OBJECT AANDUIDING";"EAID_24BDA4BA_CFCC_4e3f_8305_671F4ED7C502";"Woonplaats";"Class";"EAPK_58A5214F_E56C_4707_BE2D_AB36DD6976A3";"RSGBPlus";"99 Kern"
"EAID_EB829228_B970_4bc9_A9B4_5E88B9EF07D3";"ADRESSEERBAAR OBJECT AANDUIDING";"EAID_32A22BC6_89EC_44af_8D7D_79B12311AE2D";"Nummeraanduiding";"Class";"EAPK_58A5214F_E56C_4707_BE2D_AB36DD6976A3";"RSGBPlus";"99 Kern"
"EAID_EB829228_B970_4bc9_A9B4_5E88B9EF07D3";"ADRESSEERBAAR OBJECT AANDUIDING";"EAID_8A04280B_E0B4_4e36_B448_C99750393D0D";"AdresseerbaarObject";"Class";"EAPK_58A5214F_E56C_4707_BE2D_AB36DD6976A3";"RSGBPlus";"99 Kern"
"EAID_EB829228_B970_4bc9_A9B4_5E88B9EF07D3";"ADRESSEERBAAR OBJECT AANDUIDING";"EAID_B60B8EF9_D1C0_4e36_BF9B_1C16F92518DD";"Vestiging";"Class";"EAPK_58A5214F_E56C_4707_BE2D_AB36DD6976A3";"RSGBPlus";"99 Kern"
"EAID_EB829228_B970_4bc9_A9B4_5E88B9EF07D3";"ADRESSEERBAAR OBJECT AANDUIDING";"EAID_CB7BA76D_0793_4d5a_9596_533C5BC56BBF";"WOZ-object";"Class";"EAPK_58A5214F_E56C_4707_BE2D_AB36DD6976A3";"RSGBPlus";"99 Kern"
"EAID_EB829228_B970_4bc9_A9B4_5E88B9EF07D3";"ADRESSEERBAAR OBJECT AANDUIDING";"EAID_7B33EB93_BAD8_4b36_90A1_B3909415EDC3";"OverigeAdresseerbaarObjectAanduiding";"Class";"EAPK_58A5214F_E56C_4707_BE2D_AB36DD6976A3";"RSGBPlus";"99 Kern"
"EAID_EB829228_B970_4bc9_A9B4_5E88B9EF07D3";"ADRESSEERBAAR OBJECT AANDUIDING";"EAID_DF81069D_CBE4_433e_AB7C_CB06170275C9";"LocatieaanduidingAdresWOZObject";"Class";"EAPK_58A5214F_E56C_4707_BE2D_AB36DD6976A3";"RSGBPlus";"99 Kern"
"EAID_0C767444_9817_4d3b_90CB_92D82729A6F9";"APPARTEMENTRECHTSPLITSING";"EAID_6D64D2BB_B7FF_4771_B12F_F97458E8447F";"typeringAppartementsrechtsplitsing";"Enumeration";"EAPK_58A5214F_E56C_4707_BE2D_AB36DD6976A3";"RSGBPlus";"99 Kern"
"EAID_0C767444_9817_4d3b_90CB_92D82729A6F9";"APPARTEMENTRECHTSPLITSING";"EAID_C97E674B_BCBC_45e8_B60C_1E0C7954D751";"SplitsingstekeningReferentie";"Class";"EAPK_58A5214F_E56C_4707_BE2D_AB36DD6976A3";"RSGBPlus";"99 Kern"
"EAID_0C767444_9817_4d3b_90CB_92D82729A6F9";"APPARTEMENTRECHTSPLITSING";"EAID_3D5CCB29_91E4_458e_8BCD_6741198E45B8";"NietNatuurlijkPersoon";"Class";"EAPK_58A5214F_E56C_4707_BE2D_AB36DD6976A3";"RSGBPlus";"99 Kern"
"EAID_0C767444_9817_4d3b_90CB_92D82729A6F9";"APPARTEMENTRECHTSPLITSING";"EAID_8C809341_AC60_4378_8BA0_0843E8C06AF3";"ZakelijkRecht";"Class";"EAPK_58A5214F_E56C_4707_BE2D_AB36DD6976A3";"RSGBPlus";"99 Kern"
"EAID_0C767444_9817_4d3b_90CB_92D82729A6F9";"APPARTEMENTRECHTSPLITSING";"EAID_C1542AC8_2F3C_4e62_ADFA_A9FB3358DAB1";"Appartementsrechtsplitsing";"Class";"EAPK_58A5214F_E56C_4707_BE2D_AB36DD6976A3";"RSGBPlus";"99 Kern"
"EAID_AD6E225D_4EB7_4f41_8417_20125A0714D0";"ARK codes kadastrale gemeenten referenties";"EAID_6BA8DD14_1CC9_4669_BDCC_856B5C628D6B";"AkrKadastraleGemeentecode";"Class";"EAPK_58A5214F_E56C_4707_BE2D_AB36DD6976A3";"RSGBPlus";"99 Kern"
"EAID_196C3C10_4FCF_4342_B4EC_B5524AAA26F8";"Aanduiding verblijfsrecht";"EAID_0DC6F150_CF59_4376_A5F0_E0B600BE4C53";"VerblijfsrechtIngeschrevenNatuurlijkPersoon";"Class";"EAPK_58A5214F_E56C_4707_BE2D_AB36DD6976A3";"RSGBPlus";"99 Kern"
"EAID_196C3C10_4FCF_4342_B4EC_B5524AAA26F8";"Aanduiding verblijfsrecht";"EAID_EBE4A0C9_9281_4750_8E70_AF70A549CD6B";"AanduidingVerblijfsrecht";"Class";"EAPK_58A5214F_E56C_4707_BE2D_AB36DD6976A3";"RSGBPlus";"99 Kern"
"EAID_5F3782EB_C416_461c_A9FA_40991A7F0165";"AanvraagOfMelding";"EAID_71D7E96D_641A_4b6a_A325_DED07C3B5836";"Beschikking";"Class";"EAPK_189DA897_DDC8_4956_B8E3_5E04D3E1AEA3";"Generiek Jeugd en Wmo";"6 Sociaal Domein"
"EAID_5F3782EB_C416_461c_A9FA_40991A7F0165";"AanvraagOfMelding";"EAID_DAF09055_A5A6_4ff4_A158_21B20567B296";"Client";"Class";"EAPK_189DA897_DDC8_4956_B8E3_5E04D3E1AEA3";"Generiek Jeugd en Wmo";"6 Sociaal Domein"
"EAID_5F3782EB_C416_461c_A9FA_40991A7F0165";"AanvraagOfMelding";"EAID_BE7C28C6_0922_4c6a_A953_3D598D991AB5";"AOM_AanvraagWmoJeugd";"Class";"EAPK_189DA897_DDC8_4956_B8E3_5E04D3E1AEA3";"Generiek Jeugd en Wmo";"6 Sociaal Domein"
"EAID_5F3782EB_C416_461c_A9FA_40991A7F0165";"AanvraagOfMelding";"EAID_0FA25A4F_DF7F_4feb_9460_19D054E874F8";"AOMMeldingWmoJeugd";"Class";"EAPK_189DA897_DDC8_4956_B8E3_5E04D3E1AEA3";"Generiek Jeugd en Wmo";"6 Sociaal Domein"
"EAID_5F3782EB_C416_461c_A9FA_40991A7F0165";"AanvraagOfMelding";"EAID_8E6BAEF8_1878_400f_9244_23575BD41EAB";"AanvraagOfMelding";"Class";"EAPK_189DA897_DDC8_4956_B8E3_5E04D3E1AEA3";"Generiek Jeugd en Wmo";"6 Sociaal Domein"
"EAID_156D28EA_3C4E_4849_B6FA_2BCE262950C0";"Aard aantekeningen";"EAID_BE0C0747_E9CD_4ae1_A83C_94A724513C7B";"AardAantekening";"Class";"EAPK_58A5214F_E56C_4707_BE2D_AB36DD6976A3";"RSGBPlus";"99 Kern"
"EAID_211D2BB4_1BE7_4d67_91E2_436C5781FB66";"Aard zakelijke rechten referenties";"EAID_AC4F4A9C_1623_4447_9813_0722CDD58E66";"AardZakelijkRecht";"Class";"EAPK_58A5214F_E56C_4707_BE2D_AB36DD6976A3";"RSGBPlus";"99 Kern"
"EAID_211D2BB4_1BE7_4d67_91E2_436C5781FB66";"Aard zakelijke rechten referenties";"EAID_8C809341_AC60_4378_8BA0_0843E8C06AF3";"ZakelijkRecht";"Class";"EAPK_58A5214F_E56C_4707_BE2D_AB36DD6976A3";"RSGBPlus";"99 Kern"
"EAID_1279615F_663B_4c7f_BDF3_CD1DA37A87BC";"Adresseerbare Objecten";"EAID_32A22BC6_89EC_44af_8D7D_79B12311AE2D";"Nummeraanduiding";"Class";"EAPK_C3BA35EC_ABFA_4a7d_BEE9_07FF7563442D";"Beheer Openbare Ruimte";"8 Volkshuisvesting, Leefomgeving en Stedelijke Vernieuwing"
"EAID_1279615F_663B_4c7f_BDF3_CD1DA37A87BC";"Adresseerbare Objecten";"EAID_8A04280B_E0B4_4e36_B448_C99750393D0D";"AdresseerbaarObject";"Class";"EAPK_C3BA35EC_ABFA_4a7d_BEE9_07FF7563442D";"Beheer Openbare Ruimte";"8 Volkshuisvesting, Leefomgeving en Stedelijke Vernieuwing"
"EAID_1279615F_663B_4c7f_BDF3_CD1DA37A87BC";"Adresseerbare Objecten";"EAID_7B33EB93_BAD8_4b36_90A1_B3909415EDC3";"OverigeAdresseerbaarObjectAanduiding";"Class";"EAPK_C3BA35EC_ABFA_4a7d_BEE9_07FF7563442D";"Beheer Openbare Ruimte";"8 Volkshuisvesting, Leefomgeving en Stedelijke Vernieuwing"
"EAID_282A4979_0BBC_4448_B71C_0CE64829083B";"Afspraken en Klantcontacten";"EAID_48FE13A9_2204_4631_BAEE_E2D3B10E9A2D";"Telefoononderwerp";"Class";"EAPK_5CA50A0D_7FDC_40ea_B3F3_F85E008D3549";"10 Dienstverlening";"10 Dienstverlening"
"EAID_282A4979_0BBC_4448_B71C_0CE64829083B";"Afspraken en Klantcontacten";"EAID_D8A82A45_03C3_44d5_AF32_3138A55B2E75";"Telefoonstatus";"Class";"EAPK_5CA50A0D_7FDC_40ea_B3F3_F85E008D3549";"10 Dienstverlening";"10 Dienstverlening"
"EAID_282A4979_0BBC_4448_B71C_0CE64829083B";"Afspraken en Klantcontacten";"EAID_EEB60E10_C244_4176_AB68_F0E30759269F";"Telefoontje";"Class";"EAPK_5CA50A0D_7FDC_40ea_B3F3_F85E008D3549";"10 Dienstverlening";"10 Dienstverlening"
"EAID_282A4979_0BBC_4448_B71C_0CE64829083B";"Afspraken en Klantcontacten";"EAID_5AA9821A_A88A_480b_9950_70FE017593B3";"Afspraakstatus";"Class";"EAPK_5CA50A0D_7FDC_40ea_B3F3_F85E008D3549";"10 Dienstverlening";"10 Dienstverlening"
"EAID_282A4979_0BBC_4448_B71C_0CE64829083B";"Afspraken en Klantcontacten";"EAID_16EB3936_03CB_4854_9CD8_9F0911EEA51B";"Medewerker";"Class";"EAPK_5CA50A0D_7FDC_40ea_B3F3_F85E008D3549";"10 Dienstverlening";"10 Dienstverlening"
"EAID_282A4979_0BBC_4448_B71C_0CE64829083B";"Afspraken en Klantcontacten";"EAID_4B871112_CB41_4bfb_BD43_117C63D31BB4";"ProductOfDienst";"Class";"EAPK_5CA50A0D_7FDC_40ea_B3F3_F85E008D3549";"10 Dienstverlening";"10 Dienstverlening"
"EAID_282A4979_0BBC_4448_B71C_0CE64829083B";"Afspraken en Klantcontacten";"EAID_D8142B98_64CB_408e_9941_92423543F08A";"VestigingVanZaakbehandelendeOrganisatie";"Class";"EAPK_5CA50A0D_7FDC_40ea_B3F3_F85E008D3549";"10 Dienstverlening";"10 Dienstverlening"
"EAID_282A4979_0BBC_4448_B71C_0CE64829083B";"Afspraken en Klantcontacten";"EAID_649EFD86_ED52_4293_8577_DBE5445845BF";"Zaak";"Class";"EAPK_5CA50A0D_7FDC_40ea_B3F3_F85E008D3549";"10 Dienstverlening";"10 Dienstverlening"
"EAID_282A4979_0BBC_4448_B71C_0CE64829083B";"Afspraken en Klantcontacten";"EAID_A3DAD553_0E55_4256_824B_CDB5E12CB545";"Klantcontact";"Class";"EAPK_5CA50A0D_7FDC_40ea_B3F3_F85E008D3549";"10 Dienstverlening";"10 Dienstverlening"
"EAID_282A4979_0BBC_4448_B71C_0CE64829083B";"Afspraken en Klantcontacten";"EAID_631FEEF1_88D3_4d18_ADB2_BF999068493E";"Balieafspraak";"Class";"EAPK_5CA50A0D_7FDC_40ea_B3F3_F85E008D3549";"10 Dienstverlening";"10 Dienstverlening"
"EAID_8D468696_4B9D_40b4_92F0_3BED39502098";"Archief Aanvragen";"EAID_066C9C37_0FAF_4239_8D7D_B7EBE42E4918";"Bezoeker";"Class";"EAPK_10EED4F6_744C_40c0_8B37_EFFC7E5EEC21";"Archief";"5 Sport, Cultuur en Recreatie"
"EAID_8D468696_4B9D_40b4_92F0_3BED39502098";"Archief Aanvragen";"EAID_369E453B_4C3A_48dc_9619_C36232B339D9";"Archiefstuk";"Class";"EAPK_10EED4F6_744C_40c0_8B37_EFFC7E5EEC21";"Archief";"5 Sport, Cultuur en Recreatie"
"EAID_8D468696_4B9D_40b4_92F0_3BED39502098";"Archief Aanvragen";"EAID_2F2A3590_9B34_4ec5_B0AE_B487ED241155";"Aanvraag";"Class";"EAPK_10EED4F6_744C_40c0_8B37_EFFC7E5EEC21";"Archief";"5 Sport, Cultuur en Recreatie"
"EAID_59241C4B_FD65_484b_88E5_83189334A510";"Archief Model";"EAID_FEFE9DBE_921F_4cc4_99C5_972A9C5F4C6E";"DigitaalBestand";"Class";"EAPK_10EED4F6_744C_40c0_8B37_EFFC7E5EEC21";"Archief";"5 Sport, Cultuur en Recreatie"
"EAID_59241C4B_FD65_484b_88E5_83189334A510";"Archief Model";"EAID_59CF7225_3D61_42e2_A399_7EB13450D97D";"Uitgever";"Class";"EAPK_10EED4F6_744C_40c0_8B37_EFFC7E5EEC21";"Archief";"5 Sport, Cultuur en Recreatie"
"EAID_59241C4B_FD65_484b_88E5_83189334A510";"Archief Model";"EAID_5641C50A_C0FA_4e71_B07B_26C7B1CE94ED";"Document";"Class";"EAPK_10EED4F6_744C_40c0_8B37_EFFC7E5EEC21";"Archief";"5 Sport, Cultuur en Recreatie"
"EAID_59241C4B_FD65_484b_88E5_83189334A510";"Archief Model";"EAID_D9693C25_0F66_4504_BE2B_4BBF66071026";"Plank";"Class";"EAPK_10EED4F6_744C_40c0_8B37_EFFC7E5EEC21";"Archief";"5 Sport, Cultuur en Recreatie"
"EAID_59241C4B_FD65_484b_88E5_83189334A510";"Archief Model";"EAID_CA844994_4AAE_417f_82A3_31CA5432237A";"Kast";"Class";"EAPK_10EED4F6_744C_40c0_8B37_EFFC7E5EEC21";"Archief";"5 Sport, Cultuur en Recreatie"
"EAID_59241C4B_FD65_484b_88E5_83189334A510";"Archief Model";"EAID_78DA1B42_4AF8_4650_81A0_7F2C3A450B3D";"Stelling";"Class";"EAPK_10EED4F6_744C_40c0_8B37_EFFC7E5EEC21";"Archief";"5 Sport, Cultuur en Recreatie"
"EAID_59241C4B_FD65_484b_88E5_83189334A510";"Archief Model";"EAID_604A6143_DE7F_4950_B3D4_DFB88C7F4670";"Depot";"Class";"EAPK_10EED4F6_744C_40c0_8B37_EFFC7E5EEC21";"Archief";"5 Sport, Cultuur en Recreatie"
"EAID_59241C4B_FD65_484b_88E5_83189334A510";"Archief Model";"EAID_369E453B_4C3A_48dc_9619_C36232B339D9";"Archiefstuk";"Class";"EAPK_10EED4F6_744C_40c0_8B37_EFFC7E5EEC21";"Archief";"5 Sport, Cultuur en Recreatie"
"EAID_59241C4B_FD65_484b_88E5_83189334A510";"Archief Model";"EAID_D7947186_4317_407b_A456_41DF5187E810";"Vindplaats";"Class";"EAPK_10EED4F6_744C_40c0_8B37_EFFC7E5EEC21";"Archief";"5 Sport, Cultuur en Recreatie"
"EAID_691E6481_68AC_4754_88F0_60D2877D1549";"Archief Model Indeling";"EAID_B61986A2_B8E7_4e69_AD55_E61771FDEEB4";"Ordeningsschema";"Class";"EAPK_10EED4F6_744C_40c0_8B37_EFFC7E5EEC21";"Archief";"5 Sport, Cultuur en Recreatie"
"EAID_691E6481_68AC_4754_88F0_60D2877D1549";"Archief Model Indeling";"EAID_C45E0D5D_3B2F_40a7_B12C_B6E910C516FA";"Index";"Class";"EAPK_10EED4F6_744C_40c0_8B37_EFFC7E5EEC21";"Archief";"5 Sport, Cultuur en Recreatie"
"EAID_691E6481_68AC_4754_88F0_60D2877D1549";"Archief Model Indeling";"EAID_7A080605_07C5_4947_9B35_BC6EBE2041FA";"Nadere Toegang";"Class";"EAPK_10EED4F6_744C_40c0_8B37_EFFC7E5EEC21";"Archief";"5 Sport, Cultuur en Recreatie"
"EAID_691E6481_68AC_4754_88F0_60D2877D1549";"Archief Model Indeling";"EAID_13119DEC_D451_4bec_BB37_7B1944ACCA9D";"Indeling";"Class";"EAPK_10EED4F6_744C_40c0_8B37_EFFC7E5EEC21";"Archief";"5 Sport, Cultuur en Recreatie"
"EAID_691E6481_68AC_4754_88F0_60D2877D1549";"Archief Model Indeling";"EAID_137DECB4_F249_4039_B4F3_787852C4CB11";"Periode";"Class";"EAPK_10EED4F6_744C_40c0_8B37_EFFC7E5EEC21";"Archief";"5 Sport, Cultuur en Recreatie"
"EAID_691E6481_68AC_4754_88F0_60D2877D1549";"Archief Model Indeling";"EAID_9AE5BCE3_AD6D_4241_9651_823400E3745F";"Rechthebbende";"Class";"EAPK_10EED4F6_744C_40c0_8B37_EFFC7E5EEC21";"Archief";"5 Sport, Cultuur en Recreatie"
"EAID_691E6481_68AC_4754_88F0_60D2877D1549";"Archief Model Indeling";"EAID_66DB38CC_932D_462c_9791_C60237EA9B7A";"Archiefcategorie";"Class";"EAPK_10EED4F6_744C_40c0_8B37_EFFC7E5EEC21";"Archief";"5 Sport, Cultuur en Recreatie"
"EAID_691E6481_68AC_4754_88F0_60D2877D1549";"Archief Model Indeling";"EAID_369E453B_4C3A_48dc_9619_C36232B339D9";"Archiefstuk";"Class";"EAPK_10EED4F6_744C_40c0_8B37_EFFC7E5EEC21";"Archief";"5 Sport, Cultuur en Recreatie"
"EAID_691E6481_68AC_4754_88F0_60D2877D1549";"Archief Model Indeling";"EAID_E09E5B44_4D39_455a_B0A5_390A63AC0C43";"Archief";"Class";"EAPK_10EED4F6_744C_40c0_8B37_EFFC7E5EEC21";"Archief";"5 Sport, Cultuur en Recreatie"
"EAID_EF872947_BE6B_4af5_8221_2A6AA2A0D4B7";"Archief Relaties met Kern";"EAID_77C7D6B6_44DE_44c0_A662_8E1A0A226EA8";"Documenttype";"Class";"EAPK_10EED4F6_744C_40c0_8B37_EFFC7E5EEC21";"Archief";"5 Sport, Cultuur en Recreatie"
"EAID_EF872947_BE6B_4af5_8221_2A6AA2A0D4B7";"Archief Relaties met Kern";"EAID_D73AFAEC_3BF1_4309_93FE_5354EF26DA51";"Identificatiekenmerk";"Class";"EAPK_10EED4F6_744C_40c0_8B37_EFFC7E5EEC21";"Archief";"5 Sport, Cultuur en Recreatie"
"EAID_EF872947_BE6B_4af5_8221_2A6AA2A0D4B7";"Archief Relaties met Kern";"EAID_5641C50A_C0FA_4e71_B07B_26C7B1CE94ED";"Document";"Class";"EAPK_10EED4F6_744C_40c0_8B37_EFFC7E5EEC21";"Archief";"5 Sport, Cultuur en Recreatie"
"EAID_EF872947_BE6B_4af5_8221_2A6AA2A0D4B7";"Archief Relaties met Kern";"EAID_9F4E12E4_B228_4931_AC83_1B1F60958A89";"NatuurlijkPersoon";"Class";"EAPK_10EED4F6_744C_40c0_8B37_EFFC7E5EEC21";"Archief";"5 Sport, Cultuur en Recreatie"
"EAID_EF872947_BE6B_4af5_8221_2A6AA2A0D4B7";"Archief Relaties met Kern";"EAID_9DF5AC43_3673_4b9a_BB5E_6DCA7BE28835";"Rechtspersoon";"Class";"EAPK_10EED4F6_744C_40c0_8B37_EFFC7E5EEC21";"Archief";"5 Sport, Cultuur en Recreatie"
"EAID_EF872947_BE6B_4af5_8221_2A6AA2A0D4B7";"Archief Relaties met Kern";"EAID_066C9C37_0FAF_4239_8D7D_B7EBE42E4918";"Bezoeker";"Class";"EAPK_10EED4F6_744C_40c0_8B37_EFFC7E5EEC21";"Archief";"5 Sport, Cultuur en Recreatie"
"EAID_EF872947_BE6B_4af5_8221_2A6AA2A0D4B7";"Archief Relaties met Kern";"EAID_9AE5BCE3_AD6D_4241_9651_823400E3745F";"Rechthebbende";"Class";"EAPK_10EED4F6_744C_40c0_8B37_EFFC7E5EEC21";"Archief";"5 Sport, Cultuur en Recreatie"
"EAID_EF872947_BE6B_4af5_8221_2A6AA2A0D4B7";"Archief Relaties met Kern";"EAID_59CF7225_3D61_42e2_A399_7EB13450D97D";"Uitgever";"Class";"EAPK_10EED4F6_744C_40c0_8B37_EFFC7E5EEC21";"Archief";"5 Sport, Cultuur en Recreatie"
"EAID_53E16E43_EDF1_4b47_B0DD_C77D8FEFCCA3";"BAG";"EAID_120EA50B_B9A2_4869_A3BE_46931F631D33";"Wijk";"Class";"EAPK_FC04420D_2055_4fcf_A2DB_E4C12E2150F1";"BAG";"99 Kern"
"EAID_53E16E43_EDF1_4b47_B0DD_C77D8FEFCCA3";"BAG";"EAID_38649FF6_88C6_437d_AF8E_A9023D55E16C";"Buurt";"Class";"EAPK_FC04420D_2055_4fcf_A2DB_E4C12E2150F1";"BAG";"99 Kern"
"EAID_53E16E43_EDF1_4b47_B0DD_C77D8FEFCCA3";"BAG";"EAID_C862F3C5_9E96_4755_B8B6_10A1508FD768";"soortWoonobject";"Enumeration";"EAPK_FC04420D_2055_4fcf_A2DB_E4C12E2150F1";"BAG";"99 Kern"
"EAID_53E16E43_EDF1_4b47_B0DD_C77D8FEFCCA3";"BAG";"EAID_E44C5FB6_67AB_4efe_B3F0_C6AFE5B6192F";"Boolean";"Enumeration";"EAPK_FC04420D_2055_4fcf_A2DB_E4C12E2150F1";"BAG";"99 Kern"
"EAID_53E16E43_EDF1_4b47_B0DD_C77D8FEFCCA3";"BAG";"EAID_8C51DCF1_E81C_4590_88B2_EE5661B15F9A";"TypeAdresseerbaarObject";"Enumeration";"EAPK_FC04420D_2055_4fcf_A2DB_E4C12E2150F1";"BAG";"99 Kern"
"EAID_53E16E43_EDF1_4b47_B0DD_C77D8FEFCCA3";"BAG";"EAID_EA6F820F_C458_4b24_8055_5C2CC76F5904";"Gemeente";"Class";"EAPK_FC04420D_2055_4fcf_A2DB_E4C12E2150F1";"BAG";"99 Kern"
"EAID_53E16E43_EDF1_4b47_B0DD_C77D8FEFCCA3";"BAG";"EAID_24BDA4BA_CFCC_4e3f_8305_671F4ED7C502";"Woonplaats";"Class";"EAPK_FC04420D_2055_4fcf_A2DB_E4C12E2150F1";"BAG";"99 Kern"
"EAID_53E16E43_EDF1_4b47_B0DD_C77D8FEFCCA3";"BAG";"EAID_461EFCF0_E65E_4c7c_B44D_8F36C36FDCE4";"Verblijfsobject";"Class";"EAPK_FC04420D_2055_4fcf_A2DB_E4C12E2150F1";"BAG";"99 Kern"
"EAID_53E16E43_EDF1_4b47_B0DD_C77D8FEFCCA3";"BAG";"EAID_86952BDA_ADF6_4ff0_B8C7_BA3AA889A40B";"Standplaats";"Class";"EAPK_FC04420D_2055_4fcf_A2DB_E4C12E2150F1";"BAG";"99 Kern"
"EAID_53E16E43_EDF1_4b47_B0DD_C77D8FEFCCA3";"BAG";"EAID_11595AD8_CE67_40dd_BDA9_489DC7D244ED";"Pand";"Class";"EAPK_FC04420D_2055_4fcf_A2DB_E4C12E2150F1";"BAG";"99 Kern"
"EAID_53E16E43_EDF1_4b47_B0DD_C77D8FEFCCA3";"BAG";"EAID_BFE30E32_8CB9_4272_A559_9FB3FD74DACC";"OpenbareRuimte";"Class";"EAPK_FC04420D_2055_4fcf_A2DB_E4C12E2150F1";"BAG";"99 Kern"
"EAID_53E16E43_EDF1_4b47_B0DD_C77D8FEFCCA3";"BAG";"EAID_8A04280B_E0B4_4e36_B448_C99750393D0D";"AdresseerbaarObject";"Class";"EAPK_FC04420D_2055_4fcf_A2DB_E4C12E2150F1";"BAG";"99 Kern"
"EAID_53E16E43_EDF1_4b47_B0DD_C77D8FEFCCA3";"BAG";"EAID_785E3B69_19DA_4952_84A8_592965B9229A";"Ligplaats";"Class";"EAPK_FC04420D_2055_4fcf_A2DB_E4C12E2150F1";"BAG";"99 Kern"
"EAID_53E16E43_EDF1_4b47_B0DD_C77D8FEFCCA3";"BAG";"EAID_32A22BC6_89EC_44af_8D7D_79B12311AE2D";"Nummeraanduiding";"Class";"EAPK_FC04420D_2055_4fcf_A2DB_E4C12E2150F1";"BAG";"99 Kern"
"EAID_53E16E43_EDF1_4b47_B0DD_C77D8FEFCCA3";"BAG";"EAID_77D2A1A7_BD0E_4d9f_B1AB_4C150BBE9804";"statusVerblijfsobject";"Enumeration";"EAPK_FC04420D_2055_4fcf_A2DB_E4C12E2150F1";"BAG";"99 Kern"
"EAID_53E16E43_EDF1_4b47_B0DD_C77D8FEFCCA3";"BAG";"EAID_D641FF3C_D321_44c0_A884_AA50D9388598";"statusLigplaats";"Enumeration";"EAPK_FC04420D_2055_4fcf_A2DB_E4C12E2150F1";"BAG";"99 Kern"
"EAID_53E16E43_EDF1_4b47_B0DD_C77D8FEFCCA3";"BAG";"EAID_582AFCD3_412F_4ef8_B50C_6F88AC9D54A0";"statusStandplaats";"Enumeration";"EAPK_FC04420D_2055_4fcf_A2DB_E4C12E2150F1";"BAG";"99 Kern"
"EAID_53E16E43_EDF1_4b47_B0DD_C77D8FEFCCA3";"BAG";"EAID_DA9E4ECA_B93E_4379_9C75_FBC6655E9CB2";"statusPand";"Enumeration";"EAPK_FC04420D_2055_4fcf_A2DB_E4C12E2150F1";"BAG";"99 Kern"
"EAID_53E16E43_EDF1_4b47_B0DD_C77D8FEFCCA3";"BAG";"EAID_932D4E44_A37E_453e_9EE7_FD21C5D8D94D";"statusVoortgangBouw";"Enumeration";"EAPK_FC04420D_2055_4fcf_A2DB_E4C12E2150F1";"BAG";"99 Kern"
"EAID_53E16E43_EDF1_4b47_B0DD_C77D8FEFCCA3";"BAG";"EAID_AC4C45BD_A76A_4f63_A0D4_DB2194772B89";"statusNummeraanduiding";"Enumeration";"EAPK_FC04420D_2055_4fcf_A2DB_E4C12E2150F1";"BAG";"99 Kern"
"EAID_53E16E43_EDF1_4b47_B0DD_C77D8FEFCCA3";"BAG";"EAID_AB6C1EDC_AF99_48fa_A1EB_DB9EA1ED58A9";"typeringOpenbareRuimte";"Enumeration";"EAPK_FC04420D_2055_4fcf_A2DB_E4C12E2150F1";"BAG";"99 Kern"
"EAID_53E16E43_EDF1_4b47_B0DD_C77D8FEFCCA3";"BAG";"EAID_E7BEEB2F_CED6_4fc0_B1E7_9330155482BA";"statusOpenbareRuimte";"Enumeration";"EAPK_FC04420D_2055_4fcf_A2DB_E4C12E2150F1";"BAG";"99 Kern"
"EAID_53E16E43_EDF1_4b47_B0DD_C77D8FEFCCA3";"BAG";"EAID_D83F4016_ED80_4c39_A51C_DB3E942890A7";"statusWoonplaats";"Enumeration";"EAPK_FC04420D_2055_4fcf_A2DB_E4C12E2150F1";"BAG";"99 Kern"
"EAID_53E16E43_EDF1_4b47_B0DD_C77D8FEFCCA3";"BAG";"EAID_882C978E_5150_4811_BC4E_468B086C16EF";"ontsluitingswijzeVerdieping";"Enumeration";"EAPK_FC04420D_2055_4fcf_A2DB_E4C12E2150F1";"BAG";"99 Kern"
"EAID_53E16E43_EDF1_4b47_B0DD_C77D8FEFCCA3";"BAG";"EAID_9DBACB9E_CE04_4fd6_AB16_2010C4C61B0A";"gebruiksdoel";"Enumeration";"EAPK_FC04420D_2055_4fcf_A2DB_E4C12E2150F1";"BAG";"99 Kern"
"EAID_1947D48F_6D4E_4943_B313_091CF7B56117";"BEGROEID TERREINDEEL";"EAID_0F81E79F_B306_40b9_ADCA_59A1E3F55D2B";"statusGeoObject";"Enumeration";"EAPK_58A5214F_E56C_4707_BE2D_AB36DD6976A3";"RSGBPlus";"99 Kern"
"EAID_1947D48F_6D4E_4943_B313_091CF7B56117";"BEGROEID TERREINDEEL";"EAID_7EC13CE7_ECD4_4a02_8844_3FD6AC4C52C7";"fysiekVoorkomenBegroeidTerreinPlus";"Enumeration";"EAPK_58A5214F_E56C_4707_BE2D_AB36DD6976A3";"RSGBPlus";"99 Kern"
"EAID_1947D48F_6D4E_4943_B313_091CF7B56117";"BEGROEID TERREINDEEL";"EAID_62B611C8_140B_42dd_8327_D258EB9D9E92";"fysiekVoorkomenBegroeidTerrein";"Enumeration";"EAPK_58A5214F_E56C_4707_BE2D_AB36DD6976A3";"RSGBPlus";"99 Kern"
"EAID_1947D48F_6D4E_4943_B313_091CF7B56117";"BEGROEID TERREINDEEL";"EAID_D872C213_09D7_4dca_A020_EA363480FC7D";"BegroeidTerreindeel";"Class";"EAPK_58A5214F_E56C_4707_BE2D_AB36DD6976A3";"RSGBPlus";"99 Kern"
"EAID_515E0990_C193_43cb_8EAF_907796BD3B1F";"BENOEMD OBJECT";"EAID_38649FF6_88C6_437d_AF8E_A9023D55E16C";"Buurt";"Class";"EAPK_58A5214F_E56C_4707_BE2D_AB36DD6976A3";"RSGBPlus";"99 Kern"
"EAID_515E0990_C193_43cb_8EAF_907796BD3B1F";"BENOEMD OBJECT";"EAID_8A04280B_E0B4_4e36_B448_C99750393D0D";"AdresseerbaarObject";"Class";"EAPK_58A5214F_E56C_4707_BE2D_AB36DD6976A3";"RSGBPlus";"99 Kern"
"EAID_515E0990_C193_43cb_8EAF_907796BD3B1F";"BENOEMD OBJECT";"EAID_9775E778_DBF8_4122_94CE_551466B62F46";"KadastraleOnroerendeZaak";"Class";"EAPK_58A5214F_E56C_4707_BE2D_AB36DD6976A3";"RSGBPlus";"99 Kern"
"EAID_515E0990_C193_43cb_8EAF_907796BD3B1F";"BENOEMD OBJECT";"EAID_B60B8EF9_D1C0_4e36_BF9B_1C16F92518DD";"Vestiging";"Class";"EAPK_58A5214F_E56C_4707_BE2D_AB36DD6976A3";"RSGBPlus";"99 Kern"
"EAID_515E0990_C193_43cb_8EAF_907796BD3B1F";"BENOEMD OBJECT";"EAID_EEC30588_0E12_41c9_977E_C885A0A7EDC3";"WOZ-deelobject";"Class";"EAPK_58A5214F_E56C_4707_BE2D_AB36DD6976A3";"RSGBPlus";"99 Kern"
"EAID_DF9CEAAD_E574_40b3_970B_DC558AB579D0";"BRK";"EAID_3D5CCB29_91E4_458e_8BCD_6741198E45B8";"NietNatuurlijkPersoon";"Class";"EAPK_58A5214F_E56C_4707_BE2D_AB36DD6976A3";"RSGBPlus";"99 Kern"
"EAID_DF9CEAAD_E574_40b3_970B_DC558AB579D0";"BRK";"EAID_C1542AC8_2F3C_4e62_ADFA_A9FB3358DAB1";"Appartementsrechtsplitsing";"Class";"EAPK_58A5214F_E56C_4707_BE2D_AB36DD6976A3";"RSGBPlus";"99 Kern"
"EAID_DF9CEAAD_E574_40b3_970B_DC558AB579D0";"BRK";"EAID_9DF5AC43_3673_4b9a_BB5E_6DCA7BE28835";"Rechtspersoon";"Class";"EAPK_58A5214F_E56C_4707_BE2D_AB36DD6976A3";"RSGBPlus";"99 Kern"
"EAID_DF9CEAAD_E574_40b3_970B_DC558AB579D0";"BRK";"EAID_2651D6E0_6AC8_43a8_A4F6_4706209BAC8E";"Tenaamstelling";"Class";"EAPK_58A5214F_E56C_4707_BE2D_AB36DD6976A3";"RSGBPlus";"99 Kern"
"EAID_DF9CEAAD_E574_40b3_970B_DC558AB579D0";"BRK";"EAID_8C809341_AC60_4378_8BA0_0843E8C06AF3";"ZakelijkRecht";"Class";"EAPK_58A5214F_E56C_4707_BE2D_AB36DD6976A3";"RSGBPlus";"99 Kern"
"EAID_DF9CEAAD_E574_40b3_970B_DC558AB579D0";"BRK";"EAID_869E0A04_A663_4839_970D_7FB82DF6C317";"Appartementsrecht";"Class";"EAPK_58A5214F_E56C_4707_BE2D_AB36DD6976A3";"RSGBPlus";"99 Kern"
"EAID_DF9CEAAD_E574_40b3_970B_DC558AB579D0";"BRK";"EAID_172AFD36_B400_4660_BFAC_4BBC1077D666";"KadastraalPerceel";"Class";"EAPK_58A5214F_E56C_4707_BE2D_AB36DD6976A3";"RSGBPlus";"99 Kern"
"EAID_DF9CEAAD_E574_40b3_970B_DC558AB579D0";"BRK";"EAID_9775E778_DBF8_4122_94CE_551466B62F46";"KadastraleOnroerendeZaak";"Class";"EAPK_58A5214F_E56C_4707_BE2D_AB36DD6976A3";"RSGBPlus";"99 Kern"
"EAID_EA402BCD_1511_48d1_88B4_E6444A0C945A";"BUURT";"EAID_11595AD8_CE67_40dd_BDA9_489DC7D244ED";"Pand";"Class";"EAPK_58A5214F_E56C_4707_BE2D_AB36DD6976A3";"RSGBPlus";"99 Kern"
"EAID_EA402BCD_1511_48d1_88B4_E6444A0C945A";"BUURT";"EAID_120EA50B_B9A2_4869_A3BE_46931F631D33";"Wijk";"Class";"EAPK_58A5214F_E56C_4707_BE2D_AB36DD6976A3";"RSGBPlus";"99 Kern"
"EAID_EA402BCD_1511_48d1_88B4_E6444A0C945A";"BUURT";"EAID_8A04280B_E0B4_4e36_B448_C99750393D0D";"AdresseerbaarObject";"Class";"EAPK_58A5214F_E56C_4707_BE2D_AB36DD6976A3";"RSGBPlus";"99 Kern"
"EAID_EA402BCD_1511_48d1_88B4_E6444A0C945A";"BUURT";"EAID_38649FF6_88C6_437d_AF8E_A9023D55E16C";"Buurt";"Class";"EAPK_58A5214F_E56C_4707_BE2D_AB36DD6976A3";"RSGBPlus";"99 Kern"
"EAID_4F14E8D8_5502_4880_9E83_D912BE451EB1";"Basismodel CMDB-Items";"EAID_ACE86CFF_D6D0_4cbd_8395_99BD763F1B37";"Package";"Class";"EAPK_A2C234C7_A5F7_4e4a_9EE3_8C37A4469F01";"ICT";"9 Interne Organisatie"
"EAID_4F14E8D8_5502_4880_9E83_D912BE451EB1";"Basismodel CMDB-Items";"EAID_354E5545_D067_4b81_9D1D_C5F5FFB532C7";"Notitie";"Class";"EAPK_A2C234C7_A5F7_4e4a_9EE3_8C37A4469F01";"ICT";"9 Interne Organisatie"
"EAID_4F14E8D8_5502_4880_9E83_D912BE451EB1";"Basismodel CMDB-Items";"EAID_5641C50A_C0FA_4e71_B07B_26C7B1CE94ED";"Document";"Class";"EAPK_A2C234C7_A5F7_4e4a_9EE3_8C37A4469F01";"ICT";"9 Interne Organisatie"
"EAID_4F14E8D8_5502_4880_9E83_D912BE451EB1";"Basismodel CMDB-Items";"EAID_39445166_1EAB_43f8_9F5C_89EA606605EE";"Versie";"Class";"EAPK_A2C234C7_A5F7_4e4a_9EE3_8C37A4469F01";"ICT";"9 Interne Organisatie"
"EAID_4F14E8D8_5502_4880_9E83_D912BE451EB1";"Basismodel CMDB-Items";"EAID_262A7A23_0CBB_4991_A1B2_D5D3E509549C";"Gebruikerrol";"Enumeration";"EAPK_A2C234C7_A5F7_4e4a_9EE3_8C37A4469F01";"ICT";"9 Interne Organisatie"
"EAID_4F14E8D8_5502_4880_9E83_D912BE451EB1";"Basismodel CMDB-Items";"EAID_16EB3936_03CB_4854_9CD8_9F0911EEA51B";"Medewerker";"Class";"EAPK_A2C234C7_A5F7_4e4a_9EE3_8C37A4469F01";"ICT";"9 Interne Organisatie"
"EAID_4F14E8D8_5502_4880_9E83_D912BE451EB1";"Basismodel CMDB-Items";"EAID_C0031024_173A_47d6_9BF4_F22941AA7807";"Packagingstatus";"Enumeration";"EAPK_A2C234C7_A5F7_4e4a_9EE3_8C37A4469F01";"ICT";"9 Interne Organisatie"
"EAID_4F14E8D8_5502_4880_9E83_D912BE451EB1";"Basismodel CMDB-Items";"EAID_1FCBFA1B_2703_4ece_A496_EA668AEFCDCD";"Beheerstatus";"Enumeration";"EAPK_A2C234C7_A5F7_4e4a_9EE3_8C37A4469F01";"ICT";"9 Interne Organisatie"
"EAID_4F14E8D8_5502_4880_9E83_D912BE451EB1";"Basismodel CMDB-Items";"EAID_A030D866_E2E7_4854_ACFD_C62DB3ABDA38";"Applicatiecategorie";"Enumeration";"EAPK_A2C234C7_A5F7_4e4a_9EE3_8C37A4469F01";"ICT";"9 Interne Organisatie"
"EAID_4F14E8D8_5502_4880_9E83_D912BE451EB1";"Basismodel CMDB-Items";"EAID_EA7FE08E_34F7_45d2_BE2E_E4E3B8333BF3";"Leverancier";"Class";"EAPK_A2C234C7_A5F7_4e4a_9EE3_8C37A4469F01";"ICT";"9 Interne Organisatie"
"EAID_4F14E8D8_5502_4880_9E83_D912BE451EB1";"Basismodel CMDB-Items";"EAID_BA2C3918_278E_49c7_A8C5_423F2D659450";"Servertypes";"Enumeration";"EAPK_A2C234C7_A5F7_4e4a_9EE3_8C37A4469F01";"ICT";"9 Interne Organisatie"
"EAID_4F14E8D8_5502_4880_9E83_D912BE451EB1";"Basismodel CMDB-Items";"EAID_5492ED6D_608E_465e_B975_BCADAAA3EE7F";"Log";"Class";"EAPK_A2C234C7_A5F7_4e4a_9EE3_8C37A4469F01";"ICT";"9 Interne Organisatie"
"EAID_4F14E8D8_5502_4880_9E83_D912BE451EB1";"Basismodel CMDB-Items";"EAID_AB7CF266_388F_413a_92D0_B2FA67C75633";"Koppeling";"Class";"EAPK_A2C234C7_A5F7_4e4a_9EE3_8C37A4469F01";"ICT";"9 Interne Organisatie"
"EAID_4F14E8D8_5502_4880_9E83_D912BE451EB1";"Basismodel CMDB-Items";"EAID_C0F1A08E_C6CD_4524_A2E0_0E5CA483DCFD";"Linkbaar CMDB-item";"Class";"EAPK_A2C234C7_A5F7_4e4a_9EE3_8C37A4469F01";"ICT";"9 Interne Organisatie"
"EAID_4F14E8D8_5502_4880_9E83_D912BE451EB1";"Basismodel CMDB-Items";"EAID_3AFD7E5F_8061_4776_A332_334AF4125E7D";"Server";"Class";"EAPK_A2C234C7_A5F7_4e4a_9EE3_8C37A4469F01";"ICT";"9 Interne Organisatie"
"EAID_4F14E8D8_5502_4880_9E83_D912BE451EB1";"Basismodel CMDB-Items";"EAID_FFD22E11_7A3A_459a_B575_928C67E8D1F3";"Database";"Class";"EAPK_A2C234C7_A5F7_4e4a_9EE3_8C37A4469F01";"ICT";"9 Interne Organisatie"
"EAID_4F14E8D8_5502_4880_9E83_D912BE451EB1";"Basismodel CMDB-Items";"EAID_A8945FD7_EA20_418e_8E7F_18F13F16E338";"Applicatie";"Class";"EAPK_A2C234C7_A5F7_4e4a_9EE3_8C37A4469F01";"ICT";"9 Interne Organisatie"
"EAID_4F14E8D8_5502_4880_9E83_D912BE451EB1";"Basismodel CMDB-Items";"EAID_B027D022_41D9_4c63_A63D_8F5111689564";"CMDB-item";"Class";"EAPK_A2C234C7_A5F7_4e4a_9EE3_8C37A4469F01";"ICT";"9 Interne Organisatie"
"EAID_A255BB0C_A1DB_43a5_88B1_C638F6E64B0B";"Basismodel CMDB-Items Diversen";"EAID_6C92F0F8_BC92_428c_B729_1A10D515DAEF";"Hardware";"Class";"EAPK_A2C234C7_A5F7_4e4a_9EE3_8C37A4469F01";"ICT";"9 Interne Organisatie"
"EAID_A255BB0C_A1DB_43a5_88B1_C638F6E64B0B";"Basismodel CMDB-Items Diversen";"EAID_D0AB8CF6_F6CC_4337_BE07_DFE6B3CEFBB3";"Inventaris";"Class";"EAPK_A2C234C7_A5F7_4e4a_9EE3_8C37A4469F01";"ICT";"9 Interne Organisatie"
"EAID_A255BB0C_A1DB_43a5_88B1_C638F6E64B0B";"Basismodel CMDB-Items Diversen";"EAID_DD277E82_0CA5_4460_918F_9178B5F01886";"Nertwerkcomponent";"Class";"EAPK_A2C234C7_A5F7_4e4a_9EE3_8C37A4469F01";"ICT";"9 Interne Organisatie"
"EAID_A255BB0C_A1DB_43a5_88B1_C638F6E64B0B";"Basismodel CMDB-Items Diversen";"EAID_2E5F9AF9_D1BA_4dc0_9621_4101D24B8ABD";"Licentie";"Class";"EAPK_A2C234C7_A5F7_4e4a_9EE3_8C37A4469F01";"ICT";"9 Interne Organisatie"
"EAID_A255BB0C_A1DB_43a5_88B1_C638F6E64B0B";"Basismodel CMDB-Items Diversen";"EAID_0B3C37DD_42A1_4b6b_B534_CD276112FD3B";"Software";"Class";"EAPK_A2C234C7_A5F7_4e4a_9EE3_8C37A4469F01";"ICT";"9 Interne Organisatie"
"EAID_A255BB0C_A1DB_43a5_88B1_C638F6E64B0B";"Basismodel CMDB-Items Diversen";"EAID_D67A4AC2_9A17_4cd0_82D7_732A89018FDA";"Toegangsmiddel";"Class";"EAPK_A2C234C7_A5F7_4e4a_9EE3_8C37A4469F01";"ICT";"9 Interne Organisatie"
"EAID_A255BB0C_A1DB_43a5_88B1_C638F6E64B0B";"Basismodel CMDB-Items Diversen";"EAID_E8C75DAB_F9AE_4fe2_9114_870434F2EA80";"Vervoersmiddel";"Class";"EAPK_A2C234C7_A5F7_4e4a_9EE3_8C37A4469F01";"ICT";"9 Interne Organisatie"
"EAID_A255BB0C_A1DB_43a5_88B1_C638F6E64B0B";"Basismodel CMDB-Items Diversen";"EAID_B027D022_41D9_4c63_A63D_8F5111689564";"CMDB-item";"Class";"EAPK_A2C234C7_A5F7_4e4a_9EE3_8C37A4469F01";"ICT";"9 Interne Organisatie"
"EAID_A2831A97_91F6_4ed0_896E_3531219E69F0";"Basismodel ICT Applicatie en Gegevens";"EAID_7EFBF1CA_EC6E_4b8a_B97F_453CA32AB9A5";"Datatype";"Class";"EAPK_A2C234C7_A5F7_4e4a_9EE3_8C37A4469F01";"ICT";"9 Interne Organisatie"
"EAID_A2831A97_91F6_4ed0_896E_3531219E69F0";"Basismodel ICT Applicatie en Gegevens";"EAID_0CF1C34D_8AD5_4ac5_8538_87252E66A8C8";"Generalisatie";"Class";"EAPK_A2C234C7_A5F7_4e4a_9EE3_8C37A4469F01";"ICT";"9 Interne Organisatie"
"EAID_A2831A97_91F6_4ed0_896E_3531219E69F0";"Basismodel ICT Applicatie en Gegevens";"EAID_DFD2814E_7D36_45e2_B082_2ED574A409E1";"Relatiesoort";"Class";"EAPK_A2C234C7_A5F7_4e4a_9EE3_8C37A4469F01";"ICT";"9 Interne Organisatie"
"EAID_A2831A97_91F6_4ed0_896E_3531219E69F0";"Basismodel ICT Applicatie en Gegevens";"EAID_8D273DE5_3529_4652_BCA1_F86B28F26017";"Attribuutsoort";"Class";"EAPK_A2C234C7_A5F7_4e4a_9EE3_8C37A4469F01";"ICT";"9 Interne Organisatie"
"EAID_A2831A97_91F6_4ed0_896E_3531219E69F0";"Basismodel ICT Applicatie en Gegevens";"EAID_A2451674_6C19_4bf9_81F9_57CDE2F60144";"Objecttype";"Class";"EAPK_A2C234C7_A5F7_4e4a_9EE3_8C37A4469F01";"ICT";"9 Interne Organisatie"
"EAID_A2831A97_91F6_4ed0_896E_3531219E69F0";"Basismodel ICT Applicatie en Gegevens";"EAID_81F207D0_A071_48c7_8C4C_25F8D25A3DE8";"Classificatie";"Class";"EAPK_A2C234C7_A5F7_4e4a_9EE3_8C37A4469F01";"ICT";"9 Interne Organisatie"
"EAID_A2831A97_91F6_4ed0_896E_3531219E69F0";"Basismodel ICT Applicatie en Gegevens";"EAID_E846CC36_DF4A_4398_AE4C_122CAFEBAEAA";"Gegeven";"Class";"EAPK_A2C234C7_A5F7_4e4a_9EE3_8C37A4469F01";"ICT";"9 Interne Organisatie"
"EAID_A2831A97_91F6_4ed0_896E_3531219E69F0";"Basismodel ICT Applicatie en Gegevens";"EAID_144D1047_35BB_4926_9472_895D89DC2E0C";"Externe Bron";"Class";"EAPK_A2C234C7_A5F7_4e4a_9EE3_8C37A4469F01";"ICT";"9 Interne Organisatie"
"EAID_A2831A97_91F6_4ed0_896E_3531219E69F0";"Basismodel ICT Applicatie en Gegevens";"EAID_A8945FD7_EA20_418e_8E7F_18F13F16E338";"Applicatie";"Class";"EAPK_A2C234C7_A5F7_4e4a_9EE3_8C37A4469F01";"ICT";"9 Interne Organisatie"
"EAID_A2831A97_91F6_4ed0_896E_3531219E69F0";"Basismodel ICT Applicatie en Gegevens";"EAID_BBDC4FAF_298A_4e72_9A1C_95271E2ADB03";"MIMDomein";"Class";"EAPK_A2C234C7_A5F7_4e4a_9EE3_8C37A4469F01";"ICT";"9 Interne Organisatie"
"EAID_63323A39_82A4_4607_8A45_E4CBD1D800B0";"Bedrijfsprocessen";"EAID_03B4B3C0_3616_4ea2_A8B1_3D6754325F02";"Producttype";"Class";"EAPK_DF1A3AF5_E138_4f54_AAB1_1716247A2F1D";"RGBZPlus";"99 Kern"
"EAID_63323A39_82A4_4607_8A45_E4CBD1D800B0";"Bedrijfsprocessen";"EAID_7210A379_17EE_4143_A106_ECD9414B2A0D";"Zaaktype";"Class";"EAPK_DF1A3AF5_E138_4f54_AAB1_1716247A2F1D";"RGBZPlus";"99 Kern"
"EAID_63323A39_82A4_4607_8A45_E4CBD1D800B0";"Bedrijfsprocessen";"EAID_649EFD86_ED52_4293_8577_DBE5445845BF";"Zaak";"Class";"EAPK_DF1A3AF5_E138_4f54_AAB1_1716247A2F1D";"RGBZPlus";"99 Kern"
"EAID_63323A39_82A4_4607_8A45_E4CBD1D800B0";"Bedrijfsprocessen";"EAID_9BD0FBCB_1A9E_4cab_9280_0EBC428E38F7";"Boolean";"Enumeration";"EAPK_DF1A3AF5_E138_4f54_AAB1_1716247A2F1D";"RGBZPlus";"99 Kern"
"EAID_63323A39_82A4_4607_8A45_E4CBD1D800B0";"Bedrijfsprocessen";"EAID_710A1D2B_3C7B_41cf_A947_727186C40A98";"Deelprocestype";"Class";"EAPK_DF1A3AF5_E138_4f54_AAB1_1716247A2F1D";"RGBZPlus";"99 Kern"
"EAID_63323A39_82A4_4607_8A45_E4CBD1D800B0";"Bedrijfsprocessen";"EAID_1B65D674_DC17_40e8_B663_85DA82FD7E94";"Deelproces";"Class";"EAPK_DF1A3AF5_E138_4f54_AAB1_1716247A2F1D";"RGBZPlus";"99 Kern"
"EAID_63323A39_82A4_4607_8A45_E4CBD1D800B0";"Bedrijfsprocessen";"EAID_14E4AF23_21E9_412a_B78D_C208EE9F419D";"Bedrijfsprocestype";"Class";"EAPK_DF1A3AF5_E138_4f54_AAB1_1716247A2F1D";"RGBZPlus";"99 Kern"
"EAID_63323A39_82A4_4607_8A45_E4CBD1D800B0";"Bedrijfsprocessen";"EAID_EDB5D3CD_CE4D_4317_81C6_C01CC7325148";"Bedrijfsproces";"Class";"EAPK_DF1A3AF5_E138_4f54_AAB1_1716247A2F1D";"RGBZPlus";"99 Kern"
"EAID_9B278A50_862A_4085_B362_C41392101916";"Beperkingen";"EAID_6B63630A_8A30_454d_B8C4_252D4C30A3BF";"Beperkingscoresoort";"Class";"EAPK_189DA897_DDC8_4956_B8E3_5E04D3E1AEA3";"Generiek Jeugd en Wmo";"6 Sociaal Domein"
"EAID_9B278A50_862A_4085_B362_C41392101916";"Beperkingen";"EAID_4E835898_6623_457f_99B4_C688D465F720";"Beperkingscategorie";"Class";"EAPK_189DA897_DDC8_4956_B8E3_5E04D3E1AEA3";"Generiek Jeugd en Wmo";"6 Sociaal Domein"
"EAID_9B278A50_862A_4085_B362_C41392101916";"Beperkingen";"EAID_5EDE0349_8865_4b90_9A18_235C5AA660C4";"Beperkingscore";"Class";"EAPK_189DA897_DDC8_4956_B8E3_5E04D3E1AEA3";"Generiek Jeugd en Wmo";"6 Sociaal Domein"
"EAID_9B278A50_862A_4085_B362_C41392101916";"Beperkingen";"EAID_F110608E_9C6A_4d66_BDCB_F4B2465E3CFD";"Beperking";"Class";"EAPK_189DA897_DDC8_4956_B8E3_5E04D3E1AEA3";"Generiek Jeugd en Wmo";"6 Sociaal Domein"
"EAID_9B278A50_862A_4085_B362_C41392101916";"Beperkingen";"EAID_71D7E96D_641A_4b6a_A325_DED07C3B5836";"Beschikking";"Class";"EAPK_189DA897_DDC8_4956_B8E3_5E04D3E1AEA3";"Generiek Jeugd en Wmo";"6 Sociaal Domein"
"EAID_0516C81B_D5F6_4b7a_AD98_82FD3B218A6B";"Betrokkene";"EAID_9F4E12E4_B228_4931_AC83_1B1F60958A89";"NatuurlijkPersoon";"Class";"EAPK_DF1A3AF5_E138_4f54_AAB1_1716247A2F1D";"RGBZPlus";"99 Kern"
"EAID_0516C81B_D5F6_4b7a_AD98_82FD3B218A6B";"Betrokkene";"EAID_3D5CCB29_91E4_458e_8BCD_6741198E45B8";"NietNatuurlijkPersoon";"Class";"EAPK_DF1A3AF5_E138_4f54_AAB1_1716247A2F1D";"RGBZPlus";"99 Kern"
"EAID_0516C81B_D5F6_4b7a_AD98_82FD3B218A6B";"Betrokkene";"EAID_936A4E8B_3E5A_44b6_8A5D_EFB39F83FB6D";"OrganisatorischeEenheid";"Class";"EAPK_DF1A3AF5_E138_4f54_AAB1_1716247A2F1D";"RGBZPlus";"99 Kern"
"EAID_0516C81B_D5F6_4b7a_AD98_82FD3B218A6B";"Betrokkene";"EAID_16EB3936_03CB_4854_9CD8_9F0911EEA51B";"Medewerker";"Class";"EAPK_DF1A3AF5_E138_4f54_AAB1_1716247A2F1D";"RGBZPlus";"99 Kern"
"EAID_0516C81B_D5F6_4b7a_AD98_82FD3B218A6B";"Betrokkene";"EAID_16FB8171_A9ED_4027_A663_C035509501C8";"Betrokkene";"Class";"EAPK_DF1A3AF5_E138_4f54_AAB1_1716247A2F1D";"RGBZPlus";"99 Kern"
"EAID_0516C81B_D5F6_4b7a_AD98_82FD3B218A6B";"Betrokkene";"EAID_47012752_161F_4b30_BB79_4F4F04B9C734";"RSGB";"Class";"EAPK_DF1A3AF5_E138_4f54_AAB1_1716247A2F1D";"RGBZPlus";"99 Kern"
"EAID_0B1C1CCE_E0D1_413d_A38B_7A9B03A21610";"Bezetting en Formatie";"EAID_BF424764_453D_46cc_817C_3A7BDC4134A7";"Rol";"Class";"EAPK_1825F01E_BA3C_4e53_B3B3_BD1E69F94A10";"HR";"9 Interne Organisatie"
"EAID_0B1C1CCE_E0D1_413d_A38B_7A9B03A21610";"Bezetting en Formatie";"EAID_53B0C49F_1BDE_4fee_BB0B_0D82517177CC";"OrganisatorischeEenheidHR";"Class";"EAPK_1825F01E_BA3C_4e53_B3B3_BD1E69F94A10";"HR";"9 Interne Organisatie"
"EAID_0B1C1CCE_E0D1_413d_A38B_7A9B03A21610";"Bezetting en Formatie";"EAID_E1C6E98B_20B2_43b0_8EC1_5C0905B3A139";"NormProfiel";"Class";"EAPK_1825F01E_BA3C_4e53_B3B3_BD1E69F94A10";"HR";"9 Interne Organisatie"
"EAID_0B1C1CCE_E0D1_413d_A38B_7A9B03A21610";"Bezetting en Formatie";"EAID_81EFBDCE_E500_4090_A37A_D3F799517866";"Formatieplaats";"Class";"EAPK_1825F01E_BA3C_4e53_B3B3_BD1E69F94A10";"HR";"9 Interne Organisatie"
"EAID_0B1C1CCE_E0D1_413d_A38B_7A9B03A21610";"Bezetting en Formatie";"EAID_532191CA_13CC_4500_93C9_54AB2862F38D";"Inzet";"Class";"EAPK_1825F01E_BA3C_4e53_B3B3_BD1E69F94A10";"HR";"9 Interne Organisatie"
"EAID_0B1C1CCE_E0D1_413d_A38B_7A9B03A21610";"Bezetting en Formatie";"EAID_936A4E8B_3E5A_44b6_8A5D_EFB39F83FB6D";"OrganisatorischeEenheid";"Class";"EAPK_1825F01E_BA3C_4e53_B3B3_BD1E69F94A10";"HR";"9 Interne Organisatie"
"EAID_0B1C1CCE_E0D1_413d_A38B_7A9B03A21610";"Bezetting en Formatie";"EAID_BBBB63AC_B546_409b_B6D4_53DB561253B7";"Werknemer";"Class";"EAPK_1825F01E_BA3C_4e53_B3B3_BD1E69F94A10";"HR";"9 Interne Organisatie"
"EAID_0B1C1CCE_E0D1_413d_A38B_7A9B03A21610";"Bezetting en Formatie";"EAID_D69EE16A_390C_4d6f_BC01_2B13FB3B22F1";"Functiehuis";"Class";"EAPK_1825F01E_BA3C_4e53_B3B3_BD1E69F94A10";"HR";"9 Interne Organisatie"
"EAID_0B1C1CCE_E0D1_413d_A38B_7A9B03A21610";"Bezetting en Formatie";"EAID_F29C11C1_477C_4b90_985C_43F94D08230A";"Functie";"Class";"EAPK_1825F01E_BA3C_4e53_B3B3_BD1E69F94A10";"HR";"9 Interne Organisatie"
"EAID_0B1C1CCE_E0D1_413d_A38B_7A9B03A21610";"Bezetting en Formatie";"EAID_63FF86E2_1BB0_48f6_8D95_3D82E8D2FA06";"Dienstverband";"Class";"EAPK_1825F01E_BA3C_4e53_B3B3_BD1E69F94A10";"HR";"9 Interne Organisatie"
"EAID_EC84A03C_FC04_401a_8263_7809B74179F8";"Brede Handhaving";"EAID_3B4D2D66_B801_42a8_A3FB_CC4A29FF8320";"Beoordelingsoort";"Enumeration";"EAPK_0A4C6DE8_608E_4626_A40E_0C432A5B0F9C";"1 Veiligheid en Vergunningen";"1 Veiligheid en Vergunningen"
"EAID_EC84A03C_FC04_401a_8263_7809B74179F8";"Brede Handhaving";"EAID_8E6BAEF8_1878_400f_9244_23575BD41EAB";"AanvraagOfMelding";"Class";"EAPK_0A4C6DE8_608E_4626_A40E_0C432A5B0F9C";"1 Veiligheid en Vergunningen";"1 Veiligheid en Vergunningen"
"EAID_EC84A03C_FC04_401a_8263_7809B74179F8";"Brede Handhaving";"EAID_90B2A249_8D88_4a14_979F_672223D98E8C";"BOA";"Class";"EAPK_0A4C6DE8_608E_4626_A40E_0C432A5B0F9C";"1 Veiligheid en Vergunningen";"1 Veiligheid en Vergunningen"
"EAID_EC84A03C_FC04_401a_8263_7809B74179F8";"Brede Handhaving";"EAID_E9AEF0A9_11BC_4d2a_BC48_FB77F04EF9A6";"VTH-Melding";"Class";"EAPK_0A4C6DE8_608E_4626_A40E_0C432A5B0F9C";"1 Veiligheid en Vergunningen";"1 Veiligheid en Vergunningen"
"EAID_EC84A03C_FC04_401a_8263_7809B74179F8";"Brede Handhaving";"EAID_DDC990BC_C026_4c98_BEE5_6692EA0C2515";"Waarneming";"Class";"EAPK_0A4C6DE8_608E_4626_A40E_0C432A5B0F9C";"1 Veiligheid en Vergunningen";"1 Veiligheid en Vergunningen"
"EAID_EC84A03C_FC04_401a_8263_7809B74179F8";"Brede Handhaving";"EAID_7FE4B466_B051_4068_9ED1_6E60C3B2DBAD";"Foto";"Class";"EAPK_0A4C6DE8_608E_4626_A40E_0C432A5B0F9C";"1 Veiligheid en Vergunningen";"1 Veiligheid en Vergunningen"
"EAID_EC84A03C_FC04_401a_8263_7809B74179F8";"Brede Handhaving";"EAID_43D57BB8_C2E4_4b5a_A41C_C5CEC9D3877D";"Combibon";"Class";"EAPK_0A4C6DE8_608E_4626_A40E_0C432A5B0F9C";"1 Veiligheid en Vergunningen";"1 Veiligheid en Vergunningen"
"EAID_EC84A03C_FC04_401a_8263_7809B74179F8";"Brede Handhaving";"EAID_FF9A4A36_6674_4590_BC33_7B6DC5256490";"Fietsregistratie";"Class";"EAPK_0A4C6DE8_608E_4626_A40E_0C432A5B0F9C";"1 Veiligheid en Vergunningen";"1 Veiligheid en Vergunningen"
"EAID_EC84A03C_FC04_401a_8263_7809B74179F8";"Brede Handhaving";"EAID_91F9D39E_0322_42c6_AE7F_5027B36F3EC3";"Object";"Class";"EAPK_0A4C6DE8_608E_4626_A40E_0C432A5B0F9C";"1 Veiligheid en Vergunningen";"1 Veiligheid en Vergunningen"
"EAID_D9511F60_3CA7_43bd_B6C8_F66447D66DBA";"Burgerzaken";"EAID_CA9BC1BB_D572_4e47_BECF_17CFD379BD6A";"Reisdocument";"Class";"EAPK_C84D590F_615F_4671_B4C2_7610C80F33F4";"Burgerzaken";"0 Bestuur, Politiek en Ondersteuning"
"EAID_D9511F60_3CA7_43bd_B6C8_F66447D66DBA";"Burgerzaken";"EAID_AF9534B0_7CBD_4061_9276_A7B6698B383A";"IngeschrevenPersoon";"Class";"EAPK_C84D590F_615F_4671_B4C2_7610C80F33F4";"Burgerzaken";"0 Bestuur, Politiek en Ondersteuning"
"EAID_D9511F60_3CA7_43bd_B6C8_F66447D66DBA";"Burgerzaken";"EAID_CA19D17F_3EB7_459d_9883_16F0C0B5D35E";"Ingezetene";"Class";"EAPK_C84D590F_615F_4671_B4C2_7610C80F33F4";"Burgerzaken";"0 Bestuur, Politiek en Ondersteuning"
"EAID_5D49277A_03E6_4e94_A3EE_79627327FA9E";"Buurten en Wijken";"EAID_24BDA4BA_CFCC_4e3f_8305_671F4ED7C502";"Woonplaats";"Class";"EAPK_2EEC0A24_2953_49cb_9CF1_1A19CCE84E97";"99 Kern";"99 Kern"
"EAID_5D49277A_03E6_4e94_A3EE_79627327FA9E";"Buurten en Wijken";"EAID_EA6F820F_C458_4b24_8055_5C2CC76F5904";"Gemeente";"Class";"EAPK_2EEC0A24_2953_49cb_9CF1_1A19CCE84E97";"99 Kern";"99 Kern"
"EAID_5D49277A_03E6_4e94_A3EE_79627327FA9E";"Buurten en Wijken";"EAID_120EA50B_B9A2_4869_A3BE_46931F631D33";"Wijk";"Class";"EAPK_2EEC0A24_2953_49cb_9CF1_1A19CCE84E97";"99 Kern";"99 Kern"
"EAID_5D49277A_03E6_4e94_A3EE_79627327FA9E";"Buurten en Wijken";"EAID_38649FF6_88C6_437d_AF8E_A9023D55E16C";"Buurt";"Class";"EAPK_2EEC0A24_2953_49cb_9CF1_1A19CCE84E97";"99 Kern";"99 Kern"
"EAID_65ED4246_5F82_4f1f_B752_18EDE5D7053C";"Codes cultuur onbebouwd referenties";"EAID_9775E778_DBF8_4122_94CE_551466B62F46";"KadastraleOnroerendeZaak";"Class";"EAPK_58A5214F_E56C_4707_BE2D_AB36DD6976A3";"RSGBPlus";"99 Kern"
"EAID_65ED4246_5F82_4f1f_B752_18EDE5D7053C";"Codes cultuur onbebouwd referenties";"EAID_ACAF3418_7E0F_43eb_B470_4AF98C37A49B";"CultuurcodeOnbebouwd";"Class";"EAPK_58A5214F_E56C_4707_BE2D_AB36DD6976A3";"RSGBPlus";"99 Kern"
"EAID_0981C2ED_9E04_4004_98C8_C9622FDF3638";"Cultuur codes bebouwd referenties";"EAID_DADECD97_1605_4c24_84A7_46AB2327468D";"CultuurcodeBebouwd";"Class";"EAPK_58A5214F_E56C_4707_BE2D_AB36DD6976A3";"RSGBPlus";"99 Kern"
"EAID_0981C2ED_9E04_4004_98C8_C9622FDF3638";"Cultuur codes bebouwd referenties";"EAID_1ECAEB3C_EBE2_4afb_8D34_6AFEEFDF3FCA";"LocatieKadastraleOnroerendeZaak";"Class";"EAPK_58A5214F_E56C_4707_BE2D_AB36DD6976A3";"RSGBPlus";"99 Kern"
"EAID_4FC75976_F979_4935_9EEB_9910EE83A246";"Deelobjectcodereferenties";"EAID_EEC30588_0E12_41c9_977E_C885A0A7EDC3";"WOZ-deelobject";"Class";"EAPK_58A5214F_E56C_4707_BE2D_AB36DD6976A3";"RSGBPlus";"99 Kern"
"EAID_4FC75976_F979_4935_9EEB_9910EE83A246";"Deelobjectcodereferenties";"EAID_D8154D91_27A5_4cc1_9B52_639BF24CAC29";"WOZ-Deelobjectcode";"Class";"EAPK_58A5214F_E56C_4707_BE2D_AB36DD6976A3";"RSGBPlus";"99 Kern"
"EAID_F93A23D7_BF68_46e0_A6D4_96508ACED81E";"Detaildiagram Werk";"EAID_465F4C44_6311_45a1_89ED_A4BD135DEDEF";"Code maatschappelijke context werkzaamheden anders dan in arbeidsverhouding";"Enumeration";"EAPK_0CC177F3_B29B_4247_B010_1423D1561952";"Werk";"6 Sociaal Domein"
"EAID_F93A23D7_BF68_46e0_A6D4_96508ACED81E";"Detaildiagram Werk";"EAID_D985F79E_8616_4144_9071_238FB9240B85";"Werkzaamheden als mantelzorger";"Class";"EAPK_0CC177F3_B29B_4247_B010_1423D1561952";"Werk";"6 Sociaal Domein"
"EAID_F93A23D7_BF68_46e0_A6D4_96508ACED81E";"Detaildiagram Werk";"EAID_F0C047DA_725B_486b_9FF3_EB60662C1895";"Werkzaamheden anders dan in arbeidsverhouding";"Class";"EAPK_0CC177F3_B29B_4247_B010_1423D1561952";"Werk";"6 Sociaal Domein"
"EAID_F93A23D7_BF68_46e0_A6D4_96508ACED81E";"Detaildiagram Werk";"EAID_4E17ABC6_7138_4f97_B2F0_22095642A089";"Vervoersmogelijkheden";"Enumeration";"EAPK_0CC177F3_B29B_4247_B010_1423D1561952";"Werk";"6 Sociaal Domein"
"EAID_F93A23D7_BF68_46e0_A6D4_96508ACED81E";"Detaildiagram Werk";"EAID_8E6192D2_DD00_4322_9970_FB81F3177B43";"Interval opzegtermijn";"Enumeration";"EAPK_0CC177F3_B29B_4247_B010_1423D1561952";"Werk";"6 Sociaal Domein"
"EAID_F93A23D7_BF68_46e0_A6D4_96508ACED81E";"Detaildiagram Werk";"EAID_A091CC76_7576_45ac_B5D7_4D5C2D40BFD6";"Dag beschikbaarheid";"Enumeration";"EAPK_0CC177F3_B29B_4247_B010_1423D1561952";"Werk";"6 Sociaal Domein"
"EAID_F93A23D7_BF68_46e0_A6D4_96508ACED81E";"Detaildiagram Werk";"EAID_362B3FC2_A412_450f_AF4D_CF3A4B149060";"Kanaal contactmoment";"Enumeration";"EAPK_0CC177F3_B29B_4247_B010_1423D1561952";"Werk";"6 Sociaal Domein"
"EAID_F93A23D7_BF68_46e0_A6D4_96508ACED81E";"Detaildiagram Werk";"EAID_EF6B492C_3C43_4558_BEFC_30685FEBCDE3";"Indicatie mate van vaardigheid";"Enumeration";"EAPK_0CC177F3_B29B_4247_B010_1423D1561952";"Werk";"6 Sociaal Domein"
"EAID_F93A23D7_BF68_46e0_A6D4_96508ACED81E";"Detaildiagram Werk";"EAID_A1912CA8_11EA_4d8a_A5FB_C5F98F521367";"Vaardigheidsvaststelling";"Class";"EAPK_0CC177F3_B29B_4247_B010_1423D1561952";"Werk";"6 Sociaal Domein"
"EAID_F93A23D7_BF68_46e0_A6D4_96508ACED81E";"Detaildiagram Werk";"EAID_4198974E_B813_4707_9C29_2AAAAF86F9DA";"Ontheffingsverplichting";"Enumeration";"EAPK_0CC177F3_B29B_4247_B010_1423D1561952";"Werk";"6 Sociaal Domein"
"EAID_F93A23D7_BF68_46e0_A6D4_96508ACED81E";"Detaildiagram Werk";"EAID_EEB18D04_9D40_4b51_8AF9_F1B1E104F649";"Soort ontheffing";"Enumeration";"EAPK_0CC177F3_B29B_4247_B010_1423D1561952";"Werk";"6 Sociaal Domein"
"EAID_F93A23D7_BF68_46e0_A6D4_96508ACED81E";"Detaildiagram Werk";"EAID_00A0566C_D23C_4139_9CA7_73ACFC055821";"Hulp aanwezig";"Enumeration";"EAPK_0CC177F3_B29B_4247_B010_1423D1561952";"Werk";"6 Sociaal Domein"
"EAID_F93A23D7_BF68_46e0_A6D4_96508ACED81E";"Detaildiagram Werk";"EAID_6BACDBD1_1236_4f4b_B5F6_B6DA30B79D10";"Domein van zelfredzaamheid";"Enumeration";"EAPK_0CC177F3_B29B_4247_B010_1423D1561952";"Werk";"6 Sociaal Domein"
"EAID_F93A23D7_BF68_46e0_A6D4_96508ACED81E";"Detaildiagram Werk";"EAID_DA737608_8BA7_40db_ACD0_00F90B8084C0";"ZRM-score";"Enumeration";"EAPK_0CC177F3_B29B_4247_B010_1423D1561952";"Werk";"6 Sociaal Domein"
"EAID_F93A23D7_BF68_46e0_A6D4_96508ACED81E";"Detaildiagram Werk";"EAID_9356C95E_1B27_42c8_8CC5_6CD45E070CF5";"Indicatie doelgroepenregister";"Enumeration";"EAPK_0CC177F3_B29B_4247_B010_1423D1561952";"Werk";"6 Sociaal Domein"
"EAID_F93A23D7_BF68_46e0_A6D4_96508ACED81E";"Detaildiagram Werk";"EAID_4A764F24_4D95_4f8a_8B94_D83AD82D8021";"Code arbeidsvermogen";"Enumeration";"EAPK_0CC177F3_B29B_4247_B010_1423D1561952";"Werk";"6 Sociaal Domein"
"EAID_F93A23D7_BF68_46e0_A6D4_96508ACED81E";"Detaildiagram Werk";"EAID_1667C22C_75BD_4181_9BA0_27D5A8EDE1B5";"Taalvaardigheid";"Enumeration";"EAPK_0CC177F3_B29B_4247_B010_1423D1561952";"Werk";"6 Sociaal Domein"
"EAID_F93A23D7_BF68_46e0_A6D4_96508ACED81E";"Detaildiagram Werk";"EAID_67EF841C_7814_49bc_84AC_39EB57C936B3";"Code opleidingsniveau cliënt";"Enumeration";"EAPK_0CC177F3_B29B_4247_B010_1423D1561952";"Werk";"6 Sociaal Domein"
"EAID_F93A23D7_BF68_46e0_A6D4_96508ACED81E";"Detaildiagram Werk";"EAID_8BC797B1_8F85_4da4_866C_AAAD4C469D02";"CodeOpleidingsnaam";"Enumeration";"EAPK_0CC177F3_B29B_4247_B010_1423D1561952";"Werk";"6 Sociaal Domein"
"EAID_F93A23D7_BF68_46e0_A6D4_96508ACED81E";"Detaildiagram Werk";"EAID_E194EC08_CD47_4429_9598_FDA0AF9E3C2A";"OpleidingsnaamGecodeerd";"Class";"EAPK_0CC177F3_B29B_4247_B010_1423D1561952";"Werk";"6 Sociaal Domein"
"EAID_F93A23D7_BF68_46e0_A6D4_96508ACED81E";"Detaildiagram Werk";"EAID_5CA681BF_8AC1_4161_921F_F5F78C9DB65F";"OpleidingsnaamOngecodeerd";"Class";"EAPK_0CC177F3_B29B_4247_B010_1423D1561952";"Werk";"6 Sociaal Domein"
"EAID_F93A23D7_BF68_46e0_A6D4_96508ACED81E";"Detaildiagram Werk";"EAID_5B31FFA6_B0C4_4d12_8753_6E4028F1FD81";"Code tijdsbeslag opleiding";"Enumeration";"EAPK_0CC177F3_B29B_4247_B010_1423D1561952";"Werk";"6 Sociaal Domein"
"EAID_F93A23D7_BF68_46e0_A6D4_96508ACED81E";"Detaildiagram Werk";"EAID_8342F88A_D42A_4820_B65E_181F1466CE2F";"CodeLeerwegMBO";"Enumeration";"EAPK_0CC177F3_B29B_4247_B010_1423D1561952";"Werk";"6 Sociaal Domein"
"EAID_F93A23D7_BF68_46e0_A6D4_96508ACED81E";"Detaildiagram Werk";"EAID_39A87FE7_2240_4193_A5CC_3A23AA13357B";"Opleidingsrichting";"Enumeration";"EAPK_0CC177F3_B29B_4247_B010_1423D1561952";"Werk";"6 Sociaal Domein"
"EAID_F93A23D7_BF68_46e0_A6D4_96508ACED81E";"Detaildiagram Werk";"EAID_EF820B1A_DCDA_4a11_9953_2BF164FFFF8B";"CodeNiveauOpleiding";"Enumeration";"EAPK_0CC177F3_B29B_4247_B010_1423D1561952";"Werk";"6 Sociaal Domein"
"EAID_F93A23D7_BF68_46e0_A6D4_96508ACED81E";"Detaildiagram Werk";"EAID_4278AD00_AF48_4af8_B06E_E63021FAA8CB";"CodeStatusOpleiding";"Enumeration";"EAPK_0CC177F3_B29B_4247_B010_1423D1561952";"Werk";"6 Sociaal Domein"
"EAID_F93A23D7_BF68_46e0_A6D4_96508ACED81E";"Detaildiagram Werk";"EAID_CA2AC9CB_D807_42a5_AAEC_FB096C23392B";"Vervoermiddel";"Enumeration";"EAPK_0CC177F3_B29B_4247_B010_1423D1561952";"Werk";"6 Sociaal Domein"
"EAID_F93A23D7_BF68_46e0_A6D4_96508ACED81E";"Detaildiagram Werk";"EAID_C04B989A_CDB8_48e0_9285_9227EB073E39";"SoortWerk";"Enumeration";"EAPK_0CC177F3_B29B_4247_B010_1423D1561952";"Werk";"6 Sociaal Domein"
"EAID_F93A23D7_BF68_46e0_A6D4_96508ACED81E";"Detaildiagram Werk";"EAID_F600A89B_EE8E_4b86_949E_F15E9328EB83";"Loonkostensubsidie";"Class";"EAPK_0CC177F3_B29B_4247_B010_1423D1561952";"Werk";"6 Sociaal Domein"
"EAID_F93A23D7_BF68_46e0_A6D4_96508ACED81E";"Detaildiagram Werk";"EAID_609AECDB_CFEA_4316_9541_5239A26CC069";"ZelfredzaamheidScore";"Class";"EAPK_0CC177F3_B29B_4247_B010_1423D1561952";"Werk";"6 Sociaal Domein"
"EAID_F93A23D7_BF68_46e0_A6D4_96508ACED81E";"Detaildiagram Werk";"EAID_6B1C7773_77F8_47a5_8C4E_E7E129148ADB";"Reintegratievoorziening";"Class";"EAPK_0CC177F3_B29B_4247_B010_1423D1561952";"Werk";"6 Sociaal Domein"
"EAID_F93A23D7_BF68_46e0_A6D4_96508ACED81E";"Detaildiagram Werk";"EAID_2F1FD6B9_AF03_4864_B40C_027155621707";"DoelReintegratievoorziening";"Class";"EAPK_0CC177F3_B29B_4247_B010_1423D1561952";"Werk";"6 Sociaal Domein"
"EAID_F93A23D7_BF68_46e0_A6D4_96508ACED81E";"Detaildiagram Werk";"EAID_8C8FAE2D_5F4D_4e3b_8EA3_43FF544775F2";"Mobiliteit";"Class";"EAPK_0CC177F3_B29B_4247_B010_1423D1561952";"Werk";"6 Sociaal Domein"
"EAID_F93A23D7_BF68_46e0_A6D4_96508ACED81E";"Detaildiagram Werk";"EAID_A0F5CBE4_67D2_47bb_9CE9_B104E7093D12";"BeschikbaarVoorArbeid";"Class";"EAPK_0CC177F3_B29B_4247_B010_1423D1561952";"Werk";"6 Sociaal Domein"
"EAID_F93A23D7_BF68_46e0_A6D4_96508ACED81E";"Detaildiagram Werk";"EAID_E7BC941E_A54D_49e1_8F77_1D8D7CE8EBD7";"Flexibliteit";"Class";"EAPK_0CC177F3_B29B_4247_B010_1423D1561952";"Werk";"6 Sociaal Domein"
"EAID_F93A23D7_BF68_46e0_A6D4_96508ACED81E";"Detaildiagram Werk";"EAID_5E0C3ED7_DCB9_4fc0_A11C_50F079D74EFD";"VrijstellingArbeidsplicht";"Class";"EAPK_0CC177F3_B29B_4247_B010_1423D1561952";"Werk";"6 Sociaal Domein"
"EAID_F93A23D7_BF68_46e0_A6D4_96508ACED81E";"Detaildiagram Werk";"EAID_E2F30023_4E8C_44fc_8989_1E467EA8618F";"Arbeidsperiode";"Class";"EAPK_0CC177F3_B29B_4247_B010_1423D1561952";"Werk";"6 Sociaal Domein"
"EAID_F93A23D7_BF68_46e0_A6D4_96508ACED81E";"Detaildiagram Werk";"EAID_BDC8C949_2563_45eb_9E85_866ED51B3AC4";"Arbeidsverhouding";"Class";"EAPK_0CC177F3_B29B_4247_B010_1423D1561952";"Werk";"6 Sociaal Domein"
"EAID_F93A23D7_BF68_46e0_A6D4_96508ACED81E";"Detaildiagram Werk";"EAID_48CCBBD0_2327_4620_881C_A39F151BABD6";"Werkervaring";"Class";"EAPK_0CC177F3_B29B_4247_B010_1423D1561952";"Werk";"6 Sociaal Domein"
"EAID_F93A23D7_BF68_46e0_A6D4_96508ACED81E";"Detaildiagram Werk";"EAID_1C180C62_5B5E_45b4_BB94_F44454D11BDE";"Bemiddelingstraject";"Class";"EAPK_0CC177F3_B29B_4247_B010_1423D1561952";"Werk";"6 Sociaal Domein"
"EAID_F93A23D7_BF68_46e0_A6D4_96508ACED81E";"Detaildiagram Werk";"EAID_A514BC85_0096_4bbc_B393_DE1784056420";"Voorkeur";"Class";"EAPK_0CC177F3_B29B_4247_B010_1423D1561952";"Werk";"6 Sociaal Domein"
"EAID_F93A23D7_BF68_46e0_A6D4_96508ACED81E";"Detaildiagram Werk";"EAID_E2147AA5_89F8_4a59_A8F2_558AA872037F";"Bemiddelingsberoep";"Class";"EAPK_0CC177F3_B29B_4247_B010_1423D1561952";"Werk";"6 Sociaal Domein"
"EAID_F93A23D7_BF68_46e0_A6D4_96508ACED81E";"Detaildiagram Werk";"EAID_1F4F46AC_825C_46c7_A417_BFA6775FF3D9";"BeschikbaarVoorBemiddeling";"Class";"EAPK_0CC177F3_B29B_4247_B010_1423D1561952";"Werk";"6 Sociaal Domein"
"EAID_F93A23D7_BF68_46e0_A6D4_96508ACED81E";"Detaildiagram Werk";"EAID_AFB7351F_6761_4db2_ACC4_537A1B7C0CAA";"Taalbeheersing";"Class";"EAPK_0CC177F3_B29B_4247_B010_1423D1561952";"Werk";"6 Sociaal Domein"
"EAID_F93A23D7_BF68_46e0_A6D4_96508ACED81E";"Detaildiagram Werk";"EAID_14E98618_2093_4442_9593_1B15890260A8";"TaalbeheersingNederlands";"Class";"EAPK_0CC177F3_B29B_4247_B010_1423D1561952";"Werk";"6 Sociaal Domein"
"EAID_F93A23D7_BF68_46e0_A6D4_96508ACED81E";"Detaildiagram Werk";"EAID_DD9C65D4_0B47_4623_9BE4_6CE711DB846E";"Opleidingsnaam";"Class";"EAPK_0CC177F3_B29B_4247_B010_1423D1561952";"Werk";"6 Sociaal Domein"
"EAID_F93A23D7_BF68_46e0_A6D4_96508ACED81E";"Detaildiagram Werk";"EAID_E250F980_18C3_4666_8022_302ACDC18A56";"Opleiding";"Class";"EAPK_0CC177F3_B29B_4247_B010_1423D1561952";"Werk";"6 Sociaal Domein"
"EAID_F93A23D7_BF68_46e0_A6D4_96508ACED81E";"Detaildiagram Werk";"EAID_40C7DD8D_7F0A_4019_860A_EB59841D1DAF";"Rijbewijs /Certificaat";"Class";"EAPK_0CC177F3_B29B_4247_B010_1423D1561952";"Werk";"6 Sociaal Domein"
"EAID_F93A23D7_BF68_46e0_A6D4_96508ACED81E";"Detaildiagram Werk";"EAID_FBDF2AE8_AC88_4288_9B40_5B26C450FC20";"Opleidingsniveau";"Class";"EAPK_0CC177F3_B29B_4247_B010_1423D1561952";"Werk";"6 Sociaal Domein"
"EAID_F93A23D7_BF68_46e0_A6D4_96508ACED81E";"Detaildiagram Werk";"EAID_8EE515EA_11F9_4f56_B9AA_F7B0904B39E7";"Ontheffing";"Class";"EAPK_0CC177F3_B29B_4247_B010_1423D1561952";"Werk";"6 Sociaal Domein"
"EAID_F93A23D7_BF68_46e0_A6D4_96508ACED81E";"Detaildiagram Werk";"EAID_B1CD002A_85A3_41db_A905_D9A7512A7307";"Doelgroepenregister";"Class";"EAPK_0CC177F3_B29B_4247_B010_1423D1561952";"Werk";"6 Sociaal Domein"
"EAID_F93A23D7_BF68_46e0_A6D4_96508ACED81E";"Detaildiagram Werk";"EAID_F657BA3E_8B66_4b84_8036_0FA4CCC2D3CE";"Arbeidsvermogen";"Class";"EAPK_0CC177F3_B29B_4247_B010_1423D1561952";"Werk";"6 Sociaal Domein"
"EAID_F93A23D7_BF68_46e0_A6D4_96508ACED81E";"Detaildiagram Werk";"EAID_24A45AF2_13FF_491d_9E3D_F8D8113F28E1";"Werkzoekende";"Class";"EAPK_0CC177F3_B29B_4247_B010_1423D1561952";"Werk";"6 Sociaal Domein"
"EAID_F93A23D7_BF68_46e0_A6D4_96508ACED81E";"Detaildiagram Werk";"EAID_065C201E_2825_4f32_B085_E84BBC205199";"SETU job category";"Enumeration";"EAPK_0CC177F3_B29B_4247_B010_1423D1561952";"Werk";"6 Sociaal Domein"
"EAID_F93A23D7_BF68_46e0_A6D4_96508ACED81E";"Detaildiagram Werk";"EAID_E771BA5B_93D4_48a0_A6FC_BEBDD18C8975";"Arbeidsmarktkwalificaties";"Class";"EAPK_0CC177F3_B29B_4247_B010_1423D1561952";"Werk";"6 Sociaal Domein"
"EAID_FF8B8883_467A_422e_A894_C513307057AF";"Detaillering Kadastrale Onroerende Zaken en Rechten met attributen";"EAID_8A04280B_E0B4_4e36_B448_C99750393D0D";"AdresseerbaarObject";"Class";"EAPK_58A5214F_E56C_4707_BE2D_AB36DD6976A3";"RSGBPlus";"99 Kern"
"EAID_FF8B8883_467A_422e_A894_C513307057AF";"Detaillering Kadastrale Onroerende Zaken en Rechten met attributen";"EAID_0BC18F79_3560_4e43_8154_7CCDC7D67A03";"KadastraleOnroerendeZaakAantekening";"Class";"EAPK_58A5214F_E56C_4707_BE2D_AB36DD6976A3";"RSGBPlus";"99 Kern"
"EAID_FF8B8883_467A_422e_A894_C513307057AF";"Detaillering Kadastrale Onroerende Zaken en Rechten met attributen";"EAID_3397A5B5_E789_46e6_8559_C528EA55F830";"Zekerheidsrecht";"Class";"EAPK_58A5214F_E56C_4707_BE2D_AB36DD6976A3";"RSGBPlus";"99 Kern"
"EAID_FF8B8883_467A_422e_A894_C513307057AF";"Detaillering Kadastrale Onroerende Zaken en Rechten met attributen";"EAID_2651D6E0_6AC8_43a8_A4F6_4706209BAC8E";"Tenaamstelling";"Class";"EAPK_58A5214F_E56C_4707_BE2D_AB36DD6976A3";"RSGBPlus";"99 Kern"
"EAID_FF8B8883_467A_422e_A894_C513307057AF";"Detaillering Kadastrale Onroerende Zaken en Rechten met attributen";"EAID_C1542AC8_2F3C_4e62_ADFA_A9FB3358DAB1";"Appartementsrechtsplitsing";"Class";"EAPK_58A5214F_E56C_4707_BE2D_AB36DD6976A3";"RSGBPlus";"99 Kern"
"EAID_FF8B8883_467A_422e_A894_C513307057AF";"Detaillering Kadastrale Onroerende Zaken en Rechten met attributen";"EAID_3D5CCB29_91E4_458e_8BCD_6741198E45B8";"NietNatuurlijkPersoon";"Class";"EAPK_58A5214F_E56C_4707_BE2D_AB36DD6976A3";"RSGBPlus";"99 Kern"
"EAID_FF8B8883_467A_422e_A894_C513307057AF";"Detaillering Kadastrale Onroerende Zaken en Rechten met attributen";"EAID_9F4E12E4_B228_4931_AC83_1B1F60958A89";"NatuurlijkPersoon";"Class";"EAPK_58A5214F_E56C_4707_BE2D_AB36DD6976A3";"RSGBPlus";"99 Kern"
"EAID_FF8B8883_467A_422e_A894_C513307057AF";"Detaillering Kadastrale Onroerende Zaken en Rechten met attributen";"EAID_9DF5AC43_3673_4b9a_BB5E_6DCA7BE28835";"Rechtspersoon";"Class";"EAPK_58A5214F_E56C_4707_BE2D_AB36DD6976A3";"RSGBPlus";"99 Kern"
"EAID_FF8B8883_467A_422e_A894_C513307057AF";"Detaillering Kadastrale Onroerende Zaken en Rechten met attributen";"EAID_8C809341_AC60_4378_8BA0_0843E8C06AF3";"ZakelijkRecht";"Class";"EAPK_58A5214F_E56C_4707_BE2D_AB36DD6976A3";"RSGBPlus";"99 Kern"
"EAID_FF8B8883_467A_422e_A894_C513307057AF";"Detaillering Kadastrale Onroerende Zaken en Rechten met attributen";"EAID_869E0A04_A663_4839_970D_7FB82DF6C317";"Appartementsrecht";"Class";"EAPK_58A5214F_E56C_4707_BE2D_AB36DD6976A3";"RSGBPlus";"99 Kern"
"EAID_FF8B8883_467A_422e_A894_C513307057AF";"Detaillering Kadastrale Onroerende Zaken en Rechten met attributen";"EAID_172AFD36_B400_4660_BFAC_4BBC1077D666";"KadastraalPerceel";"Class";"EAPK_58A5214F_E56C_4707_BE2D_AB36DD6976A3";"RSGBPlus";"99 Kern"
"EAID_FF8B8883_467A_422e_A894_C513307057AF";"Detaillering Kadastrale Onroerende Zaken en Rechten met attributen";"EAID_9775E778_DBF8_4122_94CE_551466B62F46";"KadastraleOnroerendeZaak";"Class";"EAPK_58A5214F_E56C_4707_BE2D_AB36DD6976A3";"RSGBPlus";"99 Kern"
"EAID_0A286E07_9DEF_46a8_AC66_469F5A70564E";"Detaillering Kadastrale Onroerende Zaken en Rechten op hoofdlijnen";"EAID_8A04280B_E0B4_4e36_B448_C99750393D0D";"AdresseerbaarObject";"Class";"EAPK_58A5214F_E56C_4707_BE2D_AB36DD6976A3";"RSGBPlus";"99 Kern"
"EAID_0A286E07_9DEF_46a8_AC66_469F5A70564E";"Detaillering Kadastrale Onroerende Zaken en Rechten op hoofdlijnen";"EAID_0BC18F79_3560_4e43_8154_7CCDC7D67A03";"KadastraleOnroerendeZaakAantekening";"Class";"EAPK_58A5214F_E56C_4707_BE2D_AB36DD6976A3";"RSGBPlus";"99 Kern"
"EAID_0A286E07_9DEF_46a8_AC66_469F5A70564E";"Detaillering Kadastrale Onroerende Zaken en Rechten op hoofdlijnen";"EAID_3397A5B5_E789_46e6_8559_C528EA55F830";"Zekerheidsrecht";"Class";"EAPK_58A5214F_E56C_4707_BE2D_AB36DD6976A3";"RSGBPlus";"99 Kern"
"EAID_0A286E07_9DEF_46a8_AC66_469F5A70564E";"Detaillering Kadastrale Onroerende Zaken en Rechten op hoofdlijnen";"EAID_2651D6E0_6AC8_43a8_A4F6_4706209BAC8E";"Tenaamstelling";"Class";"EAPK_58A5214F_E56C_4707_BE2D_AB36DD6976A3";"RSGBPlus";"99 Kern"
"EAID_0A286E07_9DEF_46a8_AC66_469F5A70564E";"Detaillering Kadastrale Onroerende Zaken en Rechten op hoofdlijnen";"EAID_C1542AC8_2F3C_4e62_ADFA_A9FB3358DAB1";"Appartementsrechtsplitsing";"Class";"EAPK_58A5214F_E56C_4707_BE2D_AB36DD6976A3";"RSGBPlus";"99 Kern"
"EAID_0A286E07_9DEF_46a8_AC66_469F5A70564E";"Detaillering Kadastrale Onroerende Zaken en Rechten op hoofdlijnen";"EAID_3D5CCB29_91E4_458e_8BCD_6741198E45B8";"NietNatuurlijkPersoon";"Class";"EAPK_58A5214F_E56C_4707_BE2D_AB36DD6976A3";"RSGBPlus";"99 Kern"
"EAID_0A286E07_9DEF_46a8_AC66_469F5A70564E";"Detaillering Kadastrale Onroerende Zaken en Rechten op hoofdlijnen";"EAID_9F4E12E4_B228_4931_AC83_1B1F60958A89";"NatuurlijkPersoon";"Class";"EAPK_58A5214F_E56C_4707_BE2D_AB36DD6976A3";"RSGBPlus";"99 Kern"
"EAID_0A286E07_9DEF_46a8_AC66_469F5A70564E";"Detaillering Kadastrale Onroerende Zaken en Rechten op hoofdlijnen";"EAID_9DF5AC43_3673_4b9a_BB5E_6DCA7BE28835";"Rechtspersoon";"Class";"EAPK_58A5214F_E56C_4707_BE2D_AB36DD6976A3";"RSGBPlus";"99 Kern"
"EAID_0A286E07_9DEF_46a8_AC66_469F5A70564E";"Detaillering Kadastrale Onroerende Zaken en Rechten op hoofdlijnen";"EAID_8C809341_AC60_4378_8BA0_0843E8C06AF3";"ZakelijkRecht";"Class";"EAPK_58A5214F_E56C_4707_BE2D_AB36DD6976A3";"RSGBPlus";"99 Kern"
"EAID_0A286E07_9DEF_46a8_AC66_469F5A70564E";"Detaillering Kadastrale Onroerende Zaken en Rechten op hoofdlijnen";"EAID_869E0A04_A663_4839_970D_7FB82DF6C317";"Appartementsrecht";"Class";"EAPK_58A5214F_E56C_4707_BE2D_AB36DD6976A3";"RSGBPlus";"99 Kern"
"EAID_0A286E07_9DEF_46a8_AC66_469F5A70564E";"Detaillering Kadastrale Onroerende Zaken en Rechten op hoofdlijnen";"EAID_172AFD36_B400_4660_BFAC_4BBC1077D666";"KadastraalPerceel";"Class";"EAPK_58A5214F_E56C_4707_BE2D_AB36DD6976A3";"RSGBPlus";"99 Kern"
"EAID_0A286E07_9DEF_46a8_AC66_469F5A70564E";"Detaillering Kadastrale Onroerende Zaken en Rechten op hoofdlijnen";"EAID_9775E778_DBF8_4122_94CE_551466B62F46";"KadastraleOnroerendeZaak";"Class";"EAPK_58A5214F_E56C_4707_BE2D_AB36DD6976A3";"RSGBPlus";"99 Kern"
"EAID_71A3B7DD_0097_4a32_8E4B_09735D7404E8";"Detaillering Subjecten ";"EAID_B60B8EF9_D1C0_4e36_BF9B_1C16F92518DD";"Vestiging";"Class";"EAPK_58A5214F_E56C_4707_BE2D_AB36DD6976A3";"RSGBPlus";"99 Kern"
"EAID_71A3B7DD_0097_4a32_8E4B_09735D7404E8";"Detaillering Subjecten ";"EAID_9DF5AC43_3673_4b9a_BB5E_6DCA7BE28835";"Rechtspersoon";"Class";"EAPK_58A5214F_E56C_4707_BE2D_AB36DD6976A3";"RSGBPlus";"99 Kern"
"EAID_71A3B7DD_0097_4a32_8E4B_09735D7404E8";"Detaillering Subjecten ";"EAID_3D5CCB29_91E4_458e_8BCD_6741198E45B8";"NietNatuurlijkPersoon";"Class";"EAPK_58A5214F_E56C_4707_BE2D_AB36DD6976A3";"RSGBPlus";"99 Kern"
"EAID_71A3B7DD_0097_4a32_8E4B_09735D7404E8";"Detaillering Subjecten ";"EAID_9F4E12E4_B228_4931_AC83_1B1F60958A89";"NatuurlijkPersoon";"Class";"EAPK_58A5214F_E56C_4707_BE2D_AB36DD6976A3";"RSGBPlus";"99 Kern"
"EAID_71A3B7DD_0097_4a32_8E4B_09735D7404E8";"Detaillering Subjecten ";"EAID_AF9534B0_7CBD_4061_9276_A7B6698B383A";"IngeschrevenPersoon";"Class";"EAPK_58A5214F_E56C_4707_BE2D_AB36DD6976A3";"RSGBPlus";"99 Kern"
"EAID_5E76FEEA_58F8_41fd_9FF1_B44274C80FA5";"Detaillering WOZ-objecttypen met attributen";"EAID_461EFCF0_E65E_4c7c_B44D_8F36C36FDCE4";"Verblijfsobject";"Class";"EAPK_58A5214F_E56C_4707_BE2D_AB36DD6976A3";"RSGBPlus";"99 Kern"
"EAID_5E76FEEA_58F8_41fd_9FF1_B44274C80FA5";"Detaillering WOZ-objecttypen met attributen";"EAID_785E3B69_19DA_4952_84A8_592965B9229A";"Ligplaats";"Class";"EAPK_58A5214F_E56C_4707_BE2D_AB36DD6976A3";"RSGBPlus";"99 Kern"
"EAID_5E76FEEA_58F8_41fd_9FF1_B44274C80FA5";"Detaillering WOZ-objecttypen met attributen";"EAID_86952BDA_ADF6_4ff0_B8C7_BA3AA889A40B";"Standplaats";"Class";"EAPK_58A5214F_E56C_4707_BE2D_AB36DD6976A3";"RSGBPlus";"99 Kern"
"EAID_5E76FEEA_58F8_41fd_9FF1_B44274C80FA5";"Detaillering WOZ-objecttypen met attributen";"EAID_BFE30E32_8CB9_4272_A559_9FB3FD74DACC";"OpenbareRuimte";"Class";"EAPK_58A5214F_E56C_4707_BE2D_AB36DD6976A3";"RSGBPlus";"99 Kern"
"EAID_5E76FEEA_58F8_41fd_9FF1_B44274C80FA5";"Detaillering WOZ-objecttypen met attributen";"EAID_32A22BC6_89EC_44af_8D7D_79B12311AE2D";"Nummeraanduiding";"Class";"EAPK_58A5214F_E56C_4707_BE2D_AB36DD6976A3";"RSGBPlus";"99 Kern"
"EAID_5E76FEEA_58F8_41fd_9FF1_B44274C80FA5";"Detaillering WOZ-objecttypen met attributen";"EAID_8A04280B_E0B4_4e36_B448_C99750393D0D";"AdresseerbaarObject";"Class";"EAPK_58A5214F_E56C_4707_BE2D_AB36DD6976A3";"RSGBPlus";"99 Kern"
"EAID_5E76FEEA_58F8_41fd_9FF1_B44274C80FA5";"Detaillering WOZ-objecttypen met attributen";"EAID_11595AD8_CE67_40dd_BDA9_489DC7D244ED";"Pand";"Class";"EAPK_58A5214F_E56C_4707_BE2D_AB36DD6976A3";"RSGBPlus";"99 Kern"
"EAID_5E76FEEA_58F8_41fd_9FF1_B44274C80FA5";"Detaillering WOZ-objecttypen met attributen";"EAID_AF9534B0_7CBD_4061_9276_A7B6698B383A";"IngeschrevenPersoon";"Class";"EAPK_58A5214F_E56C_4707_BE2D_AB36DD6976A3";"RSGBPlus";"99 Kern"
"EAID_5E76FEEA_58F8_41fd_9FF1_B44274C80FA5";"Detaillering WOZ-objecttypen met attributen";"EAID_3D5CCB29_91E4_458e_8BCD_6741198E45B8";"NietNatuurlijkPersoon";"Class";"EAPK_58A5214F_E56C_4707_BE2D_AB36DD6976A3";"RSGBPlus";"99 Kern"
"EAID_5E76FEEA_58F8_41fd_9FF1_B44274C80FA5";"Detaillering WOZ-objecttypen met attributen";"EAID_9F4E12E4_B228_4931_AC83_1B1F60958A89";"NatuurlijkPersoon";"Class";"EAPK_58A5214F_E56C_4707_BE2D_AB36DD6976A3";"RSGBPlus";"99 Kern"
"EAID_5E76FEEA_58F8_41fd_9FF1_B44274C80FA5";"Detaillering WOZ-objecttypen met attributen";"EAID_9DF5AC43_3673_4b9a_BB5E_6DCA7BE28835";"Rechtspersoon";"Class";"EAPK_58A5214F_E56C_4707_BE2D_AB36DD6976A3";"RSGBPlus";"99 Kern"
"EAID_5E76FEEA_58F8_41fd_9FF1_B44274C80FA5";"Detaillering WOZ-objecttypen met attributen";"EAID_B60B8EF9_D1C0_4e36_BF9B_1C16F92518DD";"Vestiging";"Class";"EAPK_58A5214F_E56C_4707_BE2D_AB36DD6976A3";"RSGBPlus";"99 Kern"
"EAID_5E76FEEA_58F8_41fd_9FF1_B44274C80FA5";"Detaillering WOZ-objecttypen met attributen";"EAID_7C387F42_EC1A_4a78_B09B_533AAB03C0C2";"WOZ-Waarde";"Class";"EAPK_58A5214F_E56C_4707_BE2D_AB36DD6976A3";"RSGBPlus";"99 Kern"
"EAID_5E76FEEA_58F8_41fd_9FF1_B44274C80FA5";"Detaillering WOZ-objecttypen met attributen";"EAID_8C809341_AC60_4378_8BA0_0843E8C06AF3";"ZakelijkRecht";"Class";"EAPK_58A5214F_E56C_4707_BE2D_AB36DD6976A3";"RSGBPlus";"99 Kern"
"EAID_5E76FEEA_58F8_41fd_9FF1_B44274C80FA5";"Detaillering WOZ-objecttypen met attributen";"EAID_869E0A04_A663_4839_970D_7FB82DF6C317";"Appartementsrecht";"Class";"EAPK_58A5214F_E56C_4707_BE2D_AB36DD6976A3";"RSGBPlus";"99 Kern"
"EAID_5E76FEEA_58F8_41fd_9FF1_B44274C80FA5";"Detaillering WOZ-objecttypen met attributen";"EAID_9775E778_DBF8_4122_94CE_551466B62F46";"KadastraleOnroerendeZaak";"Class";"EAPK_58A5214F_E56C_4707_BE2D_AB36DD6976A3";"RSGBPlus";"99 Kern"
"EAID_5E76FEEA_58F8_41fd_9FF1_B44274C80FA5";"Detaillering WOZ-objecttypen met attributen";"EAID_172AFD36_B400_4660_BFAC_4BBC1077D666";"KadastraalPerceel";"Class";"EAPK_58A5214F_E56C_4707_BE2D_AB36DD6976A3";"RSGBPlus";"99 Kern"
"EAID_5E76FEEA_58F8_41fd_9FF1_B44274C80FA5";"Detaillering WOZ-objecttypen met attributen";"EAID_CB7BA76D_0793_4d5a_9596_533C5BC56BBF";"WOZ-object";"Class";"EAPK_58A5214F_E56C_4707_BE2D_AB36DD6976A3";"RSGBPlus";"99 Kern"
"EAID_5E76FEEA_58F8_41fd_9FF1_B44274C80FA5";"Detaillering WOZ-objecttypen met attributen";"EAID_7B33EB93_BAD8_4b36_90A1_B3909415EDC3";"OverigeAdresseerbaarObjectAanduiding";"Class";"EAPK_58A5214F_E56C_4707_BE2D_AB36DD6976A3";"RSGBPlus";"99 Kern"
"EAID_5E76FEEA_58F8_41fd_9FF1_B44274C80FA5";"Detaillering WOZ-objecttypen met attributen";"EAID_EEC30588_0E12_41c9_977E_C885A0A7EDC3";"WOZ-deelobject";"Class";"EAPK_58A5214F_E56C_4707_BE2D_AB36DD6976A3";"RSGBPlus";"99 Kern"
"EAID_5E76FEEA_58F8_41fd_9FF1_B44274C80FA5";"Detaillering WOZ-objecttypen met attributen";"EAID_CFA3D54E_C8E0_4559_9475_29D31AF2DECD";"OverigBenoemdTerrein";"Class";"EAPK_58A5214F_E56C_4707_BE2D_AB36DD6976A3";"RSGBPlus";"99 Kern"
"EAID_5E76FEEA_58F8_41fd_9FF1_B44274C80FA5";"Detaillering WOZ-objecttypen met attributen";"EAID_7CDF37D9_26D7_46a5_9CF3_392601BDCECA";"OverigGebouwdObject";"Class";"EAPK_58A5214F_E56C_4707_BE2D_AB36DD6976A3";"RSGBPlus";"99 Kern"
"EAID_3F813481_9A40_4b1b_9B24_1FD069230A45";"Detaillering WOZ-objecttypen op hoofdlijnen";"EAID_461EFCF0_E65E_4c7c_B44D_8F36C36FDCE4";"Verblijfsobject";"Class";"EAPK_58A5214F_E56C_4707_BE2D_AB36DD6976A3";"RSGBPlus";"99 Kern"
"EAID_3F813481_9A40_4b1b_9B24_1FD069230A45";"Detaillering WOZ-objecttypen op hoofdlijnen";"EAID_BFE30E32_8CB9_4272_A559_9FB3FD74DACC";"OpenbareRuimte";"Class";"EAPK_58A5214F_E56C_4707_BE2D_AB36DD6976A3";"RSGBPlus";"99 Kern"
"EAID_3F813481_9A40_4b1b_9B24_1FD069230A45";"Detaillering WOZ-objecttypen op hoofdlijnen";"EAID_11595AD8_CE67_40dd_BDA9_489DC7D244ED";"Pand";"Class";"EAPK_58A5214F_E56C_4707_BE2D_AB36DD6976A3";"RSGBPlus";"99 Kern"
"EAID_3F813481_9A40_4b1b_9B24_1FD069230A45";"Detaillering WOZ-objecttypen op hoofdlijnen";"EAID_8A04280B_E0B4_4e36_B448_C99750393D0D";"AdresseerbaarObject";"Class";"EAPK_58A5214F_E56C_4707_BE2D_AB36DD6976A3";"RSGBPlus";"99 Kern"
"EAID_3F813481_9A40_4b1b_9B24_1FD069230A45";"Detaillering WOZ-objecttypen op hoofdlijnen";"EAID_32A22BC6_89EC_44af_8D7D_79B12311AE2D";"Nummeraanduiding";"Class";"EAPK_58A5214F_E56C_4707_BE2D_AB36DD6976A3";"RSGBPlus";"99 Kern"
"EAID_3F813481_9A40_4b1b_9B24_1FD069230A45";"Detaillering WOZ-objecttypen op hoofdlijnen";"EAID_86952BDA_ADF6_4ff0_B8C7_BA3AA889A40B";"Standplaats";"Class";"EAPK_58A5214F_E56C_4707_BE2D_AB36DD6976A3";"RSGBPlus";"99 Kern"
"EAID_3F813481_9A40_4b1b_9B24_1FD069230A45";"Detaillering WOZ-objecttypen op hoofdlijnen";"EAID_785E3B69_19DA_4952_84A8_592965B9229A";"Ligplaats";"Class";"EAPK_58A5214F_E56C_4707_BE2D_AB36DD6976A3";"RSGBPlus";"99 Kern"
"EAID_3F813481_9A40_4b1b_9B24_1FD069230A45";"Detaillering WOZ-objecttypen op hoofdlijnen";"EAID_AF9534B0_7CBD_4061_9276_A7B6698B383A";"IngeschrevenPersoon";"Class";"EAPK_58A5214F_E56C_4707_BE2D_AB36DD6976A3";"RSGBPlus";"99 Kern"
"EAID_3F813481_9A40_4b1b_9B24_1FD069230A45";"Detaillering WOZ-objecttypen op hoofdlijnen";"EAID_9F4E12E4_B228_4931_AC83_1B1F60958A89";"NatuurlijkPersoon";"Class";"EAPK_58A5214F_E56C_4707_BE2D_AB36DD6976A3";"RSGBPlus";"99 Kern"
"EAID_3F813481_9A40_4b1b_9B24_1FD069230A45";"Detaillering WOZ-objecttypen op hoofdlijnen";"EAID_3D5CCB29_91E4_458e_8BCD_6741198E45B8";"NietNatuurlijkPersoon";"Class";"EAPK_58A5214F_E56C_4707_BE2D_AB36DD6976A3";"RSGBPlus";"99 Kern"
"EAID_3F813481_9A40_4b1b_9B24_1FD069230A45";"Detaillering WOZ-objecttypen op hoofdlijnen";"EAID_B60B8EF9_D1C0_4e36_BF9B_1C16F92518DD";"Vestiging";"Class";"EAPK_58A5214F_E56C_4707_BE2D_AB36DD6976A3";"RSGBPlus";"99 Kern"
"EAID_3F813481_9A40_4b1b_9B24_1FD069230A45";"Detaillering WOZ-objecttypen op hoofdlijnen";"EAID_9DF5AC43_3673_4b9a_BB5E_6DCA7BE28835";"Rechtspersoon";"Class";"EAPK_58A5214F_E56C_4707_BE2D_AB36DD6976A3";"RSGBPlus";"99 Kern"
"EAID_3F813481_9A40_4b1b_9B24_1FD069230A45";"Detaillering WOZ-objecttypen op hoofdlijnen";"EAID_8C809341_AC60_4378_8BA0_0843E8C06AF3";"ZakelijkRecht";"Class";"EAPK_58A5214F_E56C_4707_BE2D_AB36DD6976A3";"RSGBPlus";"99 Kern"
"EAID_3F813481_9A40_4b1b_9B24_1FD069230A45";"Detaillering WOZ-objecttypen op hoofdlijnen";"EAID_7C387F42_EC1A_4a78_B09B_533AAB03C0C2";"WOZ-Waarde";"Class";"EAPK_58A5214F_E56C_4707_BE2D_AB36DD6976A3";"RSGBPlus";"99 Kern"
"EAID_3F813481_9A40_4b1b_9B24_1FD069230A45";"Detaillering WOZ-objecttypen op hoofdlijnen";"EAID_7B33EB93_BAD8_4b36_90A1_B3909415EDC3";"OverigeAdresseerbaarObjectAanduiding";"Class";"EAPK_58A5214F_E56C_4707_BE2D_AB36DD6976A3";"RSGBPlus";"99 Kern"
"EAID_3F813481_9A40_4b1b_9B24_1FD069230A45";"Detaillering WOZ-objecttypen op hoofdlijnen";"EAID_869E0A04_A663_4839_970D_7FB82DF6C317";"Appartementsrecht";"Class";"EAPK_58A5214F_E56C_4707_BE2D_AB36DD6976A3";"RSGBPlus";"99 Kern"
"EAID_3F813481_9A40_4b1b_9B24_1FD069230A45";"Detaillering WOZ-objecttypen op hoofdlijnen";"EAID_172AFD36_B400_4660_BFAC_4BBC1077D666";"KadastraalPerceel";"Class";"EAPK_58A5214F_E56C_4707_BE2D_AB36DD6976A3";"RSGBPlus";"99 Kern"
"EAID_3F813481_9A40_4b1b_9B24_1FD069230A45";"Detaillering WOZ-objecttypen op hoofdlijnen";"EAID_9775E778_DBF8_4122_94CE_551466B62F46";"KadastraleOnroerendeZaak";"Class";"EAPK_58A5214F_E56C_4707_BE2D_AB36DD6976A3";"RSGBPlus";"99 Kern"
"EAID_3F813481_9A40_4b1b_9B24_1FD069230A45";"Detaillering WOZ-objecttypen op hoofdlijnen";"EAID_EEC30588_0E12_41c9_977E_C885A0A7EDC3";"WOZ-deelobject";"Class";"EAPK_58A5214F_E56C_4707_BE2D_AB36DD6976A3";"RSGBPlus";"99 Kern"
"EAID_3F813481_9A40_4b1b_9B24_1FD069230A45";"Detaillering WOZ-objecttypen op hoofdlijnen";"EAID_CB7BA76D_0793_4d5a_9596_533C5BC56BBF";"WOZ-object";"Class";"EAPK_58A5214F_E56C_4707_BE2D_AB36DD6976A3";"RSGBPlus";"99 Kern"
"EAID_3F813481_9A40_4b1b_9B24_1FD069230A45";"Detaillering WOZ-objecttypen op hoofdlijnen";"EAID_CFA3D54E_C8E0_4559_9475_29D31AF2DECD";"OverigBenoemdTerrein";"Class";"EAPK_58A5214F_E56C_4707_BE2D_AB36DD6976A3";"RSGBPlus";"99 Kern"
"EAID_3F813481_9A40_4b1b_9B24_1FD069230A45";"Detaillering WOZ-objecttypen op hoofdlijnen";"EAID_7CDF37D9_26D7_46a5_9CF3_392601BDCECA";"OverigGebouwdObject";"Class";"EAPK_58A5214F_E56C_4707_BE2D_AB36DD6976A3";"RSGBPlus";"99 Kern"
"EAID_8E884846_1CE8_4648_BC84_91BDF6E8F805";"Detaillering abstracte en concrete adres & gebouw objecttypen";"EAID_32A22BC6_89EC_44af_8D7D_79B12311AE2D";"Nummeraanduiding";"Class";"EAPK_58A5214F_E56C_4707_BE2D_AB36DD6976A3";"RSGBPlus";"99 Kern"
"EAID_8E884846_1CE8_4648_BC84_91BDF6E8F805";"Detaillering abstracte en concrete adres & gebouw objecttypen";"EAID_461EFCF0_E65E_4c7c_B44D_8F36C36FDCE4";"Verblijfsobject";"Class";"EAPK_58A5214F_E56C_4707_BE2D_AB36DD6976A3";"RSGBPlus";"99 Kern"
"EAID_8E884846_1CE8_4648_BC84_91BDF6E8F805";"Detaillering abstracte en concrete adres & gebouw objecttypen";"EAID_8A04280B_E0B4_4e36_B448_C99750393D0D";"AdresseerbaarObject";"Class";"EAPK_58A5214F_E56C_4707_BE2D_AB36DD6976A3";"RSGBPlus";"99 Kern"
"EAID_8E884846_1CE8_4648_BC84_91BDF6E8F805";"Detaillering abstracte en concrete adres & gebouw objecttypen";"EAID_86952BDA_ADF6_4ff0_B8C7_BA3AA889A40B";"Standplaats";"Class";"EAPK_58A5214F_E56C_4707_BE2D_AB36DD6976A3";"RSGBPlus";"99 Kern"
"EAID_8E884846_1CE8_4648_BC84_91BDF6E8F805";"Detaillering abstracte en concrete adres & gebouw objecttypen";"EAID_785E3B69_19DA_4952_84A8_592965B9229A";"Ligplaats";"Class";"EAPK_58A5214F_E56C_4707_BE2D_AB36DD6976A3";"RSGBPlus";"99 Kern"
"EAID_8E884846_1CE8_4648_BC84_91BDF6E8F805";"Detaillering abstracte en concrete adres & gebouw objecttypen";"EAID_7B33EB93_BAD8_4b36_90A1_B3909415EDC3";"OverigeAdresseerbaarObjectAanduiding";"Class";"EAPK_58A5214F_E56C_4707_BE2D_AB36DD6976A3";"RSGBPlus";"99 Kern"
"EAID_8E884846_1CE8_4648_BC84_91BDF6E8F805";"Detaillering abstracte en concrete adres & gebouw objecttypen";"EAID_CFA3D54E_C8E0_4559_9475_29D31AF2DECD";"OverigBenoemdTerrein";"Class";"EAPK_58A5214F_E56C_4707_BE2D_AB36DD6976A3";"RSGBPlus";"99 Kern"
"EAID_8E884846_1CE8_4648_BC84_91BDF6E8F805";"Detaillering abstracte en concrete adres & gebouw objecttypen";"EAID_7CDF37D9_26D7_46a5_9CF3_392601BDCECA";"OverigGebouwdObject";"Class";"EAPK_58A5214F_E56C_4707_BE2D_AB36DD6976A3";"RSGBPlus";"99 Kern"
"EAID_6D183015_C579_4337_9B8A_E937C52A10B3";"Detaillering adressen, gebouwen en terreinen met attributen";"EAID_461EFCF0_E65E_4c7c_B44D_8F36C36FDCE4";"Verblijfsobject";"Class";"EAPK_58A5214F_E56C_4707_BE2D_AB36DD6976A3";"RSGBPlus";"99 Kern"
"EAID_6D183015_C579_4337_9B8A_E937C52A10B3";"Detaillering adressen, gebouwen en terreinen met attributen";"EAID_785E3B69_19DA_4952_84A8_592965B9229A";"Ligplaats";"Class";"EAPK_58A5214F_E56C_4707_BE2D_AB36DD6976A3";"RSGBPlus";"99 Kern"
"EAID_6D183015_C579_4337_9B8A_E937C52A10B3";"Detaillering adressen, gebouwen en terreinen met attributen";"EAID_86952BDA_ADF6_4ff0_B8C7_BA3AA889A40B";"Standplaats";"Class";"EAPK_58A5214F_E56C_4707_BE2D_AB36DD6976A3";"RSGBPlus";"99 Kern"
"EAID_6D183015_C579_4337_9B8A_E937C52A10B3";"Detaillering adressen, gebouwen en terreinen met attributen";"EAID_38649FF6_88C6_437d_AF8E_A9023D55E16C";"Buurt";"Class";"EAPK_58A5214F_E56C_4707_BE2D_AB36DD6976A3";"RSGBPlus";"99 Kern"
"EAID_6D183015_C579_4337_9B8A_E937C52A10B3";"Detaillering adressen, gebouwen en terreinen met attributen";"EAID_120EA50B_B9A2_4869_A3BE_46931F631D33";"Wijk";"Class";"EAPK_58A5214F_E56C_4707_BE2D_AB36DD6976A3";"RSGBPlus";"99 Kern"
"EAID_6D183015_C579_4337_9B8A_E937C52A10B3";"Detaillering adressen, gebouwen en terreinen met attributen";"EAID_EA6F820F_C458_4b24_8055_5C2CC76F5904";"Gemeente";"Class";"EAPK_58A5214F_E56C_4707_BE2D_AB36DD6976A3";"RSGBPlus";"99 Kern"
"EAID_6D183015_C579_4337_9B8A_E937C52A10B3";"Detaillering adressen, gebouwen en terreinen met attributen";"EAID_24BDA4BA_CFCC_4e3f_8305_671F4ED7C502";"Woonplaats";"Class";"EAPK_58A5214F_E56C_4707_BE2D_AB36DD6976A3";"RSGBPlus";"99 Kern"
"EAID_6D183015_C579_4337_9B8A_E937C52A10B3";"Detaillering adressen, gebouwen en terreinen met attributen";"EAID_BFE30E32_8CB9_4272_A559_9FB3FD74DACC";"OpenbareRuimte";"Class";"EAPK_58A5214F_E56C_4707_BE2D_AB36DD6976A3";"RSGBPlus";"99 Kern"
"EAID_6D183015_C579_4337_9B8A_E937C52A10B3";"Detaillering adressen, gebouwen en terreinen met attributen";"EAID_8A04280B_E0B4_4e36_B448_C99750393D0D";"AdresseerbaarObject";"Class";"EAPK_58A5214F_E56C_4707_BE2D_AB36DD6976A3";"RSGBPlus";"99 Kern"
"EAID_6D183015_C579_4337_9B8A_E937C52A10B3";"Detaillering adressen, gebouwen en terreinen met attributen";"EAID_32A22BC6_89EC_44af_8D7D_79B12311AE2D";"Nummeraanduiding";"Class";"EAPK_58A5214F_E56C_4707_BE2D_AB36DD6976A3";"RSGBPlus";"99 Kern"
"EAID_6D183015_C579_4337_9B8A_E937C52A10B3";"Detaillering adressen, gebouwen en terreinen met attributen";"EAID_11595AD8_CE67_40dd_BDA9_489DC7D244ED";"Pand";"Class";"EAPK_58A5214F_E56C_4707_BE2D_AB36DD6976A3";"RSGBPlus";"99 Kern"
"EAID_6D183015_C579_4337_9B8A_E937C52A10B3";"Detaillering adressen, gebouwen en terreinen met attributen";"EAID_CFA3D54E_C8E0_4559_9475_29D31AF2DECD";"OverigBenoemdTerrein";"Class";"EAPK_58A5214F_E56C_4707_BE2D_AB36DD6976A3";"RSGBPlus";"99 Kern"
"EAID_6D183015_C579_4337_9B8A_E937C52A10B3";"Detaillering adressen, gebouwen en terreinen met attributen";"EAID_7CDF37D9_26D7_46a5_9CF3_392601BDCECA";"OverigGebouwdObject";"Class";"EAPK_58A5214F_E56C_4707_BE2D_AB36DD6976A3";"RSGBPlus";"99 Kern"
"EAID_6D183015_C579_4337_9B8A_E937C52A10B3";"Detaillering adressen, gebouwen en terreinen met attributen";"EAID_7B33EB93_BAD8_4b36_90A1_B3909415EDC3";"OverigeAdresseerbaarObjectAanduiding";"Class";"EAPK_58A5214F_E56C_4707_BE2D_AB36DD6976A3";"RSGBPlus";"99 Kern"
"EAID_00CCCF33_A542_47e6_AFA6_2F9F4E2670D8";"Detaillering adressen, gebouwen en terreinen op hoofdlijnen";"EAID_461EFCF0_E65E_4c7c_B44D_8F36C36FDCE4";"Verblijfsobject";"Class";"EAPK_58A5214F_E56C_4707_BE2D_AB36DD6976A3";"RSGBPlus";"99 Kern"
"EAID_00CCCF33_A542_47e6_AFA6_2F9F4E2670D8";"Detaillering adressen, gebouwen en terreinen op hoofdlijnen";"EAID_11595AD8_CE67_40dd_BDA9_489DC7D244ED";"Pand";"Class";"EAPK_58A5214F_E56C_4707_BE2D_AB36DD6976A3";"RSGBPlus";"99 Kern"
"EAID_00CCCF33_A542_47e6_AFA6_2F9F4E2670D8";"Detaillering adressen, gebouwen en terreinen op hoofdlijnen";"EAID_86952BDA_ADF6_4ff0_B8C7_BA3AA889A40B";"Standplaats";"Class";"EAPK_58A5214F_E56C_4707_BE2D_AB36DD6976A3";"RSGBPlus";"99 Kern"
"EAID_00CCCF33_A542_47e6_AFA6_2F9F4E2670D8";"Detaillering adressen, gebouwen en terreinen op hoofdlijnen";"EAID_785E3B69_19DA_4952_84A8_592965B9229A";"Ligplaats";"Class";"EAPK_58A5214F_E56C_4707_BE2D_AB36DD6976A3";"RSGBPlus";"99 Kern"
"EAID_00CCCF33_A542_47e6_AFA6_2F9F4E2670D8";"Detaillering adressen, gebouwen en terreinen op hoofdlijnen";"EAID_8A04280B_E0B4_4e36_B448_C99750393D0D";"AdresseerbaarObject";"Class";"EAPK_58A5214F_E56C_4707_BE2D_AB36DD6976A3";"RSGBPlus";"99 Kern"
"EAID_00CCCF33_A542_47e6_AFA6_2F9F4E2670D8";"Detaillering adressen, gebouwen en terreinen op hoofdlijnen";"EAID_120EA50B_B9A2_4869_A3BE_46931F631D33";"Wijk";"Class";"EAPK_58A5214F_E56C_4707_BE2D_AB36DD6976A3";"RSGBPlus";"99 Kern"
"EAID_00CCCF33_A542_47e6_AFA6_2F9F4E2670D8";"Detaillering adressen, gebouwen en terreinen op hoofdlijnen";"EAID_38649FF6_88C6_437d_AF8E_A9023D55E16C";"Buurt";"Class";"EAPK_58A5214F_E56C_4707_BE2D_AB36DD6976A3";"RSGBPlus";"99 Kern"
"EAID_00CCCF33_A542_47e6_AFA6_2F9F4E2670D8";"Detaillering adressen, gebouwen en terreinen op hoofdlijnen";"EAID_BFE30E32_8CB9_4272_A559_9FB3FD74DACC";"OpenbareRuimte";"Class";"EAPK_58A5214F_E56C_4707_BE2D_AB36DD6976A3";"RSGBPlus";"99 Kern"
"EAID_00CCCF33_A542_47e6_AFA6_2F9F4E2670D8";"Detaillering adressen, gebouwen en terreinen op hoofdlijnen";"EAID_EA6F820F_C458_4b24_8055_5C2CC76F5904";"Gemeente";"Class";"EAPK_58A5214F_E56C_4707_BE2D_AB36DD6976A3";"RSGBPlus";"99 Kern"
"EAID_00CCCF33_A542_47e6_AFA6_2F9F4E2670D8";"Detaillering adressen, gebouwen en terreinen op hoofdlijnen";"EAID_24BDA4BA_CFCC_4e3f_8305_671F4ED7C502";"Woonplaats";"Class";"EAPK_58A5214F_E56C_4707_BE2D_AB36DD6976A3";"RSGBPlus";"99 Kern"
"EAID_00CCCF33_A542_47e6_AFA6_2F9F4E2670D8";"Detaillering adressen, gebouwen en terreinen op hoofdlijnen";"EAID_32A22BC6_89EC_44af_8D7D_79B12311AE2D";"Nummeraanduiding";"Class";"EAPK_58A5214F_E56C_4707_BE2D_AB36DD6976A3";"RSGBPlus";"99 Kern"
"EAID_00CCCF33_A542_47e6_AFA6_2F9F4E2670D8";"Detaillering adressen, gebouwen en terreinen op hoofdlijnen";"EAID_B8F44180_1F2A_4bbc_8E17_6C472111A92B";"FunctioneelGebied";"Class";"EAPK_58A5214F_E56C_4707_BE2D_AB36DD6976A3";"RSGBPlus";"99 Kern"
"EAID_00CCCF33_A542_47e6_AFA6_2F9F4E2670D8";"Detaillering adressen, gebouwen en terreinen op hoofdlijnen";"EAID_CFA3D54E_C8E0_4559_9475_29D31AF2DECD";"OverigBenoemdTerrein";"Class";"EAPK_58A5214F_E56C_4707_BE2D_AB36DD6976A3";"RSGBPlus";"99 Kern"
"EAID_00CCCF33_A542_47e6_AFA6_2F9F4E2670D8";"Detaillering adressen, gebouwen en terreinen op hoofdlijnen";"EAID_7CDF37D9_26D7_46a5_9CF3_392601BDCECA";"OverigGebouwdObject";"Class";"EAPK_58A5214F_E56C_4707_BE2D_AB36DD6976A3";"RSGBPlus";"99 Kern"
"EAID_00CCCF33_A542_47e6_AFA6_2F9F4E2670D8";"Detaillering adressen, gebouwen en terreinen op hoofdlijnen";"EAID_7B33EB93_BAD8_4b36_90A1_B3909415EDC3";"OverigeAdresseerbaarObjectAanduiding";"Class";"EAPK_58A5214F_E56C_4707_BE2D_AB36DD6976A3";"RSGBPlus";"99 Kern"
"EAID_2BA6CA76_17FC_4afc_82AD_9DF0DC891587";"Detaillering concreten en abstracte  Kadastrale Onroerende Zaken objecttypen";"EAID_869E0A04_A663_4839_970D_7FB82DF6C317";"Appartementsrecht";"Class";"EAPK_58A5214F_E56C_4707_BE2D_AB36DD6976A3";"RSGBPlus";"99 Kern"
"EAID_2BA6CA76_17FC_4afc_82AD_9DF0DC891587";"Detaillering concreten en abstracte  Kadastrale Onroerende Zaken objecttypen";"EAID_172AFD36_B400_4660_BFAC_4BBC1077D666";"KadastraalPerceel";"Class";"EAPK_58A5214F_E56C_4707_BE2D_AB36DD6976A3";"RSGBPlus";"99 Kern"
"EAID_2BA6CA76_17FC_4afc_82AD_9DF0DC891587";"Detaillering concreten en abstracte  Kadastrale Onroerende Zaken objecttypen";"EAID_9775E778_DBF8_4122_94CE_551466B62F46";"KadastraleOnroerendeZaak";"Class";"EAPK_58A5214F_E56C_4707_BE2D_AB36DD6976A3";"RSGBPlus";"99 Kern"
"EAID_EB4053EE_18A5_4578_8973_7FD5967CDFC8";"Detaillering subjecten met attributen";"EAID_461EFCF0_E65E_4c7c_B44D_8F36C36FDCE4";"Verblijfsobject";"Class";"EAPK_58A5214F_E56C_4707_BE2D_AB36DD6976A3";"RSGBPlus";"99 Kern"
"EAID_EB4053EE_18A5_4578_8973_7FD5967CDFC8";"Detaillering subjecten met attributen";"EAID_86952BDA_ADF6_4ff0_B8C7_BA3AA889A40B";"Standplaats";"Class";"EAPK_58A5214F_E56C_4707_BE2D_AB36DD6976A3";"RSGBPlus";"99 Kern"
"EAID_EB4053EE_18A5_4578_8973_7FD5967CDFC8";"Detaillering subjecten met attributen";"EAID_785E3B69_19DA_4952_84A8_592965B9229A";"Ligplaats";"Class";"EAPK_58A5214F_E56C_4707_BE2D_AB36DD6976A3";"RSGBPlus";"99 Kern"
"EAID_EB4053EE_18A5_4578_8973_7FD5967CDFC8";"Detaillering subjecten met attributen";"EAID_8A04280B_E0B4_4e36_B448_C99750393D0D";"AdresseerbaarObject";"Class";"EAPK_58A5214F_E56C_4707_BE2D_AB36DD6976A3";"RSGBPlus";"99 Kern"
"EAID_EB4053EE_18A5_4578_8973_7FD5967CDFC8";"Detaillering subjecten met attributen";"EAID_32A22BC6_89EC_44af_8D7D_79B12311AE2D";"Nummeraanduiding";"Class";"EAPK_58A5214F_E56C_4707_BE2D_AB36DD6976A3";"RSGBPlus";"99 Kern"
"EAID_EB4053EE_18A5_4578_8973_7FD5967CDFC8";"Detaillering subjecten met attributen";"EAID_24BDA4BA_CFCC_4e3f_8305_671F4ED7C502";"Woonplaats";"Class";"EAPK_58A5214F_E56C_4707_BE2D_AB36DD6976A3";"RSGBPlus";"99 Kern"
"EAID_EB4053EE_18A5_4578_8973_7FD5967CDFC8";"Detaillering subjecten met attributen";"EAID_5E685C97_7E21_492d_BAA7_AC7F5AE05A6D";"ProxyConnector";"Class";"EAPK_58A5214F_E56C_4707_BE2D_AB36DD6976A3";"RSGBPlus";"99 Kern"
"EAID_EB4053EE_18A5_4578_8973_7FD5967CDFC8";"Detaillering subjecten met attributen";"EAID_EAE2ABE3_531A_416e_A614_AD288E635512";"ProxyConnector";"Class";"EAPK_58A5214F_E56C_4707_BE2D_AB36DD6976A3";"RSGBPlus";"99 Kern"
"EAID_EB4053EE_18A5_4578_8973_7FD5967CDFC8";"Detaillering subjecten met attributen";"EAID_CA9BC1BB_D572_4e47_BECF_17CFD379BD6A";"Reisdocument";"Class";"EAPK_58A5214F_E56C_4707_BE2D_AB36DD6976A3";"RSGBPlus";"99 Kern"
"EAID_EB4053EE_18A5_4578_8973_7FD5967CDFC8";"Detaillering subjecten met attributen";"EAID_3DC85114_5C3F_4930_B98B_6EB6ED71FC2E";"MaatschappelijkeActiviteit";"Class";"EAPK_58A5214F_E56C_4707_BE2D_AB36DD6976A3";"RSGBPlus";"99 Kern"
"EAID_EB4053EE_18A5_4578_8973_7FD5967CDFC8";"Detaillering subjecten met attributen";"EAID_7CDF37D9_26D7_46a5_9CF3_392601BDCECA";"OverigGebouwdObject";"Class";"EAPK_58A5214F_E56C_4707_BE2D_AB36DD6976A3";"RSGBPlus";"99 Kern"
"EAID_EB4053EE_18A5_4578_8973_7FD5967CDFC8";"Detaillering subjecten met attributen";"EAID_AF9534B0_7CBD_4061_9276_A7B6698B383A";"IngeschrevenPersoon";"Class";"EAPK_58A5214F_E56C_4707_BE2D_AB36DD6976A3";"RSGBPlus";"99 Kern"
"EAID_EB4053EE_18A5_4578_8973_7FD5967CDFC8";"Detaillering subjecten met attributen";"EAID_3D5CCB29_91E4_458e_8BCD_6741198E45B8";"NietNatuurlijkPersoon";"Class";"EAPK_58A5214F_E56C_4707_BE2D_AB36DD6976A3";"RSGBPlus";"99 Kern"
"EAID_EB4053EE_18A5_4578_8973_7FD5967CDFC8";"Detaillering subjecten met attributen";"EAID_9F4E12E4_B228_4931_AC83_1B1F60958A89";"NatuurlijkPersoon";"Class";"EAPK_58A5214F_E56C_4707_BE2D_AB36DD6976A3";"RSGBPlus";"99 Kern"
"EAID_EB4053EE_18A5_4578_8973_7FD5967CDFC8";"Detaillering subjecten met attributen";"EAID_9DF5AC43_3673_4b9a_BB5E_6DCA7BE28835";"Rechtspersoon";"Class";"EAPK_58A5214F_E56C_4707_BE2D_AB36DD6976A3";"RSGBPlus";"99 Kern"
"EAID_EB4053EE_18A5_4578_8973_7FD5967CDFC8";"Detaillering subjecten met attributen";"EAID_B60B8EF9_D1C0_4e36_BF9B_1C16F92518DD";"Vestiging";"Class";"EAPK_58A5214F_E56C_4707_BE2D_AB36DD6976A3";"RSGBPlus";"99 Kern"
"EAID_BE50EA2F_917E_434f_91ED_0EB06CCBEFB6";"Detaillering subjecten op hoofdlijnen";"EAID_461EFCF0_E65E_4c7c_B44D_8F36C36FDCE4";"Verblijfsobject";"Class";"EAPK_58A5214F_E56C_4707_BE2D_AB36DD6976A3";"RSGBPlus";"99 Kern"
"EAID_BE50EA2F_917E_434f_91ED_0EB06CCBEFB6";"Detaillering subjecten op hoofdlijnen";"EAID_785E3B69_19DA_4952_84A8_592965B9229A";"Ligplaats";"Class";"EAPK_58A5214F_E56C_4707_BE2D_AB36DD6976A3";"RSGBPlus";"99 Kern"
"EAID_BE50EA2F_917E_434f_91ED_0EB06CCBEFB6";"Detaillering subjecten op hoofdlijnen";"EAID_86952BDA_ADF6_4ff0_B8C7_BA3AA889A40B";"Standplaats";"Class";"EAPK_58A5214F_E56C_4707_BE2D_AB36DD6976A3";"RSGBPlus";"99 Kern"
"EAID_BE50EA2F_917E_434f_91ED_0EB06CCBEFB6";"Detaillering subjecten op hoofdlijnen";"EAID_8A04280B_E0B4_4e36_B448_C99750393D0D";"AdresseerbaarObject";"Class";"EAPK_58A5214F_E56C_4707_BE2D_AB36DD6976A3";"RSGBPlus";"99 Kern"
"EAID_BE50EA2F_917E_434f_91ED_0EB06CCBEFB6";"Detaillering subjecten op hoofdlijnen";"EAID_32A22BC6_89EC_44af_8D7D_79B12311AE2D";"Nummeraanduiding";"Class";"EAPK_58A5214F_E56C_4707_BE2D_AB36DD6976A3";"RSGBPlus";"99 Kern"
"EAID_BE50EA2F_917E_434f_91ED_0EB06CCBEFB6";"Detaillering subjecten op hoofdlijnen";"EAID_24BDA4BA_CFCC_4e3f_8305_671F4ED7C502";"Woonplaats";"Class";"EAPK_58A5214F_E56C_4707_BE2D_AB36DD6976A3";"RSGBPlus";"99 Kern"
"EAID_BE50EA2F_917E_434f_91ED_0EB06CCBEFB6";"Detaillering subjecten op hoofdlijnen";"EAID_5E685C97_7E21_492d_BAA7_AC7F5AE05A6D";"ProxyConnector";"Class";"EAPK_58A5214F_E56C_4707_BE2D_AB36DD6976A3";"RSGBPlus";"99 Kern"
"EAID_BE50EA2F_917E_434f_91ED_0EB06CCBEFB6";"Detaillering subjecten op hoofdlijnen";"EAID_EAE2ABE3_531A_416e_A614_AD288E635512";"ProxyConnector";"Class";"EAPK_58A5214F_E56C_4707_BE2D_AB36DD6976A3";"RSGBPlus";"99 Kern"
"EAID_BE50EA2F_917E_434f_91ED_0EB06CCBEFB6";"Detaillering subjecten op hoofdlijnen";"EAID_7CDF37D9_26D7_46a5_9CF3_392601BDCECA";"OverigGebouwdObject";"Class";"EAPK_58A5214F_E56C_4707_BE2D_AB36DD6976A3";"RSGBPlus";"99 Kern"
"EAID_BE50EA2F_917E_434f_91ED_0EB06CCBEFB6";"Detaillering subjecten op hoofdlijnen";"EAID_7B33EB93_BAD8_4b36_90A1_B3909415EDC3";"OverigeAdresseerbaarObjectAanduiding";"Class";"EAPK_58A5214F_E56C_4707_BE2D_AB36DD6976A3";"RSGBPlus";"99 Kern"
"EAID_BE50EA2F_917E_434f_91ED_0EB06CCBEFB6";"Detaillering subjecten op hoofdlijnen";"EAID_3DC85114_5C3F_4930_B98B_6EB6ED71FC2E";"MaatschappelijkeActiviteit";"Class";"EAPK_58A5214F_E56C_4707_BE2D_AB36DD6976A3";"RSGBPlus";"99 Kern"
"EAID_BE50EA2F_917E_434f_91ED_0EB06CCBEFB6";"Detaillering subjecten op hoofdlijnen";"EAID_B60B8EF9_D1C0_4e36_BF9B_1C16F92518DD";"Vestiging";"Class";"EAPK_58A5214F_E56C_4707_BE2D_AB36DD6976A3";"RSGBPlus";"99 Kern"
"EAID_BE50EA2F_917E_434f_91ED_0EB06CCBEFB6";"Detaillering subjecten op hoofdlijnen";"EAID_9DF5AC43_3673_4b9a_BB5E_6DCA7BE28835";"Rechtspersoon";"Class";"EAPK_58A5214F_E56C_4707_BE2D_AB36DD6976A3";"RSGBPlus";"99 Kern"
"EAID_BE50EA2F_917E_434f_91ED_0EB06CCBEFB6";"Detaillering subjecten op hoofdlijnen";"EAID_3D5CCB29_91E4_458e_8BCD_6741198E45B8";"NietNatuurlijkPersoon";"Class";"EAPK_58A5214F_E56C_4707_BE2D_AB36DD6976A3";"RSGBPlus";"99 Kern"
"EAID_BE50EA2F_917E_434f_91ED_0EB06CCBEFB6";"Detaillering subjecten op hoofdlijnen";"EAID_CA9BC1BB_D572_4e47_BECF_17CFD379BD6A";"Reisdocument";"Class";"EAPK_58A5214F_E56C_4707_BE2D_AB36DD6976A3";"RSGBPlus";"99 Kern"
"EAID_BE50EA2F_917E_434f_91ED_0EB06CCBEFB6";"Detaillering subjecten op hoofdlijnen";"EAID_9F4E12E4_B228_4931_AC83_1B1F60958A89";"NatuurlijkPersoon";"Class";"EAPK_58A5214F_E56C_4707_BE2D_AB36DD6976A3";"RSGBPlus";"99 Kern"
"EAID_BE50EA2F_917E_434f_91ED_0EB06CCBEFB6";"Detaillering subjecten op hoofdlijnen";"EAID_AF9534B0_7CBD_4061_9276_A7B6698B383A";"IngeschrevenPersoon";"Class";"EAPK_58A5214F_E56C_4707_BE2D_AB36DD6976A3";"RSGBPlus";"99 Kern"
"EAID_A2BA1F0D_8428_42fc_80D6_7184F243D268";"Diagram Aanvragen, Zaken en Besluiten";"EAID_8E6BAEF8_1878_400f_9244_23575BD41EAB";"AanvraagOfMelding";"Class";"EAPK_0A4C6DE8_608E_4626_A40E_0C432A5B0F9C";"1 Veiligheid en Vergunningen";"1 Veiligheid en Vergunningen"
"EAID_A2BA1F0D_8428_42fc_80D6_7184F243D268";"Diagram Aanvragen, Zaken en Besluiten";"EAID_91F9D39E_0322_42c6_AE7F_5027B36F3EC3";"Object";"Class";"EAPK_0A4C6DE8_608E_4626_A40E_0C432A5B0F9C";"1 Veiligheid en Vergunningen";"1 Veiligheid en Vergunningen"
"EAID_A2BA1F0D_8428_42fc_80D6_7184F243D268";"Diagram Aanvragen, Zaken en Besluiten";"EAID_649EFD86_ED52_4293_8577_DBE5445845BF";"Zaak";"Class";"EAPK_0A4C6DE8_608E_4626_A40E_0C432A5B0F9C";"1 Veiligheid en Vergunningen";"1 Veiligheid en Vergunningen"
"EAID_A2BA1F0D_8428_42fc_80D6_7184F243D268";"Diagram Aanvragen, Zaken en Besluiten";"EAID_AFB100D2_8C68_4488_8949_13E945D15920";"Besluit";"Class";"EAPK_0A4C6DE8_608E_4626_A40E_0C432A5B0F9C";"1 Veiligheid en Vergunningen";"1 Veiligheid en Vergunningen"
"EAID_A2BA1F0D_8428_42fc_80D6_7184F243D268";"Diagram Aanvragen, Zaken en Besluiten";"EAID_44B26957_BAA4_41c2_ABBF_CC1AC91D30D6";"VOMAanvraagOfMelding";"Class";"EAPK_0A4C6DE8_608E_4626_A40E_0C432A5B0F9C";"1 Veiligheid en Vergunningen";"1 Veiligheid en Vergunningen"
"EAID_92909E43_46E7_43d1_B7B5_296AFC35D178";"Diagram Adresaanduiding en BAG";"EAID_32A22BC6_89EC_44af_8D7D_79B12311AE2D";"Nummeraanduiding";"Class";"EAPK_58A5214F_E56C_4707_BE2D_AB36DD6976A3";"RSGBPlus";"99 Kern"
"EAID_92909E43_46E7_43d1_B7B5_296AFC35D178";"Diagram Adresaanduiding en BAG";"EAID_C14C1D0E_2EE3_4d79_B7AB_BC0B7686FEF4";"Adresaanduiding";"Class";"EAPK_58A5214F_E56C_4707_BE2D_AB36DD6976A3";"RSGBPlus";"99 Kern"
"EAID_157F610A_619E_4d1a_BB45_5C1F55178944";"Diagram Afval Meldingen";"EAID_8E6BAEF8_1878_400f_9244_23575BD41EAB";"AanvraagOfMelding";"Class";"EAPK_639DFBCF_D24B_4b32_A2A4_D6386E0EF744";"Afval";"7 Volksgezondheid en Milieu"
"EAID_157F610A_619E_4d1a_BB45_5C1F55178944";"Diagram Afval Meldingen";"EAID_80A7D18F_7C7E_4ee6_9F07_055559BCEF9F";"Fractie";"Class";"EAPK_639DFBCF_D24B_4b32_A2A4_D6386E0EF744";"Afval";"7 Volksgezondheid en Milieu"
"EAID_157F610A_619E_4d1a_BB45_5C1F55178944";"Diagram Afval Meldingen";"EAID_0A7769C7_FE3E_45eb_A644_22E5CB207B42";"Containertype";"Class";"EAPK_639DFBCF_D24B_4b32_A2A4_D6386E0EF744";"Afval";"7 Volksgezondheid en Milieu"
"EAID_157F610A_619E_4d1a_BB45_5C1F55178944";"Diagram Afval Meldingen";"EAID_7F4E17A3_0EC2_4bee_B4E0_BFA26D653EB9";"Locatie";"Class";"EAPK_639DFBCF_D24B_4b32_A2A4_D6386E0EF744";"Afval";"7 Volksgezondheid en Milieu"
"EAID_157F610A_619E_4d1a_BB45_5C1F55178944";"Diagram Afval Meldingen";"EAID_9EC6B40B_0C87_4453_B567_E0D3572F86AF";"Categorie";"Class";"EAPK_639DFBCF_D24B_4b32_A2A4_D6386E0EF744";"Afval";"7 Volksgezondheid en Milieu"
"EAID_157F610A_619E_4d1a_BB45_5C1F55178944";"Diagram Afval Meldingen";"EAID_8A02DCF5_E568_4d45_96A2_FD4FB53F414C";"Melding";"Class";"EAPK_639DFBCF_D24B_4b32_A2A4_D6386E0EF744";"Afval";"7 Volksgezondheid en Milieu"
"EAID_A00B8121_71AC_466f_B391_E16881240477";"Diagram Afval Milieustraat";"EAID_E79C6C20_3D05_49fb_96ED_105B5CD0ABA5";"Prijsregel";"Class";"EAPK_639DFBCF_D24B_4b32_A2A4_D6386E0EF744";"Afval";"7 Volksgezondheid en Milieu"
"EAID_A00B8121_71AC_466f_B391_E16881240477";"Diagram Afval Milieustraat";"EAID_F6D7A83B_30BC_44f4_91E2_74C04DCE87AE";"Pas";"Class";"EAPK_639DFBCF_D24B_4b32_A2A4_D6386E0EF744";"Afval";"7 Volksgezondheid en Milieu"
"EAID_A00B8121_71AC_466f_B391_E16881240477";"Diagram Afval Milieustraat";"EAID_15910FE7_D323_45ff_AA7F_CE3C636CE953";"Storting";"Class";"EAPK_639DFBCF_D24B_4b32_A2A4_D6386E0EF744";"Afval";"7 Volksgezondheid en Milieu"
"EAID_A00B8121_71AC_466f_B391_E16881240477";"Diagram Afval Milieustraat";"EAID_80A7D18F_7C7E_4ee6_9F07_055559BCEF9F";"Fractie";"Class";"EAPK_639DFBCF_D24B_4b32_A2A4_D6386E0EF744";"Afval";"7 Volksgezondheid en Milieu"
"EAID_A00B8121_71AC_466f_B391_E16881240477";"Diagram Afval Milieustraat";"EAID_1638F2AF_F1E8_4360_BA47_D975F2135168";"Milieustraat";"Class";"EAPK_639DFBCF_D24B_4b32_A2A4_D6386E0EF744";"Afval";"7 Volksgezondheid en Milieu"
"EAID_D98AA96C_2EB0_4b46_9E9C_09D55E02FE38";"Diagram Afval Ophalen";"EAID_3650DB98_AC7B_46c0_A607_C54D69E38E42";"Vulgraadmeting";"Class";"EAPK_639DFBCF_D24B_4b32_A2A4_D6386E0EF744";"Afval";"7 Volksgezondheid en Milieu"
"EAID_D98AA96C_2EB0_4b46_9E9C_09D55E02FE38";"Diagram Afval Ophalen";"EAID_7F4E17A3_0EC2_4bee_B4E0_BFA26D653EB9";"Locatie";"Class";"EAPK_639DFBCF_D24B_4b32_A2A4_D6386E0EF744";"Afval";"7 Volksgezondheid en Milieu"
"EAID_D98AA96C_2EB0_4b46_9E9C_09D55E02FE38";"Diagram Afval Ophalen";"EAID_0121B2BE_F262_4433_8AA5_49FC7866EF68";"Routesoort";"Enumeration";"EAPK_639DFBCF_D24B_4b32_A2A4_D6386E0EF744";"Afval";"7 Volksgezondheid en Milieu"
"EAID_D98AA96C_2EB0_4b46_9E9C_09D55E02FE38";"Diagram Afval Ophalen";"EAID_9079F098_1084_4484_ACCC_6C6C07043193";"Ophaalmoment";"Class";"EAPK_639DFBCF_D24B_4b32_A2A4_D6386E0EF744";"Afval";"7 Volksgezondheid en Milieu"
"EAID_D98AA96C_2EB0_4b46_9E9C_09D55E02FE38";"Diagram Afval Ophalen";"EAID_832DA9A0_0E64_4d41_8266_38418B095919";"Rit";"Class";"EAPK_639DFBCF_D24B_4b32_A2A4_D6386E0EF744";"Afval";"7 Volksgezondheid en Milieu"
"EAID_D98AA96C_2EB0_4b46_9E9C_09D55E02FE38";"Diagram Afval Ophalen";"EAID_0A7769C7_FE3E_45eb_A644_22E5CB207B42";"Containertype";"Class";"EAPK_639DFBCF_D24B_4b32_A2A4_D6386E0EF744";"Afval";"7 Volksgezondheid en Milieu"
"EAID_D98AA96C_2EB0_4b46_9E9C_09D55E02FE38";"Diagram Afval Ophalen";"EAID_E79C6C20_3D05_49fb_96ED_105B5CD0ABA5";"Prijsregel";"Class";"EAPK_639DFBCF_D24B_4b32_A2A4_D6386E0EF744";"Afval";"7 Volksgezondheid en Milieu"
"EAID_D98AA96C_2EB0_4b46_9E9C_09D55E02FE38";"Diagram Afval Ophalen";"EAID_21BBA828_AAE0_4785_9E44_45C1B866C882";"Prijsafspraak";"Class";"EAPK_639DFBCF_D24B_4b32_A2A4_D6386E0EF744";"Afval";"7 Volksgezondheid en Milieu"
"EAID_D98AA96C_2EB0_4b46_9E9C_09D55E02FE38";"Diagram Afval Ophalen";"EAID_9A422266_783E_4f48_9B12_F442C1B22A45";"Vuilniswagen";"Class";"EAPK_639DFBCF_D24B_4b32_A2A4_D6386E0EF744";"Afval";"7 Volksgezondheid en Milieu"
"EAID_D98AA96C_2EB0_4b46_9E9C_09D55E02FE38";"Diagram Afval Ophalen";"EAID_7D3D98F0_664C_4605_9D95_F68C88ECBA9A";"Container";"Class";"EAPK_639DFBCF_D24B_4b32_A2A4_D6386E0EF744";"Afval";"7 Volksgezondheid en Milieu"
"EAID_D98AA96C_2EB0_4b46_9E9C_09D55E02FE38";"Diagram Afval Ophalen";"EAID_55A58838_3877_4e76_B5BF_26C68FAD463D";"Route";"Class";"EAPK_639DFBCF_D24B_4b32_A2A4_D6386E0EF744";"Afval";"7 Volksgezondheid en Milieu"
"EAID_D98AA96C_2EB0_4b46_9E9C_09D55E02FE38";"Diagram Afval Ophalen";"EAID_80A7D18F_7C7E_4ee6_9F07_055559BCEF9F";"Fractie";"Class";"EAPK_639DFBCF_D24B_4b32_A2A4_D6386E0EF744";"Afval";"7 Volksgezondheid en Milieu"
"EAID_9CEE3C86_9B9F_472f_A104_61FFC01DAC5A";"Diagram Basismodel Inkomen";"EAID_DAF09055_A5A6_4ff4_A158_21B20567B296";"Client";"Class";"EAPK_7A13550B_AC75_4783_BD16_A9ED6E86172A";"Model Inkomen";"6 Sociaal Domein"
"EAID_9CEE3C86_9B9F_472f_A104_61FFC01DAC5A";"Diagram Basismodel Inkomen";"EAID_14D3C960_5EF2_433c_8E1C_B493974280E2";"Regelingsoort";"Class";"EAPK_7A13550B_AC75_4783_BD16_A9ED6E86172A";"Model Inkomen";"6 Sociaal Domein"
"EAID_9CEE3C86_9B9F_472f_A104_61FFC01DAC5A";"Diagram Basismodel Inkomen";"EAID_C25455F3_FEB0_4c6d_9AA4_3B027718BEE3";"Regeling";"Class";"EAPK_7A13550B_AC75_4783_BD16_A9ED6E86172A";"Model Inkomen";"6 Sociaal Domein"
"EAID_9CEE3C86_9B9F_472f_A104_61FFC01DAC5A";"Diagram Basismodel Inkomen";"EAID_AF18E7D3_279D_4323_B785_6C75B4701430";"Inkomensvoorzieningsoort";"Class";"EAPK_7A13550B_AC75_4783_BD16_A9ED6E86172A";"Model Inkomen";"6 Sociaal Domein"
"EAID_9CEE3C86_9B9F_472f_A104_61FFC01DAC5A";"Diagram Basismodel Inkomen";"EAID_07784236_3AA6_45e5_8253_7D088C4020B0";"Inkomensvoorziening";"Class";"EAPK_7A13550B_AC75_4783_BD16_A9ED6E86172A";"Model Inkomen";"6 Sociaal Domein"
"EAID_9CEE3C86_9B9F_472f_A104_61FFC01DAC5A";"Diagram Basismodel Inkomen";"EAID_3372192D_4773_46b2_BDA5_C98B220F8954";"ComponentSoort";"Class";"EAPK_7A13550B_AC75_4783_BD16_A9ED6E86172A";"Model Inkomen";"6 Sociaal Domein"
"EAID_9CEE3C86_9B9F_472f_A104_61FFC01DAC5A";"Diagram Basismodel Inkomen";"EAID_F787184D_3AA8_4132_96C4_23A363C3C1B7";"UitkeringsRun";"Class";"EAPK_7A13550B_AC75_4783_BD16_A9ED6E86172A";"Model Inkomen";"6 Sociaal Domein"
"EAID_9CEE3C86_9B9F_472f_A104_61FFC01DAC5A";"Diagram Basismodel Inkomen";"EAID_F4FD02F2_9FFA_4a35_BA32_B4CDE4002E7A";"Component";"Class";"EAPK_7A13550B_AC75_4783_BD16_A9ED6E86172A";"Model Inkomen";"6 Sociaal Domein"
"EAID_26A453D9_47AF_487e_854B_3B4BC6D6A308";"Diagram Beslissingen Leerplicht";"EAID_9BD0FBCB_1A9E_4cab_9280_0EBC428E38F7";"Boolean";"Enumeration";"EAPK_F717C1C4_7FF4_4024_BDFE_7F424C8EC0E9";"Leerplicht en Leerlingenvervoer";"4 Onderwijs"
"EAID_26A453D9_47AF_487e_854B_3B4BC6D6A308";"Diagram Beslissingen Leerplicht";"EAID_8E6BAEF8_1878_400f_9244_23575BD41EAB";"AanvraagOfMelding";"Class";"EAPK_F717C1C4_7FF4_4024_BDFE_7F424C8EC0E9";"Leerplicht en Leerlingenvervoer";"4 Onderwijs"
"EAID_26A453D9_47AF_487e_854B_3B4BC6D6A308";"Diagram Beslissingen Leerplicht";"EAID_07FE66E8_8316_406b_A590_922C2E7B4305";"Klacht Leerlingenvervoer";"Class";"EAPK_F717C1C4_7FF4_4024_BDFE_7F424C8EC0E9";"Leerplicht en Leerlingenvervoer";"4 Onderwijs"
"EAID_26A453D9_47AF_487e_854B_3B4BC6D6A308";"Diagram Beslissingen Leerplicht";"EAID_7689A6B7_2A9E_42db_A028_E4601305DBFF";"Ziekmelding Leerlingenvervoer";"Class";"EAPK_F717C1C4_7FF4_4024_BDFE_7F424C8EC0E9";"Leerplicht en Leerlingenvervoer";"4 Onderwijs"
"EAID_26A453D9_47AF_487e_854B_3B4BC6D6A308";"Diagram Beslissingen Leerplicht";"EAID_613E192A_D0F2_4e67_BE73_51C09197EE3D";"Vervoerder";"Class";"EAPK_F717C1C4_7FF4_4024_BDFE_7F424C8EC0E9";"Leerplicht en Leerlingenvervoer";"4 Onderwijs"
"EAID_26A453D9_47AF_487e_854B_3B4BC6D6A308";"Diagram Beslissingen Leerplicht";"EAID_EA7FE08E_34F7_45d2_BE2E_E4E3B8333BF3";"Leverancier";"Class";"EAPK_F717C1C4_7FF4_4024_BDFE_7F424C8EC0E9";"Leerplicht en Leerlingenvervoer";"4 Onderwijs"
"EAID_26A453D9_47AF_487e_854B_3B4BC6D6A308";"Diagram Beslissingen Leerplicht";"EAID_81870665_768C_4fb2_8A4F_A9CB7989C884";"Beschikking Leerlingenvervoer";"Class";"EAPK_F717C1C4_7FF4_4024_BDFE_7F424C8EC0E9";"Leerplicht en Leerlingenvervoer";"4 Onderwijs"
"EAID_26A453D9_47AF_487e_854B_3B4BC6D6A308";"Diagram Beslissingen Leerplicht";"EAID_0060D931_6BBA_480d_ADCA_0A74908C39A4";"Verzuimsoort";"Enumeration";"EAPK_F717C1C4_7FF4_4024_BDFE_7F424C8EC0E9";"Leerplicht en Leerlingenvervoer";"4 Onderwijs"
"EAID_26A453D9_47AF_487e_854B_3B4BC6D6A308";"Diagram Beslissingen Leerplicht";"EAID_66E2B5BA_44A0_4fde_AE33_E211EE4832C2";"AanvraagOfMelding";"Class";"EAPK_F717C1C4_7FF4_4024_BDFE_7F424C8EC0E9";"Leerplicht en Leerlingenvervoer";"4 Onderwijs"
"EAID_26A453D9_47AF_487e_854B_3B4BC6D6A308";"Diagram Beslissingen Leerplicht";"EAID_51C8E3DF_FFF4_4a20_9CB2_AA5FA50579E2";"Ouder Of Verzorger";"Class";"EAPK_F717C1C4_7FF4_4024_BDFE_7F424C8EC0E9";"Leerplicht en Leerlingenvervoer";"4 Onderwijs"
"EAID_26A453D9_47AF_487e_854B_3B4BC6D6A308";"Diagram Beslissingen Leerplicht";"EAID_697F1730_B439_4b35_8799_1B2E9AB04548";"Procesverbaal Onderwijs";"Class";"EAPK_F717C1C4_7FF4_4024_BDFE_7F424C8EC0E9";"Leerplicht en Leerlingenvervoer";"4 Onderwijs"
"EAID_26A453D9_47AF_487e_854B_3B4BC6D6A308";"Diagram Beslissingen Leerplicht";"EAID_450F47A7_758F_400c_82EB_05535EBDD426";"AanvraagVrijstelling";"Class";"EAPK_F717C1C4_7FF4_4024_BDFE_7F424C8EC0E9";"Leerplicht en Leerlingenvervoer";"4 Onderwijs"
"EAID_26A453D9_47AF_487e_854B_3B4BC6D6A308";"Diagram Beslissingen Leerplicht";"EAID_E9DECE41_F7F5_49f1_94B5_63DE941F6094";"Verlofaanvraag";"Class";"EAPK_F717C1C4_7FF4_4024_BDFE_7F424C8EC0E9";"Leerplicht en Leerlingenvervoer";"4 Onderwijs"
"EAID_26A453D9_47AF_487e_854B_3B4BC6D6A308";"Diagram Beslissingen Leerplicht";"EAID_252C70B1_4E02_4033_B2B5_86F65496D7AB";"Verzuimmelding";"Class";"EAPK_F717C1C4_7FF4_4024_BDFE_7F424C8EC0E9";"Leerplicht en Leerlingenvervoer";"4 Onderwijs"
"EAID_26A453D9_47AF_487e_854B_3B4BC6D6A308";"Diagram Beslissingen Leerplicht";"EAID_32DFC5DD_79D9_45d5_8F9D_7D5125961817";"School";"Class";"EAPK_F717C1C4_7FF4_4024_BDFE_7F424C8EC0E9";"Leerplicht en Leerlingenvervoer";"4 Onderwijs"
"EAID_26A453D9_47AF_487e_854B_3B4BC6D6A308";"Diagram Beslissingen Leerplicht";"EAID_266057AF_58BD_42e1_B4D5_16EB266B9B7A";"Leerling";"Class";"EAPK_F717C1C4_7FF4_4024_BDFE_7F424C8EC0E9";"Leerplicht en Leerlingenvervoer";"4 Onderwijs"
"EAID_26A453D9_47AF_487e_854B_3B4BC6D6A308";"Diagram Beslissingen Leerplicht";"EAID_B369B374_F560_4ea6_9A8B_DBBCB4961EFF";"Leerplichtambtenaar";"Class";"EAPK_F717C1C4_7FF4_4024_BDFE_7F424C8EC0E9";"Leerplicht en Leerlingenvervoer";"4 Onderwijs"
"EAID_26A453D9_47AF_487e_854B_3B4BC6D6A308";"Diagram Beslissingen Leerplicht";"EAID_70E3C6AF_1117_4cfc_B61F_0D168010FFB9";"HALT-verwijzing";"Class";"EAPK_F717C1C4_7FF4_4024_BDFE_7F424C8EC0E9";"Leerplicht en Leerlingenvervoer";"4 Onderwijs"
"EAID_26A453D9_47AF_487e_854B_3B4BC6D6A308";"Diagram Beslissingen Leerplicht";"EAID_90E49701_2A06_4669_9199_6FCFDFCA707A";"Doorgeleiding OM";"Class";"EAPK_F717C1C4_7FF4_4024_BDFE_7F424C8EC0E9";"Leerplicht en Leerlingenvervoer";"4 Onderwijs"
"EAID_26A453D9_47AF_487e_854B_3B4BC6D6A308";"Diagram Beslissingen Leerplicht";"EAID_B8584CD2_A54A_4a59_82B6_A597A0864CFA";"Vrijstelling";"Class";"EAPK_F717C1C4_7FF4_4024_BDFE_7F424C8EC0E9";"Leerplicht en Leerlingenvervoer";"4 Onderwijs"
"EAID_26A453D9_47AF_487e_854B_3B4BC6D6A308";"Diagram Beslissingen Leerplicht";"EAID_B65280CD_3429_4966_AD2D_CB3EE76EE2E8";"Beslissing";"Class";"EAPK_F717C1C4_7FF4_4024_BDFE_7F424C8EC0E9";"Leerplicht en Leerlingenvervoer";"4 Onderwijs"
"EAID_793F0822_F942_4948_A3EA_24C60FCAB576";"Diagram Client en Werkzoekende";"EAID_24A45AF2_13FF_491d_9E3D_F8D8113F28E1";"Werkzoekende";"Class";"EAPK_0CC177F3_B29B_4247_B010_1423D1561952";"Werk";"6 Sociaal Domein"
"EAID_793F0822_F942_4948_A3EA_24C60FCAB576";"Diagram Client en Werkzoekende";"EAID_FF5A6019_C72C_4bcc_ADDF_84811CBDA79B";"Doelgroep";"Class";"EAPK_0CC177F3_B29B_4247_B010_1423D1561952";"Werk";"6 Sociaal Domein"
"EAID_793F0822_F942_4948_A3EA_24C60FCAB576";"Diagram Client en Werkzoekende";"EAID_276E1BF9_E902_4303_A9E7_048627E0DC84";"Clientbegeleider";"Class";"EAPK_0CC177F3_B29B_4247_B010_1423D1561952";"Werk";"6 Sociaal Domein"
"EAID_793F0822_F942_4948_A3EA_24C60FCAB576";"Diagram Client en Werkzoekende";"EAID_DAF09055_A5A6_4ff4_A158_21B20567B296";"Client";"Class";"EAPK_0CC177F3_B29B_4247_B010_1423D1561952";"Werk";"6 Sociaal Domein"
"EAID_7699CCFC_3358_48d0_A60C_F5D044D58F87";"Diagram Dakloosheid";"EAID_A0F8E790_518A_4717_88C2_1143DE9F944A";"Dakloosheid";"Class";"EAPK_7EBCDBB1_6E9C_4f09_AE96_71822F2CC050";"Dak- en thuislozen";"6 Sociaal Domein"
"EAID_7699CCFC_3358_48d0_A60C_F5D044D58F87";"Diagram Dakloosheid";"EAID_DAF09055_A5A6_4ff4_A158_21B20567B296";"Client";"Class";"EAPK_7EBCDBB1_6E9C_4f09_AE96_71822F2CC050";"Dak- en thuislozen";"6 Sociaal Domein"
"EAID_49670B34_2BC4_4972_BC7C_3F5793B27A73";"Diagram Diensten";"EAID_20BA95B7_C12B_F23F_093F_281C3303B58A";"Voorwaardetype";"Class";"EAPK_21489181_D319_96D3_FC70_281C3303E934";"Diensten";"6 Sociaal Domein"
"EAID_49670B34_2BC4_4972_BC7C_3F5793B27A73";"Diagram Diensten";"EAID_1361003F_38E9_A2A7_3128_281C33031270";"Voorliggende voorziening";"Class";"EAPK_21489181_D319_96D3_FC70_281C3303E934";"Diensten";"6 Sociaal Domein"
"EAID_49670B34_2BC4_4972_BC7C_3F5793B27A73";"Diagram Diensten";"EAID_1081AC17_59B0_A2F8_A83C_281C3303651D";"Verstrekkingsvorm";"Class";"EAPK_21489181_D319_96D3_FC70_281C3303E934";"Diensten";"6 Sociaal Domein"
"EAID_49670B34_2BC4_4972_BC7C_3F5793B27A73";"Diagram Diensten";"EAID_15A983E0_2529_75FE_4ED9_281C3303D234";"Uitsluitingsgrond";"Class";"EAPK_21489181_D319_96D3_FC70_281C3303E934";"Diensten";"6 Sociaal Domein"
"EAID_49670B34_2BC4_4972_BC7C_3F5793B27A73";"Diagram Diensten";"EAID_1E5BDB79_81B9_2C6D_472E_2A2CBF9C1656";"Regeling";"Class";"EAPK_21489181_D319_96D3_FC70_281C3303E934";"Diensten";"6 Sociaal Domein"
"EAID_49670B34_2BC4_4972_BC7C_3F5793B27A73";"Diagram Diensten";"EAID_1D0EFA3D_888E_945B_4A20_292F8D894D4C";"Referteperiode";"Class";"EAPK_21489181_D319_96D3_FC70_281C3303E934";"Diensten";"6 Sociaal Domein"
"EAID_49670B34_2BC4_4972_BC7C_3F5793B27A73";"Diagram Diensten";"EAID_1CC0F6E1_888E_945B_4A20_28C0FB594D4C";"Recht";"Class";"EAPK_21489181_D319_96D3_FC70_281C3303E934";"Diensten";"6 Sociaal Domein"
"EAID_49670B34_2BC4_4972_BC7C_3F5793B27A73";"Diagram Diensten";"EAID_1CE59AFB_AA35_C5DB_C243_2871BD384EF7";"Periodiek dienst Bijz. bijstand";"Class";"EAPK_21489181_D319_96D3_FC70_281C3303E934";"Diensten";"6 Sociaal Domein"
"EAID_49670B34_2BC4_4972_BC7C_3F5793B27A73";"Diagram Diensten";"EAID_0962936F_7373_4176_296A_281C33036B9B";"Onderdeel beschikking";"Class";"EAPK_21489181_D319_96D3_FC70_281C3303E934";"Diensten";"6 Sociaal Domein"
"EAID_49670B34_2BC4_4972_BC7C_3F5793B27A73";"Diagram Diensten";"EAID_0EFDD70A_7D69_27D9_7976_2912C31741DC";"Leveringsspecificatie";"Class";"EAPK_21489181_D319_96D3_FC70_281C3303E934";"Diensten";"6 Sociaal Domein"
"EAID_49670B34_2BC4_4972_BC7C_3F5793B27A73";"Diagram Diensten";"EAID_1CDDED16_888E_945B_4A20_28EA07CB4D4C";"Leveringsopdracht";"Class";"EAPK_21489181_D319_96D3_FC70_281C3303E934";"Diensten";"6 Sociaal Domein"
"EAID_49670B34_2BC4_4972_BC7C_3F5793B27A73";"Diagram Diensten";"EAID_23F6E69F_CA5F_A12B_BCE4_281C3303F966";"Leveringscomponenttype";"Class";"EAPK_21489181_D319_96D3_FC70_281C3303E934";"Diensten";"6 Sociaal Domein"
"EAID_49670B34_2BC4_4972_BC7C_3F5793B27A73";"Diagram Diensten";"EAID_117A52E7_D317_92C3_C4DB_281C33034B40";"Leveringscomponent";"Class";"EAPK_21489181_D319_96D3_FC70_281C3303E934";"Diensten";"6 Sociaal Domein"
"EAID_49670B34_2BC4_4972_BC7C_3F5793B27A73";"Diagram Diensten";"EAID_1DF6D7C4_6EAB_C011_5CD9_281C3303C38C";"Individuele plicht";"Class";"EAPK_21489181_D319_96D3_FC70_281C3303E934";"Diensten";"6 Sociaal Domein"
"EAID_49670B34_2BC4_4972_BC7C_3F5793B27A73";"Diagram Diensten";"EAID_07F494EF_DD9B_36A7_4EE0_281C33030C21";"Diensttype";"Class";"EAPK_21489181_D319_96D3_FC70_281C3303E934";"Diensten";"6 Sociaal Domein"
"EAID_49670B34_2BC4_4972_BC7C_3F5793B27A73";"Diagram Diensten";"EAID_022154F4_817D_0DFB_5FFC_281C33037384";"Dienst";"Class";"EAPK_21489181_D319_96D3_FC70_281C3303E934";"Diensten";"6 Sociaal Domein"
"EAID_49670B34_2BC4_4972_BC7C_3F5793B27A73";"Diagram Diensten";"EAID_24BA1E4E_CF1D_B8E9_E3C3_281C33039A81";"Betalingsblokkade";"Class";"EAPK_21489181_D319_96D3_FC70_281C3303E934";"Diensten";"6 Sociaal Domein"
"EAID_49670B34_2BC4_4972_BC7C_3F5793B27A73";"Diagram Diensten";"EAID_0CA08ED2_6990_8292_BBC7_281C33037374";"Besluit";"Class";"EAPK_21489181_D319_96D3_FC70_281C3303E934";"Diensten";"6 Sociaal Domein"
"EAID_49670B34_2BC4_4972_BC7C_3F5793B27A73";"Diagram Diensten";"EAID_16ABCFF8_4817_6A73_59BA_281C3303F8D2";"Beschikking";"Class";"EAPK_21489181_D319_96D3_FC70_281C3303E934";"Diensten";"6 Sociaal Domein"
"EAID_49670B34_2BC4_4972_BC7C_3F5793B27A73";"Diagram Diensten";"EAID_04035B37_1A5F_CC83_48D3_281C33030BAF";"Aanvraagtype";"Class";"EAPK_21489181_D319_96D3_FC70_281C3303E934";"Diensten";"6 Sociaal Domein"
"EAID_49670B34_2BC4_4972_BC7C_3F5793B27A73";"Diagram Diensten";"EAID_208D605F_BDE5_700A_13F6_281C3303691F";"Aanvraag";"Class";"EAPK_21489181_D319_96D3_FC70_281C3303E934";"Diensten";"6 Sociaal Domein"
"EAID_49670B34_2BC4_4972_BC7C_3F5793B27A73";"Diagram Diensten";"EAID_1CC0F3FE_888E_945B_4A20_28C0F7424D4C";"Voorwaarde";"Class";"EAPK_21489181_D319_96D3_FC70_281C3303E934";"Diensten";"6 Sociaal Domein"
"EAID_CC3C7277_FF05_4ff4_B0D2_68545E6D5A1D";"Diagram Domeinen, PDC en zaken";"EAID_2AA9DB3B_D79C_490d_8776_DA1CB25E9B09";"Onderwerp";"Class";"EAPK_A2C234C7_A5F7_4e4a_9EE3_8C37A4469F01";"ICT";"9 Interne Organisatie"
"EAID_CC3C7277_FF05_4ff4_B0D2_68545E6D5A1D";"Diagram Domeinen, PDC en zaken";"EAID_45AFD4E2_9909_4c33_93CE_F2466B85CA0F";"Dienst";"Class";"EAPK_A2C234C7_A5F7_4e4a_9EE3_8C37A4469F01";"ICT";"9 Interne Organisatie"
"EAID_CC3C7277_FF05_4ff4_B0D2_68545E6D5A1D";"Diagram Domeinen, PDC en zaken";"EAID_F1489610_1E50_4328_8CD8_F41E9CE0C0D8";"Prijzenboek";"Class";"EAPK_A2C234C7_A5F7_4e4a_9EE3_8C37A4469F01";"ICT";"9 Interne Organisatie"
"EAID_CC3C7277_FF05_4ff4_B0D2_68545E6D5A1D";"Diagram Domeinen, PDC en zaken";"EAID_7210A379_17EE_4143_A106_ECD9414B2A0D";"Zaaktype";"Class";"EAPK_A2C234C7_A5F7_4e4a_9EE3_8C37A4469F01";"ICT";"9 Interne Organisatie"
"EAID_CC3C7277_FF05_4ff4_B0D2_68545E6D5A1D";"Diagram Domeinen, PDC en zaken";"EAID_D5DD2F67_6A1F_46b0_972E_795ECC4B2E4F";"Product";"Class";"EAPK_A2C234C7_A5F7_4e4a_9EE3_8C37A4469F01";"ICT";"9 Interne Organisatie"
"EAID_CC3C7277_FF05_4ff4_B0D2_68545E6D5A1D";"Diagram Domeinen, PDC en zaken";"EAID_BEFEC56A_EF6C_49f0_9368_7E46F75D9562";"Domein/Taakveld";"Class";"EAPK_A2C234C7_A5F7_4e4a_9EE3_8C37A4469F01";"ICT";"9 Interne Organisatie"
"EAID_21D78104_E6EA_4d5c_9DBE_AB71F7DC99E7";"Diagram Economie";"EAID_5E685C97_7E21_492d_BAA7_AC7F5AE05A6D";"ProxyConnector";"Class";"EAPK_97C39FF1_DCAE_4b67_9249_015E2D795AE8";"3 Economie";"3 Economie"
"EAID_21D78104_E6EA_4d5c_9DBE_AB71F7DC99E7";"Diagram Economie";"EAID_EAE2ABE3_531A_416e_A614_AD288E635512";"ProxyConnector";"Class";"EAPK_97C39FF1_DCAE_4b67_9249_015E2D795AE8";"3 Economie";"3 Economie"
"EAID_21D78104_E6EA_4d5c_9DBE_AB71F7DC99E7";"Diagram Economie";"EAID_9F4E12E4_B228_4931_AC83_1B1F60958A89";"NatuurlijkPersoon";"Class";"EAPK_97C39FF1_DCAE_4b67_9249_015E2D795AE8";"3 Economie";"3 Economie"
"EAID_21D78104_E6EA_4d5c_9DBE_AB71F7DC99E7";"Diagram Economie";"EAID_5805FA72_C0CE_43c1_A53F_B81166AEFDD4";"Hotel";"Class";"EAPK_97C39FF1_DCAE_4b67_9249_015E2D795AE8";"3 Economie";"3 Economie"
"EAID_21D78104_E6EA_4d5c_9DBE_AB71F7DC99E7";"Diagram Economie";"EAID_8F05E7BA_E7ED_45d1_9626_C8D7FBDB2F1B";"Verkooppunt";"Class";"EAPK_97C39FF1_DCAE_4b67_9249_015E2D795AE8";"3 Economie";"3 Economie"
"EAID_21D78104_E6EA_4d5c_9DBE_AB71F7DC99E7";"Diagram Economie";"EAID_B60B8EF9_D1C0_4e36_BF9B_1C16F92518DD";"Vestiging";"Class";"EAPK_97C39FF1_DCAE_4b67_9249_015E2D795AE8";"3 Economie";"3 Economie"
"EAID_21D78104_E6EA_4d5c_9DBE_AB71F7DC99E7";"Diagram Economie";"EAID_3D5CCB29_91E4_458e_8BCD_6741198E45B8";"NietNatuurlijkPersoon";"Class";"EAPK_97C39FF1_DCAE_4b67_9249_015E2D795AE8";"3 Economie";"3 Economie"
"EAID_21D78104_E6EA_4d5c_9DBE_AB71F7DC99E7";"Diagram Economie";"EAID_3DC85114_5C3F_4930_B98B_6EB6ED71FC2E";"MaatschappelijkeActiviteit";"Class";"EAPK_97C39FF1_DCAE_4b67_9249_015E2D795AE8";"3 Economie";"3 Economie"
"EAID_21D78104_E6EA_4d5c_9DBE_AB71F7DC99E7";"Diagram Economie";"EAID_EB35F5B8_9289_49cc_8DF4_8BD20EC662A9";"Werkgelegenheid";"Class";"EAPK_97C39FF1_DCAE_4b67_9249_015E2D795AE8";"3 Economie";"3 Economie"
"EAID_21D78104_E6EA_4d5c_9DBE_AB71F7DC99E7";"Diagram Economie";"EAID_669000E9_25D6_4346_B718_516CDB8B88B7";"Hotelbezoek";"Class";"EAPK_97C39FF1_DCAE_4b67_9249_015E2D795AE8";"3 Economie";"3 Economie"
"EAID_21D78104_E6EA_4d5c_9DBE_AB71F7DC99E7";"Diagram Economie";"EAID_3BF6985C_06AB_4cfc_9A0E_5CC37C224245";"Contact";"Class";"EAPK_97C39FF1_DCAE_4b67_9249_015E2D795AE8";"3 Economie";"3 Economie"
"EAID_FD4BAB10_5D3E_4d14_8949_24CA09AC42A7";"Diagram GGM en Inkomen";"EAID_167FF4C9_6B66_EEDA_5189_262C4A139258";"Normafwijking";"Class";"EAPK_7A13550B_AC75_4783_BD16_A9ED6E86172A";"Model Inkomen";"6 Sociaal Domein"
"EAID_FD4BAB10_5D3E_4d14_8949_24CA09AC42A7";"Diagram GGM en Inkomen";"EAID_cac6d8c1_42e6_41cb_9907_3c65c081afba";"Reden aanvraag";"Class";"EAPK_7A13550B_AC75_4783_BD16_A9ED6E86172A";"Model Inkomen";"6 Sociaal Domein"
"EAID_FD4BAB10_5D3E_4d14_8949_24CA09AC42A7";"Diagram GGM en Inkomen";"EAID_101157F7_7852_102E_7547_2698B55B6FF8";"Terugvorderingsverzoek";"Class";"EAPK_7A13550B_AC75_4783_BD16_A9ED6E86172A";"Model Inkomen";"6 Sociaal Domein"
"EAID_FD4BAB10_5D3E_4d14_8949_24CA09AC42A7";"Diagram GGM en Inkomen";"EAID_107E216A_17F2_DFCA_EAFE_263C7FFC912E";"Debiteur";"Class";"EAPK_7A13550B_AC75_4783_BD16_A9ED6E86172A";"Model Inkomen";"6 Sociaal Domein"
"EAID_FD4BAB10_5D3E_4d14_8949_24CA09AC42A7";"Diagram GGM en Inkomen";"EAID_0EFDD70A_7D69_27D9_7976_2912C31741DC";"Leveringsspecificatie";"Class";"EAPK_7A13550B_AC75_4783_BD16_A9ED6E86172A";"Model Inkomen";"6 Sociaal Domein"
"EAID_FD4BAB10_5D3E_4d14_8949_24CA09AC42A7";"Diagram GGM en Inkomen";"EAID_1CDDED16_888E_945B_4A20_28EA07CB4D4C";"Leveringsopdracht";"Class";"EAPK_7A13550B_AC75_4783_BD16_A9ED6E86172A";"Model Inkomen";"6 Sociaal Domein"
"EAID_FD4BAB10_5D3E_4d14_8949_24CA09AC42A7";"Diagram GGM en Inkomen";"EAID_117A52E7_D317_92C3_C4DB_281C33034B40";"Leveringscomponent";"Class";"EAPK_7A13550B_AC75_4783_BD16_A9ED6E86172A";"Model Inkomen";"6 Sociaal Domein"
"EAID_FD4BAB10_5D3E_4d14_8949_24CA09AC42A7";"Diagram GGM en Inkomen";"EAID_D90E822D_7EF8_4ea6_AF5C_4A4362577941";"Kostenplaats";"Class";"EAPK_7A13550B_AC75_4783_BD16_A9ED6E86172A";"Model Inkomen";"6 Sociaal Domein"
"EAID_FD4BAB10_5D3E_4d14_8949_24CA09AC42A7";"Diagram GGM en Inkomen";"EAID_D8F2EAAD_7C80_4164_8171_C632F18A6742";"Profiel";"Class";"EAPK_7A13550B_AC75_4783_BD16_A9ED6E86172A";"Model Inkomen";"6 Sociaal Domein"
"EAID_FD4BAB10_5D3E_4d14_8949_24CA09AC42A7";"Diagram GGM en Inkomen";"EAID_022154F4_817D_0DFB_5FFC_281C33037384";"Dienst";"Class";"EAPK_7A13550B_AC75_4783_BD16_A9ED6E86172A";"Model Inkomen";"6 Sociaal Domein"
"EAID_FD4BAB10_5D3E_4d14_8949_24CA09AC42A7";"Diagram GGM en Inkomen";"EAID_208D605F_BDE5_700A_13F6_281C3303691F";"Aanvraag";"Class";"EAPK_7A13550B_AC75_4783_BD16_A9ED6E86172A";"Model Inkomen";"6 Sociaal Domein"
"EAID_FD4BAB10_5D3E_4d14_8949_24CA09AC42A7";"Diagram GGM en Inkomen";"EAID_DAF09055_A5A6_4ff4_A158_21B20567B296";"Client";"Class";"EAPK_7A13550B_AC75_4783_BD16_A9ED6E86172A";"Model Inkomen";"6 Sociaal Domein"
"EAID_50085E67_46AC_4f54_B204_436786266EE2";"Diagram Gebied Vestiging en Adres";"EAID_461EFCF0_E65E_4c7c_B44D_8F36C36FDCE4";"Verblijfsobject";"Class";"EAPK_97C39FF1_DCAE_4b67_9249_015E2D795AE8";"3 Economie";"3 Economie"
"EAID_50085E67_46AC_4f54_B204_436786266EE2";"Diagram Gebied Vestiging en Adres";"EAID_BFE30E32_8CB9_4272_A559_9FB3FD74DACC";"OpenbareRuimte";"Class";"EAPK_97C39FF1_DCAE_4b67_9249_015E2D795AE8";"3 Economie";"3 Economie"
"EAID_50085E67_46AC_4f54_B204_436786266EE2";"Diagram Gebied Vestiging en Adres";"EAID_8A04280B_E0B4_4e36_B448_C99750393D0D";"AdresseerbaarObject";"Class";"EAPK_97C39FF1_DCAE_4b67_9249_015E2D795AE8";"3 Economie";"3 Economie"
"EAID_50085E67_46AC_4f54_B204_436786266EE2";"Diagram Gebied Vestiging en Adres";"EAID_38649FF6_88C6_437d_AF8E_A9023D55E16C";"Buurt";"Class";"EAPK_97C39FF1_DCAE_4b67_9249_015E2D795AE8";"3 Economie";"3 Economie"
"EAID_50085E67_46AC_4f54_B204_436786266EE2";"Diagram Gebied Vestiging en Adres";"EAID_120EA50B_B9A2_4869_A3BE_46931F631D33";"Wijk";"Class";"EAPK_97C39FF1_DCAE_4b67_9249_015E2D795AE8";"3 Economie";"3 Economie"
"EAID_50085E67_46AC_4f54_B204_436786266EE2";"Diagram Gebied Vestiging en Adres";"EAID_32A22BC6_89EC_44af_8D7D_79B12311AE2D";"Nummeraanduiding";"Class";"EAPK_97C39FF1_DCAE_4b67_9249_015E2D795AE8";"3 Economie";"3 Economie"
"EAID_50085E67_46AC_4f54_B204_436786266EE2";"Diagram Gebied Vestiging en Adres";"EAID_0EABA880_434F_41c3_A41D_0002222AAC2A";"Winkelvloeroppervlak";"Class";"EAPK_97C39FF1_DCAE_4b67_9249_015E2D795AE8";"3 Economie";"3 Economie"
"EAID_50085E67_46AC_4f54_B204_436786266EE2";"Diagram Gebied Vestiging en Adres";"EAID_B60B8EF9_D1C0_4e36_BF9B_1C16F92518DD";"Vestiging";"Class";"EAPK_97C39FF1_DCAE_4b67_9249_015E2D795AE8";"3 Economie";"3 Economie"
"EAID_50085E67_46AC_4f54_B204_436786266EE2";"Diagram Gebied Vestiging en Adres";"EAID_5835F691_4452_44de_A1E9_07088AC16D69";"Gebied";"Class";"EAPK_97C39FF1_DCAE_4b67_9249_015E2D795AE8";"3 Economie";"3 Economie"
"EAID_19D888BE_5EC7_4590_BE67_8F66D91245F1";"Diagram Gebied Vestiging en Adres";"EAID_8A04280B_E0B4_4e36_B448_C99750393D0D";"AdresseerbaarObject";"Class";"EAPK_58A5214F_E56C_4707_BE2D_AB36DD6976A3";"RSGBPlus";"99 Kern"
"EAID_19D888BE_5EC7_4590_BE67_8F66D91245F1";"Diagram Gebied Vestiging en Adres";"EAID_120EA50B_B9A2_4869_A3BE_46931F631D33";"Wijk";"Class";"EAPK_58A5214F_E56C_4707_BE2D_AB36DD6976A3";"RSGBPlus";"99 Kern"
"EAID_19D888BE_5EC7_4590_BE67_8F66D91245F1";"Diagram Gebied Vestiging en Adres";"EAID_38649FF6_88C6_437d_AF8E_A9023D55E16C";"Buurt";"Class";"EAPK_58A5214F_E56C_4707_BE2D_AB36DD6976A3";"RSGBPlus";"99 Kern"
"EAID_19D888BE_5EC7_4590_BE67_8F66D91245F1";"Diagram Gebied Vestiging en Adres";"EAID_BFE30E32_8CB9_4272_A559_9FB3FD74DACC";"OpenbareRuimte";"Class";"EAPK_58A5214F_E56C_4707_BE2D_AB36DD6976A3";"RSGBPlus";"99 Kern"
"EAID_19D888BE_5EC7_4590_BE67_8F66D91245F1";"Diagram Gebied Vestiging en Adres";"EAID_32A22BC6_89EC_44af_8D7D_79B12311AE2D";"Nummeraanduiding";"Class";"EAPK_58A5214F_E56C_4707_BE2D_AB36DD6976A3";"RSGBPlus";"99 Kern"
"EAID_19D888BE_5EC7_4590_BE67_8F66D91245F1";"Diagram Gebied Vestiging en Adres";"EAID_3015DCE3_7C05_4160_A717_533553258C15";"Briefadres";"Class";"EAPK_58A5214F_E56C_4707_BE2D_AB36DD6976A3";"RSGBPlus";"99 Kern"
"EAID_19D888BE_5EC7_4590_BE67_8F66D91245F1";"Diagram Gebied Vestiging en Adres";"EAID_AF9534B0_7CBD_4061_9276_A7B6698B383A";"IngeschrevenPersoon";"Class";"EAPK_58A5214F_E56C_4707_BE2D_AB36DD6976A3";"RSGBPlus";"99 Kern"
"EAID_19D888BE_5EC7_4590_BE67_8F66D91245F1";"Diagram Gebied Vestiging en Adres";"EAID_B60B8EF9_D1C0_4e36_BF9B_1C16F92518DD";"Vestiging";"Class";"EAPK_58A5214F_E56C_4707_BE2D_AB36DD6976A3";"RSGBPlus";"99 Kern"
"EAID_19D888BE_5EC7_4590_BE67_8F66D91245F1";"Diagram Gebied Vestiging en Adres";"EAID_5835F691_4452_44de_A1E9_07088AC16D69";"Gebied";"Class";"EAPK_58A5214F_E56C_4707_BE2D_AB36DD6976A3";"RSGBPlus";"99 Kern"
"EAID_A9F0B77B_05F3_4c36_96A0_8841BBAE47E0";"Diagram Griffie";"EAID_435883D2_C399_4590_B4F5_B07111103484";"Video-opname";"Class";"EAPK_462ADAB3_19AB_405b_9BB5_0951DA70BFA0";"Griffie";"0 Bestuur, Politiek en Ondersteuning"
"EAID_A9F0B77B_05F3_4c36_96A0_8841BBAE47E0";"Diagram Griffie";"EAID_368EB061_7CF3_4115_BB21_3C618782F205";"Stemmingstype";"Enumeration";"EAPK_462ADAB3_19AB_405b_9BB5_0951DA70BFA0";"Griffie";"0 Bestuur, Politiek en Ondersteuning"
"EAID_A9F0B77B_05F3_4c36_96A0_8841BBAE47E0";"Diagram Griffie";"EAID_0A3A2E20_2A67_4e16_B11E_36C09F94331D";"Stemmingsresultaattype";"Enumeration";"EAPK_462ADAB3_19AB_405b_9BB5_0951DA70BFA0";"Griffie";"0 Bestuur, Politiek en Ondersteuning"
"EAID_A9F0B77B_05F3_4c36_96A0_8841BBAE47E0";"Diagram Griffie";"EAID_331C4A0B_1505_4945_A0B0_DCD8703AB50F";"Stemming";"Class";"EAPK_462ADAB3_19AB_405b_9BB5_0951DA70BFA0";"Griffie";"0 Bestuur, Politiek en Ondersteuning"
"EAID_A9F0B77B_05F3_4c36_96A0_8841BBAE47E0";"Diagram Griffie";"EAID_E2EDC770_08EB_4298_A2BA_F7943ACD695F";"Deelnemersrol";"Enumeration";"EAPK_462ADAB3_19AB_405b_9BB5_0951DA70BFA0";"Griffie";"0 Bestuur, Politiek en Ondersteuning"
"EAID_A9F0B77B_05F3_4c36_96A0_8841BBAE47E0";"Diagram Griffie";"EAID_9F4E12E4_B228_4931_AC83_1B1F60958A89";"NatuurlijkPersoon";"Class";"EAPK_462ADAB3_19AB_405b_9BB5_0951DA70BFA0";"Griffie";"0 Bestuur, Politiek en Ondersteuning"
"EAID_A9F0B77B_05F3_4c36_96A0_8841BBAE47E0";"Diagram Griffie";"EAID_F1E55DC7_0F33_40ea_8713_2E1AC3D7EE8D";"Aanwezige Deelnemer";"Class";"EAPK_462ADAB3_19AB_405b_9BB5_0951DA70BFA0";"Griffie";"0 Bestuur, Politiek en Ondersteuning"
"EAID_A9F0B77B_05F3_4c36_96A0_8841BBAE47E0";"Diagram Griffie";"EAID_73FB5212_40ED_40dc_B837_36588840445A";"Agendapunt";"Class";"EAPK_462ADAB3_19AB_405b_9BB5_0951DA70BFA0";"Griffie";"0 Bestuur, Politiek en Ondersteuning"
"EAID_A9F0B77B_05F3_4c36_96A0_8841BBAE47E0";"Diagram Griffie";"EAID_7B9EDDFD_57F7_4ff2_938F_FDFA3B503DA8";"Collegelid";"Class";"EAPK_462ADAB3_19AB_405b_9BB5_0951DA70BFA0";"Griffie";"0 Bestuur, Politiek en Ondersteuning"
"EAID_A9F0B77B_05F3_4c36_96A0_8841BBAE47E0";"Diagram Griffie";"EAID_CA19D17F_3EB7_459d_9883_16F0C0B5D35E";"Ingezetene";"Class";"EAPK_462ADAB3_19AB_405b_9BB5_0951DA70BFA0";"Griffie";"0 Bestuur, Politiek en Ondersteuning"
"EAID_A9F0B77B_05F3_4c36_96A0_8841BBAE47E0";"Diagram Griffie";"EAID_9DF5AC43_3673_4b9a_BB5E_6DCA7BE28835";"Rechtspersoon";"Class";"EAPK_462ADAB3_19AB_405b_9BB5_0951DA70BFA0";"Griffie";"0 Bestuur, Politiek en Ondersteuning"
"EAID_A9F0B77B_05F3_4c36_96A0_8841BBAE47E0";"Diagram Griffie";"EAID_98CB3C6F_588B_479f_9A2B_F5D5362DD17C";"Indiener";"Class";"EAPK_462ADAB3_19AB_405b_9BB5_0951DA70BFA0";"Griffie";"0 Bestuur, Politiek en Ondersteuning"
"EAID_A9F0B77B_05F3_4c36_96A0_8841BBAE47E0";"Diagram Griffie";"EAID_CB27D699_F82B_45ad_823A_B2B51BCAECBA";"Raadscommissie";"Class";"EAPK_462ADAB3_19AB_405b_9BB5_0951DA70BFA0";"Griffie";"0 Bestuur, Politiek en Ondersteuning"
"EAID_A9F0B77B_05F3_4c36_96A0_8841BBAE47E0";"Diagram Griffie";"EAID_5772BEBB_97FA_42a9_B70D_DB55EAD6D1EE";"Raadslid";"Class";"EAPK_462ADAB3_19AB_405b_9BB5_0951DA70BFA0";"Griffie";"0 Bestuur, Politiek en Ondersteuning"
"EAID_A9F0B77B_05F3_4c36_96A0_8841BBAE47E0";"Diagram Griffie";"EAID_257F4ABF_7CCD_453f_B2E8_5A6434383A9B";"Vergadering";"Class";"EAPK_462ADAB3_19AB_405b_9BB5_0951DA70BFA0";"Griffie";"0 Bestuur, Politiek en Ondersteuning"
"EAID_A9F0B77B_05F3_4c36_96A0_8841BBAE47E0";"Diagram Griffie";"EAID_5641C50A_C0FA_4e71_B07B_26C7B1CE94ED";"Document";"Class";"EAPK_462ADAB3_19AB_405b_9BB5_0951DA70BFA0";"Griffie";"0 Bestuur, Politiek en Ondersteuning"
"EAID_A9F0B77B_05F3_4c36_96A0_8841BBAE47E0";"Diagram Griffie";"EAID_440219A4_C64B_4eac_ADE5_E79ED6AA9BFE";"Raadsstuk";"Class";"EAPK_462ADAB3_19AB_405b_9BB5_0951DA70BFA0";"Griffie";"0 Bestuur, Politiek en Ondersteuning"
"EAID_B832F543_BBE3_421e_B76D_561E53237684";"Diagram IMBOR vs IMGeo";"EAID_4DA0EB59_963C_4558_B763_44F542BC8D89";"Inrichtingselement";"Class";"EAPK_C3BA35EC_ABFA_4a7d_BEE9_07FF7563442D";"Beheer Openbare Ruimte";"8 Volkshuisvesting, Leefomgeving en Stedelijke Vernieuwing"
"EAID_B832F543_BBE3_421e_B76D_561E53237684";"Diagram IMBOR vs IMGeo";"EAID_83A942F7_5291_42F0_AFB1_9A57D0FB2F1";"Boom";"Class";"EAPK_C3BA35EC_ABFA_4a7d_BEE9_07FF7563442D";"Beheer Openbare Ruimte";"8 Volkshuisvesting, Leefomgeving en Stedelijke Vernieuwing"
"EAID_7683FAC9_3F9C_4e21_8D02_5B9FDEBC7D1F";"Diagram Inkomsten";"EAID_1DC195DD_888E_945B_4A20_2A2CB3694D4C";"Vrijlating inkomsten";"Class";"EAPK_4F047F89_F482_48c9_810A_EC0B55B40AEE";"Sociaal Domein Generiek";"6 Sociaal Domein"
"EAID_7683FAC9_3F9C_4e21_8D02_5B9FDEBC7D1F";"Diagram Inkomsten";"EAID_147DA394_B3B3_61F8_2424_293A778066AE";"Verlaging door maatregel";"Class";"EAPK_4F047F89_F482_48c9_810A_EC0B55B40AEE";"Sociaal Domein Generiek";"6 Sociaal Domein"
"EAID_7683FAC9_3F9C_4e21_8D02_5B9FDEBC7D1F";"Diagram Inkomsten";"EAID_21BB5EF1_DBEF_1C98_AA4A_293A7780C22E";"Verlaging door boete";"Class";"EAPK_4F047F89_F482_48c9_810A_EC0B55B40AEE";"Sociaal Domein Generiek";"6 Sociaal Domein"
"EAID_7683FAC9_3F9C_4e21_8D02_5B9FDEBC7D1F";"Diagram Inkomsten";"EAID_247066AC_FBF9_A511_B717_293A77808921";"Vergoeding in natura";"Class";"EAPK_4F047F89_F482_48c9_810A_EC0B55B40AEE";"Sociaal Domein Generiek";"6 Sociaal Domein"
"EAID_7683FAC9_3F9C_4e21_8D02_5B9FDEBC7D1F";"Diagram Inkomsten";"EAID_1FCFBA02_5BAC_6978_BF60_293A629C6FC3";"Vergoeding";"Class";"EAPK_4F047F89_F482_48c9_810A_EC0B55B40AEE";"Sociaal Domein Generiek";"6 Sociaal Domein"
"EAID_7683FAC9_3F9C_4e21_8D02_5B9FDEBC7D1F";"Diagram Inkomsten";"EAID_24B39342_7142_86B3_3DBD_293A7780A28B";"Vakantiegeld";"Class";"EAPK_4F047F89_F482_48c9_810A_EC0B55B40AEE";"Sociaal Domein Generiek";"6 Sociaal Domein"
"EAID_7683FAC9_3F9C_4e21_8D02_5B9FDEBC7D1F";"Diagram Inkomsten";"EAID_079F0BBE_0EBA_3EFE_32BE_293A6C49F9DC";"Uitkering";"Class";"EAPK_4F047F89_F482_48c9_810A_EC0B55B40AEE";"Sociaal Domein Generiek";"6 Sociaal Domein"
"EAID_7683FAC9_3F9C_4e21_8D02_5B9FDEBC7D1F";"Diagram Inkomsten";"EAID_86ad0007_f0b8_4cc2_8bec_acc4c9f12dec";"Te betalen alimentatie";"Class";"EAPK_4F047F89_F482_48c9_810A_EC0B55B40AEE";"Sociaal Domein Generiek";"6 Sociaal Domein"
"EAID_7683FAC9_3F9C_4e21_8D02_5B9FDEBC7D1F";"Diagram Inkomsten";"EAID_23245F44_F332_6237_D733_293A6E6E621D";"Studiefinanciering";"Class";"EAPK_4F047F89_F482_48c9_810A_EC0B55B40AEE";"Sociaal Domein Generiek";"6 Sociaal Domein"
"EAID_7683FAC9_3F9C_4e21_8D02_5B9FDEBC7D1F";"Diagram Inkomsten";"EAID_28FCE4B4_AFCD_AFE7_63A5_293A6F895C47";"Stage";"Class";"EAPK_4F047F89_F482_48c9_810A_EC0B55B40AEE";"Sociaal Domein Generiek";"6 Sociaal Domein"
"EAID_7683FAC9_3F9C_4e21_8D02_5B9FDEBC7D1F";"Diagram Inkomsten";"EAID_4ead37c5_f83b_423d_b51e_92a60e7fa2d9";"Secundair inkomstencomponent";"Class";"EAPK_4F047F89_F482_48c9_810A_EC0B55B40AEE";"Sociaal Domein Generiek";"6 Sociaal Domein"
"EAID_7683FAC9_3F9C_4e21_8D02_5B9FDEBC7D1F";"Diagram Inkomsten";"EAID_029BA63B_D3DD_B855_6C7A_293A77805B65";"Reiskostenvergoeding";"Class";"EAPK_4F047F89_F482_48c9_810A_EC0B55B40AEE";"Sociaal Domein Generiek";"6 Sociaal Domein"
"EAID_7683FAC9_3F9C_4e21_8D02_5B9FDEBC7D1F";"Diagram Inkomsten";"EAID_4c49fb46_4d05_49d0_8e99_f5d25c625d91";"Reiskosten naar het werk";"Class";"EAPK_4F047F89_F482_48c9_810A_EC0B55B40AEE";"Sociaal Domein Generiek";"6 Sociaal Domein"
"EAID_7683FAC9_3F9C_4e21_8D02_5B9FDEBC7D1F";"Diagram Inkomsten";"EAID_e0a328b0_21ff_469d_912e_63465279b5a1";"Primair inkomstencomponent";"Class";"EAPK_4F047F89_F482_48c9_810A_EC0B55B40AEE";"Sociaal Domein Generiek";"6 Sociaal Domein"
"EAID_7683FAC9_3F9C_4e21_8D02_5B9FDEBC7D1F";"Diagram Inkomsten";"EAID_28CBC627_9980_C06E_492F_293A6E4EE649";"Pensioen";"Class";"EAPK_4F047F89_F482_48c9_810A_EC0B55B40AEE";"Sociaal Domein Generiek";"6 Sociaal Domein"
"EAID_7683FAC9_3F9C_4e21_8D02_5B9FDEBC7D1F";"Diagram Inkomsten";"EAID_21A42BF6_C12B_F23F_093F_293A7780B58A";"Onkostenvergoeding";"Class";"EAPK_4F047F89_F482_48c9_810A_EC0B55B40AEE";"Sociaal Domein Generiek";"6 Sociaal Domein"
"EAID_7683FAC9_3F9C_4e21_8D02_5B9FDEBC7D1F";"Diagram Inkomsten";"EAID_1DB40092_C231_63A1_27BE_2685FBFA9223";"Onderhoudsplicht";"Class";"EAPK_4F047F89_F482_48c9_810A_EC0B55B40AEE";"Sociaal Domein Generiek";"6 Sociaal Domein"
"EAID_7683FAC9_3F9C_4e21_8D02_5B9FDEBC7D1F";"Diagram Inkomsten";"EAID_02F81CCD_E82B_4A54_E9C5_293A778069AE";"Maaltijdvergoeding";"Class";"EAPK_4F047F89_F482_48c9_810A_EC0B55B40AEE";"Sociaal Domein Generiek";"6 Sociaal Domein"
"EAID_7683FAC9_3F9C_4e21_8D02_5B9FDEBC7D1F";"Diagram Inkomsten";"EAID_08266C73_A8CD_3503_F3FB_293A7989FC40";"Loonbeslag";"Class";"EAPK_4F047F89_F482_48c9_810A_EC0B55B40AEE";"Sociaal Domein Generiek";"6 Sociaal Domein"
"EAID_7683FAC9_3F9C_4e21_8D02_5B9FDEBC7D1F";"Diagram Inkomsten";"EAID_98746714_07f9_4942_b7d1_096f9631f90f";"Kostencomponent";"Class";"EAPK_4F047F89_F482_48c9_810A_EC0B55B40AEE";"Sociaal Domein Generiek";"6 Sociaal Domein"
"EAID_7683FAC9_3F9C_4e21_8D02_5B9FDEBC7D1F";"Diagram Inkomsten";"EAID_0B6D4C44_7D22_03E3_23BC_293A778017DC";"Inkomstenvermindering";"Class";"EAPK_4F047F89_F482_48c9_810A_EC0B55B40AEE";"Sociaal Domein Generiek";"6 Sociaal Domein"
"EAID_7683FAC9_3F9C_4e21_8D02_5B9FDEBC7D1F";"Diagram Inkomsten";"EAID_0463EA7D_FFD9_AD19_0405_294621AE933F";"Inkomstenverhouding";"Class";"EAPK_4F047F89_F482_48c9_810A_EC0B55B40AEE";"Sociaal Domein Generiek";"6 Sociaal Domein"
"EAID_7683FAC9_3F9C_4e21_8D02_5B9FDEBC7D1F";"Diagram Inkomsten";"EAID_2235FE95_D319_96D3_FC70_293A52BBE934";"Inkomstencomponent";"Class";"EAPK_4F047F89_F482_48c9_810A_EC0B55B40AEE";"Sociaal Domein Generiek";"6 Sociaal Domein"
"EAID_7683FAC9_3F9C_4e21_8D02_5B9FDEBC7D1F";"Diagram Inkomsten";"EAID_1D176A0D_B1C8_BCD5_8439_293A705AA468";"Hobby";"Class";"EAPK_4F047F89_F482_48c9_810A_EC0B55B40AEE";"Sociaal Domein Generiek";"6 Sociaal Domein"
"EAID_7683FAC9_3F9C_4e21_8D02_5B9FDEBC7D1F";"Diagram Inkomsten";"EAID_1075821F_E399_53E2_3994_293A6EAD14DA";"Heffingskorting";"Class";"EAPK_4F047F89_F482_48c9_810A_EC0B55B40AEE";"Sociaal Domein Generiek";"6 Sociaal Domein"
"EAID_7683FAC9_3F9C_4e21_8D02_5B9FDEBC7D1F";"Diagram Inkomsten";"EAID_87acd5ea_3ed9_40d8_96b0_8c29ce9296da";"Eigen bijdrage";"Class";"EAPK_4F047F89_F482_48c9_810A_EC0B55B40AEE";"Sociaal Domein Generiek";"6 Sociaal Domein"
"EAID_7683FAC9_3F9C_4e21_8D02_5B9FDEBC7D1F";"Diagram Inkomsten";"EAID_1FB8E23E_DC06_2C59_6AED_293A6F67508F";"Eigen bedrijf";"Class";"EAPK_4F047F89_F482_48c9_810A_EC0B55B40AEE";"Sociaal Domein Generiek";"6 Sociaal Domein"
"EAID_7683FAC9_3F9C_4e21_8D02_5B9FDEBC7D1F";"Diagram Inkomsten";"EAID_0de9912b_3c6f_4d8a_b2b1_67de0c81ae16";"Draagkrachtregime";"Class";"EAPK_4F047F89_F482_48c9_810A_EC0B55B40AEE";"Sociaal Domein Generiek";"6 Sociaal Domein"
"EAID_7683FAC9_3F9C_4e21_8D02_5B9FDEBC7D1F";"Diagram Inkomsten";"EAID_9e03b696_a4f8_4486_a5d3_52483f259ed2";"Draagkracht";"Class";"EAPK_4F047F89_F482_48c9_810A_EC0B55B40AEE";"Sociaal Domein Generiek";"6 Sociaal Domein"
"EAID_7683FAC9_3F9C_4e21_8D02_5B9FDEBC7D1F";"Diagram Inkomsten";"EAID_2771AFDF_11F9_592A_1883_293A9241CBB3";"Dertiende maand - eindejaarsuitkering";"Class";"EAPK_4F047F89_F482_48c9_810A_EC0B55B40AEE";"Sociaal Domein Generiek";"6 Sociaal Domein"
"EAID_7683FAC9_3F9C_4e21_8D02_5B9FDEBC7D1F";"Diagram Inkomsten";"EAID_0624AE2E_52A2_7A26_ECA8_293A6E0F09FE";"Betaald werk";"Class";"EAPK_4F047F89_F482_48c9_810A_EC0B55B40AEE";"Sociaal Domein Generiek";"6 Sociaal Domein"
"EAID_7683FAC9_3F9C_4e21_8D02_5B9FDEBC7D1F";"Diagram Inkomsten";"EAID_95cf7a63_ea13_4ab8_965b_51cdbb68fc29";"Beslag op inkomen";"Class";"EAPK_4F047F89_F482_48c9_810A_EC0B55B40AEE";"Sociaal Domein Generiek";"6 Sociaal Domein"
"EAID_7683FAC9_3F9C_4e21_8D02_5B9FDEBC7D1F";"Diagram Inkomsten";"EAID_1A880B88_29D8_FB84_538B_293A707D1452";"Ander inkomen";"Class";"EAPK_4F047F89_F482_48c9_810A_EC0B55B40AEE";"Sociaal Domein Generiek";"6 Sociaal Domein"
"EAID_7683FAC9_3F9C_4e21_8D02_5B9FDEBC7D1F";"Diagram Inkomsten";"EAID_0CAB2134_E295_ADCD_A732_293A6ED5D9E0";"Alimentatie";"Class";"EAPK_4F047F89_F482_48c9_810A_EC0B55B40AEE";"Sociaal Domein Generiek";"6 Sociaal Domein"
"EAID_7683FAC9_3F9C_4e21_8D02_5B9FDEBC7D1F";"Diagram Inkomsten";"EAID_01CD1BE5_E952_7DA0_ABA1_2685FBDC10DA";"Onderhoudsverhouding";"Class";"EAPK_4F047F89_F482_48c9_810A_EC0B55B40AEE";"Sociaal Domein Generiek";"6 Sociaal Domein"
"EAID_6683520C_EE21_4038_A418_D4C957172DF2";"Diagram Inkoop Geen Inhuur";"EAID_170AF8F5_8952_407a_91C4_EAF910DE3304";"Inkooppakket";"Class";"EAPK_E593FB18_D458_4462_B5F2_0B37FA3AA722";"Inkoop";"9 Interne Organisatie"
"EAID_6683520C_EE21_4038_A418_D4C957172DF2";"Diagram Inkoop Geen Inhuur";"EAID_2C2791CB_EFCA_444f_A95E_F1EF6EE83594";"Inkooprol";"Enumeration";"EAPK_E593FB18_D458_4462_B5F2_0B37FA3AA722";"Inkoop";"9 Interne Organisatie"
"EAID_6683520C_EE21_4038_A418_D4C957172DF2";"Diagram Inkoop Geen Inhuur";"EAID_6A4CF470_3B0E_4141_9DB6_C9E8A525CB49";"CPV-code";"Class";"EAPK_E593FB18_D458_4462_B5F2_0B37FA3AA722";"Inkoop";"9 Interne Organisatie"
"EAID_6683520C_EE21_4038_A418_D4C957172DF2";"Diagram Inkoop Geen Inhuur";"EAID_B2BD6C5B_460E_4f2a_9B78_3E101DAD8D6B";"SelectietabelAanbesteding";"Class";"EAPK_E593FB18_D458_4462_B5F2_0B37FA3AA722";"Inkoop";"9 Interne Organisatie"
"EAID_6683520C_EE21_4038_A418_D4C957172DF2";"Diagram Inkoop Geen Inhuur";"EAID_B8B79BCE_8F87_46f7_BB15_288266799E56";"Aanbestedingsoort";"Enumeration";"EAPK_E593FB18_D458_4462_B5F2_0B37FA3AA722";"Inkoop";"9 Interne Organisatie"
"EAID_6683520C_EE21_4038_A418_D4C957172DF2";"Diagram Inkoop Geen Inhuur";"EAID_87322382_E60F_4d0e_93B0_6628D3CC964B";"Opdrachtcategorie";"Enumeration";"EAPK_E593FB18_D458_4462_B5F2_0B37FA3AA722";"Inkoop";"9 Interne Organisatie"
"EAID_6683520C_EE21_4038_A418_D4C957172DF2";"Diagram Inkoop Geen Inhuur";"EAID_5D6461E2_0D66_4039_BBF4_B413322EF194";"Opdrachtsoort";"Enumeration";"EAPK_E593FB18_D458_4462_B5F2_0B37FA3AA722";"Inkoop";"9 Interne Organisatie"
"EAID_6683520C_EE21_4038_A418_D4C957172DF2";"Diagram Inkoop Geen Inhuur";"EAID_5641C50A_C0FA_4e71_B07B_26C7B1CE94ED";"Document";"Class";"EAPK_E593FB18_D458_4462_B5F2_0B37FA3AA722";"Inkoop";"9 Interne Organisatie"
"EAID_6683520C_EE21_4038_A418_D4C957172DF2";"Diagram Inkoop Geen Inhuur";"EAID_BF21FFA3_3EA6_410a_BC65_7BE5547646B6";"Offerte";"Class";"EAPK_E593FB18_D458_4462_B5F2_0B37FA3AA722";"Inkoop";"9 Interne Organisatie"
"EAID_6683520C_EE21_4038_A418_D4C957172DF2";"Diagram Inkoop Geen Inhuur";"EAID_1EF1AC66_9563_4cdd_AE78_0878D651907A";"Offerteaanvraag";"Class";"EAPK_E593FB18_D458_4462_B5F2_0B37FA3AA722";"Inkoop";"9 Interne Organisatie"
"EAID_6683520C_EE21_4038_A418_D4C957172DF2";"Diagram Inkoop Geen Inhuur";"EAID_BB135B0E_A2C2_4681_BD91_30863F8B3D70";"Aankondiging";"Class";"EAPK_E593FB18_D458_4462_B5F2_0B37FA3AA722";"Inkoop";"9 Interne Organisatie"
"EAID_6683520C_EE21_4038_A418_D4C957172DF2";"Diagram Inkoop Geen Inhuur";"EAID_2902E8D6_FF16_45d6_A0A4_47E2857D2D19";"Inschrijving";"Class";"EAPK_E593FB18_D458_4462_B5F2_0B37FA3AA722";"Inkoop";"9 Interne Organisatie"
"EAID_6683520C_EE21_4038_A418_D4C957172DF2";"Diagram Inkoop Geen Inhuur";"EAID_AB2AED85_D2B0_45cf_9B1F_C6005E894494";"Kwalificatie";"Class";"EAPK_E593FB18_D458_4462_B5F2_0B37FA3AA722";"Inkoop";"9 Interne Organisatie"
"EAID_6683520C_EE21_4038_A418_D4C957172DF2";"Diagram Inkoop Geen Inhuur";"EAID_649EFD86_ED52_4293_8577_DBE5445845BF";"Zaak";"Class";"EAPK_E593FB18_D458_4462_B5F2_0B37FA3AA722";"Inkoop";"9 Interne Organisatie"
"EAID_6683520C_EE21_4038_A418_D4C957172DF2";"Diagram Inkoop Geen Inhuur";"EAID_7694A657_22D8_4b00_AAE2_A78EF014B43A";"StartformulierAanbesteden";"Class";"EAPK_E593FB18_D458_4462_B5F2_0B37FA3AA722";"Inkoop";"9 Interne Organisatie"
"EAID_6683520C_EE21_4038_A418_D4C957172DF2";"Diagram Inkoop Geen Inhuur";"EAID_44EC6082_2682_43c7_A52E_0AD05B06A046";"Aanbesteding";"Class";"EAPK_E593FB18_D458_4462_B5F2_0B37FA3AA722";"Inkoop";"9 Interne Organisatie"
"EAID_6683520C_EE21_4038_A418_D4C957172DF2";"Diagram Inkoop Geen Inhuur";"EAID_3FB9B466_D147_42d7_99D1_2D14A007D16C";"Gunning";"Class";"EAPK_E593FB18_D458_4462_B5F2_0B37FA3AA722";"Inkoop";"9 Interne Organisatie"
"EAID_6683520C_EE21_4038_A418_D4C957172DF2";"Diagram Inkoop Geen Inhuur";"EAID_9FBF9FB8_B28D_4733_8443_607B8498F446";"Contract";"Class";"EAPK_E593FB18_D458_4462_B5F2_0B37FA3AA722";"Inkoop";"9 Interne Organisatie"
"EAID_6683520C_EE21_4038_A418_D4C957172DF2";"Diagram Inkoop Geen Inhuur";"EAID_936A4E8B_3E5A_44b6_8A5D_EFB39F83FB6D";"OrganisatorischeEenheid";"Class";"EAPK_E593FB18_D458_4462_B5F2_0B37FA3AA722";"Inkoop";"9 Interne Organisatie"
"EAID_6683520C_EE21_4038_A418_D4C957172DF2";"Diagram Inkoop Geen Inhuur";"EAID_A91E9C27_C4FA_4e1b_A4FF_8AE74ED9B7EB";"Inkooporder";"Class";"EAPK_E593FB18_D458_4462_B5F2_0B37FA3AA722";"Inkoop";"9 Interne Organisatie"
"EAID_6683520C_EE21_4038_A418_D4C957172DF2";"Diagram Inkoop Geen Inhuur";"EAID_D90E822D_7EF8_4ea6_AF5C_4A4362577941";"Kostenplaats";"Class";"EAPK_E593FB18_D458_4462_B5F2_0B37FA3AA722";"Inkoop";"9 Interne Organisatie"
"EAID_6683520C_EE21_4038_A418_D4C957172DF2";"Diagram Inkoop Geen Inhuur";"EAID_16EB3936_03CB_4854_9CD8_9F0911EEA51B";"Medewerker";"Class";"EAPK_E593FB18_D458_4462_B5F2_0B37FA3AA722";"Inkoop";"9 Interne Organisatie"
"EAID_6683520C_EE21_4038_A418_D4C957172DF2";"Diagram Inkoop Geen Inhuur";"EAID_EA7FE08E_34F7_45d2_BE2E_E4E3B8333BF3";"Leverancier";"Class";"EAPK_E593FB18_D458_4462_B5F2_0B37FA3AA722";"Inkoop";"9 Interne Organisatie"
"EAID_1172FBF0_04B4_46c7_9FB5_F34730E060FB";"Diagram Inkoop Inhuur";"EAID_BB182A6F_6935_4702_ABEA_B96E32A40B02";"Uitnodiging";"Class";"EAPK_E593FB18_D458_4462_B5F2_0B37FA3AA722";"Inkoop";"9 Interne Organisatie"
"EAID_1172FBF0_04B4_46c7_9FB5_F34730E060FB";"Diagram Inkoop Inhuur";"EAID_9F4E12E4_B228_4931_AC83_1B1F60958A89";"NatuurlijkPersoon";"Class";"EAPK_E593FB18_D458_4462_B5F2_0B37FA3AA722";"Inkoop";"9 Interne Organisatie"
"EAID_1172FBF0_04B4_46c7_9FB5_F34730E060FB";"Diagram Inkoop Inhuur";"EAID_3FB9B466_D147_42d7_99D1_2D14A007D16C";"Gunning";"Class";"EAPK_E593FB18_D458_4462_B5F2_0B37FA3AA722";"Inkoop";"9 Interne Organisatie"
"EAID_1172FBF0_04B4_46c7_9FB5_F34730E060FB";"Diagram Inkoop Inhuur";"EAID_75B4E818_5ECD_45c5_98F9_66F57FC6117E";"Kandidaat";"Class";"EAPK_E593FB18_D458_4462_B5F2_0B37FA3AA722";"Inkoop";"9 Interne Organisatie"
"EAID_1172FBF0_04B4_46c7_9FB5_F34730E060FB";"Diagram Inkoop Inhuur";"EAID_6CA060D0_C5AC_4b50_8B64_00DCAEA7EF48";"Categorie";"Class";"EAPK_E593FB18_D458_4462_B5F2_0B37FA3AA722";"Inkoop";"9 Interne Organisatie"
"EAID_1172FBF0_04B4_46c7_9FB5_F34730E060FB";"Diagram Inkoop Inhuur";"EAID_01D90490_C76A_444a_BFCE_355AFC5FB012";"Aanbesteding Inhuur";"Class";"EAPK_E593FB18_D458_4462_B5F2_0B37FA3AA722";"Inkoop";"9 Interne Organisatie"
"EAID_1172FBF0_04B4_46c7_9FB5_F34730E060FB";"Diagram Inkoop Inhuur";"EAID_9FBF9FB8_B28D_4733_8443_607B8498F446";"Contract";"Class";"EAPK_E593FB18_D458_4462_B5F2_0B37FA3AA722";"Inkoop";"9 Interne Organisatie"
"EAID_1172FBF0_04B4_46c7_9FB5_F34730E060FB";"Diagram Inkoop Inhuur";"EAID_5641C50A_C0FA_4e71_B07B_26C7B1CE94ED";"Document";"Class";"EAPK_E593FB18_D458_4462_B5F2_0B37FA3AA722";"Inkoop";"9 Interne Organisatie"
"EAID_1172FBF0_04B4_46c7_9FB5_F34730E060FB";"Diagram Inkoop Inhuur";"EAID_936A4E8B_3E5A_44b6_8A5D_EFB39F83FB6D";"OrganisatorischeEenheid";"Class";"EAPK_E593FB18_D458_4462_B5F2_0B37FA3AA722";"Inkoop";"9 Interne Organisatie"
"EAID_1172FBF0_04B4_46c7_9FB5_F34730E060FB";"Diagram Inkoop Inhuur";"EAID_A91E9C27_C4FA_4e1b_A4FF_8AE74ED9B7EB";"Inkooporder";"Class";"EAPK_E593FB18_D458_4462_B5F2_0B37FA3AA722";"Inkoop";"9 Interne Organisatie"
"EAID_1172FBF0_04B4_46c7_9FB5_F34730E060FB";"Diagram Inkoop Inhuur";"EAID_D90E822D_7EF8_4ea6_AF5C_4A4362577941";"Kostenplaats";"Class";"EAPK_E593FB18_D458_4462_B5F2_0B37FA3AA722";"Inkoop";"9 Interne Organisatie"
"EAID_1172FBF0_04B4_46c7_9FB5_F34730E060FB";"Diagram Inkoop Inhuur";"EAID_16EB3936_03CB_4854_9CD8_9F0911EEA51B";"Medewerker";"Class";"EAPK_E593FB18_D458_4462_B5F2_0B37FA3AA722";"Inkoop";"9 Interne Organisatie"
"EAID_1172FBF0_04B4_46c7_9FB5_F34730E060FB";"Diagram Inkoop Inhuur";"EAID_EA7FE08E_34F7_45d2_BE2E_E4E3B8333BF3";"Leverancier";"Class";"EAPK_E593FB18_D458_4462_B5F2_0B37FA3AA722";"Inkoop";"9 Interne Organisatie"
"EAID_1172FBF0_04B4_46c7_9FB5_F34730E060FB";"Diagram Inkoop Inhuur";"EAID_B598FF22_CDD0_486f_B528_99421D0FA608";"FormulierInhuur";"Class";"EAPK_E593FB18_D458_4462_B5F2_0B37FA3AA722";"Inkoop";"9 Interne Organisatie"
"EAID_7429E175_1CBE_4336_BF92_6C5029395E69";"Diagram Monumenten";"EAID_32A22BC6_89EC_44af_8D7D_79B12311AE2D";"Nummeraanduiding";"Class";"EAPK_45B88627_6F44_4b6d_BE77_3EC51BBE679E";"Monumenten";"5 Sport, Cultuur en Recreatie"
"EAID_7429E175_1CBE_4336_BF92_6C5029395E69";"Diagram Monumenten";"EAID_BFE30E32_8CB9_4272_A559_9FB3FD74DACC";"OpenbareRuimte";"Class";"EAPK_45B88627_6F44_4b6d_BE77_3EC51BBE679E";"Monumenten";"5 Sport, Cultuur en Recreatie"
"EAID_7429E175_1CBE_4336_BF92_6C5029395E69";"Diagram Monumenten";"EAID_8A04280B_E0B4_4e36_B448_C99750393D0D";"AdresseerbaarObject";"Class";"EAPK_45B88627_6F44_4b6d_BE77_3EC51BBE679E";"Monumenten";"5 Sport, Cultuur en Recreatie"
"EAID_7429E175_1CBE_4336_BF92_6C5029395E69";"Diagram Monumenten";"EAID_32C02923_EE3A_4553_B94B_31E0C273A829";"Beschermde Status";"Class";"EAPK_45B88627_6F44_4b6d_BE77_3EC51BBE679E";"Monumenten";"5 Sport, Cultuur en Recreatie"
"EAID_7429E175_1CBE_4336_BF92_6C5029395E69";"Diagram Monumenten";"EAID_9775E778_DBF8_4122_94CE_551466B62F46";"KadastraleOnroerendeZaak";"Class";"EAPK_45B88627_6F44_4b6d_BE77_3EC51BBE679E";"Monumenten";"5 Sport, Cultuur en Recreatie"
"EAID_58EA4966_DBC2_4359_94C4_ABC774DBE5E2";"Diagram Monumenten Detail";"EAID_5641C50A_C0FA_4e71_B07B_26C7B1CE94ED";"Document";"Class";"EAPK_45B88627_6F44_4b6d_BE77_3EC51BBE679E";"Monumenten";"5 Sport, Cultuur en Recreatie"
"EAID_58EA4966_DBC2_4359_94C4_ABC774DBE5E2";"Diagram Monumenten Detail";"EAID_7FE4B466_B051_4068_9ED1_6E60C3B2DBAD";"Foto";"Class";"EAPK_45B88627_6F44_4b6d_BE77_3EC51BBE679E";"Monumenten";"5 Sport, Cultuur en Recreatie"
"EAID_58EA4966_DBC2_4359_94C4_ABC774DBE5E2";"Diagram Monumenten Detail";"EAID_4AD539EC_A308_43da_B025_17A1647303F3";"Bouwactiviteit";"Class";"EAPK_45B88627_6F44_4b6d_BE77_3EC51BBE679E";"Monumenten";"5 Sport, Cultuur en Recreatie"
"EAID_58EA4966_DBC2_4359_94C4_ABC774DBE5E2";"Diagram Monumenten Detail";"EAID_54944273_F312_44b2_A78D_43488F915429";"Ambacht";"Class";"EAPK_45B88627_6F44_4b6d_BE77_3EC51BBE679E";"Monumenten";"5 Sport, Cultuur en Recreatie"
"EAID_58EA4966_DBC2_4359_94C4_ABC774DBE5E2";"Diagram Monumenten Detail";"EAID_5E9DAFBB_C9B5_4706_A43D_07AD4979DED4";"Bouwtype";"Class";"EAPK_45B88627_6F44_4b6d_BE77_3EC51BBE679E";"Monumenten";"5 Sport, Cultuur en Recreatie"
"EAID_58EA4966_DBC2_4359_94C4_ABC774DBE5E2";"Diagram Monumenten Detail";"EAID_8C0888C9_7B2E_4fcb_AEFF_E1733875CDCA";"Bouwstijl";"Class";"EAPK_45B88627_6F44_4b6d_BE77_3EC51BBE679E";"Monumenten";"5 Sport, Cultuur en Recreatie"
"EAID_58EA4966_DBC2_4359_94C4_ABC774DBE5E2";"Diagram Monumenten Detail";"EAID_49993EF9_ED8B_49e0_B8F7_FC7C8C28669D";"OorspronkelijkeFunctie";"Class";"EAPK_45B88627_6F44_4b6d_BE77_3EC51BBE679E";"Monumenten";"5 Sport, Cultuur en Recreatie"
"EAID_58EA4966_DBC2_4359_94C4_ABC774DBE5E2";"Diagram Monumenten Detail";"EAID_5C808AC9_CB09_4f4d_813E_821829856BA8";"TypeMonument";"Enumeration";"EAPK_45B88627_6F44_4b6d_BE77_3EC51BBE679E";"Monumenten";"5 Sport, Cultuur en Recreatie"
"EAID_58EA4966_DBC2_4359_94C4_ABC774DBE5E2";"Diagram Monumenten Detail";"EAID_32C02923_EE3A_4553_B94B_31E0C273A829";"Beschermde Status";"Class";"EAPK_45B88627_6F44_4b6d_BE77_3EC51BBE679E";"Monumenten";"5 Sport, Cultuur en Recreatie"
"EAID_60B49988_60E9_4fa6_A70B_990FA6C64BC2";"Diagram Profiel";"EAID_e0a328b0_21ff_469d_912e_63465279b5a1";"Primair inkomstencomponent";"Class";"EAPK_4F047F89_F482_48c9_810A_EC0B55B40AEE";"Sociaal Domein Generiek";"6 Sociaal Domein"
"EAID_60B49988_60E9_4fa6_A70B_990FA6C64BC2";"Diagram Profiel";"EAID_0463EA7D_FFD9_AD19_0405_294621AE933F";"Inkomstenverhouding";"Class";"EAPK_4F047F89_F482_48c9_810A_EC0B55B40AEE";"Sociaal Domein Generiek";"6 Sociaal Domein"
"EAID_60B49988_60E9_4fa6_A70B_990FA6C64BC2";"Diagram Profiel";"EAID_03EFE25A_4FE5_1447_088D_262C4A161776";"Bankrekening";"Class";"EAPK_4F047F89_F482_48c9_810A_EC0B55B40AEE";"Sociaal Domein Generiek";"6 Sociaal Domein"
"EAID_60B49988_60E9_4fa6_A70B_990FA6C64BC2";"Diagram Profiel";"EAID_08000E15_8AA2_AE9A_89F0_262C7C061238";"Vermogenscomponent";"Class";"EAPK_4F047F89_F482_48c9_810A_EC0B55B40AEE";"Sociaal Domein Generiek";"6 Sociaal Domein"
"EAID_60B49988_60E9_4fa6_A70B_990FA6C64BC2";"Diagram Profiel";"EAID_D8F2EAAD_7C80_4164_8171_C632F18A6742";"Profiel";"Class";"EAPK_4F047F89_F482_48c9_810A_EC0B55B40AEE";"Sociaal Domein Generiek";"6 Sociaal Domein"
"EAID_60B49988_60E9_4fa6_A70B_990FA6C64BC2";"Diagram Profiel";"EAID_DAF09055_A5A6_4ff4_A158_21B20567B296";"Client";"Class";"EAPK_4F047F89_F482_48c9_810A_EC0B55B40AEE";"Sociaal Domein Generiek";"6 Sociaal Domein"
"EAID_108224FC_E160_417a_AFC5_68A484B3B8AE";"Diagram Raadsstukken";"EAID_475E24C9_CC9A_49cc_AB80_8CA0221441E5";"Dossier";"Class";"EAPK_462ADAB3_19AB_405b_9BB5_0951DA70BFA0";"Griffie";"0 Bestuur, Politiek en Ondersteuning"
"EAID_108224FC_E160_417a_AFC5_68A484B3B8AE";"Diagram Raadsstukken";"EAID_01E83CEC_D69D_47eb_9BAB_252AABADDD18";"Taakveld";"Class";"EAPK_462ADAB3_19AB_405b_9BB5_0951DA70BFA0";"Griffie";"0 Bestuur, Politiek en Ondersteuning"
"EAID_108224FC_E160_417a_AFC5_68A484B3B8AE";"Diagram Raadsstukken";"EAID_CA56A59A_F855_4c19_89BE_578B12481EA0";"Programma";"Class";"EAPK_462ADAB3_19AB_405b_9BB5_0951DA70BFA0";"Griffie";"0 Bestuur, Politiek en Ondersteuning"
"EAID_108224FC_E160_417a_AFC5_68A484B3B8AE";"Diagram Raadsstukken";"EAID_B9B82B25_5D7F_4d2b_84F9_4DF74525EEAD";"Categorie";"Class";"EAPK_462ADAB3_19AB_405b_9BB5_0951DA70BFA0";"Griffie";"0 Bestuur, Politiek en Ondersteuning"
"EAID_108224FC_E160_417a_AFC5_68A484B3B8AE";"Diagram Raadsstukken";"EAID_440219A4_C64B_4eac_ADE5_E79ED6AA9BFE";"Raadsstuk";"Class";"EAPK_462ADAB3_19AB_405b_9BB5_0951DA70BFA0";"Griffie";"0 Bestuur, Politiek en Ondersteuning"
"EAID_25BCAA7D_6255_4f3a_8408_DF91881FE29F";"Diagram Sportbeleid";"EAID_BADEA7EB_6D8A_4897_8652_562D161CB303";"Proxyconnector";"Class";"EAPK_02364A0F_CCFA_46ba_BB30_BFCAB446F602";"Sport";"5 Sport, Cultuur en Recreatie"
"EAID_25BCAA7D_6255_4f3a_8408_DF91881FE29F";"Diagram Sportbeleid";"EAID_0C8A7D1C_78AB_4041_B809_4E623B151AF8";"Proxyconnector";"Class";"EAPK_02364A0F_CCFA_46ba_BB30_BFCAB446F602";"Sport";"5 Sport, Cultuur en Recreatie"
"EAID_25BCAA7D_6255_4f3a_8408_DF91881FE29F";"Diagram Sportbeleid";"EAID_BE5E10D0_FD83_4b0a_B5D2_4A7EE6B9C53B";"Sportlocatie";"Class";"EAPK_02364A0F_CCFA_46ba_BB30_BFCAB446F602";"Sport";"5 Sport, Cultuur en Recreatie"
"EAID_25BCAA7D_6255_4f3a_8408_DF91881FE29F";"Diagram Sportbeleid";"EAID_B20318D0_EB2F_4ba1_B2BE_2BDDD4846143";"Proxyconnector";"Class";"EAPK_02364A0F_CCFA_46ba_BB30_BFCAB446F602";"Sport";"5 Sport, Cultuur en Recreatie"
"EAID_25BCAA7D_6255_4f3a_8408_DF91881FE29F";"Diagram Sportbeleid";"EAID_D41DFD6D_FEF0_4180_8ED2_9A95418AA939";"Proxyconnector";"Class";"EAPK_02364A0F_CCFA_46ba_BB30_BFCAB446F602";"Sport";"5 Sport, Cultuur en Recreatie"
"EAID_25BCAA7D_6255_4f3a_8408_DF91881FE29F";"Diagram Sportbeleid";"EAID_32DFC5DD_79D9_45d5_8F9D_7D5125961817";"School";"Class";"EAPK_02364A0F_CCFA_46ba_BB30_BFCAB446F602";"Sport";"5 Sport, Cultuur en Recreatie"
"EAID_25BCAA7D_6255_4f3a_8408_DF91881FE29F";"Diagram Sportbeleid";"EAID_5B64A5F8_64B5_4d1b_BEDD_486ED2C2C493";"Sportmateriaal";"Class";"EAPK_02364A0F_CCFA_46ba_BB30_BFCAB446F602";"Sport";"5 Sport, Cultuur en Recreatie"
"EAID_25BCAA7D_6255_4f3a_8408_DF91881FE29F";"Diagram Sportbeleid";"EAID_9E01AD8B_D856_4a58_9CE1_06C70F628350";"Belijning";"Class";"EAPK_02364A0F_CCFA_46ba_BB30_BFCAB446F602";"Sport";"5 Sport, Cultuur en Recreatie"
"EAID_25BCAA7D_6255_4f3a_8408_DF91881FE29F";"Diagram Sportbeleid";"EAID_3D5CCB29_91E4_458e_8BCD_6741198E45B8";"NietNatuurlijkPersoon";"Class";"EAPK_02364A0F_CCFA_46ba_BB30_BFCAB446F602";"Sport";"5 Sport, Cultuur en Recreatie"
"EAID_25BCAA7D_6255_4f3a_8408_DF91881FE29F";"Diagram Sportbeleid";"EAID_D1889096_CC76_48a8_A9DF_8151FFF1E0AC";"Veld";"Class";"EAPK_02364A0F_CCFA_46ba_BB30_BFCAB446F602";"Sport";"5 Sport, Cultuur en Recreatie"
"EAID_25BCAA7D_6255_4f3a_8408_DF91881FE29F";"Diagram Sportbeleid";"EAID_852AD372_B353_49c2_A4E7_F87D8AA96AD7";"Sportvereniging";"Class";"EAPK_02364A0F_CCFA_46ba_BB30_BFCAB446F602";"Sport";"5 Sport, Cultuur en Recreatie"
"EAID_25BCAA7D_6255_4f3a_8408_DF91881FE29F";"Diagram Sportbeleid";"EAID_FE1A2EF2_44FA_46fa_A583_7BAB858E17FD";"Sportpark";"Class";"EAPK_02364A0F_CCFA_46ba_BB30_BFCAB446F602";"Sport";"5 Sport, Cultuur en Recreatie"
"EAID_25BCAA7D_6255_4f3a_8408_DF91881FE29F";"Diagram Sportbeleid";"EAID_6508657D_7C3F_4261_B647_5D3B077A20F9";"Binnenlocatie";"Class";"EAPK_02364A0F_CCFA_46ba_BB30_BFCAB446F602";"Sport";"5 Sport, Cultuur en Recreatie"
"EAID_BA23F316_FE48_49a8_A26D_9B1D14713F76";"Diagram Sportbeleid Locaties";"EAID_461EFCF0_E65E_4c7c_B44D_8F36C36FDCE4";"Verblijfsobject";"Class";"EAPK_02364A0F_CCFA_46ba_BB30_BFCAB446F602";"Sport";"5 Sport, Cultuur en Recreatie"
"EAID_BA23F316_FE48_49a8_A26D_9B1D14713F76";"Diagram Sportbeleid Locaties";"EAID_120EA50B_B9A2_4869_A3BE_46931F631D33";"Wijk";"Class";"EAPK_02364A0F_CCFA_46ba_BB30_BFCAB446F602";"Sport";"5 Sport, Cultuur en Recreatie"
"EAID_BA23F316_FE48_49a8_A26D_9B1D14713F76";"Diagram Sportbeleid Locaties";"EAID_CFA3D54E_C8E0_4559_9475_29D31AF2DECD";"OverigBenoemdTerrein";"Class";"EAPK_02364A0F_CCFA_46ba_BB30_BFCAB446F602";"Sport";"5 Sport, Cultuur en Recreatie"
"EAID_BA23F316_FE48_49a8_A26D_9B1D14713F76";"Diagram Sportbeleid Locaties";"EAID_BE5E10D0_FD83_4b0a_B5D2_4A7EE6B9C53B";"Sportlocatie";"Class";"EAPK_02364A0F_CCFA_46ba_BB30_BFCAB446F602";"Sport";"5 Sport, Cultuur en Recreatie"
"EAID_BA23F316_FE48_49a8_A26D_9B1D14713F76";"Diagram Sportbeleid Locaties";"EAID_5641C50A_C0FA_4e71_B07B_26C7B1CE94ED";"Document";"Class";"EAPK_02364A0F_CCFA_46ba_BB30_BFCAB446F602";"Sport";"5 Sport, Cultuur en Recreatie"
"EAID_BA23F316_FE48_49a8_A26D_9B1D14713F76";"Diagram Sportbeleid Locaties";"EAID_D1889096_CC76_48a8_A9DF_8151FFF1E0AC";"Veld";"Class";"EAPK_02364A0F_CCFA_46ba_BB30_BFCAB446F602";"Sport";"5 Sport, Cultuur en Recreatie"
"EAID_BA23F316_FE48_49a8_A26D_9B1D14713F76";"Diagram Sportbeleid Locaties";"EAID_FE1A2EF2_44FA_46fa_A583_7BAB858E17FD";"Sportpark";"Class";"EAPK_02364A0F_CCFA_46ba_BB30_BFCAB446F602";"Sport";"5 Sport, Cultuur en Recreatie"
"EAID_BA23F316_FE48_49a8_A26D_9B1D14713F76";"Diagram Sportbeleid Locaties";"EAID_6508657D_7C3F_4261_B647_5D3B077A20F9";"Binnenlocatie";"Class";"EAPK_02364A0F_CCFA_46ba_BB30_BFCAB446F602";"Sport";"5 Sport, Cultuur en Recreatie"
"EAID_CE436DEE_AB15_4f23_B191_FA8A63FB488D";"Diagram Terug- en invordering";"EAID_14116EEA_C461_0DB2_97AB_263C0A4777FC";"Vordering";"Class";"EAPK_1AF9ED18_888E_945B_4A20_263C09D54D4C";"Terug- en invordering";"6 Sociaal Domein"
"EAID_CE436DEE_AB15_4f23_B191_FA8A63FB488D";"Diagram Terug- en invordering";"EAID_11F2FF40_D317_92C3_C4DB_2931225D4B40";"Verwijtbare vordering";"Class";"EAPK_1AF9ED18_888E_945B_4A20_263C09D54D4C";"Terug- en invordering";"6 Sociaal Domein"
"EAID_CE436DEE_AB15_4f23_B191_FA8A63FB488D";"Diagram Terug- en invordering";"EAID_1EA8771B_DB7F_17D8_8AB8_26A1BD8F6A56";"Verrekening";"Class";"EAPK_1AF9ED18_888E_945B_4A20_263C09D54D4C";"Terug- en invordering";"6 Sociaal Domein"
"EAID_CE436DEE_AB15_4f23_B191_FA8A63FB488D";"Diagram Terug- en invordering";"EAID_1A6E0A2E_9431_0F7A_1EAA_263C1D239DF6";"Vermindering terugvordering";"Class";"EAPK_1AF9ED18_888E_945B_4A20_263C09D54D4C";"Terug- en invordering";"6 Sociaal Domein"
"EAID_CE436DEE_AB15_4f23_B191_FA8A63FB488D";"Diagram Terug- en invordering";"EAID_74e47f85_a936_43c0_8ef2_1605bdb5efed";"Uitstel aflossing";"Class";"EAPK_1AF9ED18_888E_945B_4A20_263C09D54D4C";"Terug- en invordering";"6 Sociaal Domein"
"EAID_CE436DEE_AB15_4f23_B191_FA8A63FB488D";"Diagram Terug- en invordering";"EAID_101157F7_7852_102E_7547_2698B55B6FF8";"Terugvorderingsverzoek";"Class";"EAPK_1AF9ED18_888E_945B_4A20_263C09D54D4C";"Terug- en invordering";"6 Sociaal Domein"
"EAID_CE436DEE_AB15_4f23_B191_FA8A63FB488D";"Diagram Terug- en invordering";"EAID_167B47ED_CED1_0A51_0DFD_2698932A9076";"Restitutie";"Class";"EAPK_1AF9ED18_888E_945B_4A20_263C09D54D4C";"Terug- en invordering";"6 Sociaal Domein"
"EAID_CE436DEE_AB15_4f23_B191_FA8A63FB488D";"Diagram Terug- en invordering";"EAID_170B4422_37F6_8893_2627_293122D74F28";"Rentevordering";"Class";"EAPK_1AF9ED18_888E_945B_4A20_263C09D54D4C";"Terug- en invordering";"6 Sociaal Domein"
"EAID_CE436DEE_AB15_4f23_B191_FA8A63FB488D";"Diagram Terug- en invordering";"EAID_0DF4970C_7D69_27D9_7976_263C0A6C41DC";"Rechtmaand";"Class";"EAPK_1AF9ED18_888E_945B_4A20_263C09D54D4C";"Terug- en invordering";"6 Sociaal Domein"
"EAID_CE436DEE_AB15_4f23_B191_FA8A63FB488D";"Diagram Terug- en invordering";"EAID_1a6b9a31_c4c7_4b46_92ef_0dd7e31613ed";"Loonbeslagafspraak";"Class";"EAPK_1AF9ED18_888E_945B_4A20_263C09D54D4C";"Terug- en invordering";"6 Sociaal Domein"
"EAID_CE436DEE_AB15_4f23_B191_FA8A63FB488D";"Diagram Terug- en invordering";"EAID_ed7f7a0f_bef9_4532_94ad_f36418629141";"Leenbijstandvordering";"Class";"EAPK_1AF9ED18_888E_945B_4A20_263C09D54D4C";"Terug- en invordering";"6 Sociaal Domein"
"EAID_CE436DEE_AB15_4f23_B191_FA8A63FB488D";"Diagram Terug- en invordering";"EAID_18090A2C_CED1_0A51_0DFD_294370D99076";"Leenbijstand";"Class";"EAPK_1AF9ED18_888E_945B_4A20_263C09D54D4C";"Terug- en invordering";"6 Sociaal Domein"
"EAID_CE436DEE_AB15_4f23_B191_FA8A63FB488D";"Diagram Terug- en invordering";"EAID_1127D07A_473D_2912_29AE_2ABDF0E8A586";"Kwijtschelding";"Class";"EAPK_1AF9ED18_888E_945B_4A20_263C09D54D4C";"Terug- en invordering";"6 Sociaal Domein"
"EAID_CE436DEE_AB15_4f23_B191_FA8A63FB488D";"Diagram Terug- en invordering";"EAID_0238113B_1577_D45C_C5E9_293122B2568D";"Krediethypotheekvordering";"Class";"EAPK_1AF9ED18_888E_945B_4A20_263C09D54D4C";"Terug- en invordering";"6 Sociaal Domein"
"EAID_CE436DEE_AB15_4f23_B191_FA8A63FB488D";"Diagram Terug- en invordering";"EAID_d3335b08_9b4b_4e55_b507_0e1d481f1409";"Krediethypotheek";"Class";"EAPK_1AF9ED18_888E_945B_4A20_263C09D54D4C";"Terug- en invordering";"6 Sociaal Domein"
"EAID_CE436DEE_AB15_4f23_B191_FA8A63FB488D";"Diagram Terug- en invordering";"EAID_0A9D7FDF_4271_2DBE_58D2_28F9CE6C00A4";"Invorderingsbasis";"Class";"EAPK_1AF9ED18_888E_945B_4A20_263C09D54D4C";"Terug- en invordering";"6 Sociaal Domein"
"EAID_CE436DEE_AB15_4f23_B191_FA8A63FB488D";"Diagram Terug- en invordering";"EAID_0897E8F8_77FF_DE35_D40E_28FC069F6910";"Interventieverzoek";"Class";"EAPK_1AF9ED18_888E_945B_4A20_263C09D54D4C";"Terug- en invordering";"6 Sociaal Domein"
"EAID_CE436DEE_AB15_4f23_B191_FA8A63FB488D";"Diagram Terug- en invordering";"EAID_1BCE2533_656D_D59B_6ECD_28FC06D8D601";"Interventie";"Class";"EAPK_1AF9ED18_888E_945B_4A20_263C09D54D4C";"Terug- en invordering";"6 Sociaal Domein"
"EAID_CE436DEE_AB15_4f23_B191_FA8A63FB488D";"Diagram Terug- en invordering";"EAID_a19a36c3_66e1_44c2_b674_6f3a3d98c5ea";"Incassokostenvordering";"Class";"EAPK_1AF9ED18_888E_945B_4A20_263C09D54D4C";"Terug- en invordering";"6 Sociaal Domein"
"EAID_CE436DEE_AB15_4f23_B191_FA8A63FB488D";"Diagram Terug- en invordering";"EAID_107E216A_17F2_DFCA_EAFE_263C7FFC912E";"Debiteur";"Class";"EAPK_1AF9ED18_888E_945B_4A20_263C09D54D4C";"Terug- en invordering";"6 Sociaal Domein"
"EAID_CE436DEE_AB15_4f23_B191_FA8A63FB488D";"Diagram Terug- en invordering";"EAID_1B73F18A_888E_945B_4A20_26E8FA774D4C";"Correctie";"Class";"EAPK_1AF9ED18_888E_945B_4A20_263C09D54D4C";"Terug- en invordering";"6 Sociaal Domein"
"EAID_CE436DEE_AB15_4f23_B191_FA8A63FB488D";"Diagram Terug- en invordering";"EAID_1CE90960_888E_945B_4A20_28F9C71E4D4C";"Conservatoir beslag";"Class";"EAPK_1AF9ED18_888E_945B_4A20_263C09D54D4C";"Terug- en invordering";"6 Sociaal Domein"
"EAID_CE436DEE_AB15_4f23_B191_FA8A63FB488D";"Diagram Terug- en invordering";"EAID_173D0C11_3C5E_8344_BE5E_293122950DAC";"Boetevordering";"Class";"EAPK_1AF9ED18_888E_945B_4A20_263C09D54D4C";"Terug- en invordering";"6 Sociaal Domein"
"EAID_CE436DEE_AB15_4f23_B191_FA8A63FB488D";"Diagram Terug- en invordering";"EAID_1D10018E_888E_945B_4A20_293102BE4D4C";"Betaalcomponent";"Class";"EAPK_1AF9ED18_888E_945B_4A20_263C09D54D4C";"Terug- en invordering";"6 Sociaal Domein"
"EAID_CE436DEE_AB15_4f23_B191_FA8A63FB488D";"Diagram Terug- en invordering";"EAID_c0026057_03ab_4e5b_a021_aa9175c4078c";"Afschrijving";"Class";"EAPK_1AF9ED18_888E_945B_4A20_263C09D54D4C";"Terug- en invordering";"6 Sociaal Domein"
"EAID_CE436DEE_AB15_4f23_B191_FA8A63FB488D";"Diagram Terug- en invordering";"EAID_234EB82E_9EC6_5904_2634_263C0A957ADF";"Aflossingsplan";"Class";"EAPK_1AF9ED18_888E_945B_4A20_263C09D54D4C";"Terug- en invordering";"6 Sociaal Domein"
"EAID_CE436DEE_AB15_4f23_B191_FA8A63FB488D";"Diagram Terug- en invordering";"EAID_0F06241B_EBEF_4053_33E4_263C236F76FC";"Aflossingsafspraak";"Class";"EAPK_1AF9ED18_888E_945B_4A20_263C09D54D4C";"Terug- en invordering";"6 Sociaal Domein"
"EAID_CE436DEE_AB15_4f23_B191_FA8A63FB488D";"Diagram Terug- en invordering";"EAID_196161F4_8372_6334_AF08_263C236F7A38";"Aflossing";"Class";"EAPK_1AF9ED18_888E_945B_4A20_263C09D54D4C";"Terug- en invordering";"6 Sociaal Domein"
"EAID_CE436DEE_AB15_4f23_B191_FA8A63FB488D";"Diagram Terug- en invordering";"EAID_1A979E6B_841E_392B_952F_29311D13BF9F";"Vorderingscomponent";"Class";"EAPK_1AF9ED18_888E_945B_4A20_263C09D54D4C";"Terug- en invordering";"6 Sociaal Domein"
"EAID_BB52C835_0B2D_4164_AC9D_9D6EDBD7E267";"Diagram Vergunningen en Meldingen";"EAID_E2B83F97_FDFD_4876_9E66_23D79D4A4C03";"Vorderingregel";"Class";"EAPK_0A4C6DE8_608E_4626_A40E_0C432A5B0F9C";"1 Veiligheid en Vergunningen";"1 Veiligheid en Vergunningen"
"EAID_BB52C835_0B2D_4164_AC9D_9D6EDBD7E267";"Diagram Vergunningen en Meldingen";"EAID_341942C1_0F72_4e13_ADD1_235805BB81C0";"Vordering";"Class";"EAPK_0A4C6DE8_608E_4626_A40E_0C432A5B0F9C";"1 Veiligheid en Vergunningen";"1 Veiligheid en Vergunningen"
"EAID_BB52C835_0B2D_4164_AC9D_9D6EDBD7E267";"Diagram Vergunningen en Meldingen";"EAID_EAC249B9_13F7_472b_A971_05ED32006F04";"VTHAanvraagOfMelding";"Class";"EAPK_0A4C6DE8_608E_4626_A40E_0C432A5B0F9C";"1 Veiligheid en Vergunningen";"1 Veiligheid en Vergunningen"
"EAID_BB52C835_0B2D_4164_AC9D_9D6EDBD7E267";"Diagram Vergunningen en Meldingen";"EAID_ED0D0224_0A30_435b_AB25_87FDA8DF4078";"Bevinding";"Class";"EAPK_0A4C6DE8_608E_4626_A40E_0C432A5B0F9C";"1 Veiligheid en Vergunningen";"1 Veiligheid en Vergunningen"
"EAID_BB52C835_0B2D_4164_AC9D_9D6EDBD7E267";"Diagram Vergunningen en Meldingen";"EAID_AA496B7B_913C_40fd_943E_52F1A6E89440";"Statustype";"Class";"EAPK_0A4C6DE8_608E_4626_A40E_0C432A5B0F9C";"1 Veiligheid en Vergunningen";"1 Veiligheid en Vergunningen"
"EAID_BB52C835_0B2D_4164_AC9D_9D6EDBD7E267";"Diagram Vergunningen en Meldingen";"EAID_F73901FC_A78E_486f_B6C6_74CFCBE26CAB";"Inspectie";"Class";"EAPK_0A4C6DE8_608E_4626_A40E_0C432A5B0F9C";"1 Veiligheid en Vergunningen";"1 Veiligheid en Vergunningen"
"EAID_BB52C835_0B2D_4164_AC9D_9D6EDBD7E267";"Diagram Vergunningen en Meldingen";"EAID_7C975D37_670B_405e_B825_924BCAFA74C7";"Status";"Class";"EAPK_0A4C6DE8_608E_4626_A40E_0C432A5B0F9C";"1 Veiligheid en Vergunningen";"1 Veiligheid en Vergunningen"
"EAID_BB52C835_0B2D_4164_AC9D_9D6EDBD7E267";"Diagram Vergunningen en Meldingen";"EAID_88AF7A2E_C508_464a_AD22_DD9B156D570D";"VTHzaak";"Class";"EAPK_0A4C6DE8_608E_4626_A40E_0C432A5B0F9C";"1 Veiligheid en Vergunningen";"1 Veiligheid en Vergunningen"
"EAID_BB52C835_0B2D_4164_AC9D_9D6EDBD7E267";"Diagram Vergunningen en Meldingen";"EAID_44B26957_BAA4_41c2_ABBF_CC1AC91D30D6";"VOMAanvraagOfMelding";"Class";"EAPK_0A4C6DE8_608E_4626_A40E_0C432A5B0F9C";"1 Veiligheid en Vergunningen";"1 Veiligheid en Vergunningen"
"EAID_BB52C835_0B2D_4164_AC9D_9D6EDBD7E267";"Diagram Vergunningen en Meldingen";"EAID_356C8F59_3721_46d0_BCD0_C17B0130035C";"Heffingsoort";"Enumeration";"EAPK_0A4C6DE8_608E_4626_A40E_0C432A5B0F9C";"1 Veiligheid en Vergunningen";"1 Veiligheid en Vergunningen"
"EAID_BB52C835_0B2D_4164_AC9D_9D6EDBD7E267";"Diagram Vergunningen en Meldingen";"EAID_16EB3936_03CB_4854_9CD8_9F0911EEA51B";"Medewerker";"Class";"EAPK_0A4C6DE8_608E_4626_A40E_0C432A5B0F9C";"1 Veiligheid en Vergunningen";"1 Veiligheid en Vergunningen"
"EAID_BB52C835_0B2D_4164_AC9D_9D6EDBD7E267";"Diagram Vergunningen en Meldingen";"EAID_AFB100D2_8C68_4488_8949_13E945D15920";"Besluit";"Class";"EAPK_0A4C6DE8_608E_4626_A40E_0C432A5B0F9C";"1 Veiligheid en Vergunningen";"1 Veiligheid en Vergunningen"
"EAID_BB52C835_0B2D_4164_AC9D_9D6EDBD7E267";"Diagram Vergunningen en Meldingen";"EAID_5641C50A_C0FA_4e71_B07B_26C7B1CE94ED";"Document";"Class";"EAPK_0A4C6DE8_608E_4626_A40E_0C432A5B0F9C";"1 Veiligheid en Vergunningen";"1 Veiligheid en Vergunningen"
"EAID_BB52C835_0B2D_4164_AC9D_9D6EDBD7E267";"Diagram Vergunningen en Meldingen";"EAID_9DF5AC43_3673_4b9a_BB5E_6DCA7BE28835";"Rechtspersoon";"Class";"EAPK_0A4C6DE8_608E_4626_A40E_0C432A5B0F9C";"1 Veiligheid en Vergunningen";"1 Veiligheid en Vergunningen"
"EAID_BB52C835_0B2D_4164_AC9D_9D6EDBD7E267";"Diagram Vergunningen en Meldingen";"EAID_3D2D5426_653C_485c_A99C_8AD933E76D78";"Heffinggrondslag";"Class";"EAPK_0A4C6DE8_608E_4626_A40E_0C432A5B0F9C";"1 Veiligheid en Vergunningen";"1 Veiligheid en Vergunningen"
"EAID_BB52C835_0B2D_4164_AC9D_9D6EDBD7E267";"Diagram Vergunningen en Meldingen";"EAID_E9AD325A_49CF_48a6_AA9E_7FB57E03E414";"Indiener";"Class";"EAPK_0A4C6DE8_608E_4626_A40E_0C432A5B0F9C";"1 Veiligheid en Vergunningen";"1 Veiligheid en Vergunningen"
"EAID_BB52C835_0B2D_4164_AC9D_9D6EDBD7E267";"Diagram Vergunningen en Meldingen";"EAID_C29CCD49_04E2_44b4_A6B0_AD8B10552628";"Heffingsverordening";"Class";"EAPK_0A4C6DE8_608E_4626_A40E_0C432A5B0F9C";"1 Veiligheid en Vergunningen";"1 Veiligheid en Vergunningen"
"EAID_BB52C835_0B2D_4164_AC9D_9D6EDBD7E267";"Diagram Vergunningen en Meldingen";"EAID_B3371695_97AD_49d2_9AF1_15591B422007";"Heffing";"Class";"EAPK_0A4C6DE8_608E_4626_A40E_0C432A5B0F9C";"1 Veiligheid en Vergunningen";"1 Veiligheid en Vergunningen"
"EAID_BB52C835_0B2D_4164_AC9D_9D6EDBD7E267";"Diagram Vergunningen en Meldingen";"EAID_16FB8171_A9ED_4027_A663_C035509501C8";"Betrokkene";"Class";"EAPK_0A4C6DE8_608E_4626_A40E_0C432A5B0F9C";"1 Veiligheid en Vergunningen";"1 Veiligheid en Vergunningen"
"EAID_BB52C835_0B2D_4164_AC9D_9D6EDBD7E267";"Diagram Vergunningen en Meldingen";"EAID_7210A379_17EE_4143_A106_ECD9414B2A0D";"Zaaktype";"Class";"EAPK_0A4C6DE8_608E_4626_A40E_0C432A5B0F9C";"1 Veiligheid en Vergunningen";"1 Veiligheid en Vergunningen"
"EAID_BB52C835_0B2D_4164_AC9D_9D6EDBD7E267";"Diagram Vergunningen en Meldingen";"EAID_649EFD86_ED52_4293_8577_DBE5445845BF";"Zaak";"Class";"EAPK_0A4C6DE8_608E_4626_A40E_0C432A5B0F9C";"1 Veiligheid en Vergunningen";"1 Veiligheid en Vergunningen"
"EAID_BB52C835_0B2D_4164_AC9D_9D6EDBD7E267";"Diagram Vergunningen en Meldingen";"EAID_192EA281_414F_4d8d_85D1_5C1B75224942";"WABOAanvraagOfMelding";"Class";"EAPK_0A4C6DE8_608E_4626_A40E_0C432A5B0F9C";"1 Veiligheid en Vergunningen";"1 Veiligheid en Vergunningen"
"EAID_BB52C835_0B2D_4164_AC9D_9D6EDBD7E267";"Diagram Vergunningen en Meldingen";"EAID_8E6BAEF8_1878_400f_9244_23575BD41EAB";"AanvraagOfMelding";"Class";"EAPK_0A4C6DE8_608E_4626_A40E_0C432A5B0F9C";"1 Veiligheid en Vergunningen";"1 Veiligheid en Vergunningen"
"EAID_49A15BF5_AB98_4ab9_AE01_D5636641F455";"Diagram Verkeer en Vervoer";"EAID_E89ECEBE_796F_4CB7_9E9F_860EBC21B4B";"Kast";"Class";"EAPK_02FD7722_6B39_4e67_A30D_D501E2716B6F";"Mobiliteit";"2 Verkeer, Vervoer en Waterstaat"
"EAID_49A15BF5_AB98_4ab9_AE01_D5636641F455";"Diagram Verkeer en Vervoer";"EAID_6B8DBBFB_03D7_4FD7_BBAB_3E7FBE60D97";"Paal";"Class";"EAPK_02FD7722_6B39_4e67_A30D_D501E2716B6F";"Mobiliteit";"2 Verkeer, Vervoer en Waterstaat"
"EAID_49A15BF5_AB98_4ab9_AE01_D5636641F455";"Diagram Verkeer en Vervoer";"EAID_4B32C511_77E9_4ABD_8C02_6F9F336A7A9";"Sensor";"Class";"EAPK_02FD7722_6B39_4e67_A30D_D501E2716B6F";"Mobiliteit";"2 Verkeer, Vervoer en Waterstaat"
"EAID_49A15BF5_AB98_4ab9_AE01_D5636641F455";"Diagram Verkeer en Vervoer";"EAID_E4EEBD4D_A41E_4c9d_8099_CDA45BFF0056";"VLogInfo";"Class";"EAPK_02FD7722_6B39_4e67_A30D_D501E2716B6F";"Mobiliteit";"2 Verkeer, Vervoer en Waterstaat"
"EAID_49A15BF5_AB98_4ab9_AE01_D5636641F455";"Diagram Verkeer en Vervoer";"EAID_DBE739FD_EBC4_4650_8A2B_714294A63A73";"Verkeerstelling";"Class";"EAPK_02FD7722_6B39_4e67_A30D_D501E2716B6F";"Mobiliteit";"2 Verkeer, Vervoer en Waterstaat"
"EAID_21AD192F_EEF1_493b_9BFD_D37EF6C93236";"Diagram Verlengen Inhuur";"EAID_9FBF9FB8_B28D_4733_8443_607B8498F446";"Contract";"Class";"EAPK_E593FB18_D458_4462_B5F2_0B37FA3AA722";"Inkoop";"9 Interne Organisatie"
"EAID_21AD192F_EEF1_493b_9BFD_D37EF6C93236";"Diagram Verlengen Inhuur";"EAID_5641C50A_C0FA_4e71_B07B_26C7B1CE94ED";"Document";"Class";"EAPK_E593FB18_D458_4462_B5F2_0B37FA3AA722";"Inkoop";"9 Interne Organisatie"
"EAID_21AD192F_EEF1_493b_9BFD_D37EF6C93236";"Diagram Verlengen Inhuur";"EAID_936A4E8B_3E5A_44b6_8A5D_EFB39F83FB6D";"OrganisatorischeEenheid";"Class";"EAPK_E593FB18_D458_4462_B5F2_0B37FA3AA722";"Inkoop";"9 Interne Organisatie"
"EAID_21AD192F_EEF1_493b_9BFD_D37EF6C93236";"Diagram Verlengen Inhuur";"EAID_A91E9C27_C4FA_4e1b_A4FF_8AE74ED9B7EB";"Inkooporder";"Class";"EAPK_E593FB18_D458_4462_B5F2_0B37FA3AA722";"Inkoop";"9 Interne Organisatie"
"EAID_21AD192F_EEF1_493b_9BFD_D37EF6C93236";"Diagram Verlengen Inhuur";"EAID_D90E822D_7EF8_4ea6_AF5C_4A4362577941";"Kostenplaats";"Class";"EAPK_E593FB18_D458_4462_B5F2_0B37FA3AA722";"Inkoop";"9 Interne Organisatie"
"EAID_21AD192F_EEF1_493b_9BFD_D37EF6C93236";"Diagram Verlengen Inhuur";"EAID_16EB3936_03CB_4854_9CD8_9F0911EEA51B";"Medewerker";"Class";"EAPK_E593FB18_D458_4462_B5F2_0B37FA3AA722";"Inkoop";"9 Interne Organisatie"
"EAID_21AD192F_EEF1_493b_9BFD_D37EF6C93236";"Diagram Verlengen Inhuur";"EAID_EA7FE08E_34F7_45d2_BE2E_E4E3B8333BF3";"Leverancier";"Class";"EAPK_E593FB18_D458_4462_B5F2_0B37FA3AA722";"Inkoop";"9 Interne Organisatie"
"EAID_21AD192F_EEF1_493b_9BFD_D37EF6C93236";"Diagram Verlengen Inhuur";"EAID_1D87490A_9F07_424f_BE6F_5E9C11376B05";"FormulierVerlengingInhuur";"Class";"EAPK_E593FB18_D458_4462_B5F2_0B37FA3AA722";"Inkoop";"9 Interne Organisatie"
"EAID_8B78D87D_33A0_48bc_B883_C6C956FB5C6D";"Diagram Vermogen";"EAID_08000E15_8AA2_AE9A_89F0_262C7C061238";"Vermogenscomponent";"Class";"EAPK_4F047F89_F482_48c9_810A_EC0B55B40AEE";"Sociaal Domein Generiek";"6 Sociaal Domein"
"EAID_8B78D87D_33A0_48bc_B883_C6C956FB5C6D";"Diagram Vermogen";"EAID_bed1faca_3a71_4ca5_b9f7_85f766a1c118";"Onroerend goed";"Class";"EAPK_4F047F89_F482_48c9_810A_EC0B55B40AEE";"Sociaal Domein Generiek";"6 Sociaal Domein"
"EAID_8B78D87D_33A0_48bc_B883_C6C956FB5C6D";"Diagram Vermogen";"EAID_22B75B20_9449_DC93_CF41_2775EC76C492";"Motorvoertuig";"Class";"EAPK_4F047F89_F482_48c9_810A_EC0B55B40AEE";"Sociaal Domein Generiek";"6 Sociaal Domein"
"EAID_8B78D87D_33A0_48bc_B883_C6C956FB5C6D";"Diagram Vermogen";"EAID_ea276d3a_268a_4fd6_b14e_65ebe5b00fd1";"Hypotheek";"Class";"EAPK_4F047F89_F482_48c9_810A_EC0B55B40AEE";"Sociaal Domein Generiek";"6 Sociaal Domein"
"EAID_8B78D87D_33A0_48bc_B883_C6C956FB5C6D";"Diagram Vermogen";"EAID_03EFE25A_4FE5_1447_088D_262C4A161776";"Bankrekening";"Class";"EAPK_4F047F89_F482_48c9_810A_EC0B55B40AEE";"Sociaal Domein Generiek";"6 Sociaal Domein"
"EAID_8B78D87D_33A0_48bc_B883_C6C956FB5C6D";"Diagram Vermogen";"EAID_1C1EF3EA_888E_945B_4A20_27DB5B434D4C";"Waardepeiling";"Class";"EAPK_4F047F89_F482_48c9_810A_EC0B55B40AEE";"Sociaal Domein Generiek";"6 Sociaal Domein"
"EAID_1D7802F4_3458_4bb4_8431_16C7F85473FC";"Dienstverlening en Klanten";"EAID_16FB8171_A9ED_4027_A663_C035509501C8";"Betrokkene";"Class";"EAPK_5CA50A0D_7FDC_40ea_B3F3_F85E008D3549";"10 Dienstverlening";"10 Dienstverlening"
"EAID_1D7802F4_3458_4bb4_8431_16C7F85473FC";"Dienstverlening en Klanten";"EAID_3D5CCB29_91E4_458e_8BCD_6741198E45B8";"NietNatuurlijkPersoon";"Class";"EAPK_5CA50A0D_7FDC_40ea_B3F3_F85E008D3549";"10 Dienstverlening";"10 Dienstverlening"
"EAID_1D7802F4_3458_4bb4_8431_16C7F85473FC";"Dienstverlening en Klanten";"EAID_9F4E12E4_B228_4931_AC83_1B1F60958A89";"NatuurlijkPersoon";"Class";"EAPK_5CA50A0D_7FDC_40ea_B3F3_F85E008D3549";"10 Dienstverlening";"10 Dienstverlening"
"EAID_1D7802F4_3458_4bb4_8431_16C7F85473FC";"Dienstverlening en Klanten";"EAID_A3DAD553_0E55_4256_824B_CDB5E12CB545";"Klantcontact";"Class";"EAPK_5CA50A0D_7FDC_40ea_B3F3_F85E008D3549";"10 Dienstverlening";"10 Dienstverlening"
"EAID_1D7802F4_3458_4bb4_8431_16C7F85473FC";"Dienstverlening en Klanten";"EAID_649EFD86_ED52_4293_8577_DBE5445845BF";"Zaak";"Class";"EAPK_5CA50A0D_7FDC_40ea_B3F3_F85E008D3549";"10 Dienstverlening";"10 Dienstverlening"
"EAID_1D7802F4_3458_4bb4_8431_16C7F85473FC";"Dienstverlening en Klanten";"EAID_8E6BAEF8_1878_400f_9244_23575BD41EAB";"AanvraagOfMelding";"Class";"EAPK_5CA50A0D_7FDC_40ea_B3F3_F85E008D3549";"10 Dienstverlening";"10 Dienstverlening"
"EAID_69D1CA4F_84C6_4bee_B0ED_0832701881DA";"Dimensies Diagram";"EAID_137DECB4_F249_4039_B4F3_787852C4CB11";"Periode";"Class";"EAPK_2EEC0A24_2953_49cb_9CF1_1A19CCE84E97";"99 Kern";"99 Kern"
"EAID_E8C1CCDA_FF3C_498a_8FC9_FD6E461092FA";"Documenten";"EAID_BBBB63AC_B546_409b_B6D4_53DB561253B7";"Werknemer";"Class";"EAPK_1825F01E_BA3C_4e53_B3B3_BD1E69F94A10";"HR";"9 Interne Organisatie"
"EAID_E8C1CCDA_FF3C_498a_8FC9_FD6E461092FA";"Documenten";"EAID_5641C50A_C0FA_4e71_B07B_26C7B1CE94ED";"Document";"Class";"EAPK_1825F01E_BA3C_4e53_B3B3_BD1E69F94A10";"HR";"9 Interne Organisatie"
"EAID_E8C1CCDA_FF3C_498a_8FC9_FD6E461092FA";"Documenten";"EAID_2A0CC803_9017_4fad_99B5_9347623090F5";"Beoordeling";"Class";"EAPK_1825F01E_BA3C_4e53_B3B3_BD1E69F94A10";"HR";"9 Interne Organisatie"
"EAID_E8C1CCDA_FF3C_498a_8FC9_FD6E461092FA";"Documenten";"EAID_63FF86E2_1BB0_48f6_8D95_3D82E8D2FA06";"Dienstverband";"Class";"EAPK_1825F01E_BA3C_4e53_B3B3_BD1E69F94A10";"HR";"9 Interne Organisatie"
"EAID_CB741CAB_CDF8_4400_A9A5_F64315AC812A";"Documenten";"EAID_547FD48D_F885_4816_BCFA_4048995C8D83";"EnkelvoudigDocument";"Class";"EAPK_DF1A3AF5_E138_4f54_AAB1_1716247A2F1D";"RGBZPlus";"99 Kern"
"EAID_CB741CAB_CDF8_4400_A9A5_F64315AC812A";"Documenten";"EAID_47DA1FC8_F181_41bc_B16A_CE80D2CA13B1";"SamengesteldDocument";"Class";"EAPK_DF1A3AF5_E138_4f54_AAB1_1716247A2F1D";"RGBZPlus";"99 Kern"
"EAID_CB741CAB_CDF8_4400_A9A5_F64315AC812A";"Documenten";"EAID_5641C50A_C0FA_4e71_B07B_26C7B1CE94ED";"Document";"Class";"EAPK_DF1A3AF5_E138_4f54_AAB1_1716247A2F1D";"RGBZPlus";"99 Kern"
"EAID_891372E6_27FB_442d_9CC4_08C2659E8C53";"Domain Objects";"EAID_BF424764_453D_46cc_817C_3A7BDC4134A7";"Rol";"Class";"EAPK_1825F01E_BA3C_4e53_B3B3_BD1E69F94A10";"HR";"9 Interne Organisatie"
"EAID_891372E6_27FB_442d_9CC4_08C2659E8C53";"Domain Objects";"EAID_53B0C49F_1BDE_4fee_BB0B_0D82517177CC";"OrganisatorischeEenheidHR";"Class";"EAPK_1825F01E_BA3C_4e53_B3B3_BD1E69F94A10";"HR";"9 Interne Organisatie"
"EAID_891372E6_27FB_442d_9CC4_08C2659E8C53";"Domain Objects";"EAID_E1C6E98B_20B2_43b0_8EC1_5C0905B3A139";"NormProfiel";"Class";"EAPK_1825F01E_BA3C_4e53_B3B3_BD1E69F94A10";"HR";"9 Interne Organisatie"
"EAID_891372E6_27FB_442d_9CC4_08C2659E8C53";"Domain Objects";"EAID_81EFBDCE_E500_4090_A37A_D3F799517866";"Formatieplaats";"Class";"EAPK_1825F01E_BA3C_4e53_B3B3_BD1E69F94A10";"HR";"9 Interne Organisatie"
"EAID_891372E6_27FB_442d_9CC4_08C2659E8C53";"Domain Objects";"EAID_532191CA_13CC_4500_93C9_54AB2862F38D";"Inzet";"Class";"EAPK_1825F01E_BA3C_4e53_B3B3_BD1E69F94A10";"HR";"9 Interne Organisatie"
"EAID_891372E6_27FB_442d_9CC4_08C2659E8C53";"Domain Objects";"EAID_D8142B98_64CB_408e_9941_92423543F08A";"VestigingVanZaakbehandelendeOrganisatie";"Class";"EAPK_1825F01E_BA3C_4e53_B3B3_BD1E69F94A10";"HR";"9 Interne Organisatie"
"EAID_891372E6_27FB_442d_9CC4_08C2659E8C53";"Domain Objects";"EAID_936A4E8B_3E5A_44b6_8A5D_EFB39F83FB6D";"OrganisatorischeEenheid";"Class";"EAPK_1825F01E_BA3C_4e53_B3B3_BD1E69F94A10";"HR";"9 Interne Organisatie"
"EAID_891372E6_27FB_442d_9CC4_08C2659E8C53";"Domain Objects";"EAID_B0747DFC_DFC8_4ef2_8E1E_C2E8606036FC";"SoortDisciplinaireMaatregel";"Class";"EAPK_1825F01E_BA3C_4e53_B3B3_BD1E69F94A10";"HR";"9 Interne Organisatie"
"EAID_891372E6_27FB_442d_9CC4_08C2659E8C53";"Domain Objects";"EAID_50F3F931_38F4_4ff0_8CE4_8A51056767E0";"Disciplinaire Maatregel";"Class";"EAPK_1825F01E_BA3C_4e53_B3B3_BD1E69F94A10";"HR";"9 Interne Organisatie"
"EAID_891372E6_27FB_442d_9CC4_08C2659E8C53";"Domain Objects";"EAID_9D4FB9DF_D68A_4503_96C0_272B6777A4FC";"Declaratiesoort";"Class";"EAPK_1825F01E_BA3C_4e53_B3B3_BD1E69F94A10";"HR";"9 Interne Organisatie"
"EAID_891372E6_27FB_442d_9CC4_08C2659E8C53";"Domain Objects";"EAID_E611CEB2_F4FA_49e2_AA6B_B380BC1918AC";"Declaratie";"Class";"EAPK_1825F01E_BA3C_4e53_B3B3_BD1E69F94A10";"HR";"9 Interne Organisatie"
"EAID_891372E6_27FB_442d_9CC4_08C2659E8C53";"Domain Objects";"EAID_59F3063A_13A6_4cbc_A387_045A6B126746";"Onderwijsinstituut";"Class";"EAPK_1825F01E_BA3C_4e53_B3B3_BD1E69F94A10";"HR";"9 Interne Organisatie"
"EAID_891372E6_27FB_442d_9CC4_08C2659E8C53";"Domain Objects";"EAID_261363C5_1E00_4b6a_B570_2129DC044010";"GenotenOpleiding";"Class";"EAPK_1825F01E_BA3C_4e53_B3B3_BD1E69F94A10";"HR";"9 Interne Organisatie"
"EAID_891372E6_27FB_442d_9CC4_08C2659E8C53";"Domain Objects";"EAID_E07D60DE_CD26_4cef_A18B_6F72CC76C1B6";"Opleiding";"Class";"EAPK_1825F01E_BA3C_4e53_B3B3_BD1E69F94A10";"HR";"9 Interne Organisatie"
"EAID_891372E6_27FB_442d_9CC4_08C2659E8C53";"Domain Objects";"EAID_FE559B58_A6CD_4108_82BE_98E1AEBFD9BD";"Relatie";"Class";"EAPK_1825F01E_BA3C_4e53_B3B3_BD1E69F94A10";"HR";"9 Interne Organisatie"
"EAID_891372E6_27FB_442d_9CC4_08C2659E8C53";"Domain Objects";"EAID_BBBB63AC_B546_409b_B6D4_53DB561253B7";"Werknemer";"Class";"EAPK_1825F01E_BA3C_4e53_B3B3_BD1E69F94A10";"HR";"9 Interne Organisatie"
"EAID_891372E6_27FB_442d_9CC4_08C2659E8C53";"Domain Objects";"EAID_A0051651_4772_436d_9553_B432BDCE3A52";"KeuzebudgetBestedingsoort";"Class";"EAPK_1825F01E_BA3C_4e53_B3B3_BD1E69F94A10";"HR";"9 Interne Organisatie"
"EAID_891372E6_27FB_442d_9CC4_08C2659E8C53";"Domain Objects";"EAID_B9288D01_0B8F_4f8c_BAE1_AFD1B0EF6FDF";"KeuzebudgetBesteding";"Class";"EAPK_1825F01E_BA3C_4e53_B3B3_BD1E69F94A10";"HR";"9 Interne Organisatie"
"EAID_891372E6_27FB_442d_9CC4_08C2659E8C53";"Domain Objects";"EAID_B64178F1_7D37_4a77_BEF7_97E8C9DDA4E8";"Individueel Keuzebudget";"Class";"EAPK_1825F01E_BA3C_4e53_B3B3_BD1E69F94A10";"HR";"9 Interne Organisatie"
"EAID_891372E6_27FB_442d_9CC4_08C2659E8C53";"Domain Objects";"EAID_41AFF74F_ADBE_4f3f_AB2F_25027A70E573";"Geweldsincident";"Class";"EAPK_1825F01E_BA3C_4e53_B3B3_BD1E69F94A10";"HR";"9 Interne Organisatie"
"EAID_891372E6_27FB_442d_9CC4_08C2659E8C53";"Domain Objects";"EAID_45900108_585D_45ec_A042_BF4928B7F6DC";"Verzuimsoort";"Class";"EAPK_1825F01E_BA3C_4e53_B3B3_BD1E69F94A10";"HR";"9 Interne Organisatie"
"EAID_891372E6_27FB_442d_9CC4_08C2659E8C53";"Domain Objects";"EAID_610B18E6_B675_4cc0_A883_BAB9D384C668";"Verzuim";"Class";"EAPK_1825F01E_BA3C_4e53_B3B3_BD1E69F94A10";"HR";"9 Interne Organisatie"
"EAID_891372E6_27FB_442d_9CC4_08C2659E8C53";"Domain Objects";"EAID_ED741EE1_E773_40e3_B0E6_8D9886EB792F";"Verlofsoort";"Class";"EAPK_1825F01E_BA3C_4e53_B3B3_BD1E69F94A10";"HR";"9 Interne Organisatie"
"EAID_891372E6_27FB_442d_9CC4_08C2659E8C53";"Domain Objects";"EAID_D04135BF_C2F0_46dd_B332_F1BE36C358EF";"Verlof";"Class";"EAPK_1825F01E_BA3C_4e53_B3B3_BD1E69F94A10";"HR";"9 Interne Organisatie"
"EAID_891372E6_27FB_442d_9CC4_08C2659E8C53";"Domain Objects";"EAID_D69EE16A_390C_4d6f_BC01_2B13FB3B22F1";"Functiehuis";"Class";"EAPK_1825F01E_BA3C_4e53_B3B3_BD1E69F94A10";"HR";"9 Interne Organisatie"
"EAID_891372E6_27FB_442d_9CC4_08C2659E8C53";"Domain Objects";"EAID_2A0CC803_9017_4fad_99B5_9347623090F5";"Beoordeling";"Class";"EAPK_1825F01E_BA3C_4e53_B3B3_BD1E69F94A10";"HR";"9 Interne Organisatie"
"EAID_891372E6_27FB_442d_9CC4_08C2659E8C53";"Domain Objects";"EAID_F29C11C1_477C_4b90_985C_43F94D08230A";"Functie";"Class";"EAPK_1825F01E_BA3C_4e53_B3B3_BD1E69F94A10";"HR";"9 Interne Organisatie"
"EAID_891372E6_27FB_442d_9CC4_08C2659E8C53";"Domain Objects";"EAID_63FF86E2_1BB0_48f6_8D95_3D82E8D2FA06";"Dienstverband";"Class";"EAPK_1825F01E_BA3C_4e53_B3B3_BD1E69F94A10";"HR";"9 Interne Organisatie"
"EAID_48B6C3F9_CCF1_4794_8252_FC6543409B78";"Entiteiten Dienstverlening";"EAID_B3371695_97AD_49d2_9AF1_15591B422007";"Heffing";"Class";"EAPK_5CA50A0D_7FDC_40ea_B3F3_F85E008D3549";"10 Dienstverlening";"10 Dienstverlening"
"EAID_48B6C3F9_CCF1_4794_8252_FC6543409B78";"Entiteiten Dienstverlening";"EAID_D8142B98_64CB_408e_9941_92423543F08A";"VestigingVanZaakbehandelendeOrganisatie";"Class";"EAPK_5CA50A0D_7FDC_40ea_B3F3_F85E008D3549";"10 Dienstverlening";"10 Dienstverlening"
"EAID_48B6C3F9_CCF1_4794_8252_FC6543409B78";"Entiteiten Dienstverlening";"EAID_8D758F67_6085_4ac7_BFDC_8D97AB632A93";"Onderwerp";"Class";"EAPK_5CA50A0D_7FDC_40ea_B3F3_F85E008D3549";"10 Dienstverlening";"10 Dienstverlening"
"EAID_48B6C3F9_CCF1_4794_8252_FC6543409B78";"Entiteiten Dienstverlening";"EAID_4B871112_CB41_4bfb_BD43_117C63D31BB4";"ProductOfDienst";"Class";"EAPK_5CA50A0D_7FDC_40ea_B3F3_F85E008D3549";"10 Dienstverlening";"10 Dienstverlening"
"EAID_48B6C3F9_CCF1_4794_8252_FC6543409B78";"Entiteiten Dienstverlening";"EAID_16EB3936_03CB_4854_9CD8_9F0911EEA51B";"Medewerker";"Class";"EAPK_5CA50A0D_7FDC_40ea_B3F3_F85E008D3549";"10 Dienstverlening";"10 Dienstverlening"
"EAID_48B6C3F9_CCF1_4794_8252_FC6543409B78";"Entiteiten Dienstverlening";"EAID_7210A379_17EE_4143_A106_ECD9414B2A0D";"Zaaktype";"Class";"EAPK_5CA50A0D_7FDC_40ea_B3F3_F85E008D3549";"10 Dienstverlening";"10 Dienstverlening"
"EAID_48B6C3F9_CCF1_4794_8252_FC6543409B78";"Entiteiten Dienstverlening";"EAID_FC488929_8721_402f_A073_1DFDB76A816E";"Betaling";"Class";"EAPK_5CA50A0D_7FDC_40ea_B3F3_F85E008D3549";"10 Dienstverlening";"10 Dienstverlening"
"EAID_48B6C3F9_CCF1_4794_8252_FC6543409B78";"Entiteiten Dienstverlening";"EAID_E512AEFD_85FB_4b57_82FE_709221307861";"Formuliersoortveld";"Class";"EAPK_5CA50A0D_7FDC_40ea_B3F3_F85E008D3549";"10 Dienstverlening";"10 Dienstverlening"
"EAID_48B6C3F9_CCF1_4794_8252_FC6543409B78";"Entiteiten Dienstverlening";"EAID_1F68C981_7E16_4368_8867_CA00AEB08A04";"Aanvraagdata";"Class";"EAPK_5CA50A0D_7FDC_40ea_B3F3_F85E008D3549";"10 Dienstverlening";"10 Dienstverlening"
"EAID_48B6C3F9_CCF1_4794_8252_FC6543409B78";"Entiteiten Dienstverlening";"EAID_5641C50A_C0FA_4e71_B07B_26C7B1CE94ED";"Document";"Class";"EAPK_5CA50A0D_7FDC_40ea_B3F3_F85E008D3549";"10 Dienstverlening";"10 Dienstverlening"
"EAID_48B6C3F9_CCF1_4794_8252_FC6543409B78";"Entiteiten Dienstverlening";"EAID_0567826D_81EE_4bbd_8D62_3073B74CDF11";"Formuliersoort";"Class";"EAPK_5CA50A0D_7FDC_40ea_B3F3_F85E008D3549";"10 Dienstverlening";"10 Dienstverlening"
"EAID_48B6C3F9_CCF1_4794_8252_FC6543409B78";"Entiteiten Dienstverlening";"EAID_649EFD86_ED52_4293_8577_DBE5445845BF";"Zaak";"Class";"EAPK_5CA50A0D_7FDC_40ea_B3F3_F85E008D3549";"10 Dienstverlening";"10 Dienstverlening"
"EAID_48B6C3F9_CCF1_4794_8252_FC6543409B78";"Entiteiten Dienstverlening";"EAID_A3DAD553_0E55_4256_824B_CDB5E12CB545";"Klantcontact";"Class";"EAPK_5CA50A0D_7FDC_40ea_B3F3_F85E008D3549";"10 Dienstverlening";"10 Dienstverlening"
"EAID_48B6C3F9_CCF1_4794_8252_FC6543409B78";"Entiteiten Dienstverlening";"EAID_8E6BAEF8_1878_400f_9244_23575BD41EAB";"AanvraagOfMelding";"Class";"EAPK_5CA50A0D_7FDC_40ea_B3F3_F85E008D3549";"10 Dienstverlening";"10 Dienstverlening"
"EAID_5901286A_E9EF_4360_9CE6_32B6FDE1C970";"Entiteiten Klantcontact";"EAID_5AA9821A_A88A_480b_9950_70FE017593B3";"Afspraakstatus";"Class";"EAPK_5CA50A0D_7FDC_40ea_B3F3_F85E008D3549";"10 Dienstverlening";"10 Dienstverlening"
"EAID_5901286A_E9EF_4360_9CE6_32B6FDE1C970";"Entiteiten Klantcontact";"EAID_EEB60E10_C244_4176_AB68_F0E30759269F";"Telefoontje";"Class";"EAPK_5CA50A0D_7FDC_40ea_B3F3_F85E008D3549";"10 Dienstverlening";"10 Dienstverlening"
"EAID_5901286A_E9EF_4360_9CE6_32B6FDE1C970";"Entiteiten Klantcontact";"EAID_D8A82A45_03C3_44d5_AF32_3138A55B2E75";"Telefoonstatus";"Class";"EAPK_5CA50A0D_7FDC_40ea_B3F3_F85E008D3549";"10 Dienstverlening";"10 Dienstverlening"
"EAID_5901286A_E9EF_4360_9CE6_32B6FDE1C970";"Entiteiten Klantcontact";"EAID_48FE13A9_2204_4631_BAEE_E2D3B10E9A2D";"Telefoononderwerp";"Class";"EAPK_5CA50A0D_7FDC_40ea_B3F3_F85E008D3549";"10 Dienstverlening";"10 Dienstverlening"
"EAID_5901286A_E9EF_4360_9CE6_32B6FDE1C970";"Entiteiten Klantcontact";"EAID_631FEEF1_88D3_4d18_ADB2_BF999068493E";"Balieafspraak";"Class";"EAPK_5CA50A0D_7FDC_40ea_B3F3_F85E008D3549";"10 Dienstverlening";"10 Dienstverlening"
"EAID_5901286A_E9EF_4360_9CE6_32B6FDE1C970";"Entiteiten Klantcontact";"EAID_8D758F67_6085_4ac7_BFDC_8D97AB632A93";"Onderwerp";"Class";"EAPK_5CA50A0D_7FDC_40ea_B3F3_F85E008D3549";"10 Dienstverlening";"10 Dienstverlening"
"EAID_5901286A_E9EF_4360_9CE6_32B6FDE1C970";"Entiteiten Klantcontact";"EAID_4B871112_CB41_4bfb_BD43_117C63D31BB4";"ProductOfDienst";"Class";"EAPK_5CA50A0D_7FDC_40ea_B3F3_F85E008D3549";"10 Dienstverlening";"10 Dienstverlening"
"EAID_5901286A_E9EF_4360_9CE6_32B6FDE1C970";"Entiteiten Klantcontact";"EAID_E512AEFD_85FB_4b57_82FE_709221307861";"Formuliersoortveld";"Class";"EAPK_5CA50A0D_7FDC_40ea_B3F3_F85E008D3549";"10 Dienstverlening";"10 Dienstverlening"
"EAID_5901286A_E9EF_4360_9CE6_32B6FDE1C970";"Entiteiten Klantcontact";"EAID_1F68C981_7E16_4368_8867_CA00AEB08A04";"Aanvraagdata";"Class";"EAPK_5CA50A0D_7FDC_40ea_B3F3_F85E008D3549";"10 Dienstverlening";"10 Dienstverlening"
"EAID_5901286A_E9EF_4360_9CE6_32B6FDE1C970";"Entiteiten Klantcontact";"EAID_0567826D_81EE_4bbd_8D62_3073B74CDF11";"Formuliersoort";"Class";"EAPK_5CA50A0D_7FDC_40ea_B3F3_F85E008D3549";"10 Dienstverlening";"10 Dienstverlening"
"EAID_5901286A_E9EF_4360_9CE6_32B6FDE1C970";"Entiteiten Klantcontact";"EAID_A3DAD553_0E55_4256_824B_CDB5E12CB545";"Klantcontact";"Class";"EAPK_5CA50A0D_7FDC_40ea_B3F3_F85E008D3549";"10 Dienstverlening";"10 Dienstverlening"
"EAID_5901286A_E9EF_4360_9CE6_32B6FDE1C970";"Entiteiten Klantcontact";"EAID_8E6BAEF8_1878_400f_9244_23575BD41EAB";"AanvraagOfMelding";"Class";"EAPK_5CA50A0D_7FDC_40ea_B3F3_F85E008D3549";"10 Dienstverlening";"10 Dienstverlening"
"EAID_C91D2D84_69FA_4320_BFE0_F10EFEB8F49B";"Erfgoed: Archeologie Domeinmodel";"EAID_F954FB72_AE88_4a0e_A3D8_555FCF8D9C9F";"Magazijnplaatsing";"Class";"EAPK_CDBD96D1_44EA_401b_A0EF_9D235D437D17";"Archeologie";"5 Sport, Cultuur en Recreatie"
"EAID_C91D2D84_69FA_4320_BFE0_F10EFEB8F49B";"Erfgoed: Archeologie Domeinmodel";"EAID_4C1543FD_250B_4291_9B23_BC9D3D9C0C4A";"Magazijnlocatie";"Class";"EAPK_CDBD96D1_44EA_401b_A0EF_9D235D437D17";"Archeologie";"5 Sport, Cultuur en Recreatie"
"EAID_C91D2D84_69FA_4320_BFE0_F10EFEB8F49B";"Erfgoed: Archeologie Domeinmodel";"EAID_2C230EE7_036D_48be_B82A_FF45598170F7";"Artefact";"Class";"EAPK_CDBD96D1_44EA_401b_A0EF_9D235D437D17";"Archeologie";"5 Sport, Cultuur en Recreatie"
"EAID_C91D2D84_69FA_4320_BFE0_F10EFEB8F49B";"Erfgoed: Archeologie Domeinmodel";"EAID_84DED9A9_2D33_4a77_94F2_29657024590F";"Vindplaats";"Class";"EAPK_CDBD96D1_44EA_401b_A0EF_9D235D437D17";"Archeologie";"5 Sport, Cultuur en Recreatie"
"EAID_C91D2D84_69FA_4320_BFE0_F10EFEB8F49B";"Erfgoed: Archeologie Domeinmodel";"EAID_703CAFCF_FDC0_4861_AA76_1692303DE7BE";"Doos";"Class";"EAPK_CDBD96D1_44EA_401b_A0EF_9D235D437D17";"Archeologie";"5 Sport, Cultuur en Recreatie"
"EAID_C91D2D84_69FA_4320_BFE0_F10EFEB8F49B";"Erfgoed: Archeologie Domeinmodel";"EAID_382D408F_41A3_49d2_9F66_DFFA6C75590D";"Stelling";"Class";"EAPK_CDBD96D1_44EA_401b_A0EF_9D235D437D17";"Archeologie";"5 Sport, Cultuur en Recreatie"
"EAID_C91D2D84_69FA_4320_BFE0_F10EFEB8F49B";"Erfgoed: Archeologie Domeinmodel";"EAID_F28DDE36_7BE4_45f7_A820_FFF0261CAA4E";"Kaart";"Class";"EAPK_CDBD96D1_44EA_401b_A0EF_9D235D437D17";"Archeologie";"5 Sport, Cultuur en Recreatie"
"EAID_C91D2D84_69FA_4320_BFE0_F10EFEB8F49B";"Erfgoed: Archeologie Domeinmodel";"EAID_5641C50A_C0FA_4e71_B07B_26C7B1CE94ED";"Document";"Class";"EAPK_CDBD96D1_44EA_401b_A0EF_9D235D437D17";"Archeologie";"5 Sport, Cultuur en Recreatie"
"EAID_C91D2D84_69FA_4320_BFE0_F10EFEB8F49B";"Erfgoed: Archeologie Domeinmodel";"EAID_836E51BF_65E9_4482_B555_C9AB737D264D";"Archeologiebesluit";"Class";"EAPK_CDBD96D1_44EA_401b_A0EF_9D235D437D17";"Archeologie";"5 Sport, Cultuur en Recreatie"
"EAID_C91D2D84_69FA_4320_BFE0_F10EFEB8F49B";"Erfgoed: Archeologie Domeinmodel";"EAID_E11FDCA7_7538_4353_83FF_72164D928452";"boring";"Class";"EAPK_CDBD96D1_44EA_401b_A0EF_9D235D437D17";"Archeologie";"5 Sport, Cultuur en Recreatie"
"EAID_C91D2D84_69FA_4320_BFE0_F10EFEB8F49B";"Erfgoed: Archeologie Domeinmodel";"EAID_F25EE5A8_2CF4_498b_8DAD_8EEE48FAF3A5";"locatie";"Class";"EAPK_CDBD96D1_44EA_401b_A0EF_9D235D437D17";"Archeologie";"5 Sport, Cultuur en Recreatie"
"EAID_C91D2D84_69FA_4320_BFE0_F10EFEB8F49B";"Erfgoed: Archeologie Domeinmodel";"EAID_8417459E_2193_44a2_A1AC_38C39EA93CBF";"Vulling";"Class";"EAPK_CDBD96D1_44EA_401b_A0EF_9D235D437D17";"Archeologie";"5 Sport, Cultuur en Recreatie"
"EAID_C91D2D84_69FA_4320_BFE0_F10EFEB8F49B";"Erfgoed: Archeologie Domeinmodel";"EAID_67CF25EB_EBB0_4185_8171_1F9DD3B5D212";"Artefactsoort";"Class";"EAPK_CDBD96D1_44EA_401b_A0EF_9D235D437D17";"Archeologie";"5 Sport, Cultuur en Recreatie"
"EAID_C91D2D84_69FA_4320_BFE0_F10EFEB8F49B";"Erfgoed: Archeologie Domeinmodel";"EAID_F8283401_70F8_41b8_A97C_32A9074AD4B1";"Vondst";"Class";"EAPK_CDBD96D1_44EA_401b_A0EF_9D235D437D17";"Archeologie";"5 Sport, Cultuur en Recreatie"
"EAID_C91D2D84_69FA_4320_BFE0_F10EFEB8F49B";"Erfgoed: Archeologie Domeinmodel";"EAID_0644BD52_8C2B_462d_94B9_9C99908952F5";"Vlak";"Class";"EAPK_CDBD96D1_44EA_401b_A0EF_9D235D437D17";"Archeologie";"5 Sport, Cultuur en Recreatie"
"EAID_C91D2D84_69FA_4320_BFE0_F10EFEB8F49B";"Erfgoed: Archeologie Domeinmodel";"EAID_17286CE1_21F2_454b_95A6_3E4C0C6E2453";"Put";"Class";"EAPK_CDBD96D1_44EA_401b_A0EF_9D235D437D17";"Archeologie";"5 Sport, Cultuur en Recreatie"
"EAID_C91D2D84_69FA_4320_BFE0_F10EFEB8F49B";"Erfgoed: Archeologie Domeinmodel";"EAID_14939C33_2DCE_41bf_A2BE_FF1EDD292FE7";"Spoor";"Class";"EAPK_CDBD96D1_44EA_401b_A0EF_9D235D437D17";"Archeologie";"5 Sport, Cultuur en Recreatie"
"EAID_C91D2D84_69FA_4320_BFE0_F10EFEB8F49B";"Erfgoed: Archeologie Domeinmodel";"EAID_E42A32F7_262F_4005_9EB9_4674B76E8825";"Project";"Class";"EAPK_CDBD96D1_44EA_401b_A0EF_9D235D437D17";"Archeologie";"5 Sport, Cultuur en Recreatie"
"EAID_A120401E_3065_4b7e_9D73_A47BDB9CCD18";"FUNCTIONEEL GEBIED";"EAID_0F81E79F_B306_40b9_ADCA_59A1E3F55D2B";"statusGeoObject";"Enumeration";"EAPK_58A5214F_E56C_4707_BE2D_AB36DD6976A3";"RSGBPlus";"99 Kern"
"EAID_A120401E_3065_4b7e_9D73_A47BDB9CCD18";"FUNCTIONEEL GEBIED";"EAID_9691D0DC_42FD_4590_A7AE_48A29EC9FAB6";"typeringFunctioneelGebied";"Enumeration";"EAPK_58A5214F_E56C_4707_BE2D_AB36DD6976A3";"RSGBPlus";"99 Kern"
"EAID_A120401E_3065_4b7e_9D73_A47BDB9CCD18";"FUNCTIONEEL GEBIED";"EAID_C2D0F78A_D6FC_4330_B78C_4F4B34EE1349";"SoortFunctioneelGebied";"Class";"EAPK_58A5214F_E56C_4707_BE2D_AB36DD6976A3";"RSGBPlus";"99 Kern"
"EAID_A120401E_3065_4b7e_9D73_A47BDB9CCD18";"FUNCTIONEEL GEBIED";"EAID_B8F44180_1F2A_4bbc_8E17_6C472111A92B";"FunctioneelGebied";"Class";"EAPK_58A5214F_E56C_4707_BE2D_AB36DD6976A3";"RSGBPlus";"99 Kern"
"EAID_42C2960F_FED7_467e_AAB1_5195BED59A39";"Financien Begroting en Budgetverantwoordelijkheid";"EAID_E81C0FA0_2203_489a_98E9_32F1CB200E75";"Taakveld";"Class";"EAPK_4F010A09_D9D0_4bcf_A233_8430F8EFE54A";"Financien";"9 Interne Organisatie"
"EAID_42C2960F_FED7_467e_AAB1_5195BED59A39";"Financien Begroting en Budgetverantwoordelijkheid";"EAID_0EEAF579_3F47_4551_B9F9_7367280EB3EB";"Hoofdrekening";"Class";"EAPK_4F010A09_D9D0_4bcf_A233_8430F8EFE54A";"Financien";"9 Interne Organisatie"
"EAID_42C2960F_FED7_467e_AAB1_5195BED59A39";"Financien Begroting en Budgetverantwoordelijkheid";"EAID_C95CF400_8487_4ff3_B475_CA1E01EBCA78";"Begroting";"Class";"EAPK_4F010A09_D9D0_4bcf_A233_8430F8EFE54A";"Financien";"9 Interne Organisatie"
"EAID_42C2960F_FED7_467e_AAB1_5195BED59A39";"Financien Begroting en Budgetverantwoordelijkheid";"EAID_87964E36_9FEE_4b8f_A053_C4EDAF000646";"Begrotingregel";"Class";"EAPK_4F010A09_D9D0_4bcf_A233_8430F8EFE54A";"Financien";"9 Interne Organisatie"
"EAID_42C2960F_FED7_467e_AAB1_5195BED59A39";"Financien Begroting en Budgetverantwoordelijkheid";"EAID_9ABE303F_1E8D_407c_BBB8_E7DAC383E0C3";"Opdrachtnemer";"Class";"EAPK_4F010A09_D9D0_4bcf_A233_8430F8EFE54A";"Financien";"9 Interne Organisatie"
"EAID_42C2960F_FED7_467e_AAB1_5195BED59A39";"Financien Begroting en Budgetverantwoordelijkheid";"EAID_C2520FC3_622B_4edf_B911_C661B0D710FE";"Opdrachtgever";"Class";"EAPK_4F010A09_D9D0_4bcf_A233_8430F8EFE54A";"Financien";"9 Interne Organisatie"
"EAID_42C2960F_FED7_467e_AAB1_5195BED59A39";"Financien Begroting en Budgetverantwoordelijkheid";"EAID_D90E822D_7EF8_4ea6_AF5C_4A4362577941";"Kostenplaats";"Class";"EAPK_4F010A09_D9D0_4bcf_A233_8430F8EFE54A";"Financien";"9 Interne Organisatie"
"EAID_42C2960F_FED7_467e_AAB1_5195BED59A39";"Financien Begroting en Budgetverantwoordelijkheid";"EAID_137DECB4_F249_4039_B4F3_787852C4CB11";"Periode";"Class";"EAPK_4F010A09_D9D0_4bcf_A233_8430F8EFE54A";"Financien";"9 Interne Organisatie"
"EAID_42C2960F_FED7_467e_AAB1_5195BED59A39";"Financien Begroting en Budgetverantwoordelijkheid";"EAID_04439F81_75DB_45cf_BE7A_352A54A95D73";"Product";"Class";"EAPK_4F010A09_D9D0_4bcf_A233_8430F8EFE54A";"Financien";"9 Interne Organisatie"
"EAID_42C2960F_FED7_467e_AAB1_5195BED59A39";"Financien Begroting en Budgetverantwoordelijkheid";"EAID_2FFE3BAD_CB0E_43ea_A435_FD693B9255C3";"Doelstelling";"Class";"EAPK_4F010A09_D9D0_4bcf_A233_8430F8EFE54A";"Financien";"9 Interne Organisatie"
"EAID_42C2960F_FED7_467e_AAB1_5195BED59A39";"Financien Begroting en Budgetverantwoordelijkheid";"EAID_FFAA30D3_91C2_44aa_B52D_B21C51DB0326";"Hoofdstuk";"Class";"EAPK_4F010A09_D9D0_4bcf_A233_8430F8EFE54A";"Financien";"9 Interne Organisatie"
"EAID_CB1E27F6_9539_4037_8A93_07CC937D5D2E";"Financien Personen";"EAID_F29C11C1_477C_4b90_985C_43F94D08230A";"Functie";"Class";"EAPK_4F010A09_D9D0_4bcf_A233_8430F8EFE54A";"Financien";"9 Interne Organisatie"
"EAID_CB1E27F6_9539_4037_8A93_07CC937D5D2E";"Financien Personen";"EAID_9ABE303F_1E8D_407c_BBB8_E7DAC383E0C3";"Opdrachtnemer";"Class";"EAPK_4F010A09_D9D0_4bcf_A233_8430F8EFE54A";"Financien";"9 Interne Organisatie"
"EAID_CB1E27F6_9539_4037_8A93_07CC937D5D2E";"Financien Personen";"EAID_C2520FC3_622B_4edf_B911_C661B0D710FE";"Opdrachtgever";"Class";"EAPK_4F010A09_D9D0_4bcf_A233_8430F8EFE54A";"Financien";"9 Interne Organisatie"
"EAID_0723EB5C_4A2C_44d4_B15B_37AC71B5D711";"Financien Verplichtingen en Facturen";"EAID_9FBF9FB8_B28D_4733_8443_607B8498F446";"Contract";"Class";"EAPK_4F010A09_D9D0_4bcf_A233_8430F8EFE54A";"Financien";"9 Interne Organisatie"
"EAID_0723EB5C_4A2C_44d4_B15B_37AC71B5D711";"Financien Verplichtingen en Facturen";"EAID_EA7FE08E_34F7_45d2_BE2E_E4E3B8333BF3";"Leverancier";"Class";"EAPK_4F010A09_D9D0_4bcf_A233_8430F8EFE54A";"Financien";"9 Interne Organisatie"
"EAID_0723EB5C_4A2C_44d4_B15B_37AC71B5D711";"Financien Verplichtingen en Facturen";"EAID_E1DA56C3_6ECA_4ec9_8CF4_FC57E1C43102";"Factuur";"Class";"EAPK_4F010A09_D9D0_4bcf_A233_8430F8EFE54A";"Financien";"9 Interne Organisatie"
"EAID_0723EB5C_4A2C_44d4_B15B_37AC71B5D711";"Financien Verplichtingen en Facturen";"EAID_5641C50A_C0FA_4e71_B07B_26C7B1CE94ED";"Document";"Class";"EAPK_4F010A09_D9D0_4bcf_A233_8430F8EFE54A";"Financien";"9 Interne Organisatie"
"EAID_0723EB5C_4A2C_44d4_B15B_37AC71B5D711";"Financien Verplichtingen en Facturen";"EAID_A91E9C27_C4FA_4e1b_A4FF_8AE74ED9B7EB";"Inkooporder";"Class";"EAPK_4F010A09_D9D0_4bcf_A233_8430F8EFE54A";"Financien";"9 Interne Organisatie"
"EAID_0723EB5C_4A2C_44d4_B15B_37AC71B5D711";"Financien Verplichtingen en Facturen";"EAID_2483BD14_7FA7_4514_A565_C7F7967E226D";"Activasoort";"Class";"EAPK_4F010A09_D9D0_4bcf_A233_8430F8EFE54A";"Financien";"9 Interne Organisatie"
"EAID_0723EB5C_4A2C_44d4_B15B_37AC71B5D711";"Financien Verplichtingen en Facturen";"EAID_7B8D0A8F_07BF_42bf_90B3_28A72BD4401A";"Activa";"Class";"EAPK_4F010A09_D9D0_4bcf_A233_8430F8EFE54A";"Financien";"9 Interne Organisatie"
"EAID_0723EB5C_4A2C_44d4_B15B_37AC71B5D711";"Financien Verplichtingen en Facturen";"EAID_0EEAF579_3F47_4551_B9F9_7367280EB3EB";"Hoofdrekening";"Class";"EAPK_4F010A09_D9D0_4bcf_A233_8430F8EFE54A";"Financien";"9 Interne Organisatie"
"EAID_0723EB5C_4A2C_44d4_B15B_37AC71B5D711";"Financien Verplichtingen en Facturen";"EAID_D90E822D_7EF8_4ea6_AF5C_4A4362577941";"Kostenplaats";"Class";"EAPK_4F010A09_D9D0_4bcf_A233_8430F8EFE54A";"Financien";"9 Interne Organisatie"
"EAID_B758018F_CB22_420e_B4E4_E17EB5F71EDA";"Financien Verwerken Mutaties";"EAID_A8945FD7_EA20_418e_8E7F_18F13F16E338";"Applicatie";"Class";"EAPK_4F010A09_D9D0_4bcf_A233_8430F8EFE54A";"Financien";"9 Interne Organisatie"
"EAID_B758018F_CB22_420e_B4E4_E17EB5F71EDA";"Financien Verwerken Mutaties";"EAID_1EC60172_CB6B_40c9_9818_C7A708C8540E";"Subrekening";"Class";"EAPK_4F010A09_D9D0_4bcf_A233_8430F8EFE54A";"Financien";"9 Interne Organisatie"
"EAID_B758018F_CB22_420e_B4E4_E17EB5F71EDA";"Financien Verwerken Mutaties";"EAID_4AF7FA48_DFB0_474f_B797_A13D5FD37530";"Werkorder";"Class";"EAPK_4F010A09_D9D0_4bcf_A233_8430F8EFE54A";"Financien";"9 Interne Organisatie"
"EAID_B758018F_CB22_420e_B4E4_E17EB5F71EDA";"Financien Verwerken Mutaties";"EAID_CB0A6B53_D263_459e_8C28_AD97E5552FFF";"Mutatie";"Class";"EAPK_4F010A09_D9D0_4bcf_A233_8430F8EFE54A";"Financien";"9 Interne Organisatie"
"EAID_B758018F_CB22_420e_B4E4_E17EB5F71EDA";"Financien Verwerken Mutaties";"EAID_9F935C8B_5B7C_4ce4_9360_04A91F4F70CC";"Batchregel";"Class";"EAPK_4F010A09_D9D0_4bcf_A233_8430F8EFE54A";"Financien";"9 Interne Organisatie"
"EAID_B758018F_CB22_420e_B4E4_E17EB5F71EDA";"Financien Verwerken Mutaties";"EAID_764CE125_55C1_480d_90BA_745484CF3FC0";"Bankafschriftregel";"Class";"EAPK_4F010A09_D9D0_4bcf_A233_8430F8EFE54A";"Financien";"9 Interne Organisatie"
"EAID_B758018F_CB22_420e_B4E4_E17EB5F71EDA";"Financien Verwerken Mutaties";"EAID_841FC453_80B3_4389_A91F_9498FDC629CF";"ExterneBron";"Class";"EAPK_4F010A09_D9D0_4bcf_A233_8430F8EFE54A";"Financien";"9 Interne Organisatie"
"EAID_B758018F_CB22_420e_B4E4_E17EB5F71EDA";"Financien Verwerken Mutaties";"EAID_D87012E0_D2EB_4333_AD6C_1E43E6857304";"Bankrekening";"Class";"EAPK_4F010A09_D9D0_4bcf_A233_8430F8EFE54A";"Financien";"9 Interne Organisatie"
"EAID_B758018F_CB22_420e_B4E4_E17EB5F71EDA";"Financien Verwerken Mutaties";"EAID_FC488929_8721_402f_A073_1DFDB76A816E";"Betaling";"Class";"EAPK_4F010A09_D9D0_4bcf_A233_8430F8EFE54A";"Financien";"9 Interne Organisatie"
"EAID_B758018F_CB22_420e_B4E4_E17EB5F71EDA";"Financien Verwerken Mutaties";"EAID_A784A0ED_4451_4a92_B7C8_ABE528BA898F";"Batch";"Class";"EAPK_4F010A09_D9D0_4bcf_A233_8430F8EFE54A";"Financien";"9 Interne Organisatie"
"EAID_B758018F_CB22_420e_B4E4_E17EB5F71EDA";"Financien Verwerken Mutaties";"EAID_FC698CC3_7A64_4991_A751_B3B2A5DF77E3";"Bankafschrift";"Class";"EAPK_4F010A09_D9D0_4bcf_A233_8430F8EFE54A";"Financien";"9 Interne Organisatie"
"EAID_B758018F_CB22_420e_B4E4_E17EB5F71EDA";"Financien Verwerken Mutaties";"EAID_65E960EA_CC92_4af1_AF2B_B4625FA6AEA0";"Factuurregel";"Class";"EAPK_4F010A09_D9D0_4bcf_A233_8430F8EFE54A";"Financien";"9 Interne Organisatie"
"EAID_B758018F_CB22_420e_B4E4_E17EB5F71EDA";"Financien Verwerken Mutaties";"EAID_E1DA56C3_6ECA_4ec9_8CF4_FC57E1C43102";"Factuur";"Class";"EAPK_4F010A09_D9D0_4bcf_A233_8430F8EFE54A";"Financien";"9 Interne Organisatie"
"EAID_B758018F_CB22_420e_B4E4_E17EB5F71EDA";"Financien Verwerken Mutaties";"EAID_0EEAF579_3F47_4551_B9F9_7367280EB3EB";"Hoofdrekening";"Class";"EAPK_4F010A09_D9D0_4bcf_A233_8430F8EFE54A";"Financien";"9 Interne Organisatie"
"EAID_B758018F_CB22_420e_B4E4_E17EB5F71EDA";"Financien Verwerken Mutaties";"EAID_D90E822D_7EF8_4ea6_AF5C_4A4362577941";"Kostenplaats";"Class";"EAPK_4F010A09_D9D0_4bcf_A233_8430F8EFE54A";"Financien";"9 Interne Organisatie"
"EAID_D406DCDE_C353_4bbd_B410_5928B46BA50E";"GEBOUWINSTALLATIE";"EAID_EAAA0011_DD1F_4430_90EC_73150DE47D9C";"typeringGebouwinstallatie";"Enumeration";"EAPK_58A5214F_E56C_4707_BE2D_AB36DD6976A3";"RSGBPlus";"99 Kern"
"EAID_D406DCDE_C353_4bbd_B410_5928B46BA50E";"GEBOUWINSTALLATIE";"EAID_0F81E79F_B306_40b9_ADCA_59A1E3F55D2B";"statusGeoObject";"Enumeration";"EAPK_58A5214F_E56C_4707_BE2D_AB36DD6976A3";"RSGBPlus";"99 Kern"
"EAID_D406DCDE_C353_4bbd_B410_5928B46BA50E";"GEBOUWINSTALLATIE";"EAID_6FDC646C_F9E2_4610_8FFE_1ECFA99FFBD7";"Gebouwinstallatie";"Class";"EAPK_58A5214F_E56C_4707_BE2D_AB36DD6976A3";"RSGBPlus";"99 Kern"
"EAID_EF30497F_DFF1_4375_8AC5_F9B35DC45E19";"GEMEENTE";"EAID_24BDA4BA_CFCC_4e3f_8305_671F4ED7C502";"Woonplaats";"Class";"EAPK_58A5214F_E56C_4707_BE2D_AB36DD6976A3";"RSGBPlus";"99 Kern"
"EAID_EF30497F_DFF1_4375_8AC5_F9B35DC45E19";"GEMEENTE";"EAID_120EA50B_B9A2_4869_A3BE_46931F631D33";"Wijk";"Class";"EAPK_58A5214F_E56C_4707_BE2D_AB36DD6976A3";"RSGBPlus";"99 Kern"
"EAID_EF30497F_DFF1_4375_8AC5_F9B35DC45E19";"GEMEENTE";"EAID_EA6F820F_C458_4b24_8055_5C2CC76F5904";"Gemeente";"Class";"EAPK_58A5214F_E56C_4707_BE2D_AB36DD6976A3";"RSGBPlus";"99 Kern"
"EAID_949AE9E2_95EB_4063_B7C5_E81971D410B3";"Gemeente Begrafenissen";"EAID_F2DBE01F_7535_4f26_9DF2_081EF8632F36";"Gemeentebegrafenis";"Class";"EAPK_69713AD3_FECC_4964_8F11_79C8755F710E";"Gemeentebegrafenissen";"6 Sociaal Domein"
"EAID_949AE9E2_95EB_4063_B7C5_E81971D410B3";"Gemeente Begrafenissen";"EAID_9F4E12E4_B228_4931_AC83_1B1F60958A89";"NatuurlijkPersoon";"Class";"EAPK_69713AD3_FECC_4964_8F11_79C8755F710E";"Gemeentebegrafenissen";"6 Sociaal Domein"
"EAID_949AE9E2_95EB_4063_B7C5_E81971D410B3";"Gemeente Begrafenissen";"EAID_AF9534B0_7CBD_4061_9276_A7B6698B383A";"IngeschrevenPersoon";"Class";"EAPK_69713AD3_FECC_4964_8F11_79C8755F710E";"Gemeentebegrafenissen";"6 Sociaal Domein"
"EAID_949AE9E2_95EB_4063_B7C5_E81971D410B3";"Gemeente Begrafenissen";"EAID_DAF09055_A5A6_4ff4_A158_21B20567B296";"Client";"Class";"EAPK_69713AD3_FECC_4964_8F11_79C8755F710E";"Gemeentebegrafenissen";"6 Sociaal Domein"
"EAID_8DBF3226_FD39_4d9b_8101_633FF36CA47E";"Generieke Locatie";"EAID_85E3996B_578D_4313_B078_2773F98412D9";"Gebiedengroep";"Class";"EAPK_2EEC0A24_2953_49cb_9CF1_1A19CCE84E97";"99 Kern";"99 Kern"
"EAID_8DBF3226_FD39_4d9b_8101_633FF36CA47E";"Generieke Locatie";"EAID_CD06432A_B69D_4ab2_A5B0_C4C3092835A0";"Lijnengroep";"Class";"EAPK_2EEC0A24_2953_49cb_9CF1_1A19CCE84E97";"99 Kern";"99 Kern"
"EAID_8DBF3226_FD39_4d9b_8101_633FF36CA47E";"Generieke Locatie";"EAID_4C0C5DDB_E5BA_42a0_BA5B_65E2D433B16C";"Puntengroep";"Class";"EAPK_2EEC0A24_2953_49cb_9CF1_1A19CCE84E97";"99 Kern";"99 Kern"
"EAID_8DBF3226_FD39_4d9b_8101_633FF36CA47E";"Generieke Locatie";"EAID_0303A7A4_EF51_4262_AEE0_642FA5064807";"Gebied";"Class";"EAPK_2EEC0A24_2953_49cb_9CF1_1A19CCE84E97";"99 Kern";"99 Kern"
"EAID_8DBF3226_FD39_4d9b_8101_633FF36CA47E";"Generieke Locatie";"EAID_FAB83AD1_DC8C_4f78_B54F_33466EB9B139";"Lijn";"Class";"EAPK_2EEC0A24_2953_49cb_9CF1_1A19CCE84E97";"99 Kern";"99 Kern"
"EAID_8DBF3226_FD39_4d9b_8101_633FF36CA47E";"Generieke Locatie";"EAID_20437683_6777_4c7b_B44B_1E3A216239AA";"Punt";"Class";"EAPK_2EEC0A24_2953_49cb_9CF1_1A19CCE84E97";"99 Kern";"99 Kern"
"EAID_8DBF3226_FD39_4d9b_8101_633FF36CA47E";"Generieke Locatie";"EAID_79284529_B817_4e3f_BE51_AEAFC60BDE44";"Locatie";"Class";"EAPK_2EEC0A24_2953_49cb_9CF1_1A19CCE84E97";"99 Kern";"99 Kern"
"EAID_B7192738_00E7_4b65_902A_B8292E79261B";"Generieke entiteiten Erfgoed";"EAID_435883D2_C399_4590_B4F5_B07111103484";"Video-opname";"Class";"EAPK_4D0C0DDA_ACE2_4e71_8915_2295B450CE2A";"Generieke Entiteiten Erfgoed";"5 Sport, Cultuur en Recreatie"
"EAID_B7192738_00E7_4b65_902A_B8292E79261B";"Generieke entiteiten Erfgoed";"EAID_7FE4B466_B051_4068_9ED1_6E60C3B2DBAD";"Foto";"Class";"EAPK_4D0C0DDA_ACE2_4e71_8915_2295B450CE2A";"Generieke Entiteiten Erfgoed";"5 Sport, Cultuur en Recreatie"
"EAID_B7192738_00E7_4b65_902A_B8292E79261B";"Generieke entiteiten Erfgoed";"EAID_65792171_62FA_4c35_930A_8B9C999ADC14";"Objectclassificatie";"Class";"EAPK_4D0C0DDA_ACE2_4e71_8915_2295B450CE2A";"Generieke Entiteiten Erfgoed";"5 Sport, Cultuur en Recreatie"
"EAID_B7192738_00E7_4b65_902A_B8292E79261B";"Generieke entiteiten Erfgoed";"EAID_BCAFBBCD_851E_4235_9D85_88EC71F2245B";"Auteur";"Class";"EAPK_4D0C0DDA_ACE2_4e71_8915_2295B450CE2A";"Generieke Entiteiten Erfgoed";"5 Sport, Cultuur en Recreatie"
"EAID_B7192738_00E7_4b65_902A_B8292E79261B";"Generieke entiteiten Erfgoed";"EAID_369E453B_4C3A_48dc_9619_C36232B339D9";"Archiefstuk";"Class";"EAPK_4D0C0DDA_ACE2_4e71_8915_2295B450CE2A";"Generieke Entiteiten Erfgoed";"5 Sport, Cultuur en Recreatie"
"EAID_B7192738_00E7_4b65_902A_B8292E79261B";"Generieke entiteiten Erfgoed";"EAID_BBCF9DBE_70AD_431c_B698_7F0D69D07050";"Museumobject";"Class";"EAPK_4D0C0DDA_ACE2_4e71_8915_2295B450CE2A";"Generieke Entiteiten Erfgoed";"5 Sport, Cultuur en Recreatie"
"EAID_B7192738_00E7_4b65_902A_B8292E79261B";"Generieke entiteiten Erfgoed";"EAID_9F4E12E4_B228_4931_AC83_1B1F60958A89";"NatuurlijkPersoon";"Class";"EAPK_4D0C0DDA_ACE2_4e71_8915_2295B450CE2A";"Generieke Entiteiten Erfgoed";"5 Sport, Cultuur en Recreatie"
"EAID_B7192738_00E7_4b65_902A_B8292E79261B";"Generieke entiteiten Erfgoed";"EAID_71A5C565_C2CC_495f_910A_76C199C6AF0E";"Erfgoed Object";"Class";"EAPK_4D0C0DDA_ACE2_4e71_8915_2295B450CE2A";"Generieke Entiteiten Erfgoed";"5 Sport, Cultuur en Recreatie"
"EAID_B7192738_00E7_4b65_902A_B8292E79261B";"Generieke entiteiten Erfgoed";"EAID_3BBB3264_592A_4d8c_A741_C2A3C38E3932";"Historisch Persoon";"Class";"EAPK_4D0C0DDA_ACE2_4e71_8915_2295B450CE2A";"Generieke Entiteiten Erfgoed";"5 Sport, Cultuur en Recreatie"
"EAID_227EBDFE_6FD0_4a47_85A4_FAC4AEFE003E";"Gezag";"EAID_28BCD751_DDE7_42b6_9E6B_579B382BC84A";"Gerechtelijke uitspraak";"Class";"EAPK_4F047F89_F482_48c9_810A_EC0B55B40AEE";"Sociaal Domein Generiek";"6 Sociaal Domein"
"EAID_227EBDFE_6FD0_4a47_85A4_FAC4AEFE003E";"Gezag";"EAID_3D5CCB29_91E4_458e_8BCD_6741198E45B8";"NietNatuurlijkPersoon";"Class";"EAPK_4F047F89_F482_48c9_810A_EC0B55B40AEE";"Sociaal Domein Generiek";"6 Sociaal Domein"
"EAID_227EBDFE_6FD0_4a47_85A4_FAC4AEFE003E";"Gezag";"EAID_C18BB25F_536F_4b80_BC7C_7855DF2D7389";"Gezagsverhouding";"Class";"EAPK_4F047F89_F482_48c9_810A_EC0B55B40AEE";"Sociaal Domein Generiek";"6 Sociaal Domein"
"EAID_227EBDFE_6FD0_4a47_85A4_FAC4AEFE003E";"Gezag";"EAID_AF9534B0_7CBD_4061_9276_A7B6698B383A";"IngeschrevenPersoon";"Class";"EAPK_4F047F89_F482_48c9_810A_EC0B55B40AEE";"Sociaal Domein Generiek";"6 Sociaal Domein"
"EAID_227EBDFE_6FD0_4a47_85A4_FAC4AEFE003E";"Gezag";"EAID_DAF09055_A5A6_4ff4_A158_21B20567B296";"Client";"Class";"EAPK_4F047F89_F482_48c9_810A_EC0B55B40AEE";"Sociaal Domein Generiek";"6 Sociaal Domein"
"EAID_E5BA04D7_A221_4f36_97AB_6E2D7A11C5BB";"Gladheid";"EAID_B825D33A_6DCE_4263_A031_E6E92C4EE86B";"StrooirouteUitvoering";"Class";"EAPK_02FD7722_6B39_4e67_A30D_D501E2716B6F";"Mobiliteit";"2 Verkeer, Vervoer en Waterstaat"
"EAID_E5BA04D7_A221_4f36_97AB_6E2D7A11C5BB";"Gladheid";"EAID_E2448A6D_3AE0_4884_AD5C_215A9E7166DE";"Strooidag";"Class";"EAPK_02FD7722_6B39_4e67_A30D_D501E2716B6F";"Mobiliteit";"2 Verkeer, Vervoer en Waterstaat"
"EAID_E5BA04D7_A221_4f36_97AB_6E2D7A11C5BB";"Gladheid";"EAID_73090FF8_12FD_471e_80FD_DBFB2FF97D7B";"Strooiroute";"Class";"EAPK_02FD7722_6B39_4e67_A30D_D501E2716B6F";"Mobiliteit";"2 Verkeer, Vervoer en Waterstaat"
"EAID_0A70FE73_68AD_4eea_AE2D_753982674647";"HUWELIJK/GEREGISTREERD PARTNERSCHAP";"EAID_24BDA4BA_CFCC_4e3f_8305_671F4ED7C502";"Woonplaats";"Class";"EAPK_58A5214F_E56C_4707_BE2D_AB36DD6976A3";"RSGBPlus";"99 Kern"
"EAID_0A70FE73_68AD_4eea_AE2D_753982674647";"HUWELIJK/GEREGISTREERD PARTNERSCHAP";"EAID_2C60DCDA_1F7A_4b5a_8B07_90F38762146D";"redenEindeRelatie";"Enumeration";"EAPK_58A5214F_E56C_4707_BE2D_AB36DD6976A3";"RSGBPlus";"99 Kern"
"EAID_0A70FE73_68AD_4eea_AE2D_753982674647";"HUWELIJK/GEREGISTREERD PARTNERSCHAP";"EAID_9F4E12E4_B228_4931_AC83_1B1F60958A89";"NatuurlijkPersoon";"Class";"EAPK_58A5214F_E56C_4707_BE2D_AB36DD6976A3";"RSGBPlus";"99 Kern"
"EAID_0A70FE73_68AD_4eea_AE2D_753982674647";"HUWELIJK/GEREGISTREERD PARTNERSCHAP";"EAID_10E7F112_407D_4099_9CC7_F6B53DD094BF";"OntbindingHuwelijk/geregistreerdPartnerschap";"Class";"EAPK_58A5214F_E56C_4707_BE2D_AB36DD6976A3";"RSGBPlus";"99 Kern"
"EAID_0A70FE73_68AD_4eea_AE2D_753982674647";"HUWELIJK/GEREGISTREERD PARTNERSCHAP";"EAID_28A0D7C0_DABF_403b_B263_22F424032A28";"SluitingOfAangaanHuwelijkOfGeregistreerdPartnerschap";"Class";"EAPK_58A5214F_E56C_4707_BE2D_AB36DD6976A3";"RSGBPlus";"99 Kern"
"EAID_E3EBD7A0_35C4_4bf4_BD01_6D97AD0B8BF3";"Hoofdobjecten IMBOR en Geo-object";"EAID_05B355EF_39EA_4bfb_B1F3_AB31841C986E";"Geo-Object";"Class";"EAPK_C3BA35EC_ABFA_4a7d_BEE9_07FF7563442D";"Beheer Openbare Ruimte";"8 Volkshuisvesting, Leefomgeving en Stedelijke Vernieuwing"
"EAID_E3EBD7A0_35C4_4bf4_BD01_6D97AD0B8BF3";"Hoofdobjecten IMBOR en Geo-object";"EAID_E9091F41_09F6_42D6_9295_8FE1CA54198";"Terreindeel";"Class";"EAPK_C3BA35EC_ABFA_4a7d_BEE9_07FF7563442D";"Beheer Openbare Ruimte";"8 Volkshuisvesting, Leefomgeving en Stedelijke Vernieuwing"
"EAID_E3EBD7A0_35C4_4bf4_BD01_6D97AD0B8BF3";"Hoofdobjecten IMBOR en Geo-object";"EAID_CDF116D4_B5B9_4D01_8A5B_4FFB08CEE00";"Mast";"Class";"EAPK_C3BA35EC_ABFA_4a7d_BEE9_07FF7563442D";"Beheer Openbare Ruimte";"8 Volkshuisvesting, Leefomgeving en Stedelijke Vernieuwing"
"EAID_E3EBD7A0_35C4_4bf4_BD01_6D97AD0B8BF3";"Hoofdobjecten IMBOR en Geo-object";"EAID_4223240C_8786_4D44_889E_9F54BA39A83";"Leiding";"Class";"EAPK_C3BA35EC_ABFA_4a7d_BEE9_07FF7563442D";"Beheer Openbare Ruimte";"8 Volkshuisvesting, Leefomgeving en Stedelijke Vernieuwing"
"EAID_E3EBD7A0_35C4_4bf4_BD01_6D97AD0B8BF3";"Hoofdobjecten IMBOR en Geo-object";"EAID_71BCDE9D_88C2_4519_8105_028E40898AB";"Kunstwerk";"Class";"EAPK_C3BA35EC_ABFA_4a7d_BEE9_07FF7563442D";"Beheer Openbare Ruimte";"8 Volkshuisvesting, Leefomgeving en Stedelijke Vernieuwing"
"EAID_E3EBD7A0_35C4_4bf4_BD01_6D97AD0B8BF3";"Hoofdobjecten IMBOR en Geo-object";"EAID_81CBE022_0D94_4377_82CA_3AA12937FE8";"Waterobject";"Class";"EAPK_C3BA35EC_ABFA_4a7d_BEE9_07FF7563442D";"Beheer Openbare Ruimte";"8 Volkshuisvesting, Leefomgeving en Stedelijke Vernieuwing"
"EAID_E3EBD7A0_35C4_4bf4_BD01_6D97AD0B8BF3";"Hoofdobjecten IMBOR en Geo-object";"EAID_0DCEE6C7_87BC_498C_A02A_25271DB1BC9";"Waterinrichtingsobject";"Class";"EAPK_C3BA35EC_ABFA_4a7d_BEE9_07FF7563442D";"Beheer Openbare Ruimte";"8 Volkshuisvesting, Leefomgeving en Stedelijke Vernieuwing"
"EAID_E3EBD7A0_35C4_4bf4_BD01_6D97AD0B8BF3";"Hoofdobjecten IMBOR en Geo-object";"EAID_8CD4C799_C403_41B6_B409_06D37398E31";"Verlichtingsobject";"Class";"EAPK_C3BA35EC_ABFA_4a7d_BEE9_07FF7563442D";"Beheer Openbare Ruimte";"8 Volkshuisvesting, Leefomgeving en Stedelijke Vernieuwing"
"EAID_E3EBD7A0_35C4_4bf4_BD01_6D97AD0B8BF3";"Hoofdobjecten IMBOR en Geo-object";"EAID_47F12418_C5F8_44E0_8EC6_3D0C5993372";"Verhardingsobject";"Class";"EAPK_C3BA35EC_ABFA_4a7d_BEE9_07FF7563442D";"Beheer Openbare Ruimte";"8 Volkshuisvesting, Leefomgeving en Stedelijke Vernieuwing"
"EAID_E3EBD7A0_35C4_4bf4_BD01_6D97AD0B8BF3";"Hoofdobjecten IMBOR en Geo-object";"EAID_761406D1_87BC_4DC1_B1B7_BD3BB7AB54A";"Vegetatieobject";"Class";"EAPK_C3BA35EC_ABFA_4a7d_BEE9_07FF7563442D";"Beheer Openbare Ruimte";"8 Volkshuisvesting, Leefomgeving en Stedelijke Vernieuwing"
"EAID_E3EBD7A0_35C4_4bf4_BD01_6D97AD0B8BF3";"Hoofdobjecten IMBOR en Geo-object";"EAID_7F3202B1_9A3B_4E02_B4F4_31EBCE6B8DE";"Weginrichtingsobject";"Class";"EAPK_C3BA35EC_ABFA_4a7d_BEE9_07FF7563442D";"Beheer Openbare Ruimte";"8 Volkshuisvesting, Leefomgeving en Stedelijke Vernieuwing"
"EAID_E3EBD7A0_35C4_4bf4_BD01_6D97AD0B8BF3";"Hoofdobjecten IMBOR en Geo-object";"EAID_906C9BA6_762D_4B15_94A3_6D8F2D8B922";"Tunnelobject";"Class";"EAPK_C3BA35EC_ABFA_4a7d_BEE9_07FF7563442D";"Beheer Openbare Ruimte";"8 Volkshuisvesting, Leefomgeving en Stedelijke Vernieuwing"
"EAID_E3EBD7A0_35C4_4bf4_BD01_6D97AD0B8BF3";"Hoofdobjecten IMBOR en Geo-object";"EAID_C538C222_0FA4_43EE_BF06_9512A484A57";"Scheiding";"Class";"EAPK_C3BA35EC_ABFA_4a7d_BEE9_07FF7563442D";"Beheer Openbare Ruimte";"8 Volkshuisvesting, Leefomgeving en Stedelijke Vernieuwing"
"EAID_E3EBD7A0_35C4_4bf4_BD01_6D97AD0B8BF3";"Hoofdobjecten IMBOR en Geo-object";"EAID_B7168388_9EB9_4C95_B35E_1BA2660849E";"Put";"Class";"EAPK_C3BA35EC_ABFA_4a7d_BEE9_07FF7563442D";"Beheer Openbare Ruimte";"8 Volkshuisvesting, Leefomgeving en Stedelijke Vernieuwing"
"EAID_E3EBD7A0_35C4_4bf4_BD01_6D97AD0B8BF3";"Hoofdobjecten IMBOR en Geo-object";"EAID_6B8DBBFB_03D7_4FD7_BBAB_3E7FBE60D97";"Paal";"Class";"EAPK_C3BA35EC_ABFA_4a7d_BEE9_07FF7563442D";"Beheer Openbare Ruimte";"8 Volkshuisvesting, Leefomgeving en Stedelijke Vernieuwing"
"EAID_E3EBD7A0_35C4_4bf4_BD01_6D97AD0B8BF3";"Hoofdobjecten IMBOR en Geo-object";"EAID_6B907CEB_2CBE_4886_9D3E_215F5D7E00A";"Overbruggingsobject";"Class";"EAPK_C3BA35EC_ABFA_4a7d_BEE9_07FF7563442D";"Beheer Openbare Ruimte";"8 Volkshuisvesting, Leefomgeving en Stedelijke Vernieuwing"
"EAID_E3EBD7A0_35C4_4bf4_BD01_6D97AD0B8BF3";"Hoofdobjecten IMBOR en Geo-object";"EAID_61526934_9D0C_4A07_8C5D_17F60E1A467";"Meubilair";"Class";"EAPK_C3BA35EC_ABFA_4a7d_BEE9_07FF7563442D";"Beheer Openbare Ruimte";"8 Volkshuisvesting, Leefomgeving en Stedelijke Vernieuwing"
"EAID_E3EBD7A0_35C4_4bf4_BD01_6D97AD0B8BF3";"Hoofdobjecten IMBOR en Geo-object";"EAID_4C52CC53_82F2_4B54_AA5F_B75FA00E9FF";"Leidingelement";"Class";"EAPK_C3BA35EC_ABFA_4a7d_BEE9_07FF7563442D";"Beheer Openbare Ruimte";"8 Volkshuisvesting, Leefomgeving en Stedelijke Vernieuwing"
"EAID_E3EBD7A0_35C4_4bf4_BD01_6D97AD0B8BF3";"Hoofdobjecten IMBOR en Geo-object";"EAID_E89ECEBE_796F_4CB7_9E9F_860EBC21B4B";"Kast";"Class";"EAPK_C3BA35EC_ABFA_4a7d_BEE9_07FF7563442D";"Beheer Openbare Ruimte";"8 Volkshuisvesting, Leefomgeving en Stedelijke Vernieuwing"
"EAID_E3EBD7A0_35C4_4bf4_BD01_6D97AD0B8BF3";"Hoofdobjecten IMBOR en Geo-object";"EAID_A143A97F_28C5_4B56_90F8_4773481A034";"Installatie";"Class";"EAPK_C3BA35EC_ABFA_4a7d_BEE9_07FF7563442D";"Beheer Openbare Ruimte";"8 Volkshuisvesting, Leefomgeving en Stedelijke Vernieuwing"
"EAID_E3EBD7A0_35C4_4bf4_BD01_6D97AD0B8BF3";"Hoofdobjecten IMBOR en Geo-object";"EAID_B4935E75_46CA_414D_949D_30A8B801FD5";"Groenobject";"Class";"EAPK_C3BA35EC_ABFA_4a7d_BEE9_07FF7563442D";"Beheer Openbare Ruimte";"8 Volkshuisvesting, Leefomgeving en Stedelijke Vernieuwing"
"EAID_E3EBD7A0_35C4_4bf4_BD01_6D97AD0B8BF3";"Hoofdobjecten IMBOR en Geo-object";"EAID_43DD67FD_75F0_4FE0_90F0_DB49048F14C";"FunctioneelGebied";"Class";"EAPK_C3BA35EC_ABFA_4a7d_BEE9_07FF7563442D";"Beheer Openbare Ruimte";"8 Volkshuisvesting, Leefomgeving en Stedelijke Vernieuwing"
"EAID_E3EBD7A0_35C4_4bf4_BD01_6D97AD0B8BF3";"Hoofdobjecten IMBOR en Geo-object";"EAID_FFA16BB2_FA5A_49F1_B3E8_794499B0278";"Bouwwerk";"Class";"EAPK_C3BA35EC_ABFA_4a7d_BEE9_07FF7563442D";"Beheer Openbare Ruimte";"8 Volkshuisvesting, Leefomgeving en Stedelijke Vernieuwing"
"EAID_E3EBD7A0_35C4_4bf4_BD01_6D97AD0B8BF3";"Hoofdobjecten IMBOR en Geo-object";"EAID_40BD01ED_180A_4644_AB10_4C94C891A45";"Bord";"Class";"EAPK_C3BA35EC_ABFA_4a7d_BEE9_07FF7563442D";"Beheer Openbare Ruimte";"8 Volkshuisvesting, Leefomgeving en Stedelijke Vernieuwing"
"EAID_E3EBD7A0_35C4_4bf4_BD01_6D97AD0B8BF3";"Hoofdobjecten IMBOR en Geo-object";"EAID_6B54FE2F_9897_47DA_863C_5A931E89B2D";"Bak";"Class";"EAPK_C3BA35EC_ABFA_4a7d_BEE9_07FF7563442D";"Beheer Openbare Ruimte";"8 Volkshuisvesting, Leefomgeving en Stedelijke Vernieuwing"
"EAID_E3EBD7A0_35C4_4bf4_BD01_6D97AD0B8BF3";"Hoofdobjecten IMBOR en Geo-object";"EAID_E060DC30_E4F2_4794_A16E_7207032E250";"Beheerobject";"Class";"EAPK_C3BA35EC_ABFA_4a7d_BEE9_07FF7563442D";"Beheer Openbare Ruimte";"8 Volkshuisvesting, Leefomgeving en Stedelijke Vernieuwing"
"EAID_4896574A_C4DD_4b27_A3B9_4481F4B29CCB";"Hoofdobjecten IMGeo en Beheerobjecten ";"EAID_11595AD8_CE67_40dd_BDA9_489DC7D244ED";"Pand";"Class";"EAPK_C3BA35EC_ABFA_4a7d_BEE9_07FF7563442D";"Beheer Openbare Ruimte";"8 Volkshuisvesting, Leefomgeving en Stedelijke Vernieuwing"
"EAID_4896574A_C4DD_4b27_A3B9_4481F4B29CCB";"Hoofdobjecten IMGeo en Beheerobjecten ";"EAID_4DA0EB59_963C_4558_B763_44F542BC8D89";"Inrichtingselement";"Class";"EAPK_C3BA35EC_ABFA_4a7d_BEE9_07FF7563442D";"Beheer Openbare Ruimte";"8 Volkshuisvesting, Leefomgeving en Stedelijke Vernieuwing"
"EAID_4896574A_C4DD_4b27_A3B9_4481F4B29CCB";"Hoofdobjecten IMGeo en Beheerobjecten ";"EAID_FD0B5F4D_AE9B_47bd_8C60_031D21AC24B1";"Waterdeel";"Class";"EAPK_C3BA35EC_ABFA_4a7d_BEE9_07FF7563442D";"Beheer Openbare Ruimte";"8 Volkshuisvesting, Leefomgeving en Stedelijke Vernieuwing"
"EAID_4896574A_C4DD_4b27_A3B9_4481F4B29CCB";"Hoofdobjecten IMGeo en Beheerobjecten ";"EAID_9980DF6D_0C86_4039_8400_C54DAC77FB79";"Vegetatieobject";"Class";"EAPK_C3BA35EC_ABFA_4a7d_BEE9_07FF7563442D";"Beheer Openbare Ruimte";"8 Volkshuisvesting, Leefomgeving en Stedelijke Vernieuwing"
"EAID_4896574A_C4DD_4b27_A3B9_4481F4B29CCB";"Hoofdobjecten IMGeo en Beheerobjecten ";"EAID_EE07AE43_1825_4377_9984_9636AB015C11";"Tunneldeel";"Class";"EAPK_C3BA35EC_ABFA_4a7d_BEE9_07FF7563442D";"Beheer Openbare Ruimte";"8 Volkshuisvesting, Leefomgeving en Stedelijke Vernieuwing"
"EAID_4896574A_C4DD_4b27_A3B9_4481F4B29CCB";"Hoofdobjecten IMGeo en Beheerobjecten ";"EAID_9B0F3F8B_B79B_46f7_BF81_96E4C63B9AC2";"Wegdeel";"Class";"EAPK_C3BA35EC_ABFA_4a7d_BEE9_07FF7563442D";"Beheer Openbare Ruimte";"8 Volkshuisvesting, Leefomgeving en Stedelijke Vernieuwing"
"EAID_4896574A_C4DD_4b27_A3B9_4481F4B29CCB";"Hoofdobjecten IMGeo en Beheerobjecten ";"EAID_B0EA89D8_EE32_410b_B683_8CA937E5009D";"Spoor";"Class";"EAPK_C3BA35EC_ABFA_4a7d_BEE9_07FF7563442D";"Beheer Openbare Ruimte";"8 Volkshuisvesting, Leefomgeving en Stedelijke Vernieuwing"
"EAID_4896574A_C4DD_4b27_A3B9_4481F4B29CCB";"Hoofdobjecten IMGeo en Beheerobjecten ";"EAID_A637379F_6E1D_47aa_AE75_3E22FE0DC814";"Scheiding";"Class";"EAPK_C3BA35EC_ABFA_4a7d_BEE9_07FF7563442D";"Beheer Openbare Ruimte";"8 Volkshuisvesting, Leefomgeving en Stedelijke Vernieuwing"
"EAID_4896574A_C4DD_4b27_A3B9_4481F4B29CCB";"Hoofdobjecten IMGeo en Beheerobjecten ";"EAID_EC57B722_D4B4_42d2_AF3C_31E085C63EBB";"OverigeScheiding";"Class";"EAPK_C3BA35EC_ABFA_4a7d_BEE9_07FF7563442D";"Beheer Openbare Ruimte";"8 Volkshuisvesting, Leefomgeving en Stedelijke Vernieuwing"
"EAID_4896574A_C4DD_4b27_A3B9_4481F4B29CCB";"Hoofdobjecten IMGeo en Beheerobjecten ";"EAID_1DA7BC25_CF02_4161_B9A2_DE0BE27C5254";"OverigBouwwerk";"Class";"EAPK_C3BA35EC_ABFA_4a7d_BEE9_07FF7563442D";"Beheer Openbare Ruimte";"8 Volkshuisvesting, Leefomgeving en Stedelijke Vernieuwing"
"EAID_4896574A_C4DD_4b27_A3B9_4481F4B29CCB";"Hoofdobjecten IMGeo en Beheerobjecten ";"EAID_CFA3D54E_C8E0_4559_9475_29D31AF2DECD";"OverigBenoemdTerrein";"Class";"EAPK_C3BA35EC_ABFA_4a7d_BEE9_07FF7563442D";"Beheer Openbare Ruimte";"8 Volkshuisvesting, Leefomgeving en Stedelijke Vernieuwing"
"EAID_4896574A_C4DD_4b27_A3B9_4481F4B29CCB";"Hoofdobjecten IMGeo en Beheerobjecten ";"EAID_2E45A5F3_A685_48c5_98D4_794BE382891E";"Overbruggingsdeel";"Class";"EAPK_C3BA35EC_ABFA_4a7d_BEE9_07FF7563442D";"Beheer Openbare Ruimte";"8 Volkshuisvesting, Leefomgeving en Stedelijke Vernieuwing"
"EAID_4896574A_C4DD_4b27_A3B9_4481F4B29CCB";"Hoofdobjecten IMGeo en Beheerobjecten ";"EAID_F55A5977_7E3B_4cf4_B8D1_CFCEECA0DEA1";"OndersteunendWegdeel";"Class";"EAPK_C3BA35EC_ABFA_4a7d_BEE9_07FF7563442D";"Beheer Openbare Ruimte";"8 Volkshuisvesting, Leefomgeving en Stedelijke Vernieuwing"
"EAID_4896574A_C4DD_4b27_A3B9_4481F4B29CCB";"Hoofdobjecten IMGeo en Beheerobjecten ";"EAID_7B92809F_CFAE_4be8_BE3A_4E4B94E83F52";"OndersteunendWaterdeel";"Class";"EAPK_C3BA35EC_ABFA_4a7d_BEE9_07FF7563442D";"Beheer Openbare Ruimte";"8 Volkshuisvesting, Leefomgeving en Stedelijke Vernieuwing"
"EAID_4896574A_C4DD_4b27_A3B9_4481F4B29CCB";"Hoofdobjecten IMGeo en Beheerobjecten ";"EAID_C32F1546_F793_4f13_91A4_2047E6DE6E91";"OnbegroeidTerreindeel";"Class";"EAPK_C3BA35EC_ABFA_4a7d_BEE9_07FF7563442D";"Beheer Openbare Ruimte";"8 Volkshuisvesting, Leefomgeving en Stedelijke Vernieuwing"
"EAID_4896574A_C4DD_4b27_A3B9_4481F4B29CCB";"Hoofdobjecten IMGeo en Beheerobjecten ";"EAID_2EC96974_F21E_4bdb_AF4D_30D7091F5645";"Kunstwerkdeel";"Class";"EAPK_C3BA35EC_ABFA_4a7d_BEE9_07FF7563442D";"Beheer Openbare Ruimte";"8 Volkshuisvesting, Leefomgeving en Stedelijke Vernieuwing"
"EAID_4896574A_C4DD_4b27_A3B9_4481F4B29CCB";"Hoofdobjecten IMGeo en Beheerobjecten ";"EAID_6FDC646C_F9E2_4610_8FFE_1ECFA99FFBD7";"Gebouwinstallatie";"Class";"EAPK_C3BA35EC_ABFA_4a7d_BEE9_07FF7563442D";"Beheer Openbare Ruimte";"8 Volkshuisvesting, Leefomgeving en Stedelijke Vernieuwing"
"EAID_4896574A_C4DD_4b27_A3B9_4481F4B29CCB";"Hoofdobjecten IMGeo en Beheerobjecten ";"EAID_B8F44180_1F2A_4bbc_8E17_6C472111A92B";"FunctioneelGebied";"Class";"EAPK_C3BA35EC_ABFA_4a7d_BEE9_07FF7563442D";"Beheer Openbare Ruimte";"8 Volkshuisvesting, Leefomgeving en Stedelijke Vernieuwing"
"EAID_4896574A_C4DD_4b27_A3B9_4481F4B29CCB";"Hoofdobjecten IMGeo en Beheerobjecten ";"EAID_D872C213_09D7_4dca_A020_EA363480FC7D";"BegroeidTerreindeel";"Class";"EAPK_C3BA35EC_ABFA_4a7d_BEE9_07FF7563442D";"Beheer Openbare Ruimte";"8 Volkshuisvesting, Leefomgeving en Stedelijke Vernieuwing"
"EAID_4896574A_C4DD_4b27_A3B9_4481F4B29CCB";"Hoofdobjecten IMGeo en Beheerobjecten ";"EAID_E060DC30_E4F2_4794_A16E_7207032E250";"Beheerobject";"Class";"EAPK_C3BA35EC_ABFA_4a7d_BEE9_07FF7563442D";"Beheer Openbare Ruimte";"8 Volkshuisvesting, Leefomgeving en Stedelijke Vernieuwing"
"EAID_4896574A_C4DD_4b27_A3B9_4481F4B29CCB";"Hoofdobjecten IMGeo en Beheerobjecten ";"EAID_05B355EF_39EA_4bfb_B1F3_AB31841C986E";"Geo-Object";"Class";"EAPK_C3BA35EC_ABFA_4a7d_BEE9_07FF7563442D";"Beheer Openbare Ruimte";"8 Volkshuisvesting, Leefomgeving en Stedelijke Vernieuwing"
"EAID_CABB9F3F_A6ED_479a_A175_6F61BE2BE8F8";"Huishouden en Huwelijk";"EAID_BFE30E32_8CB9_4272_A559_9FB3FD74DACC";"OpenbareRuimte";"Class";"EAPK_4F047F89_F482_48c9_810A_EC0B55B40AEE";"Sociaal Domein Generiek";"6 Sociaal Domein"
"EAID_CABB9F3F_A6ED_479a_A175_6F61BE2BE8F8";"Huishouden en Huwelijk";"EAID_32A22BC6_89EC_44af_8D7D_79B12311AE2D";"Nummeraanduiding";"Class";"EAPK_4F047F89_F482_48c9_810A_EC0B55B40AEE";"Sociaal Domein Generiek";"6 Sociaal Domein"
"EAID_CABB9F3F_A6ED_479a_A175_6F61BE2BE8F8";"Huishouden en Huwelijk";"EAID_28A0D7C0_DABF_403b_B263_22F424032A28";"SluitingOfAangaanHuwelijkOfGeregistreerdPartnerschap";"Class";"EAPK_4F047F89_F482_48c9_810A_EC0B55B40AEE";"Sociaal Domein Generiek";"6 Sociaal Domein"
"EAID_CABB9F3F_A6ED_479a_A175_6F61BE2BE8F8";"Huishouden en Huwelijk";"EAID_10E7F112_407D_4099_9CC7_F6B53DD094BF";"OntbindingHuwelijk/geregistreerdPartnerschap";"Class";"EAPK_4F047F89_F482_48c9_810A_EC0B55B40AEE";"Sociaal Domein Generiek";"6 Sociaal Domein"
"EAID_CABB9F3F_A6ED_479a_A175_6F61BE2BE8F8";"Huishouden en Huwelijk";"EAID_F0467610_553B_47cd_A9F7_3B1D20CC425E";"Huishouden";"Class";"EAPK_4F047F89_F482_48c9_810A_EC0B55B40AEE";"Sociaal Domein Generiek";"6 Sociaal Domein"
"EAID_CABB9F3F_A6ED_479a_A175_6F61BE2BE8F8";"Huishouden en Huwelijk";"EAID_AF9534B0_7CBD_4061_9276_A7B6698B383A";"IngeschrevenPersoon";"Class";"EAPK_4F047F89_F482_48c9_810A_EC0B55B40AEE";"Sociaal Domein Generiek";"6 Sociaal Domein"
"EAID_CABB9F3F_A6ED_479a_A175_6F61BE2BE8F8";"Huishouden en Huwelijk";"EAID_DAF09055_A5A6_4ff4_A158_21B20567B296";"Client";"Class";"EAPK_4F047F89_F482_48c9_810A_EC0B55B40AEE";"Sociaal Domein Generiek";"6 Sociaal Domein"
"EAID_CABB9F3F_A6ED_479a_A175_6F61BE2BE8F8";"Huishouden en Huwelijk";"EAID_9F4E12E4_B228_4931_AC83_1B1F60958A89";"NatuurlijkPersoon";"Class";"EAPK_4F047F89_F482_48c9_810A_EC0B55B40AEE";"Sociaal Domein Generiek";"6 Sociaal Domein"
"EAID_D6979B1E_19B7_405d_A366_0F319815E0A0";"INGESCHREVEN NATUURLIJK  PERSOON";"EAID_461EFCF0_E65E_4c7c_B44D_8F36C36FDCE4";"Verblijfsobject";"Class";"EAPK_58A5214F_E56C_4707_BE2D_AB36DD6976A3";"RSGBPlus";"99 Kern"
"EAID_D6979B1E_19B7_405d_A366_0F319815E0A0";"INGESCHREVEN NATUURLIJK  PERSOON";"EAID_24BDA4BA_CFCC_4e3f_8305_671F4ED7C502";"Woonplaats";"Class";"EAPK_58A5214F_E56C_4707_BE2D_AB36DD6976A3";"RSGBPlus";"99 Kern"
"EAID_D6979B1E_19B7_405d_A366_0F319815E0A0";"INGESCHREVEN NATUURLIJK  PERSOON";"EAID_8A04280B_E0B4_4e36_B448_C99750393D0D";"AdresseerbaarObject";"Class";"EAPK_58A5214F_E56C_4707_BE2D_AB36DD6976A3";"RSGBPlus";"99 Kern"
"EAID_D6979B1E_19B7_405d_A366_0F319815E0A0";"INGESCHREVEN NATUURLIJK  PERSOON";"EAID_785E3B69_19DA_4952_84A8_592965B9229A";"Ligplaats";"Class";"EAPK_58A5214F_E56C_4707_BE2D_AB36DD6976A3";"RSGBPlus";"99 Kern"
"EAID_D6979B1E_19B7_405d_A366_0F319815E0A0";"INGESCHREVEN NATUURLIJK  PERSOON";"EAID_86952BDA_ADF6_4ff0_B8C7_BA3AA889A40B";"Standplaats";"Class";"EAPK_58A5214F_E56C_4707_BE2D_AB36DD6976A3";"RSGBPlus";"99 Kern"
"EAID_D6979B1E_19B7_405d_A366_0F319815E0A0";"INGESCHREVEN NATUURLIJK  PERSOON";"EAID_CA9BC1BB_D572_4e47_BECF_17CFD379BD6A";"Reisdocument";"Class";"EAPK_58A5214F_E56C_4707_BE2D_AB36DD6976A3";"RSGBPlus";"99 Kern"
"EAID_D6979B1E_19B7_405d_A366_0F319815E0A0";"INGESCHREVEN NATUURLIJK  PERSOON";"EAID_CC77021D_2E01_45a9_BA46_7705DA27F49A";"burgelijkeStaat";"Enumeration";"EAPK_58A5214F_E56C_4707_BE2D_AB36DD6976A3";"RSGBPlus";"99 Kern"
"EAID_D6979B1E_19B7_405d_A366_0F319815E0A0";"INGESCHREVEN NATUURLIJK  PERSOON";"EAID_C9DD308F_7EA7_4c1a_BC7D_68077692C113";"GeboorteIngeschrevenNatuurlijkPersoon";"Class";"EAPK_58A5214F_E56C_4707_BE2D_AB36DD6976A3";"RSGBPlus";"99 Kern"
"EAID_D6979B1E_19B7_405d_A366_0F319815E0A0";"INGESCHREVEN NATUURLIJK  PERSOON";"EAID_34742A68_FA8B_45fd_A99F_90889FA2C5DD";"soortBewind";"Enumeration";"EAPK_58A5214F_E56C_4707_BE2D_AB36DD6976A3";"RSGBPlus";"99 Kern"
"EAID_D6979B1E_19B7_405d_A366_0F319815E0A0";"INGESCHREVEN NATUURLIJK  PERSOON";"EAID_65CA94EA_CFF1_4c4d_9294_81E513440961";"bronAdresBuitenland";"Enumeration";"EAPK_58A5214F_E56C_4707_BE2D_AB36DD6976A3";"RSGBPlus";"99 Kern"
"EAID_D6979B1E_19B7_405d_A366_0F319815E0A0";"INGESCHREVEN NATUURLIJK  PERSOON";"EAID_9FB86122_42DC_4375_ABF7_018B98BD3A3F";"aangever";"Enumeration";"EAPK_58A5214F_E56C_4707_BE2D_AB36DD6976A3";"RSGBPlus";"99 Kern"
"EAID_D6979B1E_19B7_405d_A366_0F319815E0A0";"INGESCHREVEN NATUURLIJK  PERSOON";"EAID_8555EE0F_7514_4a93_8469_FDAEB28E2626";"redenWijzigingAdres";"Enumeration";"EAPK_58A5214F_E56C_4707_BE2D_AB36DD6976A3";"RSGBPlus";"99 Kern"
"EAID_D6979B1E_19B7_405d_A366_0F319815E0A0";"INGESCHREVEN NATUURLIJK  PERSOON";"EAID_19B098F9_C63C_40ce_848D_093B73DE8710";"soortMigratie";"Enumeration";"EAPK_58A5214F_E56C_4707_BE2D_AB36DD6976A3";"RSGBPlus";"99 Kern"
"EAID_D6979B1E_19B7_405d_A366_0F319815E0A0";"INGESCHREVEN NATUURLIJK  PERSOON";"EAID_8B3F4F93_218F_4014_8698_A840E0D82CE4";"soortBijzondereRechtstoestandNatuurlijkPersoon";"Enumeration";"EAPK_58A5214F_E56C_4707_BE2D_AB36DD6976A3";"RSGBPlus";"99 Kern"
"EAID_D6979B1E_19B7_405d_A366_0F319815E0A0";"INGESCHREVEN NATUURLIJK  PERSOON";"EAID_0DC6F150_CF59_4376_A5F0_E0B600BE4C53";"VerblijfsrechtIngeschrevenNatuurlijkPersoon";"Class";"EAPK_58A5214F_E56C_4707_BE2D_AB36DD6976A3";"RSGBPlus";"99 Kern"
"EAID_D6979B1E_19B7_405d_A366_0F319815E0A0";"INGESCHREVEN NATUURLIJK  PERSOON";"EAID_21BC7953_0237_44c7_ACA5_8A8BC7AE96AD";"MigratieIngeschrevenNatuurlijkPersoon";"Class";"EAPK_58A5214F_E56C_4707_BE2D_AB36DD6976A3";"RSGBPlus";"99 Kern"
"EAID_D6979B1E_19B7_405d_A366_0F319815E0A0";"INGESCHREVEN NATUURLIJK  PERSOON";"EAID_26BCBA8B_C96C_4fc1_8CC3_40698E0FB71E";"OverlijdenIngeschrevenNatuurlijkPersoon";"Class";"EAPK_58A5214F_E56C_4707_BE2D_AB36DD6976A3";"RSGBPlus";"99 Kern"
"EAID_D6979B1E_19B7_405d_A366_0F319815E0A0";"INGESCHREVEN NATUURLIJK  PERSOON";"EAID_E5E010C2_C1F3_4986_AA9A_C71C19263606";"VerblijfadresIngeschrevenNatuurlijkPersoon";"Class";"EAPK_58A5214F_E56C_4707_BE2D_AB36DD6976A3";"RSGBPlus";"99 Kern"
"EAID_D6979B1E_19B7_405d_A366_0F319815E0A0";"INGESCHREVEN NATUURLIJK  PERSOON";"EAID_261B509E_6879_4475_B5F8_77E8428816CE";"NationaliteitIngeschrevenNatuurlijkPersoon";"Class";"EAPK_58A5214F_E56C_4707_BE2D_AB36DD6976A3";"RSGBPlus";"99 Kern"
"EAID_D6979B1E_19B7_405d_A366_0F319815E0A0";"INGESCHREVEN NATUURLIJK  PERSOON";"EAID_AF9534B0_7CBD_4061_9276_A7B6698B383A";"IngeschrevenPersoon";"Class";"EAPK_58A5214F_E56C_4707_BE2D_AB36DD6976A3";"RSGBPlus";"99 Kern"
"EAID_D6979B1E_19B7_405d_A366_0F319815E0A0";"INGESCHREVEN NATUURLIJK  PERSOON";"EAID_8E090A86_8095_458c_B162_B09982158CD5";"VerstrekkingsbeperkingPartieelIngeschrevenNatuurlijkPersoon";"Class";"EAPK_58A5214F_E56C_4707_BE2D_AB36DD6976A3";"RSGBPlus";"99 Kern"
"EAID_72DC2D83_7872_4a76_B42B_160CE6DFED16";"INGESCHREVEN NIET-NATUURLIJK PERSOON";"EAID_A67D8A18_D8AE_4898_A186_CF27566A7AFC";"soortBijzondereRechtstoestandNietNatuurlijkPersoon";"Enumeration";"EAPK_58A5214F_E56C_4707_BE2D_AB36DD6976A3";"RSGBPlus";"99 Kern"
"EAID_72DC2D83_7872_4a76_B42B_160CE6DFED16";"INGESCHREVEN NIET-NATUURLIJK PERSOON";"EAID_3E5210CC_DEDD_494c_94A2_FA767D54275A";"soortPubliekrechtelijkRechtsvorm";"Enumeration";"EAPK_58A5214F_E56C_4707_BE2D_AB36DD6976A3";"RSGBPlus";"99 Kern"
"EAID_72DC2D83_7872_4a76_B42B_160CE6DFED16";"INGESCHREVEN NIET-NATUURLIJK PERSOON";"EAID_EE5726F5_3FA7_4476_B74B_1C0775775F6B";"soortRechtsvorm";"Enumeration";"EAPK_58A5214F_E56C_4707_BE2D_AB36DD6976A3";"RSGBPlus";"99 Kern"
"EAID_72DC2D83_7872_4a76_B42B_160CE6DFED16";"INGESCHREVEN NIET-NATUURLIJK PERSOON";"EAID_536B347B_01A6_417c_A01D_1739BBD0B2E5";"typeringIngeschrevenNietNatuurlijkPersoon";"Enumeration";"EAPK_58A5214F_E56C_4707_BE2D_AB36DD6976A3";"RSGBPlus";"99 Kern"
"EAID_6947C2ED_7AB4_4d8f_9754_608629FC35E9";"INRICHTINGSELEMENT";"EAID_0F81E79F_B306_40b9_ADCA_59A1E3F55D2B";"statusGeoObject";"Enumeration";"EAPK_58A5214F_E56C_4707_BE2D_AB36DD6976A3";"RSGBPlus";"99 Kern"
"EAID_6947C2ED_7AB4_4d8f_9754_608629FC35E9";"INRICHTINGSELEMENT";"EAID_587CF5D6_8528_45ed_9AA0_8E446F48B71F";"typeringInrichtingselementPlus";"Enumeration";"EAPK_58A5214F_E56C_4707_BE2D_AB36DD6976A3";"RSGBPlus";"99 Kern"
"EAID_6947C2ED_7AB4_4d8f_9754_608629FC35E9";"INRICHTINGSELEMENT";"EAID_4A445D67_F0F4_47a9_834F_F99508939495";"typeringInrichtingselement";"Enumeration";"EAPK_58A5214F_E56C_4707_BE2D_AB36DD6976A3";"RSGBPlus";"99 Kern"
"EAID_6947C2ED_7AB4_4d8f_9754_608629FC35E9";"INRICHTINGSELEMENT";"EAID_4DA0EB59_963C_4558_B763_44F542BC8D89";"Inrichtingselement";"Class";"EAPK_58A5214F_E56C_4707_BE2D_AB36DD6976A3";"RSGBPlus";"99 Kern"
"EAID_390FED22_863F_46c6_8DAF_DBFEABC77AA8";"In- en uitstroom inkomensvoorziening";"EAID_8D999BE8_96AB_8418_B94F_289754CE1336";"Huisvestingsoort";"Class";"EAPK_7A13550B_AC75_4783_BD16_A9ED6E86172A";"Model Inkomen";"6 Sociaal Domein"
"EAID_390FED22_863F_46c6_8DAF_DBFEABC77AA8";"In- en uitstroom inkomensvoorziening";"EAID_99A2CB86_335A_FB97_9C8F_47170B1699EC";"RedenUitstroom";"Class";"EAPK_7A13550B_AC75_4783_BD16_A9ED6E86172A";"Model Inkomen";"6 Sociaal Domein"
"EAID_390FED22_863F_46c6_8DAF_DBFEABC77AA8";"In- en uitstroom inkomensvoorziening";"EAID_8D999BE8_96AB_8418_99A2_CB86335AFB97";"RedenInstroom";"Class";"EAPK_7A13550B_AC75_4783_BD16_A9ED6E86172A";"Model Inkomen";"6 Sociaal Domein"
"EAID_390FED22_863F_46c6_8DAF_DBFEABC77AA8";"In- en uitstroom inkomensvoorziening";"EAID_88B0A7AB_53E6_4bc1_8D99_9BE896AB8418";"RedenBlokkering";"Class";"EAPK_7A13550B_AC75_4783_BD16_A9ED6E86172A";"Model Inkomen";"6 Sociaal Domein"
"EAID_390FED22_863F_46c6_8DAF_DBFEABC77AA8";"In- en uitstroom inkomensvoorziening";"EAID_07784236_3AA6_45e5_8253_7D088C4020B0";"Inkomensvoorziening";"Class";"EAPK_7A13550B_AC75_4783_BD16_A9ED6E86172A";"Model Inkomen";"6 Sociaal Domein"
"EAID_96927C60_9F7B_4e67_806A_02EE0191983D";"Inburgering";"EAID_2D012E2E_4BD5_4465_B7E4_3E4268E43B13";"Doelgroep";"Enumeration";"EAPK_59E49EEB_D8EB_4e49_A5E2_62244987690E";"Inburgering";"6 Sociaal Domein"
"EAID_96927C60_9F7B_4e67_806A_02EE0191983D";"Inburgering";"EAID_AC2F4B40_AD01_0B7D_B713_7CBB564649D0";"ClassificatieArmTotUitstekend";"Enumeration";"EAPK_59E49EEB_D8EB_4e49_A5E2_62244987690E";"Inburgering";"6 Sociaal Domein"
"EAID_96927C60_9F7B_4e67_806A_02EE0191983D";"Inburgering";"EAID_DCE46ABA_613D_4204_86F4_35F517FF680F";"Examen";"Class";"EAPK_59E49EEB_D8EB_4e49_A5E2_62244987690E";"Inburgering";"6 Sociaal Domein"
"EAID_96927C60_9F7B_4e67_806A_02EE0191983D";"Inburgering";"EAID_CD72AB31_CB45_4a79_9464_373847342C1D";"Subdoel woonsituatie";"Enumeration";"EAPK_59E49EEB_D8EB_4e49_A5E2_62244987690E";"Inburgering";"6 Sociaal Domein"
"EAID_96927C60_9F7B_4e67_806A_02EE0191983D";"Inburgering";"EAID_DB49A2E8_2201_47aa_94F6_5E3E7554D505";"Subdoel psychische gezondheid";"Enumeration";"EAPK_59E49EEB_D8EB_4e49_A5E2_62244987690E";"Inburgering";"6 Sociaal Domein"
"EAID_96927C60_9F7B_4e67_806A_02EE0191983D";"Inburgering";"EAID_012213A5_85A0_4f66_BD45_E62CEBA2F418";"Subdoel lichamelijke gezondheid";"Enumeration";"EAPK_59E49EEB_D8EB_4e49_A5E2_62244987690E";"Inburgering";"6 Sociaal Domein"
"EAID_96927C60_9F7B_4e67_806A_02EE0191983D";"Inburgering";"EAID_0AD20B37_952E_49c4_B400_16010211AD9D";"Subdoel digitale vaardigheden";"Enumeration";"EAPK_59E49EEB_D8EB_4e49_A5E2_62244987690E";"Inburgering";"6 Sociaal Domein"
"EAID_96927C60_9F7B_4e67_806A_02EE0191983D";"Inburgering";"EAID_A4EA988A_3DC7_4b76_9363_7692B4A338F1";"Subdoel Taal";"Enumeration";"EAPK_59E49EEB_D8EB_4e49_A5E2_62244987690E";"Inburgering";"6 Sociaal Domein"
"EAID_96927C60_9F7B_4e67_806A_02EE0191983D";"Inburgering";"EAID_66FD4C23_5CC0_4cc1_AF24_3DFA6C1F9D3A";"Subdoel eenzaamheid";"Enumeration";"EAPK_59E49EEB_D8EB_4e49_A5E2_62244987690E";"Inburgering";"6 Sociaal Domein"
"EAID_96927C60_9F7B_4e67_806A_02EE0191983D";"Inburgering";"EAID_A5E09CFE_E708_40ce_BC9F_20376978B3B9";"Subdoel Justitie";"Enumeration";"EAPK_59E49EEB_D8EB_4e49_A5E2_62244987690E";"Inburgering";"6 Sociaal Domein"
"EAID_96927C60_9F7B_4e67_806A_02EE0191983D";"Inburgering";"EAID_32AC2751_F23B_4495_92A2_BD6A49666A26";"Subdoel zorgtaken";"Enumeration";"EAPK_59E49EEB_D8EB_4e49_A5E2_62244987690E";"Inburgering";"6 Sociaal Domein"
"EAID_96927C60_9F7B_4e67_806A_02EE0191983D";"Inburgering";"EAID_1795C338_A4B1_495f_A091_51AE710B8AA6";"Subdoel verslaving";"Enumeration";"EAPK_59E49EEB_D8EB_4e49_A5E2_62244987690E";"Inburgering";"6 Sociaal Domein"
"EAID_96927C60_9F7B_4e67_806A_02EE0191983D";"Inburgering";"EAID_3D53D7B8_F991_419d_9970_7CE4C137C695";"Subdoel Financien";"Enumeration";"EAPK_59E49EEB_D8EB_4e49_A5E2_62244987690E";"Inburgering";"6 Sociaal Domein"
"EAID_96927C60_9F7B_4e67_806A_02EE0191983D";"Inburgering";"EAID_0A4EE232_E486_4535_94EC_AC5C81286629";"Subdoel passende dagbesteding hebben (maatschappelijk fit worden)";"Enumeration";"EAPK_59E49EEB_D8EB_4e49_A5E2_62244987690E";"Inburgering";"6 Sociaal Domein"
"EAID_96927C60_9F7B_4e67_806A_02EE0191983D";"Inburgering";"EAID_5C24829E_282B_4e61_8A99_C74033C05221";"Subdoel vrijwilligerswerk doen (maatschappelijk fit worden)";"Enumeration";"EAPK_59E49EEB_D8EB_4e49_A5E2_62244987690E";"Inburgering";"6 Sociaal Domein"
"EAID_96927C60_9F7B_4e67_806A_02EE0191983D";"Inburgering";"EAID_9DC1A38B_104E_4219_9259_F1724F729077";"Subdoel opleiding volgen";"Enumeration";"EAPK_59E49EEB_D8EB_4e49_A5E2_62244987690E";"Inburgering";"6 Sociaal Domein"
"EAID_96927C60_9F7B_4e67_806A_02EE0191983D";"Inburgering";"EAID_E206FD3D_D9C6_4c07_AEA5_44BA9925FC89";"Subdoel ondernemen";"Enumeration";"EAPK_59E49EEB_D8EB_4e49_A5E2_62244987690E";"Inburgering";"6 Sociaal Domein"
"EAID_96927C60_9F7B_4e67_806A_02EE0191983D";"Inburgering";"EAID_AB7EA982_1495_4875_9660_E9485AD3C7C6";"Subdoel taalvaardigheden opdoen";"Enumeration";"EAPK_59E49EEB_D8EB_4e49_A5E2_62244987690E";"Inburgering";"6 Sociaal Domein"
"EAID_96927C60_9F7B_4e67_806A_02EE0191983D";"Inburgering";"EAID_F45C2D7F_F892_4b00_AA35_478EFB05129D";"Subdoel Werkervaring opdoen (werkfit worden)";"Enumeration";"EAPK_59E49EEB_D8EB_4e49_A5E2_62244987690E";"Inburgering";"6 Sociaal Domein"
"EAID_96927C60_9F7B_4e67_806A_02EE0191983D";"Inburgering";"EAID_1EFAE495_D46C_459a_ADA6_0215066F7FC7";"Subdoel Werknemersvaardigheden ontwikkelen (werkfit worden)";"Enumeration";"EAPK_59E49EEB_D8EB_4e49_A5E2_62244987690E";"Inburgering";"6 Sociaal Domein"
"EAID_96927C60_9F7B_4e67_806A_02EE0191983D";"Inburgering";"EAID_BA9C46B9_483E_4ba5_9073_07B354392B84";"Subdoel betaald werken met een opleiding";"Enumeration";"EAPK_59E49EEB_D8EB_4e49_A5E2_62244987690E";"Inburgering";"6 Sociaal Domein"
"EAID_96927C60_9F7B_4e67_806A_02EE0191983D";"Inburgering";"EAID_FAAA0B16_6595_49ee_9A77_53A88DFBBC6D";"Subdoel betaald werken naar vermogen";"Enumeration";"EAPK_59E49EEB_D8EB_4e49_A5E2_62244987690E";"Inburgering";"6 Sociaal Domein"
"EAID_96927C60_9F7B_4e67_806A_02EE0191983D";"Inburgering";"EAID_D33B52FA_CEC1_490f_BE5E_ECFA05F544E2";"Subdoel betaald werken";"Enumeration";"EAPK_59E49EEB_D8EB_4e49_A5E2_62244987690E";"Inburgering";"6 Sociaal Domein"
"EAID_96927C60_9F7B_4e67_806A_02EE0191983D";"Inburgering";"EAID_0279048D_E742_400c_9D86_03085E5EF917";"Subdoel Aandachtspunt";"Class";"EAPK_59E49EEB_D8EB_4e49_A5E2_62244987690E";"Inburgering";"6 Sociaal Domein"
"EAID_96927C60_9F7B_4e67_806A_02EE0191983D";"Inburgering";"EAID_B16DEA22_40DB_45a9_ADD9_5C1410F499B8";"Aandachtspunt";"Enumeration";"EAPK_59E49EEB_D8EB_4e49_A5E2_62244987690E";"Inburgering";"6 Sociaal Domein"
"EAID_96927C60_9F7B_4e67_806A_02EE0191983D";"Inburgering";"EAID_2FCD9A74_460D_4042_A207_FF78590CEBE6";"Ontwikkelwens";"Enumeration";"EAPK_59E49EEB_D8EB_4e49_A5E2_62244987690E";"Inburgering";"6 Sociaal Domein"
"EAID_96927C60_9F7B_4e67_806A_02EE0191983D";"Inburgering";"EAID_C83708A0_F5E8_4016_BC90_916160CDC918";"Doel";"Enumeration";"EAPK_59E49EEB_D8EB_4e49_A5E2_62244987690E";"Inburgering";"6 Sociaal Domein"
"EAID_96927C60_9F7B_4e67_806A_02EE0191983D";"Inburgering";"EAID_6828324F_D2D9_4d4b_8337_606BF522C8CC";"Opleidingsniveau";"Enumeration";"EAPK_59E49EEB_D8EB_4e49_A5E2_62244987690E";"Inburgering";"6 Sociaal Domein"
"EAID_96927C60_9F7B_4e67_806A_02EE0191983D";"Inburgering";"EAID_E6674A80_A87E_4b1e_B223_707C45E091A0";"PresentieTaalles";"Enumeration";"EAPK_59E49EEB_D8EB_4e49_A5E2_62244987690E";"Inburgering";"6 Sociaal Domein"
"EAID_96927C60_9F7B_4e67_806A_02EE0191983D";"Inburgering";"EAID_34632CBF_89DE_496f_9679_6EE3D724EC7F";"ParticipatieDeelname";"Enumeration";"EAPK_59E49EEB_D8EB_4e49_A5E2_62244987690E";"Inburgering";"6 Sociaal Domein"
"EAID_96927C60_9F7B_4e67_806A_02EE0191983D";"Inburgering";"EAID_6C8100BB_7885_4267_BF88_B9BC76D10892";"ClassificatieVoldoendeOnvoldoende";"Enumeration";"EAPK_59E49EEB_D8EB_4e49_A5E2_62244987690E";"Inburgering";"6 Sociaal Domein"
"EAID_96927C60_9F7B_4e67_806A_02EE0191983D";"Inburgering";"EAID_ACBF6B07_C3E2_466f_B2B4_A65657A365BE";"BeoordelingAanvraagVerlenging";"Enumeration";"EAPK_59E49EEB_D8EB_4e49_A5E2_62244987690E";"Inburgering";"6 Sociaal Domein"
"EAID_96927C60_9F7B_4e67_806A_02EE0191983D";"Inburgering";"EAID_39F3CA70_4E74_407b_B1AC_A70F64F1A657";"WordtBehandeldAls";"Enumeration";"EAPK_59E49EEB_D8EB_4e49_A5E2_62244987690E";"Inburgering";"6 Sociaal Domein"
"EAID_96927C60_9F7B_4e67_806A_02EE0191983D";"Inburgering";"EAID_D736A972_6151_47ed_86CD_FBA92F15189A";"UitkomstLeerbaarheidstoets";"Enumeration";"EAPK_59E49EEB_D8EB_4e49_A5E2_62244987690E";"Inburgering";"6 Sociaal Domein"
"EAID_96927C60_9F7B_4e67_806A_02EE0191983D";"Inburgering";"EAID_0C74C068_BA3A_4394_AA76_16B47FEFC88C";"Taalvaardigheid";"Class";"EAPK_59E49EEB_D8EB_4e49_A5E2_62244987690E";"Inburgering";"6 Sociaal Domein"
"EAID_96927C60_9F7B_4e67_806A_02EE0191983D";"Inburgering";"EAID_09D462A9_94C8_4803_A0A0_B7DB4363B45D";"B1-route";"Class";"EAPK_59E49EEB_D8EB_4e49_A5E2_62244987690E";"Inburgering";"6 Sociaal Domein"
"EAID_96927C60_9F7B_4e67_806A_02EE0191983D";"Inburgering";"EAID_63D30089_AD78_4c29_9D17_160FE4A242E8";"Aanvraag verlenging Inburgeringstermijn";"Class";"EAPK_59E49EEB_D8EB_4e49_A5E2_62244987690E";"Inburgering";"6 Sociaal Domein"
"EAID_96927C60_9F7B_4e67_806A_02EE0191983D";"Inburgering";"EAID_F188F63C_0033_4164_9F73_413AE6943497";"Aandachtspunt";"Class";"EAPK_59E49EEB_D8EB_4e49_A5E2_62244987690E";"Inburgering";"6 Sociaal Domein"
"EAID_96927C60_9F7B_4e67_806A_02EE0191983D";"Inburgering";"EAID_564CEF80_C5BE_4d74_8BC7_B48BEFDEE655";"Subdoel Ontwikkelwens";"Class";"EAPK_59E49EEB_D8EB_4e49_A5E2_62244987690E";"Inburgering";"6 Sociaal Domein"
"EAID_96927C60_9F7B_4e67_806A_02EE0191983D";"Inburgering";"EAID_CEAAEBFB_9CB8_4c5e_98F7_11791C0A21D2";"Hoofddoel";"Class";"EAPK_59E49EEB_D8EB_4e49_A5E2_62244987690E";"Inburgering";"6 Sociaal Domein"
"EAID_96927C60_9F7B_4e67_806A_02EE0191983D";"Inburgering";"EAID_D9FAEFEC_2B8E_48dc_A1E8_E134754E9943";"InburgeringsAanbod";"Class";"EAPK_59E49EEB_D8EB_4e49_A5E2_62244987690E";"Inburgering";"6 Sociaal Domein"
"EAID_96927C60_9F7B_4e67_806A_02EE0191983D";"Inburgering";"EAID_C31D4A7E_1F25_4b85_B49C_AEC45EB3DB54";"Vrijstelling";"Class";"EAPK_59E49EEB_D8EB_4e49_A5E2_62244987690E";"Inburgering";"6 Sociaal Domein"
"EAID_96927C60_9F7B_4e67_806A_02EE0191983D";"Inburgering";"EAID_3F5932BD_C721_402d_8154_74A1CE097825";"Ontheffing";"Class";"EAPK_59E49EEB_D8EB_4e49_A5E2_62244987690E";"Inburgering";"6 Sociaal Domein"
"EAID_96927C60_9F7B_4e67_806A_02EE0191983D";"Inburgering";"EAID_951AC549_985D_4bdb_BEE0_65AD3C1ED9E2";"Verlengingsgrond";"Class";"EAPK_59E49EEB_D8EB_4e49_A5E2_62244987690E";"Inburgering";"6 Sociaal Domein"
"EAID_96927C60_9F7B_4e67_806A_02EE0191983D";"Inburgering";"EAID_E07490AD_C5DE_4665_8540_92B19656A027";"Inburgeringstermijn";"Class";"EAPK_59E49EEB_D8EB_4e49_A5E2_62244987690E";"Inburgering";"6 Sociaal Domein"
"EAID_96927C60_9F7B_4e67_806A_02EE0191983D";"Inburgering";"EAID_E2C66E88_930E_460f_93F8_8CD160DCEE15";"Inburgeringsplicht";"Class";"EAPK_59E49EEB_D8EB_4e49_A5E2_62244987690E";"Inburgering";"6 Sociaal Domein"
"EAID_96927C60_9F7B_4e67_806A_02EE0191983D";"Inburgering";"EAID_1095BF0E_087F_4341_8B3C_E0DD4C9AF269";"ICT-Vaardigheid";"Class";"EAPK_59E49EEB_D8EB_4e49_A5E2_62244987690E";"Inburgering";"6 Sociaal Domein"
"EAID_96927C60_9F7B_4e67_806A_02EE0191983D";"Inburgering";"EAID_88DF555F_9F2F_4274_A1ED_B201EEE0E62E";"Training";"Class";"EAPK_59E49EEB_D8EB_4e49_A5E2_62244987690E";"Inburgering";"6 Sociaal Domein"
"EAID_96927C60_9F7B_4e67_806A_02EE0191983D";"Inburgering";"EAID_45BB12F8_C796_43aa_A4D0_FDC724601EB9";"Werk";"Class";"EAPK_59E49EEB_D8EB_4e49_A5E2_62244987690E";"Inburgering";"6 Sociaal Domein"
"EAID_96927C60_9F7B_4e67_806A_02EE0191983D";"Inburgering";"EAID_8C5FEEDF_1AE5_44a6_8A13_53A70F06DBBC";"Educatie";"Class";"EAPK_59E49EEB_D8EB_4e49_A5E2_62244987690E";"Inburgering";"6 Sociaal Domein"
"EAID_96927C60_9F7B_4e67_806A_02EE0191983D";"Inburgering";"EAID_950DD620_01C0_4594_875F_AE23C9154826";"Diplomawaardering";"Class";"EAPK_59E49EEB_D8EB_4e49_A5E2_62244987690E";"Inburgering";"6 Sociaal Domein"
"EAID_96927C60_9F7B_4e67_806A_02EE0191983D";"Inburgering";"EAID_7328FC95_FA03_405d_8EC4_5C4B3D5CF042";"Introductiemodule";"Class";"EAPK_59E49EEB_D8EB_4e49_A5E2_62244987690E";"Inburgering";"6 Sociaal Domein"
"EAID_96927C60_9F7B_4e67_806A_02EE0191983D";"Inburgering";"EAID_6AEA0314_895B_46be_B525_96F4657E7F0D";"Voorbereiding op Inburgering";"Class";"EAPK_59E49EEB_D8EB_4e49_A5E2_62244987690E";"Inburgering";"6 Sociaal Domein"
"EAID_96927C60_9F7B_4e67_806A_02EE0191983D";"Inburgering";"EAID_D41DCE2D_4AD5_45b8_9527_EC416F4A4CC7";"Examenonderdeel";"Class";"EAPK_59E49EEB_D8EB_4e49_A5E2_62244987690E";"Inburgering";"6 Sociaal Domein"
"EAID_96927C60_9F7B_4e67_806A_02EE0191983D";"Inburgering";"EAID_783B026E_E993_467c_85E0_E90E9E01BAA0";"PVT";"Class";"EAPK_59E49EEB_D8EB_4e49_A5E2_62244987690E";"Inburgering";"6 Sociaal Domein"
"EAID_96927C60_9F7B_4e67_806A_02EE0191983D";"Inburgering";"EAID_2177E7F0_0F76_41b7_B5CA_5FE182355E94";"MAP";"Class";"EAPK_59E49EEB_D8EB_4e49_A5E2_62244987690E";"Inburgering";"6 Sociaal Domein"
"EAID_96927C60_9F7B_4e67_806A_02EE0191983D";"Inburgering";"EAID_51285531_9529_4b2d_9EC6_B6BAEA729D9A";"Leerroute";"Class";"EAPK_59E49EEB_D8EB_4e49_A5E2_62244987690E";"Inburgering";"6 Sociaal Domein"
"EAID_96927C60_9F7B_4e67_806A_02EE0191983D";"Inburgering";"EAID_94EB7844_F863_4330_A15A_06ED4D1401E0";"PIP";"Class";"EAPK_59E49EEB_D8EB_4e49_A5E2_62244987690E";"Inburgering";"6 Sociaal Domein"
"EAID_96927C60_9F7B_4e67_806A_02EE0191983D";"Inburgering";"EAID_8B394DCE_C3C4_4262_9460_8EF130E90D83";"Brede Intake";"Class";"EAPK_59E49EEB_D8EB_4e49_A5E2_62244987690E";"Inburgering";"6 Sociaal Domein"
"EAID_96927C60_9F7B_4e67_806A_02EE0191983D";"Inburgering";"EAID_B0D9792B_46E7_4b88_B267_C72691616733";"Gemeente";"Class";"EAPK_59E49EEB_D8EB_4e49_A5E2_62244987690E";"Inburgering";"6 Sociaal Domein"
"EAID_96927C60_9F7B_4e67_806A_02EE0191983D";"Inburgering";"EAID_526489DC_4D57_4e6d_8338_5F7C898162F6";"Gezinsmigrant en Overige migrant";"Class";"EAPK_59E49EEB_D8EB_4e49_A5E2_62244987690E";"Inburgering";"6 Sociaal Domein"
"EAID_96927C60_9F7B_4e67_806A_02EE0191983D";"Inburgering";"EAID_40C9655E_15CF_4b46_8B59_FD8D4CBC57B5";"Verblijfplaats AZC";"Class";"EAPK_59E49EEB_D8EB_4e49_A5E2_62244987690E";"Inburgering";"6 Sociaal Domein"
"EAID_96927C60_9F7B_4e67_806A_02EE0191983D";"Inburgering";"EAID_598F7015_C6B5_4eed_80A6_139B62324678";"Asielstatushouder";"Class";"EAPK_59E49EEB_D8EB_4e49_A5E2_62244987690E";"Inburgering";"6 Sociaal Domein"
"EAID_96927C60_9F7B_4e67_806A_02EE0191983D";"Inburgering";"EAID_EE5472C2_193E_4432_B175_78D6DF1D357B";"Inburgeraar";"Class";"EAPK_59E49EEB_D8EB_4e49_A5E2_62244987690E";"Inburgering";"6 Sociaal Domein"
"EAID_96927C60_9F7B_4e67_806A_02EE0191983D";"Inburgering";"EAID_3BBDD95F_6586_4591_BBD0_D04D1CF2801E";"Vreemdeling";"Class";"EAPK_59E49EEB_D8EB_4e49_A5E2_62244987690E";"Inburgering";"6 Sociaal Domein"
"EAID_96927C60_9F7B_4e67_806A_02EE0191983D";"Inburgering";"EAID_9F4E12E4_B228_4931_AC83_1B1F60958A89";"NatuurlijkPersoon";"Class";"EAPK_59E49EEB_D8EB_4e49_A5E2_62244987690E";"Inburgering";"6 Sociaal Domein"
"EAID_96927C60_9F7B_4e67_806A_02EE0191983D";"Inburgering";"EAID_F9B2A863_63C8_4229_906A_D0891BB4F021";"Inburgeringstraject";"Class";"EAPK_59E49EEB_D8EB_4e49_A5E2_62244987690E";"Inburgering";"6 Sociaal Domein"
"EAID_96927C60_9F7B_4e67_806A_02EE0191983D";"Inburgering";"EAID_AE33D54A_A105_4fac_B378_D5651B66F0F0";"Ontwikkelwens";"Class";"EAPK_59E49EEB_D8EB_4e49_A5E2_62244987690E";"Inburgering";"6 Sociaal Domein"
"EAID_11FDAAAC_F865_4bf2_ADE2_9528E16A099B";"Ingeschreven natuurlijk persoon";"EAID_461EFCF0_E65E_4c7c_B44D_8F36C36FDCE4";"Verblijfsobject";"Class";"EAPK_58A5214F_E56C_4707_BE2D_AB36DD6976A3";"RSGBPlus";"99 Kern"
"EAID_11FDAAAC_F865_4bf2_ADE2_9528E16A099B";"Ingeschreven natuurlijk persoon";"EAID_24BDA4BA_CFCC_4e3f_8305_671F4ED7C502";"Woonplaats";"Class";"EAPK_58A5214F_E56C_4707_BE2D_AB36DD6976A3";"RSGBPlus";"99 Kern"
"EAID_11FDAAAC_F865_4bf2_ADE2_9528E16A099B";"Ingeschreven natuurlijk persoon";"EAID_8A04280B_E0B4_4e36_B448_C99750393D0D";"AdresseerbaarObject";"Class";"EAPK_58A5214F_E56C_4707_BE2D_AB36DD6976A3";"RSGBPlus";"99 Kern"
"EAID_11FDAAAC_F865_4bf2_ADE2_9528E16A099B";"Ingeschreven natuurlijk persoon";"EAID_86952BDA_ADF6_4ff0_B8C7_BA3AA889A40B";"Standplaats";"Class";"EAPK_58A5214F_E56C_4707_BE2D_AB36DD6976A3";"RSGBPlus";"99 Kern"
"EAID_11FDAAAC_F865_4bf2_ADE2_9528E16A099B";"Ingeschreven natuurlijk persoon";"EAID_785E3B69_19DA_4952_84A8_592965B9229A";"Ligplaats";"Class";"EAPK_58A5214F_E56C_4707_BE2D_AB36DD6976A3";"RSGBPlus";"99 Kern"
"EAID_11FDAAAC_F865_4bf2_ADE2_9528E16A099B";"Ingeschreven natuurlijk persoon";"EAID_AF9534B0_7CBD_4061_9276_A7B6698B383A";"IngeschrevenPersoon";"Class";"EAPK_58A5214F_E56C_4707_BE2D_AB36DD6976A3";"RSGBPlus";"99 Kern"
"EAID_11FDAAAC_F865_4bf2_ADE2_9528E16A099B";"Ingeschreven natuurlijk persoon";"EAID_E5E010C2_C1F3_4986_AA9A_C71C19263606";"VerblijfadresIngeschrevenNatuurlijkPersoon";"Class";"EAPK_58A5214F_E56C_4707_BE2D_AB36DD6976A3";"RSGBPlus";"99 Kern"
"EAID_961C94EE_3855_46ff_869F_B19383CEE8DD";"KADASTRAAL ONROERENDE ZAAK AANTEKENING";"EAID_9DF5AC43_3673_4b9a_BB5E_6DCA7BE28835";"Rechtspersoon";"Class";"EAPK_58A5214F_E56C_4707_BE2D_AB36DD6976A3";"RSGBPlus";"99 Kern"
"EAID_961C94EE_3855_46ff_869F_B19383CEE8DD";"KADASTRAAL ONROERENDE ZAAK AANTEKENING";"EAID_9775E778_DBF8_4122_94CE_551466B62F46";"KadastraleOnroerendeZaak";"Class";"EAPK_58A5214F_E56C_4707_BE2D_AB36DD6976A3";"RSGBPlus";"99 Kern"
"EAID_961C94EE_3855_46ff_869F_B19383CEE8DD";"KADASTRAAL ONROERENDE ZAAK AANTEKENING";"EAID_0BC18F79_3560_4e43_8154_7CCDC7D67A03";"KadastraleOnroerendeZaakAantekening";"Class";"EAPK_58A5214F_E56C_4707_BE2D_AB36DD6976A3";"RSGBPlus";"99 Kern"
"EAID_27591AAC_E9E2_4266_8413_3EBD07DA5D11";"KADASTRAAL PERCEEL";"EAID_172AFD36_B400_4660_BFAC_4BBC1077D666";"KadastraalPerceel";"Class";"EAPK_58A5214F_E56C_4707_BE2D_AB36DD6976A3";"RSGBPlus";"99 Kern"
"EAID_54189494_EC52_4728_91F7_B868A5AF5919";"KADASTRALE ONROERENDE ZAAK";"EAID_8A04280B_E0B4_4e36_B448_C99750393D0D";"AdresseerbaarObject";"Class";"EAPK_58A5214F_E56C_4707_BE2D_AB36DD6976A3";"RSGBPlus";"99 Kern"
"EAID_54189494_EC52_4728_91F7_B868A5AF5919";"KADASTRALE ONROERENDE ZAAK";"EAID_B1CB6F3A_A1F5_43f2_B077_02AD7441B1E3";"KoopsomKadastraleOnroerendeZaak";"Class";"EAPK_58A5214F_E56C_4707_BE2D_AB36DD6976A3";"RSGBPlus";"99 Kern"
"EAID_54189494_EC52_4728_91F7_B868A5AF5919";"KADASTRALE ONROERENDE ZAAK";"EAID_1ECAEB3C_EBE2_4afb_8D34_6AFEEFDF3FCA";"LocatieKadastraleOnroerendeZaak";"Class";"EAPK_58A5214F_E56C_4707_BE2D_AB36DD6976A3";"RSGBPlus";"99 Kern"
"EAID_54189494_EC52_4728_91F7_B868A5AF5919";"KADASTRALE ONROERENDE ZAAK";"EAID_9775E778_DBF8_4122_94CE_551466B62F46";"KadastraleOnroerendeZaak";"Class";"EAPK_58A5214F_E56C_4707_BE2D_AB36DD6976A3";"RSGBPlus";"99 Kern"
"EAID_54189494_EC52_4728_91F7_B868A5AF5919";"KADASTRALE ONROERENDE ZAAK";"EAID_CB7BA76D_0793_4d5a_9596_533C5BC56BBF";"WOZ-object";"Class";"EAPK_58A5214F_E56C_4707_BE2D_AB36DD6976A3";"RSGBPlus";"99 Kern"
"EAID_54189494_EC52_4728_91F7_B868A5AF5919";"KADASTRALE ONROERENDE ZAAK";"EAID_9DF5AC43_3673_4b9a_BB5E_6DCA7BE28835";"Rechtspersoon";"Class";"EAPK_58A5214F_E56C_4707_BE2D_AB36DD6976A3";"RSGBPlus";"99 Kern"
"EAID_54189494_EC52_4728_91F7_B868A5AF5919";"KADASTRALE ONROERENDE ZAAK";"EAID_8C809341_AC60_4378_8BA0_0843E8C06AF3";"ZakelijkRecht";"Class";"EAPK_58A5214F_E56C_4707_BE2D_AB36DD6976A3";"RSGBPlus";"99 Kern"
"EAID_F248A18B_2E4A_4492_8D06_0AFFA170077F";"KADASTRALE ONROERENDE ZAAK FILIATIE";"EAID_1453EF69_1E5E_49ae_8510_A68652374710";"AardFiliatie";"Class";"EAPK_58A5214F_E56C_4707_BE2D_AB36DD6976A3";"RSGBPlus";"99 Kern"
"EAID_F248A18B_2E4A_4492_8D06_0AFFA170077F";"KADASTRALE ONROERENDE ZAAK FILIATIE";"EAID_9775E778_DBF8_4122_94CE_551466B62F46";"KadastraleOnroerendeZaak";"Class";"EAPK_58A5214F_E56C_4707_BE2D_AB36DD6976A3";"RSGBPlus";"99 Kern"
"EAID_7DAF1FEF_4AF9_4aa7_B736_337DEF09C972";"KUNSTWERKDEEL";"EAID_0F81E79F_B306_40b9_ADCA_59A1E3F55D2B";"statusGeoObject";"Enumeration";"EAPK_58A5214F_E56C_4707_BE2D_AB36DD6976A3";"RSGBPlus";"99 Kern"
"EAID_7DAF1FEF_4AF9_4aa7_B736_337DEF09C972";"KUNSTWERKDEEL";"EAID_E86CB891_B9DD_4549_BC6E_7AB5CA87EF86";"typeringKunstwerk";"Enumeration";"EAPK_58A5214F_E56C_4707_BE2D_AB36DD6976A3";"RSGBPlus";"99 Kern"
"EAID_7DAF1FEF_4AF9_4aa7_B736_337DEF09C972";"KUNSTWERKDEEL";"EAID_64D33964_B205_4071_9C0F_00E6AFDACC45";"SoortKunstwerk";"Class";"EAPK_58A5214F_E56C_4707_BE2D_AB36DD6976A3";"RSGBPlus";"99 Kern"
"EAID_7DAF1FEF_4AF9_4aa7_B736_337DEF09C972";"KUNSTWERKDEEL";"EAID_2EC96974_F21E_4bdb_AF4D_30D7091F5645";"Kunstwerkdeel";"Class";"EAPK_58A5214F_E56C_4707_BE2D_AB36DD6976A3";"RSGBPlus";"99 Kern"
"EAID_FC491653_1FBF_412a_A939_A705D501AE48";"KVK";"EAID_32A22BC6_89EC_44af_8D7D_79B12311AE2D";"Nummeraanduiding";"Class";"EAPK_97C39FF1_DCAE_4b67_9249_015E2D795AE8";"3 Economie";"3 Economie"
"EAID_FC491653_1FBF_412a_A939_A705D501AE48";"KVK";"EAID_8A04280B_E0B4_4e36_B448_C99750393D0D";"AdresseerbaarObject";"Class";"EAPK_97C39FF1_DCAE_4b67_9249_015E2D795AE8";"3 Economie";"3 Economie"
"EAID_FC491653_1FBF_412a_A939_A705D501AE48";"KVK";"EAID_9BD0FBCB_1A9E_4cab_9280_0EBC428E38F7";"Boolean";"Enumeration";"EAPK_97C39FF1_DCAE_4b67_9249_015E2D795AE8";"3 Economie";"3 Economie"
"EAID_FC491653_1FBF_412a_A939_A705D501AE48";"KVK";"EAID_9F4E12E4_B228_4931_AC83_1B1F60958A89";"NatuurlijkPersoon";"Class";"EAPK_97C39FF1_DCAE_4b67_9249_015E2D795AE8";"3 Economie";"3 Economie"
"EAID_FC491653_1FBF_412a_A939_A705D501AE48";"KVK";"EAID_B3F47842_F9C5_4417_BC76_05CA58D4998D";"SBIActiviteit";"Class";"EAPK_97C39FF1_DCAE_4b67_9249_015E2D795AE8";"3 Economie";"3 Economie"
"EAID_FC491653_1FBF_412a_A939_A705D501AE48";"KVK";"EAID_EAD40DDC_9904_4cde_BE9B_2100268E71B7";"SBIActiviteitVestiging";"Class";"EAPK_97C39FF1_DCAE_4b67_9249_015E2D795AE8";"3 Economie";"3 Economie"
"EAID_FC491653_1FBF_412a_A939_A705D501AE48";"KVK";"EAID_EE5726F5_3FA7_4476_B74B_1C0775775F6B";"soortRechtsvorm";"Enumeration";"EAPK_97C39FF1_DCAE_4b67_9249_015E2D795AE8";"3 Economie";"3 Economie"
"EAID_FC491653_1FBF_412a_A939_A705D501AE48";"KVK";"EAID_5E685C97_7E21_492d_BAA7_AC7F5AE05A6D";"ProxyConnector";"Class";"EAPK_97C39FF1_DCAE_4b67_9249_015E2D795AE8";"3 Economie";"3 Economie"
"EAID_FC491653_1FBF_412a_A939_A705D501AE48";"KVK";"EAID_EAE2ABE3_531A_416e_A614_AD288E635512";"ProxyConnector";"Class";"EAPK_97C39FF1_DCAE_4b67_9249_015E2D795AE8";"3 Economie";"3 Economie"
"EAID_FC491653_1FBF_412a_A939_A705D501AE48";"KVK";"EAID_3DC85114_5C3F_4930_B98B_6EB6ED71FC2E";"MaatschappelijkeActiviteit";"Class";"EAPK_97C39FF1_DCAE_4b67_9249_015E2D795AE8";"3 Economie";"3 Economie"
"EAID_FC491653_1FBF_412a_A939_A705D501AE48";"KVK";"EAID_B60B8EF9_D1C0_4e36_BF9B_1C16F92518DD";"Vestiging";"Class";"EAPK_97C39FF1_DCAE_4b67_9249_015E2D795AE8";"3 Economie";"3 Economie"
"EAID_FC491653_1FBF_412a_A939_A705D501AE48";"KVK";"EAID_3D5CCB29_91E4_458e_8BCD_6741198E45B8";"NietNatuurlijkPersoon";"Class";"EAPK_97C39FF1_DCAE_4b67_9249_015E2D795AE8";"3 Economie";"3 Economie"
"EAID_FC491653_1FBF_412a_A939_A705D501AE48";"KVK";"EAID_9DF5AC43_3673_4b9a_BB5E_6DCA7BE28835";"Rechtspersoon";"Class";"EAPK_97C39FF1_DCAE_4b67_9249_015E2D795AE8";"3 Economie";"3 Economie"
"EAID_D72AF2BB_0DF5_41a8_9E25_5F3705C18167";"Kadastrale gemeenten referenties";"EAID_9775E778_DBF8_4122_94CE_551466B62F46";"KadastraleOnroerendeZaak";"Class";"EAPK_58A5214F_E56C_4707_BE2D_AB36DD6976A3";"RSGBPlus";"99 Kern"
"EAID_D72AF2BB_0DF5_41a8_9E25_5F3705C18167";"Kadastrale gemeenten referenties";"EAID_51BA37A4_2E1D_4704_9153_02759084D5E2";"KadastraleGemeente";"Class";"EAPK_58A5214F_E56C_4707_BE2D_AB36DD6976A3";"RSGBPlus";"99 Kern"
"EAID_513E7AD3_1E8A_460f_9D78_2D8A6AA9EF98";"Kern: Detaillering in Subjecten";"EAID_9F4E12E4_B228_4931_AC83_1B1F60958A89";"NatuurlijkPersoon";"Class";"EAPK_58A5214F_E56C_4707_BE2D_AB36DD6976A3";"RSGBPlus";"99 Kern"
"EAID_513E7AD3_1E8A_460f_9D78_2D8A6AA9EF98";"Kern: Detaillering in Subjecten";"EAID_3D5CCB29_91E4_458e_8BCD_6741198E45B8";"NietNatuurlijkPersoon";"Class";"EAPK_58A5214F_E56C_4707_BE2D_AB36DD6976A3";"RSGBPlus";"99 Kern"
"EAID_513E7AD3_1E8A_460f_9D78_2D8A6AA9EF98";"Kern: Detaillering in Subjecten";"EAID_9DF5AC43_3673_4b9a_BB5E_6DCA7BE28835";"Rechtspersoon";"Class";"EAPK_58A5214F_E56C_4707_BE2D_AB36DD6976A3";"RSGBPlus";"99 Kern"
"EAID_513E7AD3_1E8A_460f_9D78_2D8A6AA9EF98";"Kern: Detaillering in Subjecten";"EAID_CA19D17F_3EB7_459d_9883_16F0C0B5D35E";"Ingezetene";"Class";"EAPK_58A5214F_E56C_4707_BE2D_AB36DD6976A3";"RSGBPlus";"99 Kern"
"EAID_513E7AD3_1E8A_460f_9D78_2D8A6AA9EF98";"Kern: Detaillering in Subjecten";"EAID_AF9534B0_7CBD_4061_9276_A7B6698B383A";"IngeschrevenPersoon";"Class";"EAPK_58A5214F_E56C_4707_BE2D_AB36DD6976A3";"RSGBPlus";"99 Kern"
"EAID_29EB3097_1D02_4f00_8E7D_74A901E0FFCB";"Kern:Gemeente Wijk en buurt";"EAID_24BDA4BA_CFCC_4e3f_8305_671F4ED7C502";"Woonplaats";"Class";"EAPK_58A5214F_E56C_4707_BE2D_AB36DD6976A3";"RSGBPlus";"99 Kern"
"EAID_29EB3097_1D02_4f00_8E7D_74A901E0FFCB";"Kern:Gemeente Wijk en buurt";"EAID_38649FF6_88C6_437d_AF8E_A9023D55E16C";"Buurt";"Class";"EAPK_58A5214F_E56C_4707_BE2D_AB36DD6976A3";"RSGBPlus";"99 Kern"
"EAID_29EB3097_1D02_4f00_8E7D_74A901E0FFCB";"Kern:Gemeente Wijk en buurt";"EAID_120EA50B_B9A2_4869_A3BE_46931F631D33";"Wijk";"Class";"EAPK_58A5214F_E56C_4707_BE2D_AB36DD6976A3";"RSGBPlus";"99 Kern"
"EAID_29EB3097_1D02_4f00_8E7D_74A901E0FFCB";"Kern:Gemeente Wijk en buurt";"EAID_EA6F820F_C458_4b24_8055_5C2CC76F5904";"Gemeente";"Class";"EAPK_58A5214F_E56C_4707_BE2D_AB36DD6976A3";"RSGBPlus";"99 Kern"
"EAID_29EB3097_1D02_4f00_8E7D_74A901E0FFCB";"Kern:Gemeente Wijk en buurt";"EAID_AF9534B0_7CBD_4061_9276_A7B6698B383A";"IngeschrevenPersoon";"Class";"EAPK_58A5214F_E56C_4707_BE2D_AB36DD6976A3";"RSGBPlus";"99 Kern"
"EAID_4F55A673_8DCE_448b_BFAB_1BE924283AB1";"Kern:Klantcontact";"EAID_D8142B98_64CB_408e_9941_92423543F08A";"VestigingVanZaakbehandelendeOrganisatie";"Class";"EAPK_5CA50A0D_7FDC_40ea_B3F3_F85E008D3549";"10 Dienstverlening";"10 Dienstverlening"
"EAID_4F55A673_8DCE_448b_BFAB_1BE924283AB1";"Kern:Klantcontact";"EAID_D2F0A41E_E49A_4d27_B0A2_DEF81C612A5B";"Soorten Klantcontact";"Enumeration";"EAPK_5CA50A0D_7FDC_40ea_B3F3_F85E008D3549";"10 Dienstverlening";"10 Dienstverlening"
"EAID_4F55A673_8DCE_448b_BFAB_1BE924283AB1";"Kern:Klantcontact";"EAID_649EFD86_ED52_4293_8577_DBE5445845BF";"Zaak";"Class";"EAPK_5CA50A0D_7FDC_40ea_B3F3_F85E008D3549";"10 Dienstverlening";"10 Dienstverlening"
"EAID_4F55A673_8DCE_448b_BFAB_1BE924283AB1";"Kern:Klantcontact";"EAID_A3DAD553_0E55_4256_824B_CDB5E12CB545";"Klantcontact";"Class";"EAPK_5CA50A0D_7FDC_40ea_B3F3_F85E008D3549";"10 Dienstverlening";"10 Dienstverlening"
"EAID_4F55A673_8DCE_448b_BFAB_1BE924283AB1";"Kern:Klantcontact";"EAID_16EB3936_03CB_4854_9CD8_9F0911EEA51B";"Medewerker";"Class";"EAPK_5CA50A0D_7FDC_40ea_B3F3_F85E008D3549";"10 Dienstverlening";"10 Dienstverlening"
"EAID_4BDFAFE0_D36A_40b7_B839_6742165859A7";"Kern:Overige geo objecten op hoofdlijnen";"EAID_25785008_A2F4_4725_A525_B0E4FF470D9D";"typeringOverigeScheiding";"Enumeration";"EAPK_58A5214F_E56C_4707_BE2D_AB36DD6976A3";"RSGBPlus";"99 Kern"
"EAID_4BDFAFE0_D36A_40b7_B839_6742165859A7";"Kern:Overige geo objecten op hoofdlijnen";"EAID_B92F9DEF_A728_4425_BF33_2CCA3090CE70";"typeringVegetatieobject";"Enumeration";"EAPK_58A5214F_E56C_4707_BE2D_AB36DD6976A3";"RSGBPlus";"99 Kern"
"EAID_4BDFAFE0_D36A_40b7_B839_6742165859A7";"Kern:Overige geo objecten op hoofdlijnen";"EAID_EAAA0011_DD1F_4430_90EC_73150DE47D9C";"typeringGebouwinstallatie";"Enumeration";"EAPK_58A5214F_E56C_4707_BE2D_AB36DD6976A3";"RSGBPlus";"99 Kern"
"EAID_4BDFAFE0_D36A_40b7_B839_6742165859A7";"Kern:Overige geo objecten op hoofdlijnen";"EAID_587CF5D6_8528_45ed_9AA0_8E446F48B71F";"typeringInrichtingselementPlus";"Enumeration";"EAPK_58A5214F_E56C_4707_BE2D_AB36DD6976A3";"RSGBPlus";"99 Kern"
"EAID_4BDFAFE0_D36A_40b7_B839_6742165859A7";"Kern:Overige geo objecten op hoofdlijnen";"EAID_4A445D67_F0F4_47a9_834F_F99508939495";"typeringInrichtingselement";"Enumeration";"EAPK_58A5214F_E56C_4707_BE2D_AB36DD6976A3";"RSGBPlus";"99 Kern"
"EAID_4BDFAFE0_D36A_40b7_B839_6742165859A7";"Kern:Overige geo objecten op hoofdlijnen";"EAID_A9A8DD54_7906_4a59_85CF_1D32B7806A68";"fysiekVoorkomenOnbegroeidTerreinPlus";"Enumeration";"EAPK_58A5214F_E56C_4707_BE2D_AB36DD6976A3";"RSGBPlus";"99 Kern"
"EAID_4BDFAFE0_D36A_40b7_B839_6742165859A7";"Kern:Overige geo objecten op hoofdlijnen";"EAID_3E70AED6_A01D_4482_8158_BC4EA16804CF";"fysiekVoorkomenOnbegroeidTerrein";"Enumeration";"EAPK_58A5214F_E56C_4707_BE2D_AB36DD6976A3";"RSGBPlus";"99 Kern"
"EAID_4BDFAFE0_D36A_40b7_B839_6742165859A7";"Kern:Overige geo objecten op hoofdlijnen";"EAID_9BD0FBCB_1A9E_4cab_9280_0EBC428E38F7";"Boolean";"Enumeration";"EAPK_58A5214F_E56C_4707_BE2D_AB36DD6976A3";"RSGBPlus";"99 Kern"
"EAID_4BDFAFE0_D36A_40b7_B839_6742165859A7";"Kern:Overige geo objecten op hoofdlijnen";"EAID_0F81E79F_B306_40b9_ADCA_59A1E3F55D2B";"statusGeoObject";"Enumeration";"EAPK_58A5214F_E56C_4707_BE2D_AB36DD6976A3";"RSGBPlus";"99 Kern"
"EAID_4BDFAFE0_D36A_40b7_B839_6742165859A7";"Kern:Overige geo objecten op hoofdlijnen";"EAID_7EC13CE7_ECD4_4a02_8844_3FD6AC4C52C7";"fysiekVoorkomenBegroeidTerreinPlus";"Enumeration";"EAPK_58A5214F_E56C_4707_BE2D_AB36DD6976A3";"RSGBPlus";"99 Kern"
"EAID_4BDFAFE0_D36A_40b7_B839_6742165859A7";"Kern:Overige geo objecten op hoofdlijnen";"EAID_62B611C8_140B_42dd_8327_D258EB9D9E92";"fysiekVoorkomenBegroeidTerrein";"Enumeration";"EAPK_58A5214F_E56C_4707_BE2D_AB36DD6976A3";"RSGBPlus";"99 Kern"
"EAID_4BDFAFE0_D36A_40b7_B839_6742165859A7";"Kern:Overige geo objecten op hoofdlijnen";"EAID_05B355EF_39EA_4bfb_B1F3_AB31841C986E";"Geo-Object";"Class";"EAPK_58A5214F_E56C_4707_BE2D_AB36DD6976A3";"RSGBPlus";"99 Kern"
"EAID_4BDFAFE0_D36A_40b7_B839_6742165859A7";"Kern:Overige geo objecten op hoofdlijnen";"EAID_1DA7BC25_CF02_4161_B9A2_DE0BE27C5254";"OverigBouwwerk";"Class";"EAPK_58A5214F_E56C_4707_BE2D_AB36DD6976A3";"RSGBPlus";"99 Kern"
"EAID_4BDFAFE0_D36A_40b7_B839_6742165859A7";"Kern:Overige geo objecten op hoofdlijnen";"EAID_B8F44180_1F2A_4bbc_8E17_6C472111A92B";"FunctioneelGebied";"Class";"EAPK_58A5214F_E56C_4707_BE2D_AB36DD6976A3";"RSGBPlus";"99 Kern"
"EAID_4BDFAFE0_D36A_40b7_B839_6742165859A7";"Kern:Overige geo objecten op hoofdlijnen";"EAID_4DA0EB59_963C_4558_B763_44F542BC8D89";"Inrichtingselement";"Class";"EAPK_58A5214F_E56C_4707_BE2D_AB36DD6976A3";"RSGBPlus";"99 Kern"
"EAID_4BDFAFE0_D36A_40b7_B839_6742165859A7";"Kern:Overige geo objecten op hoofdlijnen";"EAID_6FDC646C_F9E2_4610_8FFE_1ECFA99FFBD7";"Gebouwinstallatie";"Class";"EAPK_58A5214F_E56C_4707_BE2D_AB36DD6976A3";"RSGBPlus";"99 Kern"
"EAID_4BDFAFE0_D36A_40b7_B839_6742165859A7";"Kern:Overige geo objecten op hoofdlijnen";"EAID_9980DF6D_0C86_4039_8400_C54DAC77FB79";"Vegetatieobject";"Class";"EAPK_58A5214F_E56C_4707_BE2D_AB36DD6976A3";"RSGBPlus";"99 Kern"
"EAID_4BDFAFE0_D36A_40b7_B839_6742165859A7";"Kern:Overige geo objecten op hoofdlijnen";"EAID_EC57B722_D4B4_42d2_AF3C_31E085C63EBB";"OverigeScheiding";"Class";"EAPK_58A5214F_E56C_4707_BE2D_AB36DD6976A3";"RSGBPlus";"99 Kern"
"EAID_4BDFAFE0_D36A_40b7_B839_6742165859A7";"Kern:Overige geo objecten op hoofdlijnen";"EAID_A637379F_6E1D_47aa_AE75_3E22FE0DC814";"Scheiding";"Class";"EAPK_58A5214F_E56C_4707_BE2D_AB36DD6976A3";"RSGBPlus";"99 Kern"
"EAID_4BDFAFE0_D36A_40b7_B839_6742165859A7";"Kern:Overige geo objecten op hoofdlijnen";"EAID_C32F1546_F793_4f13_91A4_2047E6DE6E91";"OnbegroeidTerreindeel";"Class";"EAPK_58A5214F_E56C_4707_BE2D_AB36DD6976A3";"RSGBPlus";"99 Kern"
"EAID_4BDFAFE0_D36A_40b7_B839_6742165859A7";"Kern:Overige geo objecten op hoofdlijnen";"EAID_D872C213_09D7_4dca_A020_EA363480FC7D";"BegroeidTerreindeel";"Class";"EAPK_58A5214F_E56C_4707_BE2D_AB36DD6976A3";"RSGBPlus";"99 Kern"
"EAID_4BDFAFE0_D36A_40b7_B839_6742165859A7";"Kern:Overige geo objecten op hoofdlijnen";"EAID_91CCBFAB_A25F_4758_9C19_ACE5E0327CE0";"OverigeGeoObjecten";"Class";"EAPK_58A5214F_E56C_4707_BE2D_AB36DD6976A3";"RSGBPlus";"99 Kern"
"EAID_30391B0F_CF52_4dc1_BC1B_36D428BF0120";"Kern:Personen";"EAID_A660422D_E9ED_47c9_9978_480E57572775";"Verblijfstitel";"Class";"EAPK_58A5214F_E56C_4707_BE2D_AB36DD6976A3";"RSGBPlus";"99 Kern"
"EAID_30391B0F_CF52_4dc1_BC1B_36D428BF0120";"Kern:Personen";"EAID_69B41CDD_C3F1_449b_92B4_8F7657840646";"Nationaliteit";"Class";"EAPK_58A5214F_E56C_4707_BE2D_AB36DD6976A3";"RSGBPlus";"99 Kern"
"EAID_30391B0F_CF52_4dc1_BC1B_36D428BF0120";"Kern:Personen";"EAID_3E5B2877_D6CC_487e_BD79_042E32D17550";"AdresBuitenland";"Class";"EAPK_58A5214F_E56C_4707_BE2D_AB36DD6976A3";"RSGBPlus";"99 Kern"
"EAID_30391B0F_CF52_4dc1_BC1B_36D428BF0120";"Kern:Personen";"EAID_3D5CCB29_91E4_458e_8BCD_6741198E45B8";"NietNatuurlijkPersoon";"Class";"EAPK_58A5214F_E56C_4707_BE2D_AB36DD6976A3";"RSGBPlus";"99 Kern"
"EAID_30391B0F_CF52_4dc1_BC1B_36D428BF0120";"Kern:Personen";"EAID_6FB0A5B7_7B5F_437f_A462_4B1EADB964E4";"Huishouden";"Class";"EAPK_58A5214F_E56C_4707_BE2D_AB36DD6976A3";"RSGBPlus";"99 Kern"
"EAID_30391B0F_CF52_4dc1_BC1B_36D428BF0120";"Kern:Personen";"EAID_9F4E12E4_B228_4931_AC83_1B1F60958A89";"NatuurlijkPersoon";"Class";"EAPK_58A5214F_E56C_4707_BE2D_AB36DD6976A3";"RSGBPlus";"99 Kern"
"EAID_30391B0F_CF52_4dc1_BC1B_36D428BF0120";"Kern:Personen";"EAID_9DF5AC43_3673_4b9a_BB5E_6DCA7BE28835";"Rechtspersoon";"Class";"EAPK_58A5214F_E56C_4707_BE2D_AB36DD6976A3";"RSGBPlus";"99 Kern"
"EAID_30391B0F_CF52_4dc1_BC1B_36D428BF0120";"Kern:Personen";"EAID_CA19D17F_3EB7_459d_9883_16F0C0B5D35E";"Ingezetene";"Class";"EAPK_58A5214F_E56C_4707_BE2D_AB36DD6976A3";"RSGBPlus";"99 Kern"
"EAID_30391B0F_CF52_4dc1_BC1B_36D428BF0120";"Kern:Personen";"EAID_AF9534B0_7CBD_4061_9276_A7B6698B383A";"IngeschrevenPersoon";"Class";"EAPK_58A5214F_E56C_4707_BE2D_AB36DD6976A3";"RSGBPlus";"99 Kern"
"EAID_AF8FB811_01C2_4584_A905_9F1FCEC35184";"Kern:Verwijzing naar Personen ";"EAID_9F4E12E4_B228_4931_AC83_1B1F60958A89";"NatuurlijkPersoon";"Class";"EAPK_58A5214F_E56C_4707_BE2D_AB36DD6976A3";"RSGBPlus";"99 Kern"
"EAID_AF8FB811_01C2_4584_A905_9F1FCEC35184";"Kern:Verwijzing naar Personen ";"EAID_AF9534B0_7CBD_4061_9276_A7B6698B383A";"IngeschrevenPersoon";"Class";"EAPK_58A5214F_E56C_4707_BE2D_AB36DD6976A3";"RSGBPlus";"99 Kern"
"EAID_AF8FB811_01C2_4584_A905_9F1FCEC35184";"Kern:Verwijzing naar Personen ";"EAID_CA19D17F_3EB7_459d_9883_16F0C0B5D35E";"Ingezetene";"Class";"EAPK_58A5214F_E56C_4707_BE2D_AB36DD6976A3";"RSGBPlus";"99 Kern"
"EAID_AE8DC6AF_062B_4111_BAB4_D58F21FDDDF1";"Klantbeoordelingen";"EAID_649EFD86_ED52_4293_8577_DBE5445845BF";"Zaak";"Class";"EAPK_5CA50A0D_7FDC_40ea_B3F3_F85E008D3549";"10 Dienstverlening";"10 Dienstverlening"
"EAID_AE8DC6AF_062B_4111_BAB4_D58F21FDDDF1";"Klantbeoordelingen";"EAID_4B871112_CB41_4bfb_BD43_117C63D31BB4";"ProductOfDienst";"Class";"EAPK_5CA50A0D_7FDC_40ea_B3F3_F85E008D3549";"10 Dienstverlening";"10 Dienstverlening"
"EAID_AE8DC6AF_062B_4111_BAB4_D58F21FDDDF1";"Klantbeoordelingen";"EAID_936A4E8B_3E5A_44b6_8A5D_EFB39F83FB6D";"OrganisatorischeEenheid";"Class";"EAPK_5CA50A0D_7FDC_40ea_B3F3_F85E008D3549";"10 Dienstverlening";"10 Dienstverlening"
"EAID_AE8DC6AF_062B_4111_BAB4_D58F21FDDDF1";"Klantbeoordelingen";"EAID_16FB8171_A9ED_4027_A663_C035509501C8";"Betrokkene";"Class";"EAPK_5CA50A0D_7FDC_40ea_B3F3_F85E008D3549";"10 Dienstverlening";"10 Dienstverlening"
"EAID_AE8DC6AF_062B_4111_BAB4_D58F21FDDDF1";"Klantbeoordelingen";"EAID_40394EFE_AD3E_4fd9_B9FC_AF73442AF625";"Klantbeoordelingreden";"Class";"EAPK_5CA50A0D_7FDC_40ea_B3F3_F85E008D3549";"10 Dienstverlening";"10 Dienstverlening"
"EAID_AE8DC6AF_062B_4111_BAB4_D58F21FDDDF1";"Klantbeoordelingen";"EAID_881F95F7_7096_49ab_B1CA_4D9FA93BB4A9";"Klantbeoordeling";"Class";"EAPK_5CA50A0D_7FDC_40ea_B3F3_F85E008D3549";"10 Dienstverlening";"10 Dienstverlening"
"EAID_B3A1E688_38D0_4763_8396_CA1F19AD3EF6";"LIGPLAATS";"EAID_8A04280B_E0B4_4e36_B448_C99750393D0D";"AdresseerbaarObject";"Class";"EAPK_58A5214F_E56C_4707_BE2D_AB36DD6976A3";"RSGBPlus";"99 Kern"
"EAID_B3A1E688_38D0_4763_8396_CA1F19AD3EF6";"LIGPLAATS";"EAID_785E3B69_19DA_4952_84A8_592965B9229A";"Ligplaats";"Class";"EAPK_58A5214F_E56C_4707_BE2D_AB36DD6976A3";"RSGBPlus";"99 Kern"
"EAID_B3A1E688_38D0_4763_8396_CA1F19AD3EF6";"LIGPLAATS";"EAID_29B5467C_7E93_427a_9884_80CD0E931B6A";"typeObjectcode";"Enumeration";"EAPK_58A5214F_E56C_4707_BE2D_AB36DD6976A3";"RSGBPlus";"99 Kern"
"EAID_B3A1E688_38D0_4763_8396_CA1F19AD3EF6";"LIGPLAATS";"EAID_C27A40AB_D4D2_497b_923F_9C2251708BEF";"StatLigplaatsStandplaats";"Enumeration";"EAPK_58A5214F_E56C_4707_BE2D_AB36DD6976A3";"RSGBPlus";"99 Kern"
"EAID_B3A1E688_38D0_4763_8396_CA1F19AD3EF6";"LIGPLAATS";"EAID_E5E010C2_C1F3_4986_AA9A_C71C19263606";"VerblijfadresIngeschrevenNatuurlijkPersoon";"Class";"EAPK_58A5214F_E56C_4707_BE2D_AB36DD6976A3";"RSGBPlus";"99 Kern"
"EAID_C41FDD3D_A656_4fa9_99A9_10A59BF291E5";"Landen referentielijst";"EAID_10E7F112_407D_4099_9CC7_F6B53DD094BF";"OntbindingHuwelijk/geregistreerdPartnerschap";"Class";"EAPK_58A5214F_E56C_4707_BE2D_AB36DD6976A3";"RSGBPlus";"99 Kern"
"EAID_C41FDD3D_A656_4fa9_99A9_10A59BF291E5";"Landen referentielijst";"EAID_E3567219_5744_4b70_901D_BAEBD8FF4947";"VerblijfBuitenland";"Class";"EAPK_58A5214F_E56C_4707_BE2D_AB36DD6976A3";"RSGBPlus";"99 Kern"
"EAID_C41FDD3D_A656_4fa9_99A9_10A59BF291E5";"Landen referentielijst";"EAID_28A0D7C0_DABF_403b_B263_22F424032A28";"SluitingOfAangaanHuwelijkOfGeregistreerdPartnerschap";"Class";"EAPK_58A5214F_E56C_4707_BE2D_AB36DD6976A3";"RSGBPlus";"99 Kern"
"EAID_C41FDD3D_A656_4fa9_99A9_10A59BF291E5";"Landen referentielijst";"EAID_26BCBA8B_C96C_4fc1_8CC3_40698E0FB71E";"OverlijdenIngeschrevenNatuurlijkPersoon";"Class";"EAPK_58A5214F_E56C_4707_BE2D_AB36DD6976A3";"RSGBPlus";"99 Kern"
"EAID_C41FDD3D_A656_4fa9_99A9_10A59BF291E5";"Landen referentielijst";"EAID_C9DD308F_7EA7_4c1a_BC7D_68077692C113";"GeboorteIngeschrevenNatuurlijkPersoon";"Class";"EAPK_58A5214F_E56C_4707_BE2D_AB36DD6976A3";"RSGBPlus";"99 Kern"
"EAID_C41FDD3D_A656_4fa9_99A9_10A59BF291E5";"Landen referentielijst";"EAID_A17A01A9_2A4F_46e8_A55A_2B151F8ED46E";"LandOfgebied";"Class";"EAPK_58A5214F_E56C_4707_BE2D_AB36DD6976A3";"RSGBPlus";"99 Kern"
"EAID_1B629406_49FC_4622_9F65_EF0B8F33CCF8";"Leerroute";"EAID_09D462A9_94C8_4803_A0A0_B7DB4363B45D";"B1-route";"Class";"EAPK_59E49EEB_D8EB_4e49_A5E2_62244987690E";"Inburgering";"6 Sociaal Domein"
"EAID_1B629406_49FC_4622_9F65_EF0B8F33CCF8";"Leerroute";"EAID_51285531_9529_4b2d_9EC6_B6BAEA729D9A";"Leerroute";"Class";"EAPK_59E49EEB_D8EB_4e49_A5E2_62244987690E";"Inburgering";"6 Sociaal Domein"
"EAID_1B629406_49FC_4622_9F65_EF0B8F33CCF8";"Leerroute";"EAID_94EB7844_F863_4330_A15A_06ED4D1401E0";"PIP";"Class";"EAPK_59E49EEB_D8EB_4e49_A5E2_62244987690E";"Inburgering";"6 Sociaal Domein"
"EAID_0B75D3CA_1D93_46c7_9268_BD8276836FE2";"MAATSCHAPPELIJKE ACTIVITEIT";"EAID_5E685C97_7E21_492d_BAA7_AC7F5AE05A6D";"ProxyConnector";"Class";"EAPK_58A5214F_E56C_4707_BE2D_AB36DD6976A3";"RSGBPlus";"99 Kern"
"EAID_0B75D3CA_1D93_46c7_9268_BD8276836FE2";"MAATSCHAPPELIJKE ACTIVITEIT";"EAID_EAE2ABE3_531A_416e_A614_AD288E635512";"ProxyConnector";"Class";"EAPK_58A5214F_E56C_4707_BE2D_AB36DD6976A3";"RSGBPlus";"99 Kern"
"EAID_0B75D3CA_1D93_46c7_9268_BD8276836FE2";"MAATSCHAPPELIJKE ACTIVITEIT";"EAID_B60B8EF9_D1C0_4e36_BF9B_1C16F92518DD";"Vestiging";"Class";"EAPK_58A5214F_E56C_4707_BE2D_AB36DD6976A3";"RSGBPlus";"99 Kern"
"EAID_0B75D3CA_1D93_46c7_9268_BD8276836FE2";"MAATSCHAPPELIJKE ACTIVITEIT";"EAID_9DF5AC43_3673_4b9a_BB5E_6DCA7BE28835";"Rechtspersoon";"Class";"EAPK_58A5214F_E56C_4707_BE2D_AB36DD6976A3";"RSGBPlus";"99 Kern"
"EAID_0B75D3CA_1D93_46c7_9268_BD8276836FE2";"MAATSCHAPPELIJKE ACTIVITEIT";"EAID_3DC85114_5C3F_4930_B98B_6EB6ED71FC2E";"MaatschappelijkeActiviteit";"Class";"EAPK_58A5214F_E56C_4707_BE2D_AB36DD6976A3";"RSGBPlus";"99 Kern"
"EAID_B3CC7874_57AA_4aeb_BF3F_98A64E9D76E5";"MOR 2.0";"EAID_8E6BAEF8_1878_400f_9244_23575BD41EAB";"AanvraagOfMelding";"Class";"EAPK_F02E1A98_4C66_444a_B20C_D4BA9AB6E121";"Meldingen Openbare Ruimte";"8 Volkshuisvesting, Leefomgeving en Stedelijke Vernieuwing"
"EAID_B3CC7874_57AA_4aeb_BF3F_98A64E9D76E5";"MOR 2.0";"EAID_9DF5AC43_3673_4b9a_BB5E_6DCA7BE28835";"Rechtspersoon";"Class";"EAPK_F02E1A98_4C66_444a_B20C_D4BA9AB6E121";"Meldingen Openbare Ruimte";"8 Volkshuisvesting, Leefomgeving en Stedelijke Vernieuwing"
"EAID_B3CC7874_57AA_4aeb_BF3F_98A64E9D76E5";"MOR 2.0";"EAID_A9B89FF7_BCED_49fc_97A4_2A98BCED5B17";"MOR-AanvraagOfMelding";"Class";"EAPK_F02E1A98_4C66_444a_B20C_D4BA9AB6E121";"Meldingen Openbare Ruimte";"8 Volkshuisvesting, Leefomgeving en Stedelijke Vernieuwing"
"EAID_1D1CC6D9_472B_4f91_8096_0260E27F641C";"Meldingen Graafwerkzaamheden";"EAID_1EBA6DEB_268D_4339_86C9_7C1BA218A7A0";"Opbreking";"Class";"EAPK_C3BA35EC_ABFA_4a7d_BEE9_07FF7563442D";"Beheer Openbare Ruimte";"8 Volkshuisvesting, Leefomgeving en Stedelijke Vernieuwing"
"EAID_1D1CC6D9_472B_4f91_8096_0260E27F641C";"Meldingen Graafwerkzaamheden";"EAID_053B594A_5E45_4413_9339_D2D026ECCE20";"Omgevingsvergunning";"Class";"EAPK_C3BA35EC_ABFA_4a7d_BEE9_07FF7563442D";"Beheer Openbare Ruimte";"8 Volkshuisvesting, Leefomgeving en Stedelijke Vernieuwing"
"EAID_1D1CC6D9_472B_4f91_8096_0260E27F641C";"Meldingen Graafwerkzaamheden";"EAID_9DF5AC43_3673_4b9a_BB5E_6DCA7BE28835";"Rechtspersoon";"Class";"EAPK_C3BA35EC_ABFA_4a7d_BEE9_07FF7563442D";"Beheer Openbare Ruimte";"8 Volkshuisvesting, Leefomgeving en Stedelijke Vernieuwing"
"EAID_1D1CC6D9_472B_4f91_8096_0260E27F641C";"Meldingen Graafwerkzaamheden";"EAID_B53EC85A_C731_4fb6_8379_7D11802273B2";"Grondbeheerder";"Class";"EAPK_C3BA35EC_ABFA_4a7d_BEE9_07FF7563442D";"Beheer Openbare Ruimte";"8 Volkshuisvesting, Leefomgeving en Stedelijke Vernieuwing"
"EAID_1D1CC6D9_472B_4f91_8096_0260E27F641C";"Meldingen Graafwerkzaamheden";"EAID_EA7FE08E_34F7_45d2_BE2E_E4E3B8333BF3";"Leverancier";"Class";"EAPK_C3BA35EC_ABFA_4a7d_BEE9_07FF7563442D";"Beheer Openbare Ruimte";"8 Volkshuisvesting, Leefomgeving en Stedelijke Vernieuwing"
"EAID_1D1CC6D9_472B_4f91_8096_0260E27F641C";"Meldingen Graafwerkzaamheden";"EAID_5641C50A_C0FA_4e71_B07B_26C7B1CE94ED";"Document";"Class";"EAPK_C3BA35EC_ABFA_4a7d_BEE9_07FF7563442D";"Beheer Openbare Ruimte";"8 Volkshuisvesting, Leefomgeving en Stedelijke Vernieuwing"
"EAID_1D1CC6D9_472B_4f91_8096_0260E27F641C";"Meldingen Graafwerkzaamheden";"EAID_16EB3936_03CB_4854_9CD8_9F0911EEA51B";"Medewerker";"Class";"EAPK_C3BA35EC_ABFA_4a7d_BEE9_07FF7563442D";"Beheer Openbare Ruimte";"8 Volkshuisvesting, Leefomgeving en Stedelijke Vernieuwing"
"EAID_1D1CC6D9_472B_4f91_8096_0260E27F641C";"Meldingen Graafwerkzaamheden";"EAID_BBE1DC54_1482_4650_BB7F_930DDB823E09";"Uitvoerder Graafwerkzaamheden";"Class";"EAPK_C3BA35EC_ABFA_4a7d_BEE9_07FF7563442D";"Beheer Openbare Ruimte";"8 Volkshuisvesting, Leefomgeving en Stedelijke Vernieuwing"
"EAID_1D1CC6D9_472B_4f91_8096_0260E27F641C";"Meldingen Graafwerkzaamheden";"EAID_2587938E_CF7F_499b_BB21_9CB8BBCC1DD2";"Proces-verbaal-MOOR-melding";"Class";"EAPK_C3BA35EC_ABFA_4a7d_BEE9_07FF7563442D";"Beheer Openbare Ruimte";"8 Volkshuisvesting, Leefomgeving en Stedelijke Vernieuwing"
"EAID_1D1CC6D9_472B_4f91_8096_0260E27F641C";"Meldingen Graafwerkzaamheden";"EAID_30D5F6E6_DE8D_46b6_AC8A_6CA1391ADFF7";"MOOR-melding";"Class";"EAPK_C3BA35EC_ABFA_4a7d_BEE9_07FF7563442D";"Beheer Openbare Ruimte";"8 Volkshuisvesting, Leefomgeving en Stedelijke Vernieuwing"
"EAID_CA17D18C_13F5_4f6c_8BE0_6004C59C1EB9";"Metagegevens";"EAID_C8CE34A2_362A_4c99_A934_C66A2E6A0793";"Brondocumenten";"Class";"EAPK_DF1A3AF5_E138_4f54_AAB1_1716247A2F1D";"RGBZPlus";"99 Kern"
"EAID_CA17D18C_13F5_4f6c_8BE0_6004C59C1EB9";"Metagegevens";"EAID_BB4E5922_F0E8_40bb_8BB6_9B0DC648DD85";"FormeleHistorie";"Class";"EAPK_DF1A3AF5_E138_4f54_AAB1_1716247A2F1D";"RGBZPlus";"99 Kern"
"EAID_CA17D18C_13F5_4f6c_8BE0_6004C59C1EB9";"Metagegevens";"EAID_3D63DBCE_3FD5_4988_81D5_93A2D01A9D99";"MaterieleHistorie";"Class";"EAPK_DF1A3AF5_E138_4f54_AAB1_1716247A2F1D";"RGBZPlus";"99 Kern"
"EAID_CA17D18C_13F5_4f6c_8BE0_6004C59C1EB9";"Metagegevens";"EAID_85741CBC_594C_43f9_A2B5_C50166F1A461";"StrijdigheidOfNietigheid";"Class";"EAPK_DF1A3AF5_E138_4f54_AAB1_1716247A2F1D";"RGBZPlus";"99 Kern"
"EAID_CA17D18C_13F5_4f6c_8BE0_6004C59C1EB9";"Metagegevens";"EAID_E4DA500D_AB53_4e8a_B1A5_411F354F4AD2";"InOnderzoek";"Class";"EAPK_DF1A3AF5_E138_4f54_AAB1_1716247A2F1D";"RGBZPlus";"99 Kern"
"EAID_84B6B75B_2B58_455d_B019_C9B1E71717C2";"Model Parkeren";"EAID_9BD0FBCB_1A9E_4cab_9280_0EBC428E38F7";"Boolean";"Enumeration";"EAPK_AF9ED49C_3050_4403_98C8_8DC06A705338";"Parkeren";"2 Verkeer, Vervoer en Waterstaat"
"EAID_84B6B75B_2B58_455d_B019_C9B1E71717C2";"Model Parkeren";"EAID_4EA4D754_FAD7_4caf_8060_342689EC16FE";"MulderFeit";"Class";"EAPK_AF9ED49C_3050_4403_98C8_8DC06A705338";"Parkeren";"2 Verkeer, Vervoer en Waterstaat"
"EAID_84B6B75B_2B58_455d_B019_C9B1E71717C2";"Model Parkeren";"EAID_8F492648_6EF2_4f8a_87C9_2440230D4137";"Parkeergarage";"Class";"EAPK_AF9ED49C_3050_4403_98C8_8DC06A705338";"Parkeren";"2 Verkeer, Vervoer en Waterstaat"
"EAID_84B6B75B_2B58_455d_B019_C9B1E71717C2";"Model Parkeren";"EAID_16EB3936_03CB_4854_9CD8_9F0911EEA51B";"Medewerker";"Class";"EAPK_AF9ED49C_3050_4403_98C8_8DC06A705338";"Parkeren";"2 Verkeer, Vervoer en Waterstaat"
"EAID_84B6B75B_2B58_455d_B019_C9B1E71717C2";"Model Parkeren";"EAID_1CB4051D_B78A_48f0_AE3E_A98D997A5612";"Productsoort";"Class";"EAPK_AF9ED49C_3050_4403_98C8_8DC06A705338";"Parkeren";"2 Verkeer, Vervoer en Waterstaat"
"EAID_84B6B75B_2B58_455d_B019_C9B1E71717C2";"Model Parkeren";"EAID_209ACADD_34C7_4dc8_90AD_C6B3E092FBFD";"Productgroep";"Class";"EAPK_AF9ED49C_3050_4403_98C8_8DC06A705338";"Parkeren";"2 Verkeer, Vervoer en Waterstaat"
"EAID_84B6B75B_2B58_455d_B019_C9B1E71717C2";"Model Parkeren";"EAID_4957AC99_3F36_4959_A210_9EC6759B87F8";"Naheffing";"Class";"EAPK_AF9ED49C_3050_4403_98C8_8DC06A705338";"Parkeren";"2 Verkeer, Vervoer en Waterstaat"
"EAID_84B6B75B_2B58_455d_B019_C9B1E71717C2";"Model Parkeren";"EAID_5DD4AE03_667C_45b9_A46A_320077AC2926";"Zonesoort";"Enumeration";"EAPK_AF9ED49C_3050_4403_98C8_8DC06A705338";"Parkeren";"2 Verkeer, Vervoer en Waterstaat"
"EAID_84B6B75B_2B58_455d_B019_C9B1E71717C2";"Model Parkeren";"EAID_6C283ABA_C1A3_465b_B267_39E75D06E41F";"Belprovider";"Class";"EAPK_AF9ED49C_3050_4403_98C8_8DC06A705338";"Parkeren";"2 Verkeer, Vervoer en Waterstaat"
"EAID_84B6B75B_2B58_455d_B019_C9B1E71717C2";"Model Parkeren";"EAID_F8ADD9AF_76C0_425c_B059_18BB0AA20D28";"Doelgroepenplaatsen";"Enumeration";"EAPK_AF9ED49C_3050_4403_98C8_8DC06A705338";"Parkeren";"2 Verkeer, Vervoer en Waterstaat"
"EAID_84B6B75B_2B58_455d_B019_C9B1E71717C2";"Model Parkeren";"EAID_653EEEA7_ED82_427d_BD72_86C847793AD6";"Parkeerscan";"Class";"EAPK_AF9ED49C_3050_4403_98C8_8DC06A705338";"Parkeren";"2 Verkeer, Vervoer en Waterstaat"
"EAID_84B6B75B_2B58_455d_B019_C9B1E71717C2";"Model Parkeren";"EAID_339ACCD5_1D13_4a48_83DE_05A0A4A54C43";"Straatsectie";"Class";"EAPK_AF9ED49C_3050_4403_98C8_8DC06A705338";"Parkeren";"2 Verkeer, Vervoer en Waterstaat"
"EAID_84B6B75B_2B58_455d_B019_C9B1E71717C2";"Model Parkeren";"EAID_5E5C58AD_1634_4656_A183_EBA00F18F30E";"Parkeervlak";"Class";"EAPK_AF9ED49C_3050_4403_98C8_8DC06A705338";"Parkeren";"2 Verkeer, Vervoer en Waterstaat"
"EAID_84B6B75B_2B58_455d_B019_C9B1E71717C2";"Model Parkeren";"EAID_27219A32_3B52_4f54_AA67_A972F4B7D9D0";"Parkeerzone";"Class";"EAPK_AF9ED49C_3050_4403_98C8_8DC06A705338";"Parkeren";"2 Verkeer, Vervoer en Waterstaat"
"EAID_84B6B75B_2B58_455d_B019_C9B1E71717C2";"Model Parkeren";"EAID_9E0936E5_6B50_4205_BA5D_FEB80486D6F1";"Parkeerrecht";"Class";"EAPK_AF9ED49C_3050_4403_98C8_8DC06A705338";"Parkeren";"2 Verkeer, Vervoer en Waterstaat"
"EAID_84B6B75B_2B58_455d_B019_C9B1E71717C2";"Model Parkeren";"EAID_6AD98160_FFE6_4105_A724_5D5733C87CD8";"Voertuig";"Class";"EAPK_AF9ED49C_3050_4403_98C8_8DC06A705338";"Parkeren";"2 Verkeer, Vervoer en Waterstaat"
"EAID_84B6B75B_2B58_455d_B019_C9B1E71717C2";"Model Parkeren";"EAID_FF448272_AB9D_4ec9_B4BE_E60E2552817A";"Parkeervergunning";"Class";"EAPK_AF9ED49C_3050_4403_98C8_8DC06A705338";"Parkeren";"2 Verkeer, Vervoer en Waterstaat"
"EAID_84B6B75B_2B58_455d_B019_C9B1E71717C2";"Model Parkeren";"EAID_9DF5AC43_3673_4b9a_BB5E_6DCA7BE28835";"Rechtspersoon";"Class";"EAPK_AF9ED49C_3050_4403_98C8_8DC06A705338";"Parkeren";"2 Verkeer, Vervoer en Waterstaat"
"EAID_84B6B75B_2B58_455d_B019_C9B1E71717C2";"Model Parkeren";"EAID_EA7FE08E_34F7_45d2_BE2E_E4E3B8333BF3";"Leverancier";"Class";"EAPK_AF9ED49C_3050_4403_98C8_8DC06A705338";"Parkeren";"2 Verkeer, Vervoer en Waterstaat"
"EAID_04D7E1F3_FF3C_4aa7_AD34_486ED9BBCA93";"NATUURLIJK PERSOON";"EAID_10E7F112_407D_4099_9CC7_F6B53DD094BF";"OntbindingHuwelijk/geregistreerdPartnerschap";"Class";"EAPK_58A5214F_E56C_4707_BE2D_AB36DD6976A3";"RSGBPlus";"99 Kern"
"EAID_04D7E1F3_FF3C_4aa7_AD34_486ED9BBCA93";"NATUURLIJK PERSOON";"EAID_28A0D7C0_DABF_403b_B263_22F424032A28";"SluitingOfAangaanHuwelijkOfGeregistreerdPartnerschap";"Class";"EAPK_58A5214F_E56C_4707_BE2D_AB36DD6976A3";"RSGBPlus";"99 Kern"
"EAID_04D7E1F3_FF3C_4aa7_AD34_486ED9BBCA93";"NATUURLIJK PERSOON";"EAID_C252CE97_1239_44b4_9180_8DAD48897FA0";"naamgebruik";"Enumeration";"EAPK_58A5214F_E56C_4707_BE2D_AB36DD6976A3";"RSGBPlus";"99 Kern"
"EAID_04D7E1F3_FF3C_4aa7_AD34_486ED9BBCA93";"NATUURLIJK PERSOON";"EAID_5868306F_8B4E_4cd0_A47E_D171DAE493D5";"geslacht";"Enumeration";"EAPK_58A5214F_E56C_4707_BE2D_AB36DD6976A3";"RSGBPlus";"99 Kern"
"EAID_04D7E1F3_FF3C_4aa7_AD34_486ED9BBCA93";"NATUURLIJK PERSOON";"EAID_C27488AF_81A5_4ae3_8838_C036EA0B3167";"adelijkeTitel";"Enumeration";"EAPK_58A5214F_E56C_4707_BE2D_AB36DD6976A3";"RSGBPlus";"99 Kern"
"EAID_04D7E1F3_FF3C_4aa7_AD34_486ED9BBCA93";"NATUURLIJK PERSOON";"EAID_258FF0B3_7C1C_42ae_85C2_5D59D08DC64E";"predicaat";"Enumeration";"EAPK_58A5214F_E56C_4707_BE2D_AB36DD6976A3";"RSGBPlus";"99 Kern"
"EAID_04D7E1F3_FF3C_4aa7_AD34_486ED9BBCA93";"NATUURLIJK PERSOON";"EAID_02601AC0_9F85_47e3_82AF_7E8D860559F7";"NaamgebruikNatuurlijkPersoon";"Class";"EAPK_58A5214F_E56C_4707_BE2D_AB36DD6976A3";"RSGBPlus";"99 Kern"
"EAID_04D7E1F3_FF3C_4aa7_AD34_486ED9BBCA93";"NATUURLIJK PERSOON";"EAID_61321504_DFA1_4b65_853B_88C0581576F9";"SamengesteldeNaamNatuurlijkPersoon";"Class";"EAPK_58A5214F_E56C_4707_BE2D_AB36DD6976A3";"RSGBPlus";"99 Kern"
"EAID_04D7E1F3_FF3C_4aa7_AD34_486ED9BBCA93";"NATUURLIJK PERSOON";"EAID_9F4E12E4_B228_4931_AC83_1B1F60958A89";"NatuurlijkPersoon";"Class";"EAPK_58A5214F_E56C_4707_BE2D_AB36DD6976A3";"RSGBPlus";"99 Kern"
"EAID_A4A7A187_57B9_4ecb_9B3D_012C51E981E2";"NHR";"EAID_5E685C97_7E21_492d_BAA7_AC7F5AE05A6D";"ProxyConnector";"Class";"EAPK_58A5214F_E56C_4707_BE2D_AB36DD6976A3";"RSGBPlus";"99 Kern"
"EAID_A4A7A187_57B9_4ecb_9B3D_012C51E981E2";"NHR";"EAID_EAE2ABE3_531A_416e_A614_AD288E635512";"ProxyConnector";"Class";"EAPK_58A5214F_E56C_4707_BE2D_AB36DD6976A3";"RSGBPlus";"99 Kern"
"EAID_A4A7A187_57B9_4ecb_9B3D_012C51E981E2";"NHR";"EAID_AF9534B0_7CBD_4061_9276_A7B6698B383A";"IngeschrevenPersoon";"Class";"EAPK_58A5214F_E56C_4707_BE2D_AB36DD6976A3";"RSGBPlus";"99 Kern"
"EAID_A4A7A187_57B9_4ecb_9B3D_012C51E981E2";"NHR";"EAID_EAD40DDC_9904_4cde_BE9B_2100268E71B7";"SBIActiviteitVestiging";"Class";"EAPK_58A5214F_E56C_4707_BE2D_AB36DD6976A3";"RSGBPlus";"99 Kern"
"EAID_A4A7A187_57B9_4ecb_9B3D_012C51E981E2";"NHR";"EAID_B60B8EF9_D1C0_4e36_BF9B_1C16F92518DD";"Vestiging";"Class";"EAPK_58A5214F_E56C_4707_BE2D_AB36DD6976A3";"RSGBPlus";"99 Kern"
"EAID_A4A7A187_57B9_4ecb_9B3D_012C51E981E2";"NHR";"EAID_3DC85114_5C3F_4930_B98B_6EB6ED71FC2E";"MaatschappelijkeActiviteit";"Class";"EAPK_58A5214F_E56C_4707_BE2D_AB36DD6976A3";"RSGBPlus";"99 Kern"
"EAID_A4A7A187_57B9_4ecb_9B3D_012C51E981E2";"NHR";"EAID_9DF5AC43_3673_4b9a_BB5E_6DCA7BE28835";"Rechtspersoon";"Class";"EAPK_58A5214F_E56C_4707_BE2D_AB36DD6976A3";"RSGBPlus";"99 Kern"
"EAID_A4A7A187_57B9_4ecb_9B3D_012C51E981E2";"NHR";"EAID_9F4E12E4_B228_4931_AC83_1B1F60958A89";"NatuurlijkPersoon";"Class";"EAPK_58A5214F_E56C_4707_BE2D_AB36DD6976A3";"RSGBPlus";"99 Kern"
"EAID_A4A7A187_57B9_4ecb_9B3D_012C51E981E2";"NHR";"EAID_3D5CCB29_91E4_458e_8BCD_6741198E45B8";"NietNatuurlijkPersoon";"Class";"EAPK_58A5214F_E56C_4707_BE2D_AB36DD6976A3";"RSGBPlus";"99 Kern"
"EAID_AA6A32A2_564F_4406_8286_D935DB9DD91A";"NIET-NATUURLIJK PERSOON";"EAID_869E0A04_A663_4839_970D_7FB82DF6C317";"Appartementsrecht";"Class";"EAPK_58A5214F_E56C_4707_BE2D_AB36DD6976A3";"RSGBPlus";"99 Kern"
"EAID_AA6A32A2_564F_4406_8286_D935DB9DD91A";"NIET-NATUURLIJK PERSOON";"EAID_3D5CCB29_91E4_458e_8BCD_6741198E45B8";"NietNatuurlijkPersoon";"Class";"EAPK_58A5214F_E56C_4707_BE2D_AB36DD6976A3";"RSGBPlus";"99 Kern"
"EAID_5CA29BFA_5CFC_4680_9C7B_3B6E0FEEC213";"NUMMERAANDUIDING";"EAID_461EFCF0_E65E_4c7c_B44D_8F36C36FDCE4";"Verblijfsobject";"Class";"EAPK_58A5214F_E56C_4707_BE2D_AB36DD6976A3";"RSGBPlus";"99 Kern"
"EAID_5CA29BFA_5CFC_4680_9C7B_3B6E0FEEC213";"NUMMERAANDUIDING";"EAID_8A04280B_E0B4_4e36_B448_C99750393D0D";"AdresseerbaarObject";"Class";"EAPK_58A5214F_E56C_4707_BE2D_AB36DD6976A3";"RSGBPlus";"99 Kern"
"EAID_5CA29BFA_5CFC_4680_9C7B_3B6E0FEEC213";"NUMMERAANDUIDING";"EAID_785E3B69_19DA_4952_84A8_592965B9229A";"Ligplaats";"Class";"EAPK_58A5214F_E56C_4707_BE2D_AB36DD6976A3";"RSGBPlus";"99 Kern"
"EAID_5CA29BFA_5CFC_4680_9C7B_3B6E0FEEC213";"NUMMERAANDUIDING";"EAID_86952BDA_ADF6_4ff0_B8C7_BA3AA889A40B";"Standplaats";"Class";"EAPK_58A5214F_E56C_4707_BE2D_AB36DD6976A3";"RSGBPlus";"99 Kern"
"EAID_5CA29BFA_5CFC_4680_9C7B_3B6E0FEEC213";"NUMMERAANDUIDING";"EAID_29B5467C_7E93_427a_9884_80CD0E931B6A";"typeObjectcode";"Enumeration";"EAPK_58A5214F_E56C_4707_BE2D_AB36DD6976A3";"RSGBPlus";"99 Kern"
"EAID_5CA29BFA_5CFC_4680_9C7B_3B6E0FEEC213";"NUMMERAANDUIDING";"EAID_567C34A4_213A_4c9b_B96D_D339BAC041A0";"statusNummeraanduiding";"Enumeration";"EAPK_58A5214F_E56C_4707_BE2D_AB36DD6976A3";"RSGBPlus";"99 Kern"
"EAID_5CA29BFA_5CFC_4680_9C7B_3B6E0FEEC213";"NUMMERAANDUIDING";"EAID_E5E010C2_C1F3_4986_AA9A_C71C19263606";"VerblijfadresIngeschrevenNatuurlijkPersoon";"Class";"EAPK_58A5214F_E56C_4707_BE2D_AB36DD6976A3";"RSGBPlus";"99 Kern"
"EAID_5CA29BFA_5CFC_4680_9C7B_3B6E0FEEC213";"NUMMERAANDUIDING";"EAID_AF9534B0_7CBD_4061_9276_A7B6698B383A";"IngeschrevenPersoon";"Class";"EAPK_58A5214F_E56C_4707_BE2D_AB36DD6976A3";"RSGBPlus";"99 Kern"
"EAID_5CA29BFA_5CFC_4680_9C7B_3B6E0FEEC213";"NUMMERAANDUIDING";"EAID_7CDF37D9_26D7_46a5_9CF3_392601BDCECA";"OverigGebouwdObject";"Class";"EAPK_58A5214F_E56C_4707_BE2D_AB36DD6976A3";"RSGBPlus";"99 Kern"
"EAID_1818B773_1463_43c7_BACA_FEE391FE27CD";"Normafwijking";"EAID_032C6459_3922_4AEF_0D73_262C4A138E25";"Maatregel op uitkering";"Class";"EAPK_1AF36C69_888E_945B_4A20_2632D26A4D4C";"Normafwijking";"6 Sociaal Domein"
"EAID_1818B773_1463_43c7_BACA_FEE391FE27CD";"Normafwijking";"EAID_0B63B508_9F69_A5D7_4387_2632D2C24782";"Maatregel";"Class";"EAPK_1AF36C69_888E_945B_4A20_2632D26A4D4C";"Normafwijking";"6 Sociaal Domein"
"EAID_1818B773_1463_43c7_BACA_FEE391FE27CD";"Normafwijking";"EAID_05E49616_803F_4C1B_9663_262C4A191DF9";"Boete";"Class";"EAPK_1AF36C69_888E_945B_4A20_2632D26A4D4C";"Normafwijking";"6 Sociaal Domein"
"EAID_1818B773_1463_43c7_BACA_FEE391FE27CD";"Normafwijking";"EAID_1BD0DD3A_888E_945B_4A20_276CADAE4D4C";"Afwijkende maatregel";"Class";"EAPK_1AF36C69_888E_945B_4A20_2632D26A4D4C";"Normafwijking";"6 Sociaal Domein"
"EAID_1818B773_1463_43c7_BACA_FEE391FE27CD";"Normafwijking";"EAID_167FF4C9_6B66_EEDA_5189_262C4A139258";"Normafwijking";"Class";"EAPK_1AF36C69_888E_945B_4A20_2632D26A4D4C";"Normafwijking";"6 Sociaal Domein"
"EAID_7DCBF509_0E31_4ff7_B343_65E435AB38B8";"ONBEGROEID TERREINDEEL";"EAID_0F81E79F_B306_40b9_ADCA_59A1E3F55D2B";"statusGeoObject";"Enumeration";"EAPK_58A5214F_E56C_4707_BE2D_AB36DD6976A3";"RSGBPlus";"99 Kern"
"EAID_7DCBF509_0E31_4ff7_B343_65E435AB38B8";"ONBEGROEID TERREINDEEL";"EAID_A9A8DD54_7906_4a59_85CF_1D32B7806A68";"fysiekVoorkomenOnbegroeidTerreinPlus";"Enumeration";"EAPK_58A5214F_E56C_4707_BE2D_AB36DD6976A3";"RSGBPlus";"99 Kern"
"EAID_7DCBF509_0E31_4ff7_B343_65E435AB38B8";"ONBEGROEID TERREINDEEL";"EAID_3E70AED6_A01D_4482_8158_BC4EA16804CF";"fysiekVoorkomenOnbegroeidTerrein";"Enumeration";"EAPK_58A5214F_E56C_4707_BE2D_AB36DD6976A3";"RSGBPlus";"99 Kern"
"EAID_7DCBF509_0E31_4ff7_B343_65E435AB38B8";"ONBEGROEID TERREINDEEL";"EAID_C32F1546_F793_4f13_91A4_2047E6DE6E91";"OnbegroeidTerreindeel";"Class";"EAPK_58A5214F_E56C_4707_BE2D_AB36DD6976A3";"RSGBPlus";"99 Kern"
"EAID_16EB735F_475C_469b_9654_1569A13B8F31";"ONDERSTEUNEND WATERDEEL";"EAID_0F81E79F_B306_40b9_ADCA_59A1E3F55D2B";"statusGeoObject";"Enumeration";"EAPK_58A5214F_E56C_4707_BE2D_AB36DD6976A3";"RSGBPlus";"99 Kern"
"EAID_16EB735F_475C_469b_9654_1569A13B8F31";"ONDERSTEUNEND WATERDEEL";"EAID_71F13BFD_E7BF_4b46_9E3F_BCC309372885";"typeringOndersteunendWater";"Enumeration";"EAPK_58A5214F_E56C_4707_BE2D_AB36DD6976A3";"RSGBPlus";"99 Kern"
"EAID_16EB735F_475C_469b_9654_1569A13B8F31";"ONDERSTEUNEND WATERDEEL";"EAID_7B92809F_CFAE_4be8_BE3A_4E4B94E83F52";"OndersteunendWaterdeel";"Class";"EAPK_58A5214F_E56C_4707_BE2D_AB36DD6976A3";"RSGBPlus";"99 Kern"
"EAID_FEE365FC_F7EF_4271_977B_6F9A29FB9474";"ONDERSTEUNEND WEGDEEL";"EAID_EF39D22A_B429_43b3_8099_E45C7482ED41";"fysiekVoorkomenOndersteunendWegdeelPlus";"Enumeration";"EAPK_58A5214F_E56C_4707_BE2D_AB36DD6976A3";"RSGBPlus";"99 Kern"
"EAID_FEE365FC_F7EF_4271_977B_6F9A29FB9474";"ONDERSTEUNEND WEGDEEL";"EAID_E3C11CC8_D5A9_468b_AD26_8B3D5464EA87";"fysiekVoorkomenOndersteunendWegdeel";"Enumeration";"EAPK_58A5214F_E56C_4707_BE2D_AB36DD6976A3";"RSGBPlus";"99 Kern"
"EAID_FEE365FC_F7EF_4271_977B_6F9A29FB9474";"ONDERSTEUNEND WEGDEEL";"EAID_D01E5036_EAC0_4cdb_A96B_E31BCAEF106B";"functieOndersteunendWegdeel";"Enumeration";"EAPK_58A5214F_E56C_4707_BE2D_AB36DD6976A3";"RSGBPlus";"99 Kern"
"EAID_FEE365FC_F7EF_4271_977B_6F9A29FB9474";"ONDERSTEUNEND WEGDEEL";"EAID_F55A5977_7E3B_4cf4_B8D1_CFCEECA0DEA1";"OndersteunendWegdeel";"Class";"EAPK_58A5214F_E56C_4707_BE2D_AB36DD6976A3";"RSGBPlus";"99 Kern"
"EAID_9B0FEF1A_4146_409e_8B71_B12D4B4AB8A8";"ONDERZOEK";"EAID_E44C5FB6_67AB_4efe_B3F0_C6AFE5B6192F";"Boolean";"Enumeration";"EAPK_FC04420D_2055_4fcf_A2DB_E4C12E2150F1";"BAG";"99 Kern"
"EAID_9B0FEF1A_4146_409e_8B71_B12D4B4AB8A8";"ONDERZOEK";"EAID_24BDA4BA_CFCC_4e3f_8305_671F4ED7C502";"Woonplaats";"Class";"EAPK_FC04420D_2055_4fcf_A2DB_E4C12E2150F1";"BAG";"99 Kern"
"EAID_9B0FEF1A_4146_409e_8B71_B12D4B4AB8A8";"ONDERZOEK";"EAID_785E3B69_19DA_4952_84A8_592965B9229A";"Ligplaats";"Class";"EAPK_FC04420D_2055_4fcf_A2DB_E4C12E2150F1";"BAG";"99 Kern"
"EAID_9B0FEF1A_4146_409e_8B71_B12D4B4AB8A8";"ONDERZOEK";"EAID_86952BDA_ADF6_4ff0_B8C7_BA3AA889A40B";"Standplaats";"Class";"EAPK_FC04420D_2055_4fcf_A2DB_E4C12E2150F1";"BAG";"99 Kern"
"EAID_9B0FEF1A_4146_409e_8B71_B12D4B4AB8A8";"ONDERZOEK";"EAID_461EFCF0_E65E_4c7c_B44D_8F36C36FDCE4";"Verblijfsobject";"Class";"EAPK_FC04420D_2055_4fcf_A2DB_E4C12E2150F1";"BAG";"99 Kern"
"EAID_9B0FEF1A_4146_409e_8B71_B12D4B4AB8A8";"ONDERZOEK";"EAID_11595AD8_CE67_40dd_BDA9_489DC7D244ED";"Pand";"Class";"EAPK_FC04420D_2055_4fcf_A2DB_E4C12E2150F1";"BAG";"99 Kern"
"EAID_9B0FEF1A_4146_409e_8B71_B12D4B4AB8A8";"ONDERZOEK";"EAID_32A22BC6_89EC_44af_8D7D_79B12311AE2D";"Nummeraanduiding";"Class";"EAPK_FC04420D_2055_4fcf_A2DB_E4C12E2150F1";"BAG";"99 Kern"
"EAID_9B0FEF1A_4146_409e_8B71_B12D4B4AB8A8";"ONDERZOEK";"EAID_BFE30E32_8CB9_4272_A559_9FB3FD74DACC";"OpenbareRuimte";"Class";"EAPK_FC04420D_2055_4fcf_A2DB_E4C12E2150F1";"BAG";"99 Kern"
"EAID_9B0FEF1A_4146_409e_8B71_B12D4B4AB8A8";"ONDERZOEK";"EAID_5DB3AE05_D225_403e_B376_F163CD463ECF";"Onderzoek";"Class";"EAPK_FC04420D_2055_4fcf_A2DB_E4C12E2150F1";"BAG";"99 Kern"
"EAID_974F321A_9A6C_473e_B44D_938E410712CA";"OPENBARE RUIMTE";"EAID_BFE30E32_8CB9_4272_A559_9FB3FD74DACC";"OpenbareRuimte";"Class";"EAPK_58A5214F_E56C_4707_BE2D_AB36DD6976A3";"RSGBPlus";"99 Kern"
"EAID_974F321A_9A6C_473e_B44D_938E410712CA";"OPENBARE RUIMTE";"EAID_24BDA4BA_CFCC_4e3f_8305_671F4ED7C502";"Woonplaats";"Class";"EAPK_58A5214F_E56C_4707_BE2D_AB36DD6976A3";"RSGBPlus";"99 Kern"
"EAID_974F321A_9A6C_473e_B44D_938E410712CA";"OPENBARE RUIMTE";"EAID_29B5467C_7E93_427a_9884_80CD0E931B6A";"typeObjectcode";"Enumeration";"EAPK_58A5214F_E56C_4707_BE2D_AB36DD6976A3";"RSGBPlus";"99 Kern"
"EAID_974F321A_9A6C_473e_B44D_938E410712CA";"OPENBARE RUIMTE";"EAID_65E6F13C_2892_4068_9881_8B27C8134F14";"statusOpenbareRuimte";"Enumeration";"EAPK_58A5214F_E56C_4707_BE2D_AB36DD6976A3";"RSGBPlus";"99 Kern"
"EAID_974F321A_9A6C_473e_B44D_938E410712CA";"OPENBARE RUIMTE";"EAID_BAB6FE74_FD44_4fca_B021_B87D38DFA5CB";"typeringOpenbareRuimte";"Enumeration";"EAPK_58A5214F_E56C_4707_BE2D_AB36DD6976A3";"RSGBPlus";"99 Kern"
"EAID_974F321A_9A6C_473e_B44D_938E410712CA";"OPENBARE RUIMTE";"EAID_CB7BA76D_0793_4d5a_9596_533C5BC56BBF";"WOZ-object";"Class";"EAPK_58A5214F_E56C_4707_BE2D_AB36DD6976A3";"RSGBPlus";"99 Kern"
"EAID_974F321A_9A6C_473e_B44D_938E410712CA";"OPENBARE RUIMTE";"EAID_7CDF37D9_26D7_46a5_9CF3_392601BDCECA";"OverigGebouwdObject";"Class";"EAPK_58A5214F_E56C_4707_BE2D_AB36DD6976A3";"RSGBPlus";"99 Kern"
"EAID_FE76A77C_8D9C_4741_948C_B59D7B918FE3";"OVERBRUGGINSDEEL";"EAID_0F81E79F_B306_40b9_ADCA_59A1E3F55D2B";"statusGeoObject";"Enumeration";"EAPK_58A5214F_E56C_4707_BE2D_AB36DD6976A3";"RSGBPlus";"99 Kern"
"EAID_FE76A77C_8D9C_4741_948C_B59D7B918FE3";"OVERBRUGGINSDEEL";"EAID_F6175714_DD26_4c1d_BE2D_F9A60E9B0717";"typeOverbrugging";"Enumeration";"EAPK_58A5214F_E56C_4707_BE2D_AB36DD6976A3";"RSGBPlus";"99 Kern"
"EAID_FE76A77C_8D9C_4741_948C_B59D7B918FE3";"OVERBRUGGINSDEEL";"EAID_E0597DF2_B664_4b3c_8DCE_08DFB6C905C3";"typeringOverbruggingsdeel";"Enumeration";"EAPK_58A5214F_E56C_4707_BE2D_AB36DD6976A3";"RSGBPlus";"99 Kern"
"EAID_FE76A77C_8D9C_4741_948C_B59D7B918FE3";"OVERBRUGGINSDEEL";"EAID_2E45A5F3_A685_48c5_98D4_794BE382891E";"Overbruggingsdeel";"Class";"EAPK_58A5214F_E56C_4707_BE2D_AB36DD6976A3";"RSGBPlus";"99 Kern"
"EAID_DA3F1E20_E23D_448a_9A24_020E52326B3C";"OVERIG BENOEMD TERREIN";"EAID_29B5467C_7E93_427a_9884_80CD0E931B6A";"typeObjectcode";"Enumeration";"EAPK_58A5214F_E56C_4707_BE2D_AB36DD6976A3";"RSGBPlus";"99 Kern"
"EAID_DA3F1E20_E23D_448a_9A24_020E52326B3C";"OVERIG BENOEMD TERREIN";"EAID_6C1FC62B_EE66_4c73_BDBF_A59114A3806A";"gebruiksdoel";"Enumeration";"EAPK_58A5214F_E56C_4707_BE2D_AB36DD6976A3";"RSGBPlus";"99 Kern"
"EAID_DA3F1E20_E23D_448a_9A24_020E52326B3C";"OVERIG BENOEMD TERREIN";"EAID_7B33EB93_BAD8_4b36_90A1_B3909415EDC3";"OverigeAdresseerbaarObjectAanduiding";"Class";"EAPK_58A5214F_E56C_4707_BE2D_AB36DD6976A3";"RSGBPlus";"99 Kern"
"EAID_DA3F1E20_E23D_448a_9A24_020E52326B3C";"OVERIG BENOEMD TERREIN";"EAID_CFA3D54E_C8E0_4559_9475_29D31AF2DECD";"OverigBenoemdTerrein";"Class";"EAPK_58A5214F_E56C_4707_BE2D_AB36DD6976A3";"RSGBPlus";"99 Kern"
"EAID_38A8E6E9_1B62_4e6c_9EB6_1B09B369928C";"OVERIG BOUWWERK";"EAID_0F81E79F_B306_40b9_ADCA_59A1E3F55D2B";"statusGeoObject";"Enumeration";"EAPK_58A5214F_E56C_4707_BE2D_AB36DD6976A3";"RSGBPlus";"99 Kern"
"EAID_38A8E6E9_1B62_4e6c_9EB6_1B09B369928C";"OVERIG BOUWWERK";"EAID_F816C8FA_3D89_4004_944A_47A8D5C82ED5";"typeringOverigBouwwerk";"Enumeration";"EAPK_58A5214F_E56C_4707_BE2D_AB36DD6976A3";"RSGBPlus";"99 Kern"
"EAID_38A8E6E9_1B62_4e6c_9EB6_1B09B369928C";"OVERIG BOUWWERK";"EAID_4CB05400_6AE8_44d9_AA8A_5CA84CFB0B6E";"SoortOverigBouwwerk";"Class";"EAPK_58A5214F_E56C_4707_BE2D_AB36DD6976A3";"RSGBPlus";"99 Kern"
"EAID_38A8E6E9_1B62_4e6c_9EB6_1B09B369928C";"OVERIG BOUWWERK";"EAID_7CDF37D9_26D7_46a5_9CF3_392601BDCECA";"OverigGebouwdObject";"Class";"EAPK_58A5214F_E56C_4707_BE2D_AB36DD6976A3";"RSGBPlus";"99 Kern"
"EAID_38A8E6E9_1B62_4e6c_9EB6_1B09B369928C";"OVERIG BOUWWERK";"EAID_1DA7BC25_CF02_4161_B9A2_DE0BE27C5254";"OverigBouwwerk";"Class";"EAPK_58A5214F_E56C_4707_BE2D_AB36DD6976A3";"RSGBPlus";"99 Kern"
"EAID_4700DBC7_34E9_4ff1_A6E1_A37CBA99EC28";"OVERIG GEBOUWD OBJECT";"EAID_8A04280B_E0B4_4e36_B448_C99750393D0D";"AdresseerbaarObject";"Class";"EAPK_58A5214F_E56C_4707_BE2D_AB36DD6976A3";"RSGBPlus";"99 Kern"
"EAID_4700DBC7_34E9_4ff1_A6E1_A37CBA99EC28";"OVERIG GEBOUWD OBJECT";"EAID_29B5467C_7E93_427a_9884_80CD0E931B6A";"typeObjectcode";"Enumeration";"EAPK_58A5214F_E56C_4707_BE2D_AB36DD6976A3";"RSGBPlus";"99 Kern"
"EAID_4700DBC7_34E9_4ff1_A6E1_A37CBA99EC28";"OVERIG GEBOUWD OBJECT";"EAID_1DA7BC25_CF02_4161_B9A2_DE0BE27C5254";"OverigBouwwerk";"Class";"EAPK_58A5214F_E56C_4707_BE2D_AB36DD6976A3";"RSGBPlus";"99 Kern"
"EAID_4700DBC7_34E9_4ff1_A6E1_A37CBA99EC28";"OVERIG GEBOUWD OBJECT";"EAID_7B33EB93_BAD8_4b36_90A1_B3909415EDC3";"OverigeAdresseerbaarObjectAanduiding";"Class";"EAPK_58A5214F_E56C_4707_BE2D_AB36DD6976A3";"RSGBPlus";"99 Kern"
"EAID_4700DBC7_34E9_4ff1_A6E1_A37CBA99EC28";"OVERIG GEBOUWD OBJECT";"EAID_7CDF37D9_26D7_46a5_9CF3_392601BDCECA";"OverigGebouwdObject";"Class";"EAPK_58A5214F_E56C_4707_BE2D_AB36DD6976A3";"RSGBPlus";"99 Kern"
"EAID_9EAF489C_783B_4315_A602_F477FD7F69DA";"OVERIGE ADRESSEERBAAR OBJECT AANDUIDING";"EAID_29B5467C_7E93_427a_9884_80CD0E931B6A";"typeObjectcode";"Enumeration";"EAPK_58A5214F_E56C_4707_BE2D_AB36DD6976A3";"RSGBPlus";"99 Kern"
"EAID_9EAF489C_783B_4315_A602_F477FD7F69DA";"OVERIGE ADRESSEERBAAR OBJECT AANDUIDING";"EAID_CFA3D54E_C8E0_4559_9475_29D31AF2DECD";"OverigBenoemdTerrein";"Class";"EAPK_58A5214F_E56C_4707_BE2D_AB36DD6976A3";"RSGBPlus";"99 Kern"
"EAID_9EAF489C_783B_4315_A602_F477FD7F69DA";"OVERIGE ADRESSEERBAAR OBJECT AANDUIDING";"EAID_7CDF37D9_26D7_46a5_9CF3_392601BDCECA";"OverigGebouwdObject";"Class";"EAPK_58A5214F_E56C_4707_BE2D_AB36DD6976A3";"RSGBPlus";"99 Kern"
"EAID_9EAF489C_783B_4315_A602_F477FD7F69DA";"OVERIGE ADRESSEERBAAR OBJECT AANDUIDING";"EAID_7B33EB93_BAD8_4b36_90A1_B3909415EDC3";"OverigeAdresseerbaarObjectAanduiding";"Class";"EAPK_58A5214F_E56C_4707_BE2D_AB36DD6976A3";"RSGBPlus";"99 Kern"
"EAID_642784F8_1425_4248_8E6A_BB37498D895C";"OVERIGE SCHEIDING";"EAID_0F81E79F_B306_40b9_ADCA_59A1E3F55D2B";"statusGeoObject";"Enumeration";"EAPK_58A5214F_E56C_4707_BE2D_AB36DD6976A3";"RSGBPlus";"99 Kern"
"EAID_642784F8_1425_4248_8E6A_BB37498D895C";"OVERIGE SCHEIDING";"EAID_25785008_A2F4_4725_A525_B0E4FF470D9D";"typeringOverigeScheiding";"Enumeration";"EAPK_58A5214F_E56C_4707_BE2D_AB36DD6976A3";"RSGBPlus";"99 Kern"
"EAID_642784F8_1425_4248_8E6A_BB37498D895C";"OVERIGE SCHEIDING";"EAID_EC57B722_D4B4_42d2_AF3C_31E085C63EBB";"OverigeScheiding";"Class";"EAPK_58A5214F_E56C_4707_BE2D_AB36DD6976A3";"RSGBPlus";"99 Kern"
"EAID_C9CE09B7_32EF_40eb_9C82_7FD6EDEA1D9E";"Objecten bij Vergunningaanvraag";"EAID_6AD98160_FFE6_4105_A724_5D5733C87CD8";"Voertuig";"Class";"EAPK_0A4C6DE8_608E_4626_A40E_0C432A5B0F9C";"1 Veiligheid en Vergunningen";"1 Veiligheid en Vergunningen"
"EAID_C9CE09B7_32EF_40eb_9C82_7FD6EDEA1D9E";"Objecten bij Vergunningaanvraag";"EAID_785E3B69_19DA_4952_84A8_592965B9229A";"Ligplaats";"Class";"EAPK_0A4C6DE8_608E_4626_A40E_0C432A5B0F9C";"1 Veiligheid en Vergunningen";"1 Veiligheid en Vergunningen"
"EAID_C9CE09B7_32EF_40eb_9C82_7FD6EDEA1D9E";"Objecten bij Vergunningaanvraag";"EAID_D12123D3_D62D_4978_B7D4_8405F00A0D6A";"Vaartuig";"Class";"EAPK_0A4C6DE8_608E_4626_A40E_0C432A5B0F9C";"1 Veiligheid en Vergunningen";"1 Veiligheid en Vergunningen"
"EAID_C9CE09B7_32EF_40eb_9C82_7FD6EDEA1D9E";"Objecten bij Vergunningaanvraag";"EAID_38649FF6_88C6_437d_AF8E_A9023D55E16C";"Buurt";"Class";"EAPK_0A4C6DE8_608E_4626_A40E_0C432A5B0F9C";"1 Veiligheid en Vergunningen";"1 Veiligheid en Vergunningen"
"EAID_C9CE09B7_32EF_40eb_9C82_7FD6EDEA1D9E";"Objecten bij Vergunningaanvraag";"EAID_86952BDA_ADF6_4ff0_B8C7_BA3AA889A40B";"Standplaats";"Class";"EAPK_0A4C6DE8_608E_4626_A40E_0C432A5B0F9C";"1 Veiligheid en Vergunningen";"1 Veiligheid en Vergunningen"
"EAID_C9CE09B7_32EF_40eb_9C82_7FD6EDEA1D9E";"Objecten bij Vergunningaanvraag";"EAID_BFE30E32_8CB9_4272_A559_9FB3FD74DACC";"OpenbareRuimte";"Class";"EAPK_0A4C6DE8_608E_4626_A40E_0C432A5B0F9C";"1 Veiligheid en Vergunningen";"1 Veiligheid en Vergunningen"
"EAID_C9CE09B7_32EF_40eb_9C82_7FD6EDEA1D9E";"Objecten bij Vergunningaanvraag";"EAID_3D5CCB29_91E4_458e_8BCD_6741198E45B8";"NietNatuurlijkPersoon";"Class";"EAPK_0A4C6DE8_608E_4626_A40E_0C432A5B0F9C";"1 Veiligheid en Vergunningen";"1 Veiligheid en Vergunningen"
"EAID_C9CE09B7_32EF_40eb_9C82_7FD6EDEA1D9E";"Objecten bij Vergunningaanvraag";"EAID_11595AD8_CE67_40dd_BDA9_489DC7D244ED";"Pand";"Class";"EAPK_0A4C6DE8_608E_4626_A40E_0C432A5B0F9C";"1 Veiligheid en Vergunningen";"1 Veiligheid en Vergunningen"
"EAID_C9CE09B7_32EF_40eb_9C82_7FD6EDEA1D9E";"Objecten bij Vergunningaanvraag";"EAID_9F4E12E4_B228_4931_AC83_1B1F60958A89";"NatuurlijkPersoon";"Class";"EAPK_0A4C6DE8_608E_4626_A40E_0C432A5B0F9C";"1 Veiligheid en Vergunningen";"1 Veiligheid en Vergunningen"
"EAID_C9CE09B7_32EF_40eb_9C82_7FD6EDEA1D9E";"Objecten bij Vergunningaanvraag";"EAID_FD0B5F4D_AE9B_47bd_8C60_031D21AC24B1";"Waterdeel";"Class";"EAPK_0A4C6DE8_608E_4626_A40E_0C432A5B0F9C";"1 Veiligheid en Vergunningen";"1 Veiligheid en Vergunningen"
"EAID_C9CE09B7_32EF_40eb_9C82_7FD6EDEA1D9E";"Objecten bij Vergunningaanvraag";"EAID_2EC96974_F21E_4bdb_AF4D_30D7091F5645";"Kunstwerkdeel";"Class";"EAPK_0A4C6DE8_608E_4626_A40E_0C432A5B0F9C";"1 Veiligheid en Vergunningen";"1 Veiligheid en Vergunningen"
"EAID_C9CE09B7_32EF_40eb_9C82_7FD6EDEA1D9E";"Objecten bij Vergunningaanvraag";"EAID_4DA0EB59_963C_4558_B763_44F542BC8D89";"Inrichtingselement";"Class";"EAPK_0A4C6DE8_608E_4626_A40E_0C432A5B0F9C";"1 Veiligheid en Vergunningen";"1 Veiligheid en Vergunningen"
"EAID_C9CE09B7_32EF_40eb_9C82_7FD6EDEA1D9E";"Objecten bij Vergunningaanvraag";"EAID_3DC85114_5C3F_4930_B98B_6EB6ED71FC2E";"MaatschappelijkeActiviteit";"Class";"EAPK_0A4C6DE8_608E_4626_A40E_0C432A5B0F9C";"1 Veiligheid en Vergunningen";"1 Veiligheid en Vergunningen"
"EAID_C9CE09B7_32EF_40eb_9C82_7FD6EDEA1D9E";"Objecten bij Vergunningaanvraag";"EAID_172AFD36_B400_4660_BFAC_4BBC1077D666";"KadastraalPerceel";"Class";"EAPK_0A4C6DE8_608E_4626_A40E_0C432A5B0F9C";"1 Veiligheid en Vergunningen";"1 Veiligheid en Vergunningen"
"EAID_C9CE09B7_32EF_40eb_9C82_7FD6EDEA1D9E";"Objecten bij Vergunningaanvraag";"EAID_9775E778_DBF8_4122_94CE_551466B62F46";"KadastraleOnroerendeZaak";"Class";"EAPK_0A4C6DE8_608E_4626_A40E_0C432A5B0F9C";"1 Veiligheid en Vergunningen";"1 Veiligheid en Vergunningen"
"EAID_C9CE09B7_32EF_40eb_9C82_7FD6EDEA1D9E";"Objecten bij Vergunningaanvraag";"EAID_91F9D39E_0322_42c6_AE7F_5027B36F3EC3";"Object";"Class";"EAPK_0A4C6DE8_608E_4626_A40E_0C432A5B0F9C";"1 Veiligheid en Vergunningen";"1 Veiligheid en Vergunningen"
"EAID_0AC65EDC_5C77_4fd6_8548_98FCF09F72D0";"Omgevingswet Juridische Regels (CIMOW)";"EAID_A744FAF8_16B7_4e5d_9C10_203AA8E7C440";"Regeltekst";"Class";"EAPK_65922C38_D066_4e06_8EC6_1AB64A23DFA6";"Omgevingswet";"8 Volkshuisvesting, Leefomgeving en Stedelijke Vernieuwing"
"EAID_0AC65EDC_5C77_4fd6_8548_98FCF09F72D0";"Omgevingswet Juridische Regels (CIMOW)";"EAID_58656D46_644B_4779_A473_739C5636BA0A";"Normwaarde";"Class";"EAPK_65922C38_D066_4e06_8EC6_1AB64A23DFA6";"Omgevingswet";"8 Volkshuisvesting, Leefomgeving en Stedelijke Vernieuwing"
"EAID_0AC65EDC_5C77_4fd6_8548_98FCF09F72D0";"Omgevingswet Juridische Regels (CIMOW)";"EAID_6B1F7274_19A7_4349_835E_85CBEFFEE35A";"Omgevingswaarde";"Class";"EAPK_65922C38_D066_4e06_8EC6_1AB64A23DFA6";"Omgevingswet";"8 Volkshuisvesting, Leefomgeving en Stedelijke Vernieuwing"
"EAID_0AC65EDC_5C77_4fd6_8548_98FCF09F72D0";"Omgevingswet Juridische Regels (CIMOW)";"EAID_F90F8E5E_7402_4c44_AC69_91A4175E5D47";"Omgevingsnorm";"Class";"EAPK_65922C38_D066_4e06_8EC6_1AB64A23DFA6";"Omgevingswet";"8 Volkshuisvesting, Leefomgeving en Stedelijke Vernieuwing"
"EAID_0AC65EDC_5C77_4fd6_8548_98FCF09F72D0";"Omgevingswet Juridische Regels (CIMOW)";"EAID_081F7413_A4D0_49e7_98E2_E0F3F4299750";"Norm";"Class";"EAPK_65922C38_D066_4e06_8EC6_1AB64A23DFA6";"Omgevingswet";"8 Volkshuisvesting, Leefomgeving en Stedelijke Vernieuwing"
"EAID_0AC65EDC_5C77_4fd6_8548_98FCF09F72D0";"Omgevingswet Juridische Regels (CIMOW)";"EAID_2FC6C6EB_DF35_49e6_9694_1B8BD53537B0";"Omgevingswaarderegel";"Class";"EAPK_65922C38_D066_4e06_8EC6_1AB64A23DFA6";"Omgevingswet";"8 Volkshuisvesting, Leefomgeving en Stedelijke Vernieuwing"
"EAID_0AC65EDC_5C77_4fd6_8548_98FCF09F72D0";"Omgevingswet Juridische Regels (CIMOW)";"EAID_A6C71E4C_CB46_41ae_8A61_C8080BB92A55";"Instructieregel";"Class";"EAPK_65922C38_D066_4e06_8EC6_1AB64A23DFA6";"Omgevingswet";"8 Volkshuisvesting, Leefomgeving en Stedelijke Vernieuwing"
"EAID_0AC65EDC_5C77_4fd6_8548_98FCF09F72D0";"Omgevingswet Juridische Regels (CIMOW)";"EAID_3D9D2E7B_525E_43d9_B08F_EDE47F8A0C94";"Regel voor Iedereen";"Class";"EAPK_65922C38_D066_4e06_8EC6_1AB64A23DFA6";"Omgevingswet";"8 Volkshuisvesting, Leefomgeving en Stedelijke Vernieuwing"
"EAID_0AC65EDC_5C77_4fd6_8548_98FCF09F72D0";"Omgevingswet Juridische Regels (CIMOW)";"EAID_DDFF98D8_99FF_47b5_82D1_7FF2376750D6";"Juridische Regel";"Class";"EAPK_65922C38_D066_4e06_8EC6_1AB64A23DFA6";"Omgevingswet";"8 Volkshuisvesting, Leefomgeving en Stedelijke Vernieuwing"
"EAID_0AC65EDC_5C77_4fd6_8548_98FCF09F72D0";"Omgevingswet Juridische Regels (CIMOW)";"EAID_E93E03EF_259F_4bda_A875_A0E60CB18E89";"Beperkingsgebied";"Class";"EAPK_65922C38_D066_4e06_8EC6_1AB64A23DFA6";"Omgevingswet";"8 Volkshuisvesting, Leefomgeving en Stedelijke Vernieuwing"
"EAID_0AC65EDC_5C77_4fd6_8548_98FCF09F72D0";"Omgevingswet Juridische Regels (CIMOW)";"EAID_3BDD29C7_FBCD_4c90_A520_8187E2D9BD57";"Functie";"Class";"EAPK_65922C38_D066_4e06_8EC6_1AB64A23DFA6";"Omgevingswet";"8 Volkshuisvesting, Leefomgeving en Stedelijke Vernieuwing"
"EAID_0AC65EDC_5C77_4fd6_8548_98FCF09F72D0";"Omgevingswet Juridische Regels (CIMOW)";"EAID_503BD06E_E063_46f2_8B43_BF75A143D6C4";"Gebiedsaanwijzing";"Class";"EAPK_65922C38_D066_4e06_8EC6_1AB64A23DFA6";"Omgevingswet";"8 Volkshuisvesting, Leefomgeving en Stedelijke Vernieuwing"
"EAID_0AC65EDC_5C77_4fd6_8548_98FCF09F72D0";"Omgevingswet Juridische Regels (CIMOW)";"EAID_8BE600D0_EBF4_475b_8801_F387A5D39009";"Activiteit";"Class";"EAPK_65922C38_D066_4e06_8EC6_1AB64A23DFA6";"Omgevingswet";"8 Volkshuisvesting, Leefomgeving en Stedelijke Vernieuwing"
"EAID_0AC65EDC_5C77_4fd6_8548_98FCF09F72D0";"Omgevingswet Juridische Regels (CIMOW)";"EAID_79284529_B817_4e3f_BE51_AEAFC60BDE44";"Locatie";"Class";"EAPK_65922C38_D066_4e06_8EC6_1AB64A23DFA6";"Omgevingswet";"8 Volkshuisvesting, Leefomgeving en Stedelijke Vernieuwing"
"EAID_BC0AA5E1_51A9_4e23_918C_FFABECCFE304";"Omgevingswet Juridsiche regels en Idealisatie en Thema (CIMOW)";"EAID_A744FAF8_16B7_4e5d_9C10_203AA8E7C440";"Regeltekst";"Class";"EAPK_65922C38_D066_4e06_8EC6_1AB64A23DFA6";"Omgevingswet";"8 Volkshuisvesting, Leefomgeving en Stedelijke Vernieuwing"
"EAID_BC0AA5E1_51A9_4e23_918C_FFABECCFE304";"Omgevingswet Juridsiche regels en Idealisatie en Thema (CIMOW)";"EAID_55FC829A_906B_4cb7_87D7_5BBAE59E07A8";"Thema";"Class";"EAPK_65922C38_D066_4e06_8EC6_1AB64A23DFA6";"Omgevingswet";"8 Volkshuisvesting, Leefomgeving en Stedelijke Vernieuwing"
"EAID_BC0AA5E1_51A9_4e23_918C_FFABECCFE304";"Omgevingswet Juridsiche regels en Idealisatie en Thema (CIMOW)";"EAID_4942AB0A_804B_4043_BD3C_7F65E2D697E0";"Idealisatie";"Class";"EAPK_65922C38_D066_4e06_8EC6_1AB64A23DFA6";"Omgevingswet";"8 Volkshuisvesting, Leefomgeving en Stedelijke Vernieuwing"
"EAID_BC0AA5E1_51A9_4e23_918C_FFABECCFE304";"Omgevingswet Juridsiche regels en Idealisatie en Thema (CIMOW)";"EAID_DDFF98D8_99FF_47b5_82D1_7FF2376750D6";"Juridische Regel";"Class";"EAPK_65922C38_D066_4e06_8EC6_1AB64A23DFA6";"Omgevingswet";"8 Volkshuisvesting, Leefomgeving en Stedelijke Vernieuwing"
"EAID_0A914AB1_6EA7_4087_BEB1_DB786FB5D810";"Omgevingswet Omgevingsplan StOP TPOD";"EAID_79284529_B817_4e3f_BE51_AEAFC60BDE44";"Locatie";"Class";"EAPK_65922C38_D066_4e06_8EC6_1AB64A23DFA6";"Omgevingswet";"8 Volkshuisvesting, Leefomgeving en Stedelijke Vernieuwing"
"EAID_0A914AB1_6EA7_4087_BEB1_DB786FB5D810";"Omgevingswet Omgevingsplan StOP TPOD";"EAID_55FC829A_906B_4cb7_87D7_5BBAE59E07A8";"Thema";"Class";"EAPK_65922C38_D066_4e06_8EC6_1AB64A23DFA6";"Omgevingswet";"8 Volkshuisvesting, Leefomgeving en Stedelijke Vernieuwing"
"EAID_0A914AB1_6EA7_4087_BEB1_DB786FB5D810";"Omgevingswet Omgevingsplan StOP TPOD";"EAID_F5434F00_CC0F_4d7b_91AE_20CBD3C60DFC";"Omgevingsdocument";"Class";"EAPK_65922C38_D066_4e06_8EC6_1AB64A23DFA6";"Omgevingswet";"8 Volkshuisvesting, Leefomgeving en Stedelijke Vernieuwing"
"EAID_0A914AB1_6EA7_4087_BEB1_DB786FB5D810";"Omgevingswet Omgevingsplan StOP TPOD";"EAID_A744FAF8_16B7_4e5d_9C10_203AA8E7C440";"Regeltekst";"Class";"EAPK_65922C38_D066_4e06_8EC6_1AB64A23DFA6";"Omgevingswet";"8 Volkshuisvesting, Leefomgeving en Stedelijke Vernieuwing"
"EAID_0A914AB1_6EA7_4087_BEB1_DB786FB5D810";"Omgevingswet Omgevingsplan StOP TPOD";"EAID_DDFF98D8_99FF_47b5_82D1_7FF2376750D6";"Juridische Regel";"Class";"EAPK_65922C38_D066_4e06_8EC6_1AB64A23DFA6";"Omgevingswet";"8 Volkshuisvesting, Leefomgeving en Stedelijke Vernieuwing"
"EAID_B9209AD2_0648_4482_BB24_135F27C2FECC";"Omgevingswet Toepasbare Regels";"EAID_8BE600D0_EBF4_475b_8801_F387A5D39009";"Activiteit";"Class";"EAPK_65922C38_D066_4e06_8EC6_1AB64A23DFA6";"Omgevingswet";"8 Volkshuisvesting, Leefomgeving en Stedelijke Vernieuwing"
"EAID_B9209AD2_0648_4482_BB24_135F27C2FECC";"Omgevingswet Toepasbare Regels";"EAID_79284529_B817_4e3f_BE51_AEAFC60BDE44";"Locatie";"Class";"EAPK_65922C38_D066_4e06_8EC6_1AB64A23DFA6";"Omgevingswet";"8 Volkshuisvesting, Leefomgeving en Stedelijke Vernieuwing"
"EAID_B9209AD2_0648_4482_BB24_135F27C2FECC";"Omgevingswet Toepasbare Regels";"EAID_DDFF98D8_99FF_47b5_82D1_7FF2376750D6";"Juridische Regel";"Class";"EAPK_65922C38_D066_4e06_8EC6_1AB64A23DFA6";"Omgevingswet";"8 Volkshuisvesting, Leefomgeving en Stedelijke Vernieuwing"
"EAID_B9209AD2_0648_4482_BB24_135F27C2FECC";"Omgevingswet Toepasbare Regels";"EAID_3120D398_95C1_42fe_B10F_4F3B6BF15D1A";"ToepasbareRegelBestand";"Class";"EAPK_65922C38_D066_4e06_8EC6_1AB64A23DFA6";"Omgevingswet";"8 Volkshuisvesting, Leefomgeving en Stedelijke Vernieuwing"
"EAID_B9209AD2_0648_4482_BB24_135F27C2FECC";"Omgevingswet Toepasbare Regels";"EAID_1528D03C_4F22_4d6b_A44F_605802C195C4";"Uitvoeringsregel";"Class";"EAPK_65922C38_D066_4e06_8EC6_1AB64A23DFA6";"Omgevingswet";"8 Volkshuisvesting, Leefomgeving en Stedelijke Vernieuwing"
"EAID_B9209AD2_0648_4482_BB24_135F27C2FECC";"Omgevingswet Toepasbare Regels";"EAID_45591365_C55F_4735_9533_D3BBB0AB6571";"Maatregelen";"Class";"EAPK_65922C38_D066_4e06_8EC6_1AB64A23DFA6";"Omgevingswet";"8 Volkshuisvesting, Leefomgeving en Stedelijke Vernieuwing"
"EAID_B9209AD2_0648_4482_BB24_135F27C2FECC";"Omgevingswet Toepasbare Regels";"EAID_8587D910_7A9C_46d8_BF27_27433E9B6DAD";"Indieningsvereisten";"Class";"EAPK_65922C38_D066_4e06_8EC6_1AB64A23DFA6";"Omgevingswet";"8 Volkshuisvesting, Leefomgeving en Stedelijke Vernieuwing"
"EAID_B9209AD2_0648_4482_BB24_135F27C2FECC";"Omgevingswet Toepasbare Regels";"EAID_C2A7756C_87E9_44f0_85A9_673F3956BB48";"Conclusie";"Class";"EAPK_65922C38_D066_4e06_8EC6_1AB64A23DFA6";"Omgevingswet";"8 Volkshuisvesting, Leefomgeving en Stedelijke Vernieuwing"
"EAID_B9209AD2_0648_4482_BB24_135F27C2FECC";"Omgevingswet Toepasbare Regels";"EAID_10C06EB3_F94A_4005_9C66_0DAE61B96192";"Toepasbare Regel";"Class";"EAPK_65922C38_D066_4e06_8EC6_1AB64A23DFA6";"Omgevingswet";"8 Volkshuisvesting, Leefomgeving en Stedelijke Vernieuwing"
"EAID_30B09C29_F649_4248_97FC_35A5F9331BBF";"Omgevingswet Verzoek Activiteit op Locatie";"EAID_AC018290_7C62_49bd_A664_8A578EE97AFE";"Type Verzoek";"Enumeration";"EAPK_65922C38_D066_4e06_8EC6_1AB64A23DFA6";"Omgevingswet";"8 Volkshuisvesting, Leefomgeving en Stedelijke Vernieuwing"
"EAID_30B09C29_F649_4248_97FC_35A5F9331BBF";"Omgevingswet Verzoek Activiteit op Locatie";"EAID_77B7DFE0_3E30_482d_AED9_F08D78E293E5";"Doel verzoek";"Enumeration";"EAPK_65922C38_D066_4e06_8EC6_1AB64A23DFA6";"Omgevingswet";"8 Volkshuisvesting, Leefomgeving en Stedelijke Vernieuwing"
"EAID_30B09C29_F649_4248_97FC_35A5F9331BBF";"Omgevingswet Verzoek Activiteit op Locatie";"EAID_A744FAF8_16B7_4e5d_9C10_203AA8E7C440";"Regeltekst";"Class";"EAPK_65922C38_D066_4e06_8EC6_1AB64A23DFA6";"Omgevingswet";"8 Volkshuisvesting, Leefomgeving en Stedelijke Vernieuwing"
"EAID_30B09C29_F649_4248_97FC_35A5F9331BBF";"Omgevingswet Verzoek Activiteit op Locatie";"EAID_E93E03EF_259F_4bda_A875_A0E60CB18E89";"Beperkingsgebied";"Class";"EAPK_65922C38_D066_4e06_8EC6_1AB64A23DFA6";"Omgevingswet";"8 Volkshuisvesting, Leefomgeving en Stedelijke Vernieuwing"
"EAID_30B09C29_F649_4248_97FC_35A5F9331BBF";"Omgevingswet Verzoek Activiteit op Locatie";"EAID_503BD06E_E063_46f2_8B43_BF75A143D6C4";"Gebiedsaanwijzing";"Class";"EAPK_65922C38_D066_4e06_8EC6_1AB64A23DFA6";"Omgevingswet";"8 Volkshuisvesting, Leefomgeving en Stedelijke Vernieuwing"
"EAID_30B09C29_F649_4248_97FC_35A5F9331BBF";"Omgevingswet Verzoek Activiteit op Locatie";"EAID_3BDD29C7_FBCD_4c90_A520_8187E2D9BD57";"Functie";"Class";"EAPK_65922C38_D066_4e06_8EC6_1AB64A23DFA6";"Omgevingswet";"8 Volkshuisvesting, Leefomgeving en Stedelijke Vernieuwing"
"EAID_30B09C29_F649_4248_97FC_35A5F9331BBF";"Omgevingswet Verzoek Activiteit op Locatie";"EAID_10C06EB3_F94A_4005_9C66_0DAE61B96192";"Toepasbare Regel";"Class";"EAPK_65922C38_D066_4e06_8EC6_1AB64A23DFA6";"Omgevingswet";"8 Volkshuisvesting, Leefomgeving en Stedelijke Vernieuwing"
"EAID_30B09C29_F649_4248_97FC_35A5F9331BBF";"Omgevingswet Verzoek Activiteit op Locatie";"EAID_DDFF98D8_99FF_47b5_82D1_7FF2376750D6";"Juridische Regel";"Class";"EAPK_65922C38_D066_4e06_8EC6_1AB64A23DFA6";"Omgevingswet";"8 Volkshuisvesting, Leefomgeving en Stedelijke Vernieuwing"
"EAID_30B09C29_F649_4248_97FC_35A5F9331BBF";"Omgevingswet Verzoek Activiteit op Locatie";"EAID_1B3A22D3_E2BA_440a_A2FD_B3D322FB1171";"Uitvoerende instantie";"Class";"EAPK_65922C38_D066_4e06_8EC6_1AB64A23DFA6";"Omgevingswet";"8 Volkshuisvesting, Leefomgeving en Stedelijke Vernieuwing"
"EAID_30B09C29_F649_4248_97FC_35A5F9331BBF";"Omgevingswet Verzoek Activiteit op Locatie";"EAID_E38BEAEF_03C4_439b_8A64_663886C1D6F9";"Initiatiefnemer";"Class";"EAPK_65922C38_D066_4e06_8EC6_1AB64A23DFA6";"Omgevingswet";"8 Volkshuisvesting, Leefomgeving en Stedelijke Vernieuwing"
"EAID_30B09C29_F649_4248_97FC_35A5F9331BBF";"Omgevingswet Verzoek Activiteit op Locatie";"EAID_79284529_B817_4e3f_BE51_AEAFC60BDE44";"Locatie";"Class";"EAPK_65922C38_D066_4e06_8EC6_1AB64A23DFA6";"Omgevingswet";"8 Volkshuisvesting, Leefomgeving en Stedelijke Vernieuwing"
"EAID_30B09C29_F649_4248_97FC_35A5F9331BBF";"Omgevingswet Verzoek Activiteit op Locatie";"EAID_8BE600D0_EBF4_475b_8801_F387A5D39009";"Activiteit";"Class";"EAPK_65922C38_D066_4e06_8EC6_1AB64A23DFA6";"Omgevingswet";"8 Volkshuisvesting, Leefomgeving en Stedelijke Vernieuwing"
"EAID_30B09C29_F649_4248_97FC_35A5F9331BBF";"Omgevingswet Verzoek Activiteit op Locatie";"EAID_B18119D9_5BF8_498f_B9D3_ECCE7A770012";"Verzoek";"Class";"EAPK_65922C38_D066_4e06_8EC6_1AB64A23DFA6";"Omgevingswet";"8 Volkshuisvesting, Leefomgeving en Stedelijke Vernieuwing"
"EAID_69CF9191_D8DF_4825_8923_8CB0A0194A61";"Omgevingswet Verzoek met Project (IMAM)";"EAID_B31B867F_061E_42d4_AB8A_DB5589602969";"Projectactiviteit";"Class";"EAPK_65922C38_D066_4e06_8EC6_1AB64A23DFA6";"Omgevingswet";"8 Volkshuisvesting, Leefomgeving en Stedelijke Vernieuwing"
"EAID_69CF9191_D8DF_4825_8923_8CB0A0194A61";"Omgevingswet Verzoek met Project (IMAM)";"EAID_D60910E1_6E36_4ebb_9687_2D2B1CE66E0B";"Projectlocatie";"Class";"EAPK_65922C38_D066_4e06_8EC6_1AB64A23DFA6";"Omgevingswet";"8 Volkshuisvesting, Leefomgeving en Stedelijke Vernieuwing"
"EAID_69CF9191_D8DF_4825_8923_8CB0A0194A61";"Omgevingswet Verzoek met Project (IMAM)";"EAID_E1FAE16A_42AE_4b7d_88FC_F429079D1C4D";"Project";"Class";"EAPK_65922C38_D066_4e06_8EC6_1AB64A23DFA6";"Omgevingswet";"8 Volkshuisvesting, Leefomgeving en Stedelijke Vernieuwing"
"EAID_69CF9191_D8DF_4825_8923_8CB0A0194A61";"Omgevingswet Verzoek met Project (IMAM)";"EAID_DF63FBD0_DCA2_45bd_81E8_EE5E72D38EDE";"Specificatie";"Class";"EAPK_65922C38_D066_4e06_8EC6_1AB64A23DFA6";"Omgevingswet";"8 Volkshuisvesting, Leefomgeving en Stedelijke Vernieuwing"
"EAID_69CF9191_D8DF_4825_8923_8CB0A0194A61";"Omgevingswet Verzoek met Project (IMAM)";"EAID_5641C50A_C0FA_4e71_B07B_26C7B1CE94ED";"Document";"Class";"EAPK_65922C38_D066_4e06_8EC6_1AB64A23DFA6";"Omgevingswet";"8 Volkshuisvesting, Leefomgeving en Stedelijke Vernieuwing"
"EAID_69CF9191_D8DF_4825_8923_8CB0A0194A61";"Omgevingswet Verzoek met Project (IMAM)";"EAID_B18119D9_5BF8_498f_B9D3_ECCE7A770012";"Verzoek";"Class";"EAPK_65922C38_D066_4e06_8EC6_1AB64A23DFA6";"Omgevingswet";"8 Volkshuisvesting, Leefomgeving en Stedelijke Vernieuwing"
"EAID_0485D200_55DD_437e_B02F_314979270840";"Omgevingswet Verzoeken (IMAM)";"EAID_0B7DA4A7_C2D9_45c8_B957_94DFFB63FA25";"Vraag Classificatie";"Enumeration";"EAPK_65922C38_D066_4e06_8EC6_1AB64A23DFA6";"Omgevingswet";"8 Volkshuisvesting, Leefomgeving en Stedelijke Vernieuwing"
"EAID_0485D200_55DD_437e_B02F_314979270840";"Omgevingswet Verzoeken (IMAM)";"EAID_79284529_B817_4e3f_BE51_AEAFC60BDE44";"Locatie";"Class";"EAPK_65922C38_D066_4e06_8EC6_1AB64A23DFA6";"Omgevingswet";"8 Volkshuisvesting, Leefomgeving en Stedelijke Vernieuwing"
"EAID_0485D200_55DD_437e_B02F_314979270840";"Omgevingswet Verzoeken (IMAM)";"EAID_16EB3936_03CB_4854_9CD8_9F0911EEA51B";"Medewerker";"Class";"EAPK_65922C38_D066_4e06_8EC6_1AB64A23DFA6";"Omgevingswet";"8 Volkshuisvesting, Leefomgeving en Stedelijke Vernieuwing"
"EAID_0485D200_55DD_437e_B02F_314979270840";"Omgevingswet Verzoeken (IMAM)";"EAID_7210A379_17EE_4143_A106_ECD9414B2A0D";"Zaaktype";"Class";"EAPK_65922C38_D066_4e06_8EC6_1AB64A23DFA6";"Omgevingswet";"8 Volkshuisvesting, Leefomgeving en Stedelijke Vernieuwing"
"EAID_0485D200_55DD_437e_B02F_314979270840";"Omgevingswet Verzoeken (IMAM)";"EAID_649EFD86_ED52_4293_8577_DBE5445845BF";"Zaak";"Class";"EAPK_65922C38_D066_4e06_8EC6_1AB64A23DFA6";"Omgevingswet";"8 Volkshuisvesting, Leefomgeving en Stedelijke Vernieuwing"
"EAID_0485D200_55DD_437e_B02F_314979270840";"Omgevingswet Verzoeken (IMAM)";"EAID_D60910E1_6E36_4ebb_9687_2D2B1CE66E0B";"Projectlocatie";"Class";"EAPK_65922C38_D066_4e06_8EC6_1AB64A23DFA6";"Omgevingswet";"8 Volkshuisvesting, Leefomgeving en Stedelijke Vernieuwing"
"EAID_0485D200_55DD_437e_B02F_314979270840";"Omgevingswet Verzoeken (IMAM)";"EAID_E1FAE16A_42AE_4b7d_88FC_F429079D1C4D";"Project";"Class";"EAPK_65922C38_D066_4e06_8EC6_1AB64A23DFA6";"Omgevingswet";"8 Volkshuisvesting, Leefomgeving en Stedelijke Vernieuwing"
"EAID_0485D200_55DD_437e_B02F_314979270840";"Omgevingswet Verzoeken (IMAM)";"EAID_DF63FBD0_DCA2_45bd_81E8_EE5E72D38EDE";"Specificatie";"Class";"EAPK_65922C38_D066_4e06_8EC6_1AB64A23DFA6";"Omgevingswet";"8 Volkshuisvesting, Leefomgeving en Stedelijke Vernieuwing"
"EAID_0485D200_55DD_437e_B02F_314979270840";"Omgevingswet Verzoeken (IMAM)";"EAID_1B3A22D3_E2BA_440a_A2FD_B3D322FB1171";"Uitvoerende instantie";"Class";"EAPK_65922C38_D066_4e06_8EC6_1AB64A23DFA6";"Omgevingswet";"8 Volkshuisvesting, Leefomgeving en Stedelijke Vernieuwing"
"EAID_0485D200_55DD_437e_B02F_314979270840";"Omgevingswet Verzoeken (IMAM)";"EAID_FB771E02_8FE3_496b_B99B_CF4A496A7B80";"Bevoegd Gezag";"Class";"EAPK_65922C38_D066_4e06_8EC6_1AB64A23DFA6";"Omgevingswet";"8 Volkshuisvesting, Leefomgeving en Stedelijke Vernieuwing"
"EAID_0485D200_55DD_437e_B02F_314979270840";"Omgevingswet Verzoeken (IMAM)";"EAID_5641C50A_C0FA_4e71_B07B_26C7B1CE94ED";"Document";"Class";"EAPK_65922C38_D066_4e06_8EC6_1AB64A23DFA6";"Omgevingswet";"8 Volkshuisvesting, Leefomgeving en Stedelijke Vernieuwing"
"EAID_0485D200_55DD_437e_B02F_314979270840";"Omgevingswet Verzoeken (IMAM)";"EAID_02BDED5E_9106_4aed_94C2_513689353284";"Gemachtigde";"Class";"EAPK_65922C38_D066_4e06_8EC6_1AB64A23DFA6";"Omgevingswet";"8 Volkshuisvesting, Leefomgeving en Stedelijke Vernieuwing"
"EAID_0485D200_55DD_437e_B02F_314979270840";"Omgevingswet Verzoeken (IMAM)";"EAID_9DF5AC43_3673_4b9a_BB5E_6DCA7BE28835";"Rechtspersoon";"Class";"EAPK_65922C38_D066_4e06_8EC6_1AB64A23DFA6";"Omgevingswet";"8 Volkshuisvesting, Leefomgeving en Stedelijke Vernieuwing"
"EAID_0485D200_55DD_437e_B02F_314979270840";"Omgevingswet Verzoeken (IMAM)";"EAID_E38BEAEF_03C4_439b_8A64_663886C1D6F9";"Initiatiefnemer";"Class";"EAPK_65922C38_D066_4e06_8EC6_1AB64A23DFA6";"Omgevingswet";"8 Volkshuisvesting, Leefomgeving en Stedelijke Vernieuwing"
"EAID_0485D200_55DD_437e_B02F_314979270840";"Omgevingswet Verzoeken (IMAM)";"EAID_B18119D9_5BF8_498f_B9D3_ECCE7A770012";"Verzoek";"Class";"EAPK_65922C38_D066_4e06_8EC6_1AB64A23DFA6";"Omgevingswet";"8 Volkshuisvesting, Leefomgeving en Stedelijke Vernieuwing"
"EAID_33E38059_C973_43ff_97EC_B629923074FF";"Onderwijs: Leerlingen";"EAID_9BD0FBCB_1A9E_4cab_9280_0EBC428E38F7";"Boolean";"Enumeration";"EAPK_914BE44C_2654_456f_A20E_C196DCEB20D9";"Onderwijs";"4 Onderwijs"
"EAID_33E38059_C973_43ff_97EC_B629923074FF";"Onderwijs: Leerlingen";"EAID_28A6F2AC_5AB1_4f25_8876_931152CA28E0";"Vastgoedobject";"Class";"EAPK_914BE44C_2654_456f_A20E_C196DCEB20D9";"Onderwijs";"4 Onderwijs"
"EAID_33E38059_C973_43ff_97EC_B629923074FF";"Onderwijs: Leerlingen";"EAID_3119A4DB_BB23_4adc_98BD_82F2D7996C6B";"Locatie";"Class";"EAPK_914BE44C_2654_456f_A20E_C196DCEB20D9";"Onderwijs";"4 Onderwijs"
"EAID_33E38059_C973_43ff_97EC_B629923074FF";"Onderwijs: Leerlingen";"EAID_266057AF_58BD_42e1_B4D5_16EB266B9B7A";"Leerling";"Class";"EAPK_914BE44C_2654_456f_A20E_C196DCEB20D9";"Onderwijs";"4 Onderwijs"
"EAID_33E38059_C973_43ff_97EC_B629923074FF";"Onderwijs: Leerlingen";"EAID_354AA899_00C3_4c36_93F7_0B364D331C93";"Onderwijstype";"Enumeration";"EAPK_914BE44C_2654_456f_A20E_C196DCEB20D9";"Onderwijs";"4 Onderwijs"
"EAID_33E38059_C973_43ff_97EC_B629923074FF";"Onderwijs: Leerlingen";"EAID_8AF9FAE6_13D8_484d_97F5_2A3839BC8618";"Onderwijssoort";"Class";"EAPK_914BE44C_2654_456f_A20E_C196DCEB20D9";"Onderwijs";"4 Onderwijs"
"EAID_33E38059_C973_43ff_97EC_B629923074FF";"Onderwijs: Leerlingen";"EAID_D7ECEB92_BE50_4e30_9F27_54A008BC75DF";"Leerjaar";"Class";"EAPK_914BE44C_2654_456f_A20E_C196DCEB20D9";"Onderwijs";"4 Onderwijs"
"EAID_33E38059_C973_43ff_97EC_B629923074FF";"Onderwijs: Leerlingen";"EAID_0E3DE26B_C535_4a03_98A4_8D36DC3D5297";"Loopbaanstap";"Class";"EAPK_914BE44C_2654_456f_A20E_C196DCEB20D9";"Onderwijs";"4 Onderwijs"
"EAID_33E38059_C973_43ff_97EC_B629923074FF";"Onderwijs: Leerlingen";"EAID_F47ACE79_C476_479f_A3A3_729E65AF3D32";"Onderwijsloopbaan";"Class";"EAPK_914BE44C_2654_456f_A20E_C196DCEB20D9";"Onderwijs";"4 Onderwijs"
"EAID_33E38059_C973_43ff_97EC_B629923074FF";"Onderwijs: Leerlingen";"EAID_E8301577_1A49_43cf_A2CA_0F042584EBB3";"Startkwalificatie";"Class";"EAPK_914BE44C_2654_456f_A20E_C196DCEB20D9";"Onderwijs";"4 Onderwijs"
"EAID_33E38059_C973_43ff_97EC_B629923074FF";"Onderwijs: Leerlingen";"EAID_32DFC5DD_79D9_45d5_8F9D_7D5125961817";"School";"Class";"EAPK_914BE44C_2654_456f_A20E_C196DCEB20D9";"Onderwijs";"4 Onderwijs"
"EAID_33E38059_C973_43ff_97EC_B629923074FF";"Onderwijs: Leerlingen";"EAID_133AF611_9FA0_4a09_BF12_74C5FA5F6F60";"Uitschrijving";"Class";"EAPK_914BE44C_2654_456f_A20E_C196DCEB20D9";"Onderwijs";"4 Onderwijs"
"EAID_33E38059_C973_43ff_97EC_B629923074FF";"Onderwijs: Leerlingen";"EAID_CFFD5F20_5FA9_4d93_AD34_6867D64A58B9";"Inschrijving";"Class";"EAPK_914BE44C_2654_456f_A20E_C196DCEB20D9";"Onderwijs";"4 Onderwijs"
"EAID_D33047E8_3A39_4171_A7EC_93B137023ED8";"Onderwijs: Relaties met Kern";"EAID_3D5CCB29_91E4_458e_8BCD_6741198E45B8";"NietNatuurlijkPersoon";"Class";"EAPK_914BE44C_2654_456f_A20E_C196DCEB20D9";"Onderwijs";"4 Onderwijs"
"EAID_D33047E8_3A39_4171_A7EC_93B137023ED8";"Onderwijs: Relaties met Kern";"EAID_32DFC5DD_79D9_45d5_8F9D_7D5125961817";"School";"Class";"EAPK_914BE44C_2654_456f_A20E_C196DCEB20D9";"Onderwijs";"4 Onderwijs"
"EAID_D33047E8_3A39_4171_A7EC_93B137023ED8";"Onderwijs: Relaties met Kern";"EAID_16EB3936_03CB_4854_9CD8_9F0911EEA51B";"Medewerker";"Class";"EAPK_914BE44C_2654_456f_A20E_C196DCEB20D9";"Onderwijs";"4 Onderwijs"
"EAID_D33047E8_3A39_4171_A7EC_93B137023ED8";"Onderwijs: Relaties met Kern";"EAID_B369B374_F560_4ea6_9A8B_DBBCB4961EFF";"Leerplichtambtenaar";"Class";"EAPK_914BE44C_2654_456f_A20E_C196DCEB20D9";"Onderwijs";"4 Onderwijs"
"EAID_D33047E8_3A39_4171_A7EC_93B137023ED8";"Onderwijs: Relaties met Kern";"EAID_51C8E3DF_FFF4_4a20_9CB2_AA5FA50579E2";"Ouder Of Verzorger";"Class";"EAPK_914BE44C_2654_456f_A20E_C196DCEB20D9";"Onderwijs";"4 Onderwijs"
"EAID_D33047E8_3A39_4171_A7EC_93B137023ED8";"Onderwijs: Relaties met Kern";"EAID_AF9534B0_7CBD_4061_9276_A7B6698B383A";"IngeschrevenPersoon";"Class";"EAPK_914BE44C_2654_456f_A20E_C196DCEB20D9";"Onderwijs";"4 Onderwijs"
"EAID_D33047E8_3A39_4171_A7EC_93B137023ED8";"Onderwijs: Relaties met Kern";"EAID_266057AF_58BD_42e1_B4D5_16EB266B9B7A";"Leerling";"Class";"EAPK_914BE44C_2654_456f_A20E_C196DCEB20D9";"Onderwijs";"4 Onderwijs"
"EAID_AF86D21D_8F8E_4f0d_A1FA_FE7824E99EAD";"Overige geo objecten met attributen";"EAID_F55A5977_7E3B_4cf4_B8D1_CFCEECA0DEA1";"OndersteunendWegdeel";"Class";"EAPK_58A5214F_E56C_4707_BE2D_AB36DD6976A3";"RSGBPlus";"99 Kern"
"EAID_AF86D21D_8F8E_4f0d_A1FA_FE7824E99EAD";"Overige geo objecten met attributen";"EAID_EE07AE43_1825_4377_9984_9636AB015C11";"Tunneldeel";"Class";"EAPK_58A5214F_E56C_4707_BE2D_AB36DD6976A3";"RSGBPlus";"99 Kern"
"EAID_AF86D21D_8F8E_4f0d_A1FA_FE7824E99EAD";"Overige geo objecten met attributen";"EAID_B0EA89D8_EE32_410b_B683_8CA937E5009D";"Spoor";"Class";"EAPK_58A5214F_E56C_4707_BE2D_AB36DD6976A3";"RSGBPlus";"99 Kern"
"EAID_AF86D21D_8F8E_4f0d_A1FA_FE7824E99EAD";"Overige geo objecten met attributen";"EAID_7B92809F_CFAE_4be8_BE3A_4E4B94E83F52";"OndersteunendWaterdeel";"Class";"EAPK_58A5214F_E56C_4707_BE2D_AB36DD6976A3";"RSGBPlus";"99 Kern"
"EAID_AF86D21D_8F8E_4f0d_A1FA_FE7824E99EAD";"Overige geo objecten met attributen";"EAID_FD0B5F4D_AE9B_47bd_8C60_031D21AC24B1";"Waterdeel";"Class";"EAPK_58A5214F_E56C_4707_BE2D_AB36DD6976A3";"RSGBPlus";"99 Kern"
"EAID_AF86D21D_8F8E_4f0d_A1FA_FE7824E99EAD";"Overige geo objecten met attributen";"EAID_1DA7BC25_CF02_4161_B9A2_DE0BE27C5254";"OverigBouwwerk";"Class";"EAPK_58A5214F_E56C_4707_BE2D_AB36DD6976A3";"RSGBPlus";"99 Kern"
"EAID_AF86D21D_8F8E_4f0d_A1FA_FE7824E99EAD";"Overige geo objecten met attributen";"EAID_2E45A5F3_A685_48c5_98D4_794BE382891E";"Overbruggingsdeel";"Class";"EAPK_58A5214F_E56C_4707_BE2D_AB36DD6976A3";"RSGBPlus";"99 Kern"
"EAID_AF86D21D_8F8E_4f0d_A1FA_FE7824E99EAD";"Overige geo objecten met attributen";"EAID_2EC96974_F21E_4bdb_AF4D_30D7091F5645";"Kunstwerkdeel";"Class";"EAPK_58A5214F_E56C_4707_BE2D_AB36DD6976A3";"RSGBPlus";"99 Kern"
"EAID_AF86D21D_8F8E_4f0d_A1FA_FE7824E99EAD";"Overige geo objecten met attributen";"EAID_9B0F3F8B_B79B_46f7_BF81_96E4C63B9AC2";"Wegdeel";"Class";"EAPK_58A5214F_E56C_4707_BE2D_AB36DD6976A3";"RSGBPlus";"99 Kern"
"EAID_AF86D21D_8F8E_4f0d_A1FA_FE7824E99EAD";"Overige geo objecten met attributen";"EAID_6FDC646C_F9E2_4610_8FFE_1ECFA99FFBD7";"Gebouwinstallatie";"Class";"EAPK_58A5214F_E56C_4707_BE2D_AB36DD6976A3";"RSGBPlus";"99 Kern"
"EAID_AF86D21D_8F8E_4f0d_A1FA_FE7824E99EAD";"Overige geo objecten met attributen";"EAID_4DA0EB59_963C_4558_B763_44F542BC8D89";"Inrichtingselement";"Class";"EAPK_58A5214F_E56C_4707_BE2D_AB36DD6976A3";"RSGBPlus";"99 Kern"
"EAID_AF86D21D_8F8E_4f0d_A1FA_FE7824E99EAD";"Overige geo objecten met attributen";"EAID_EC57B722_D4B4_42d2_AF3C_31E085C63EBB";"OverigeScheiding";"Class";"EAPK_58A5214F_E56C_4707_BE2D_AB36DD6976A3";"RSGBPlus";"99 Kern"
"EAID_AF86D21D_8F8E_4f0d_A1FA_FE7824E99EAD";"Overige geo objecten met attributen";"EAID_C32F1546_F793_4f13_91A4_2047E6DE6E91";"OnbegroeidTerreindeel";"Class";"EAPK_58A5214F_E56C_4707_BE2D_AB36DD6976A3";"RSGBPlus";"99 Kern"
"EAID_AF86D21D_8F8E_4f0d_A1FA_FE7824E99EAD";"Overige geo objecten met attributen";"EAID_B8F44180_1F2A_4bbc_8E17_6C472111A92B";"FunctioneelGebied";"Class";"EAPK_58A5214F_E56C_4707_BE2D_AB36DD6976A3";"RSGBPlus";"99 Kern"
"EAID_AF86D21D_8F8E_4f0d_A1FA_FE7824E99EAD";"Overige geo objecten met attributen";"EAID_9980DF6D_0C86_4039_8400_C54DAC77FB79";"Vegetatieobject";"Class";"EAPK_58A5214F_E56C_4707_BE2D_AB36DD6976A3";"RSGBPlus";"99 Kern"
"EAID_AF86D21D_8F8E_4f0d_A1FA_FE7824E99EAD";"Overige geo objecten met attributen";"EAID_A637379F_6E1D_47aa_AE75_3E22FE0DC814";"Scheiding";"Class";"EAPK_58A5214F_E56C_4707_BE2D_AB36DD6976A3";"RSGBPlus";"99 Kern"
"EAID_AF86D21D_8F8E_4f0d_A1FA_FE7824E99EAD";"Overige geo objecten met attributen";"EAID_D872C213_09D7_4dca_A020_EA363480FC7D";"BegroeidTerreindeel";"Class";"EAPK_58A5214F_E56C_4707_BE2D_AB36DD6976A3";"RSGBPlus";"99 Kern"
"EAID_66FB74D4_C7D8_40b2_8512_B690FC8B2575";"Overige geo objecten op hoofdlijnen";"EAID_1DA7BC25_CF02_4161_B9A2_DE0BE27C5254";"OverigBouwwerk";"Class";"EAPK_58A5214F_E56C_4707_BE2D_AB36DD6976A3";"RSGBPlus";"99 Kern"
"EAID_66FB74D4_C7D8_40b2_8512_B690FC8B2575";"Overige geo objecten op hoofdlijnen";"EAID_B8F44180_1F2A_4bbc_8E17_6C472111A92B";"FunctioneelGebied";"Class";"EAPK_58A5214F_E56C_4707_BE2D_AB36DD6976A3";"RSGBPlus";"99 Kern"
"EAID_66FB74D4_C7D8_40b2_8512_B690FC8B2575";"Overige geo objecten op hoofdlijnen";"EAID_4DA0EB59_963C_4558_B763_44F542BC8D89";"Inrichtingselement";"Class";"EAPK_58A5214F_E56C_4707_BE2D_AB36DD6976A3";"RSGBPlus";"99 Kern"
"EAID_66FB74D4_C7D8_40b2_8512_B690FC8B2575";"Overige geo objecten op hoofdlijnen";"EAID_EE07AE43_1825_4377_9984_9636AB015C11";"Tunneldeel";"Class";"EAPK_58A5214F_E56C_4707_BE2D_AB36DD6976A3";"RSGBPlus";"99 Kern"
"EAID_66FB74D4_C7D8_40b2_8512_B690FC8B2575";"Overige geo objecten op hoofdlijnen";"EAID_2E45A5F3_A685_48c5_98D4_794BE382891E";"Overbruggingsdeel";"Class";"EAPK_58A5214F_E56C_4707_BE2D_AB36DD6976A3";"RSGBPlus";"99 Kern"
"EAID_66FB74D4_C7D8_40b2_8512_B690FC8B2575";"Overige geo objecten op hoofdlijnen";"EAID_7B92809F_CFAE_4be8_BE3A_4E4B94E83F52";"OndersteunendWaterdeel";"Class";"EAPK_58A5214F_E56C_4707_BE2D_AB36DD6976A3";"RSGBPlus";"99 Kern"
"EAID_66FB74D4_C7D8_40b2_8512_B690FC8B2575";"Overige geo objecten op hoofdlijnen";"EAID_6FDC646C_F9E2_4610_8FFE_1ECFA99FFBD7";"Gebouwinstallatie";"Class";"EAPK_58A5214F_E56C_4707_BE2D_AB36DD6976A3";"RSGBPlus";"99 Kern"
"EAID_66FB74D4_C7D8_40b2_8512_B690FC8B2575";"Overige geo objecten op hoofdlijnen";"EAID_9980DF6D_0C86_4039_8400_C54DAC77FB79";"Vegetatieobject";"Class";"EAPK_58A5214F_E56C_4707_BE2D_AB36DD6976A3";"RSGBPlus";"99 Kern"
"EAID_66FB74D4_C7D8_40b2_8512_B690FC8B2575";"Overige geo objecten op hoofdlijnen";"EAID_EC57B722_D4B4_42d2_AF3C_31E085C63EBB";"OverigeScheiding";"Class";"EAPK_58A5214F_E56C_4707_BE2D_AB36DD6976A3";"RSGBPlus";"99 Kern"
"EAID_66FB74D4_C7D8_40b2_8512_B690FC8B2575";"Overige geo objecten op hoofdlijnen";"EAID_F55A5977_7E3B_4cf4_B8D1_CFCEECA0DEA1";"OndersteunendWegdeel";"Class";"EAPK_58A5214F_E56C_4707_BE2D_AB36DD6976A3";"RSGBPlus";"99 Kern"
"EAID_66FB74D4_C7D8_40b2_8512_B690FC8B2575";"Overige geo objecten op hoofdlijnen";"EAID_A637379F_6E1D_47aa_AE75_3E22FE0DC814";"Scheiding";"Class";"EAPK_58A5214F_E56C_4707_BE2D_AB36DD6976A3";"RSGBPlus";"99 Kern"
"EAID_66FB74D4_C7D8_40b2_8512_B690FC8B2575";"Overige geo objecten op hoofdlijnen";"EAID_2EC96974_F21E_4bdb_AF4D_30D7091F5645";"Kunstwerkdeel";"Class";"EAPK_58A5214F_E56C_4707_BE2D_AB36DD6976A3";"RSGBPlus";"99 Kern"
"EAID_66FB74D4_C7D8_40b2_8512_B690FC8B2575";"Overige geo objecten op hoofdlijnen";"EAID_9B0F3F8B_B79B_46f7_BF81_96E4C63B9AC2";"Wegdeel";"Class";"EAPK_58A5214F_E56C_4707_BE2D_AB36DD6976A3";"RSGBPlus";"99 Kern"
"EAID_66FB74D4_C7D8_40b2_8512_B690FC8B2575";"Overige geo objecten op hoofdlijnen";"EAID_FD0B5F4D_AE9B_47bd_8C60_031D21AC24B1";"Waterdeel";"Class";"EAPK_58A5214F_E56C_4707_BE2D_AB36DD6976A3";"RSGBPlus";"99 Kern"
"EAID_66FB74D4_C7D8_40b2_8512_B690FC8B2575";"Overige geo objecten op hoofdlijnen";"EAID_B0EA89D8_EE32_410b_B683_8CA937E5009D";"Spoor";"Class";"EAPK_58A5214F_E56C_4707_BE2D_AB36DD6976A3";"RSGBPlus";"99 Kern"
"EAID_66FB74D4_C7D8_40b2_8512_B690FC8B2575";"Overige geo objecten op hoofdlijnen";"EAID_C32F1546_F793_4f13_91A4_2047E6DE6E91";"OnbegroeidTerreindeel";"Class";"EAPK_58A5214F_E56C_4707_BE2D_AB36DD6976A3";"RSGBPlus";"99 Kern"
"EAID_66FB74D4_C7D8_40b2_8512_B690FC8B2575";"Overige geo objecten op hoofdlijnen";"EAID_D872C213_09D7_4dca_A020_EA363480FC7D";"BegroeidTerreindeel";"Class";"EAPK_58A5214F_E56C_4707_BE2D_AB36DD6976A3";"RSGBPlus";"99 Kern"
"EAID_1A2D9483_7709_4ea1_8272_225C3B5C36EF";"PAND";"EAID_461EFCF0_E65E_4c7c_B44D_8F36C36FDCE4";"Verblijfsobject";"Class";"EAPK_58A5214F_E56C_4707_BE2D_AB36DD6976A3";"RSGBPlus";"99 Kern"
"EAID_1A2D9483_7709_4ea1_8272_225C3B5C36EF";"PAND";"EAID_11595AD8_CE67_40dd_BDA9_489DC7D244ED";"Pand";"Class";"EAPK_58A5214F_E56C_4707_BE2D_AB36DD6976A3";"RSGBPlus";"99 Kern"
"EAID_1A2D9483_7709_4ea1_8272_225C3B5C36EF";"PAND";"EAID_38649FF6_88C6_437d_AF8E_A9023D55E16C";"Buurt";"Class";"EAPK_58A5214F_E56C_4707_BE2D_AB36DD6976A3";"RSGBPlus";"99 Kern"
"EAID_1A2D9483_7709_4ea1_8272_225C3B5C36EF";"PAND";"EAID_29B5467C_7E93_427a_9884_80CD0E931B6A";"typeObjectcode";"Enumeration";"EAPK_58A5214F_E56C_4707_BE2D_AB36DD6976A3";"RSGBPlus";"99 Kern"
"EAID_1A2D9483_7709_4ea1_8272_225C3B5C36EF";"PAND";"EAID_C6594858_EB0F_4fe0_A8AD_B952291429E4";"inwinningsmethodeGeometrie";"Enumeration";"EAPK_58A5214F_E56C_4707_BE2D_AB36DD6976A3";"RSGBPlus";"99 Kern"
"EAID_1A2D9483_7709_4ea1_8272_225C3B5C36EF";"PAND";"EAID_E2CC5DFC_C264_4c21_8E47_F551958E1C17";"statusPand";"Enumeration";"EAPK_58A5214F_E56C_4707_BE2D_AB36DD6976A3";"RSGBPlus";"99 Kern"
"EAID_1A2D9483_7709_4ea1_8272_225C3B5C36EF";"PAND";"EAID_EEC30588_0E12_41c9_977E_C885A0A7EDC3";"WOZ-deelobject";"Class";"EAPK_58A5214F_E56C_4707_BE2D_AB36DD6976A3";"RSGBPlus";"99 Kern"
"EAID_72DE3820_C251_45ac_A1C2_3A133A7791F3";"PERSOON";"EAID_9775E778_DBF8_4122_94CE_551466B62F46";"KadastraleOnroerendeZaak";"Class";"EAPK_58A5214F_E56C_4707_BE2D_AB36DD6976A3";"RSGBPlus";"99 Kern"
"EAID_72DE3820_C251_45ac_A1C2_3A133A7791F3";"PERSOON";"EAID_8C809341_AC60_4378_8BA0_0843E8C06AF3";"ZakelijkRecht";"Class";"EAPK_58A5214F_E56C_4707_BE2D_AB36DD6976A3";"RSGBPlus";"99 Kern"
"EAID_72DE3820_C251_45ac_A1C2_3A133A7791F3";"PERSOON";"EAID_3DC85114_5C3F_4930_B98B_6EB6ED71FC2E";"MaatschappelijkeActiviteit";"Class";"EAPK_58A5214F_E56C_4707_BE2D_AB36DD6976A3";"RSGBPlus";"99 Kern"
"EAID_72DE3820_C251_45ac_A1C2_3A133A7791F3";"PERSOON";"EAID_9DF5AC43_3673_4b9a_BB5E_6DCA7BE28835";"Rechtspersoon";"Class";"EAPK_58A5214F_E56C_4707_BE2D_AB36DD6976A3";"RSGBPlus";"99 Kern"
"EAID_8B8444CB_1E64_454b_82F9_48A7C9011CE0";"POC Vastgoed ";"EAID_909E635B_E33D_4ded_8471_900CD175B7D1";"Adresaanduiding";"Class";"EAPK_64927CCE_C5AB_447e_BB41_C961BE1EA1BD";"Vastgoed";"9 Interne Organisatie"
"EAID_8B8444CB_1E64_454b_82F9_48A7C9011CE0";"POC Vastgoed ";"EAID_764193B9_F588_46a2_A230_4B9D29B8CF44";"Monumenttypering";"Enumeration";"EAPK_64927CCE_C5AB_447e_BB41_C961BE1EA1BD";"Vastgoed";"9 Interne Organisatie"
"EAID_8B8444CB_1E64_454b_82F9_48A7C9011CE0";"POC Vastgoed ";"EAID_9DF5AC43_3673_4b9a_BB5E_6DCA7BE28835";"Rechtspersoon";"Class";"EAPK_64927CCE_C5AB_447e_BB41_C961BE1EA1BD";"Vastgoed";"9 Interne Organisatie"
"EAID_8B8444CB_1E64_454b_82F9_48A7C9011CE0";"POC Vastgoed ";"EAID_98A7AE65_A061_449a_94CD_6218069CA86A";"Verhuurbaar Eenheid";"Class";"EAPK_64927CCE_C5AB_447e_BB41_C961BE1EA1BD";"Vastgoed";"9 Interne Organisatie"
"EAID_8B8444CB_1E64_454b_82F9_48A7C9011CE0";"POC Vastgoed ";"EAID_8C809341_AC60_4378_8BA0_0843E8C06AF3";"ZakelijkRecht";"Class";"EAPK_64927CCE_C5AB_447e_BB41_C961BE1EA1BD";"Vastgoed";"9 Interne Organisatie"
"EAID_8B8444CB_1E64_454b_82F9_48A7C9011CE0";"POC Vastgoed ";"EAID_9775E778_DBF8_4122_94CE_551466B62F46";"KadastraleOnroerendeZaak";"Class";"EAPK_64927CCE_C5AB_447e_BB41_C961BE1EA1BD";"Vastgoed";"9 Interne Organisatie"
"EAID_8B8444CB_1E64_454b_82F9_48A7C9011CE0";"POC Vastgoed ";"EAID_28A6F2AC_5AB1_4f25_8876_931152CA28E0";"Vastgoedobject";"Class";"EAPK_64927CCE_C5AB_447e_BB41_C961BE1EA1BD";"Vastgoed";"9 Interne Organisatie"
"EAID_0B6F2088_5BBC_477b_8E5F_3FAB9ACC4399";"Partij";"EAID_8E090A86_8095_458c_B162_B09982158CD5";"VerstrekkingsbeperkingPartieelIngeschrevenNatuurlijkPersoon";"Class";"EAPK_58A5214F_E56C_4707_BE2D_AB36DD6976A3";"RSGBPlus";"99 Kern"
"EAID_0B6F2088_5BBC_477b_8E5F_3FAB9ACC4399";"Partij";"EAID_0F175713_CEAB_4c6e_8A61_27F93C1FC777";"Partij";"Class";"EAPK_58A5214F_E56C_4707_BE2D_AB36DD6976A3";"RSGBPlus";"99 Kern"
"EAID_B2D890F1_6B7C_45df_9A70_8C40CE1B3611";"Prinsenhof Collectie";"EAID_576642BA_9AF9_42fc_831A_F9D3138F20FC";"Belanghebbende";"Class";"EAPK_968E06DC_172D_4e4f_9084_1F7B097620CC";"Musea";"5 Sport, Cultuur en Recreatie"
"EAID_B2D890F1_6B7C_45df_9A70_8C40CE1B3611";"Prinsenhof Collectie";"EAID_3BBB3264_592A_4d8c_A741_C2A3C38E3932";"Historisch Persoon";"Class";"EAPK_968E06DC_172D_4e4f_9084_1F7B097620CC";"Musea";"5 Sport, Cultuur en Recreatie"
"EAID_B2D890F1_6B7C_45df_9A70_8C40CE1B3611";"Prinsenhof Collectie";"EAID_9DF5AC43_3673_4b9a_BB5E_6DCA7BE28835";"Rechtspersoon";"Class";"EAPK_968E06DC_172D_4e4f_9084_1F7B097620CC";"Musea";"5 Sport, Cultuur en Recreatie"
"EAID_B2D890F1_6B7C_45df_9A70_8C40CE1B3611";"Prinsenhof Collectie";"EAID_16EB3936_03CB_4854_9CD8_9F0911EEA51B";"Medewerker";"Class";"EAPK_968E06DC_172D_4e4f_9084_1F7B097620CC";"Musea";"5 Sport, Cultuur en Recreatie"
"EAID_B2D890F1_6B7C_45df_9A70_8C40CE1B3611";"Prinsenhof Collectie";"EAID_E5566AF6_3D43_4b2f_B658_F67F6C1C511D";"Samensteller";"Class";"EAPK_968E06DC_172D_4e4f_9084_1F7B097620CC";"Musea";"5 Sport, Cultuur en Recreatie"
"EAID_B2D890F1_6B7C_45df_9A70_8C40CE1B3611";"Prinsenhof Collectie";"EAID_6850BC5E_444E_4d33_A8A7_9B345502E275";"Zaal";"Class";"EAPK_968E06DC_172D_4e4f_9084_1F7B097620CC";"Musea";"5 Sport, Cultuur en Recreatie"
"EAID_B2D890F1_6B7C_45df_9A70_8C40CE1B3611";"Prinsenhof Collectie";"EAID_98F3132E_F97A_4f49_B4F5_28618BB693F8";"Standplaats";"Class";"EAPK_968E06DC_172D_4e4f_9084_1F7B097620CC";"Musea";"5 Sport, Cultuur en Recreatie"
"EAID_B2D890F1_6B7C_45df_9A70_8C40CE1B3611";"Prinsenhof Collectie";"EAID_069C9894_5E07_4c95_AC28_EB4A5EBFD165";"Tentoonstelling";"Class";"EAPK_968E06DC_172D_4e4f_9084_1F7B097620CC";"Musea";"5 Sport, Cultuur en Recreatie"
"EAID_B2D890F1_6B7C_45df_9A70_8C40CE1B3611";"Prinsenhof Collectie";"EAID_68C42EEA_6985_483e_99E6_E0F1FB71D622";"Lener";"Class";"EAPK_968E06DC_172D_4e4f_9084_1F7B097620CC";"Musea";"5 Sport, Cultuur en Recreatie"
"EAID_B2D890F1_6B7C_45df_9A70_8C40CE1B3611";"Prinsenhof Collectie";"EAID_BBCF9DBE_70AD_431c_B698_7F0D69D07050";"Museumobject";"Class";"EAPK_968E06DC_172D_4e4f_9084_1F7B097620CC";"Musea";"5 Sport, Cultuur en Recreatie"
"EAID_B2D890F1_6B7C_45df_9A70_8C40CE1B3611";"Prinsenhof Collectie";"EAID_CE85A5E9_AD75_40e7_8EBF_A484E4CBEEDC";"Incident";"Class";"EAPK_968E06DC_172D_4e4f_9084_1F7B097620CC";"Musea";"5 Sport, Cultuur en Recreatie"
"EAID_B2D890F1_6B7C_45df_9A70_8C40CE1B3611";"Prinsenhof Collectie";"EAID_6DC28A18_DF54_4b92_A592_5F717935CA67";"Collectie";"Class";"EAPK_968E06DC_172D_4e4f_9084_1F7B097620CC";"Musea";"5 Sport, Cultuur en Recreatie"
"EAID_B2D890F1_6B7C_45df_9A70_8C40CE1B3611";"Prinsenhof Collectie";"EAID_452312FD_05FB_4abc_A48B_C605F7E3E193";"Bruikleen";"Class";"EAPK_968E06DC_172D_4e4f_9084_1F7B097620CC";"Musea";"5 Sport, Cultuur en Recreatie"
"EAID_22110445_1906_4602_8004_6BA4D6C063D0";"Prinsenhof Events en Relaties";"EAID_9DF5AC43_3673_4b9a_BB5E_6DCA7BE28835";"Rechtspersoon";"Class";"EAPK_968E06DC_172D_4e4f_9084_1F7B097620CC";"Musea";"5 Sport, Cultuur en Recreatie"
"EAID_22110445_1906_4602_8004_6BA4D6C063D0";"Prinsenhof Events en Relaties";"EAID_D90E822D_7EF8_4ea6_AF5C_4A4362577941";"Kostenplaats";"Class";"EAPK_968E06DC_172D_4e4f_9084_1F7B097620CC";"Musea";"5 Sport, Cultuur en Recreatie"
"EAID_22110445_1906_4602_8004_6BA4D6C063D0";"Prinsenhof Events en Relaties";"EAID_069C9894_5E07_4c95_AC28_EB4A5EBFD165";"Tentoonstelling";"Class";"EAPK_968E06DC_172D_4e4f_9084_1F7B097620CC";"Musea";"5 Sport, Cultuur en Recreatie"
"EAID_22110445_1906_4602_8004_6BA4D6C063D0";"Prinsenhof Events en Relaties";"EAID_EA7FE08E_34F7_45d2_BE2E_E4E3B8333BF3";"Leverancier";"Class";"EAPK_968E06DC_172D_4e4f_9084_1F7B097620CC";"Musea";"5 Sport, Cultuur en Recreatie"
"EAID_22110445_1906_4602_8004_6BA4D6C063D0";"Prinsenhof Events en Relaties";"EAID_D3EF17C3_8100_4a61_9E67_F20924C15CEA";"Productie-eenheid";"Class";"EAPK_968E06DC_172D_4e4f_9084_1F7B097620CC";"Musea";"5 Sport, Cultuur en Recreatie"
"EAID_22110445_1906_4602_8004_6BA4D6C063D0";"Prinsenhof Events en Relaties";"EAID_11AB7925_5C96_4615_92F6_4055935221A0";"Reservering";"Class";"EAPK_968E06DC_172D_4e4f_9084_1F7B097620CC";"Musea";"5 Sport, Cultuur en Recreatie"
"EAID_22110445_1906_4602_8004_6BA4D6C063D0";"Prinsenhof Events en Relaties";"EAID_A1C60F39_3074_4d1c_A37D_5F431F54DF92";"Activiteit";"Class";"EAPK_968E06DC_172D_4e4f_9084_1F7B097620CC";"Musea";"5 Sport, Cultuur en Recreatie"
"EAID_22110445_1906_4602_8004_6BA4D6C063D0";"Prinsenhof Events en Relaties";"EAID_D77AB8CF_E4B1_49fd_BE78_FE358FF76F13";"Activiteitsoort";"Class";"EAPK_968E06DC_172D_4e4f_9084_1F7B097620CC";"Musea";"5 Sport, Cultuur en Recreatie"
"EAID_22110445_1906_4602_8004_6BA4D6C063D0";"Prinsenhof Events en Relaties";"EAID_48BCF2C2_609C_4e4c_991E_8BDA80E0C7C7";"Mailing";"Class";"EAPK_968E06DC_172D_4e4f_9084_1F7B097620CC";"Musea";"5 Sport, Cultuur en Recreatie"
"EAID_22110445_1906_4602_8004_6BA4D6C063D0";"Prinsenhof Events en Relaties";"EAID_0598561F_667E_4926_9BF5_66A928358E9F";"Doelgroep";"Class";"EAPK_968E06DC_172D_4e4f_9084_1F7B097620CC";"Musea";"5 Sport, Cultuur en Recreatie"
"EAID_22110445_1906_4602_8004_6BA4D6C063D0";"Prinsenhof Events en Relaties";"EAID_43EF5733_B976_4f21_9906_5349FD861BB5";"Programmasoort";"Class";"EAPK_968E06DC_172D_4e4f_9084_1F7B097620CC";"Musea";"5 Sport, Cultuur en Recreatie"
"EAID_22110445_1906_4602_8004_6BA4D6C063D0";"Prinsenhof Events en Relaties";"EAID_C73389B7_7BCD_4496_888B_6ABEE9DE01FB";"Museumrelatie";"Class";"EAPK_968E06DC_172D_4e4f_9084_1F7B097620CC";"Musea";"5 Sport, Cultuur en Recreatie"
"EAID_22110445_1906_4602_8004_6BA4D6C063D0";"Prinsenhof Events en Relaties";"EAID_3B84D5F0_FCA3_47a5_B90C_F0834DAD6EBD";"Programma";"Class";"EAPK_968E06DC_172D_4e4f_9084_1F7B097620CC";"Musea";"5 Sport, Cultuur en Recreatie"
"EAID_22110445_1906_4602_8004_6BA4D6C063D0";"Prinsenhof Events en Relaties";"EAID_2EE54C3D_0D8B_440e_A4A4_031273313901";"Rondleiding";"Class";"EAPK_968E06DC_172D_4e4f_9084_1F7B097620CC";"Musea";"5 Sport, Cultuur en Recreatie"
"EAID_22110445_1906_4602_8004_6BA4D6C063D0";"Prinsenhof Events en Relaties";"EAID_8D3666E3_F2DA_4cba_BF67_EFED9AAD97CC";"Voorziening";"Class";"EAPK_968E06DC_172D_4e4f_9084_1F7B097620CC";"Musea";"5 Sport, Cultuur en Recreatie"
"EAID_22110445_1906_4602_8004_6BA4D6C063D0";"Prinsenhof Events en Relaties";"EAID_6850BC5E_444E_4d33_A8A7_9B345502E275";"Zaal";"Class";"EAPK_968E06DC_172D_4e4f_9084_1F7B097620CC";"Musea";"5 Sport, Cultuur en Recreatie"
"EAID_3913ADF8_4B30_48c0_A0AE_59BAAC281EF2";"Prinsenhof Verkoop";"EAID_D1725B4A_DD7E_478f_999E_ECFD46D07B00";"Proxyconnector";"Class";"EAPK_968E06DC_172D_4e4f_9084_1F7B097620CC";"Musea";"5 Sport, Cultuur en Recreatie"
"EAID_3913ADF8_4B30_48c0_A0AE_59BAAC281EF2";"Prinsenhof Verkoop";"EAID_E98235C8_0A7C_4e6c_B182_4DFBF81CDAF5";"Proxyconnector";"Class";"EAPK_968E06DC_172D_4e4f_9084_1F7B097620CC";"Musea";"5 Sport, Cultuur en Recreatie"
"EAID_3913ADF8_4B30_48c0_A0AE_59BAAC281EF2";"Prinsenhof Verkoop";"EAID_EA7FE08E_34F7_45d2_BE2E_E4E3B8333BF3";"Leverancier";"Class";"EAPK_968E06DC_172D_4e4f_9084_1F7B097620CC";"Musea";"5 Sport, Cultuur en Recreatie"
"EAID_3913ADF8_4B30_48c0_A0AE_59BAAC281EF2";"Prinsenhof Verkoop";"EAID_E46CB962_A2BC_4656_A0C1_D7DBCCA0C528";"Entreekaart";"Class";"EAPK_968E06DC_172D_4e4f_9084_1F7B097620CC";"Musea";"5 Sport, Cultuur en Recreatie"
"EAID_3913ADF8_4B30_48c0_A0AE_59BAAC281EF2";"Prinsenhof Verkoop";"EAID_EA2D32A2_5ED5_45c8_AC33_57C35981B3BC";"Balieverkoop";"Class";"EAPK_968E06DC_172D_4e4f_9084_1F7B097620CC";"Musea";"5 Sport, Cultuur en Recreatie"
"EAID_3913ADF8_4B30_48c0_A0AE_59BAAC281EF2";"Prinsenhof Verkoop";"EAID_9D19BC40_5EED_408d_AFA3_7C16F8E7E65F";"Winkelvoorraaditem";"Class";"EAPK_968E06DC_172D_4e4f_9084_1F7B097620CC";"Musea";"5 Sport, Cultuur en Recreatie"
"EAID_3913ADF8_4B30_48c0_A0AE_59BAAC281EF2";"Prinsenhof Verkoop";"EAID_90E24064_EBB7_4ffc_9640_F7C31678899F";"Balieverkoop Entreekaart";"Class";"EAPK_968E06DC_172D_4e4f_9084_1F7B097620CC";"Musea";"5 Sport, Cultuur en Recreatie"
"EAID_3913ADF8_4B30_48c0_A0AE_59BAAC281EF2";"Prinsenhof Verkoop";"EAID_42EBA101_3E51_46d5_A234_EC7BA991D3AF";"Productgroep";"Class";"EAPK_968E06DC_172D_4e4f_9084_1F7B097620CC";"Musea";"5 Sport, Cultuur en Recreatie"
"EAID_3913ADF8_4B30_48c0_A0AE_59BAAC281EF2";"Prinsenhof Verkoop";"EAID_2A7D73D7_87EA_4b61_88BB_F061DDBF52D9";"Omzetgroep";"Class";"EAPK_968E06DC_172D_4e4f_9084_1F7B097620CC";"Musea";"5 Sport, Cultuur en Recreatie"
"EAID_3913ADF8_4B30_48c0_A0AE_59BAAC281EF2";"Prinsenhof Verkoop";"EAID_FF566C6B_077B_4914_8AF7_40EB1EDD388A";"Product";"Class";"EAPK_968E06DC_172D_4e4f_9084_1F7B097620CC";"Musea";"5 Sport, Cultuur en Recreatie"
"EAID_58363CF8_C242_4dca_8651_1DBB7B5D5BF7";"REISDOCUMENT";"EAID_AF9534B0_7CBD_4061_9276_A7B6698B383A";"IngeschrevenPersoon";"Class";"EAPK_58A5214F_E56C_4707_BE2D_AB36DD6976A3";"RSGBPlus";"99 Kern"
"EAID_58363CF8_C242_4dca_8651_1DBB7B5D5BF7";"REISDOCUMENT";"EAID_E36F8A4C_C487_40ec_9D4F_4FDF5DCED461";"AutoriteitAfgifteNederlandsReisdocument";"Class";"EAPK_58A5214F_E56C_4707_BE2D_AB36DD6976A3";"RSGBPlus";"99 Kern"
"EAID_58363CF8_C242_4dca_8651_1DBB7B5D5BF7";"REISDOCUMENT";"EAID_9B477DCC_620F_4128_A65D_0CD045BCE16B";"aanduidingInhoudingVermissingReisdocument";"Enumeration";"EAPK_58A5214F_E56C_4707_BE2D_AB36DD6976A3";"RSGBPlus";"99 Kern"
"EAID_58363CF8_C242_4dca_8651_1DBB7B5D5BF7";"REISDOCUMENT";"EAID_CA9BC1BB_D572_4e47_BECF_17CFD379BD6A";"Reisdocument";"Class";"EAPK_58A5214F_E56C_4707_BE2D_AB36DD6976A3";"RSGBPlus";"99 Kern"
"EAID_FAF0844E_6F79_49f6_995C_177FF02FAF1F";"Reden aanvraag- overzicht";"EAID_1F9DBD7C_EBF3_41c8_8F00_2F6169FE107C";"Diensten::Aanvraag levensonderhoud";"Class";"EAPK_1BEB04DF_888E_945B_4A20_2791BFAE4D4C";"Reden aanvraag";"6 Sociaal Domein"
"EAID_FAF0844E_6F79_49f6_995C_177FF02FAF1F";"Reden aanvraag- overzicht";"EAID_4B7F5B5B_CCC7_465e_9908_E83620EEAE89";"Levenssituatie::Levenssituatie";"Class";"EAPK_1BEB04DF_888E_945B_4A20_2791BFAE4D4C";"Reden aanvraag";"6 Sociaal Domein"
"EAID_FAF0844E_6F79_49f6_995C_177FF02FAF1F";"Reden aanvraag- overzicht";"EAID_2D94CF02_97C5_4621_B225_EA742445A235";"Diensten::Aanvraag";"Class";"EAPK_1BEB04DF_888E_945B_4A20_2791BFAE4D4C";"Reden aanvraag";"6 Sociaal Domein"
"EAID_FAF0844E_6F79_49f6_995C_177FF02FAF1F";"Reden aanvraag- overzicht";"EAID_32633236_e5f5_40eb_a083_fc12c3e8a7f8";"Wachten DigiD";"Class";"EAPK_1BEB04DF_888E_945B_4A20_2791BFAE4D4C";"Reden aanvraag";"6 Sociaal Domein"
"EAID_FAF0844E_6F79_49f6_995C_177FF02FAF1F";"Reden aanvraag- overzicht";"EAID_008977a4_1342_42b2_be93_bda49931fa51";"Wachten beslissing instantie";"Class";"EAPK_1BEB04DF_888E_945B_4A20_2791BFAE4D4C";"Reden aanvraag";"6 Sociaal Domein"
"EAID_FAF0844E_6F79_49f6_995C_177FF02FAF1F";"Reden aanvraag- overzicht";"EAID_109FA03E_8C65_8EF6_C7F0_2791C1C80AFE";"Vertrek uit asielzoekerscentrum";"Class";"EAPK_1BEB04DF_888E_945B_4A20_2791BFAE4D4C";"Reden aanvraag";"6 Sociaal Domein"
"EAID_FAF0844E_6F79_49f6_995C_177FF02FAF1F";"Reden aanvraag- overzicht";"EAID_273AA921_78AD_0107_6D04_2791C07149E9";"Verbroken relatie";"Class";"EAPK_1BEB04DF_888E_945B_4A20_2791BFAE4D4C";"Reden aanvraag";"6 Sociaal Domein"
"EAID_FAF0844E_6F79_49f6_995C_177FF02FAF1F";"Reden aanvraag- overzicht";"EAID_ed8f8dba_b936_40ad_b443_1ee91b8fe046";"Reden afwijkende startdatum";"Class";"EAPK_1BEB04DF_888E_945B_4A20_2791BFAE4D4C";"Reden aanvraag";"6 Sociaal Domein"
"EAID_FAF0844E_6F79_49f6_995C_177FF02FAF1F";"Reden aanvraag- overzicht";"EAID_0BCC5755_9F69_A5D7_4387_2791BFCD4782";"Reden aanvraag Levensonderhoud";"Class";"EAPK_1BEB04DF_888E_945B_4A20_2791BFAE4D4C";"Reden aanvraag";"6 Sociaal Domein"
"EAID_FAF0844E_6F79_49f6_995C_177FF02FAF1F";"Reden aanvraag- overzicht";"EAID_cac6d8c1_42e6_41cb_9907_3c65c081afba";"Reden aanvraag";"Class";"EAPK_1BEB04DF_888E_945B_4A20_2791BFAE4D4C";"Reden aanvraag";"6 Sociaal Domein"
"EAID_FAF0844E_6F79_49f6_995C_177FF02FAF1F";"Reden aanvraag- overzicht";"EAID_201D0432_BDE5_700A_13F6_2791C071691F";"Overleden partner";"Class";"EAPK_1BEB04DF_888E_945B_4A20_2791BFAE4D4C";"Reden aanvraag";"6 Sociaal Domein"
"EAID_FAF0844E_6F79_49f6_995C_177FF02FAF1F";"Reden aanvraag- overzicht";"EAID_1ac5aa8f_eb60_4683_acb8_ca3308da1c3d";"Opname instelling";"Class";"EAPK_1BEB04DF_888E_945B_4A20_2791BFAE4D4C";"Reden aanvraag";"6 Sociaal Domein"
"EAID_FAF0844E_6F79_49f6_995C_177FF02FAF1F";"Reden aanvraag- overzicht";"EAID_0572BF37_A778_273A_32B0_2791C2CC601A";"Ingang bijstandsuitkering";"Class";"EAPK_1BEB04DF_888E_945B_4A20_2791BFAE4D4C";"Reden aanvraag";"6 Sociaal Domein"
"EAID_FAF0844E_6F79_49f6_995C_177FF02FAF1F";"Reden aanvraag- overzicht";"EAID_1BDF5AAF_EDC4_87BC_16F2_2791C06DC1FA";"Gestopte uitkering";"Class";"EAPK_1BEB04DF_888E_945B_4A20_2791BFAE4D4C";"Reden aanvraag";"6 Sociaal Domein"
"EAID_FAF0844E_6F79_49f6_995C_177FF02FAF1F";"Reden aanvraag- overzicht";"EAID_1F0AACC8_0CDE_849C_C1CC_2791C070CCF8";"Gestopte studiefinanciering";"Class";"EAPK_1BEB04DF_888E_945B_4A20_2791BFAE4D4C";"Reden aanvraag";"6 Sociaal Domein"
"EAID_FAF0844E_6F79_49f6_995C_177FF02FAF1F";"Reden aanvraag- overzicht";"EAID_1632E282_377B_77CF_BF11_2791C070C097";"Gestopte of verlaagde alimentatie";"Class";"EAPK_1BEB04DF_888E_945B_4A20_2791BFAE4D4C";"Reden aanvraag";"6 Sociaal Domein"
"EAID_FAF0844E_6F79_49f6_995C_177FF02FAF1F";"Reden aanvraag- overzicht";"EAID_16F72E30_A6E2_CEC4_6AB8_2791C1C8CC09";"Gestopte detentie";"Class";"EAPK_1BEB04DF_888E_945B_4A20_2791BFAE4D4C";"Reden aanvraag";"6 Sociaal Domein"
"EAID_FAF0844E_6F79_49f6_995C_177FF02FAF1F";"Reden aanvraag- overzicht";"EAID_15ABBF00_EC46_89CA_680B_2791C070D8E5";"Gestopte bijstanduitkering";"Class";"EAPK_1BEB04DF_888E_945B_4A20_2791BFAE4D4C";"Reden aanvraag";"6 Sociaal Domein"
"EAID_FAF0844E_6F79_49f6_995C_177FF02FAF1F";"Reden aanvraag- overzicht";"EAID_0B7F7AD1_661C_8F1C_4F9A_2791C1C74BAB";"Gestopt of verkocht eigen bedrijf";"Class";"EAPK_1BEB04DF_888E_945B_4A20_2791BFAE4D4C";"Reden aanvraag";"6 Sociaal Domein"
"EAID_FAF0844E_6F79_49f6_995C_177FF02FAF1F";"Reden aanvraag- overzicht";"EAID_1E8815BF_5BAC_6978_BF60_2791C1C96FC3";"Andere reden verzoek";"Class";"EAPK_1BEB04DF_888E_945B_4A20_2791BFAE4D4C";"Reden aanvraag";"6 Sociaal Domein"
"EAID_FAF0844E_6F79_49f6_995C_177FF02FAF1F";"Reden aanvraag- overzicht";"EAID_237c7e1c_5893_475f_be3f_49b629316e1e";"Andere reden afwijkende startdatum";"Class";"EAPK_1BEB04DF_888E_945B_4A20_2791BFAE4D4C";"Reden aanvraag";"6 Sociaal Domein"
"EAID_FAF0844E_6F79_49f6_995C_177FF02FAF1F";"Reden aanvraag- overzicht";"EAID_16333246_B1C9_E9E9_D5B6_2791C02E05CB";"Gestopt betaald werk";"Class";"EAPK_1BEB04DF_888E_945B_4A20_2791BFAE4D4C";"Reden aanvraag";"6 Sociaal Domein"
"EAID_0F80FEE1_6611_472c_A77E_C3EA9A52A4A9";"Reden verkrijging nationaliteit";"EAID_261B509E_6879_4475_B5F8_77E8428816CE";"NationaliteitIngeschrevenNatuurlijkPersoon";"Class";"EAPK_58A5214F_E56C_4707_BE2D_AB36DD6976A3";"RSGBPlus";"99 Kern"
"EAID_0F80FEE1_6611_472c_A77E_C3EA9A52A4A9";"Reden verkrijging nationaliteit";"EAID_61D1E99C_DF5E_48ee_8BAB_4ACA1745BC7C";"RedenVerkrijgingNationaliteit";"Class";"EAPK_58A5214F_E56C_4707_BE2D_AB36DD6976A3";"RSGBPlus";"99 Kern"
"EAID_38B16DAA_F859_4391_919E_DA51BC19B8D5";"Reden verlies nationaliteit";"EAID_261B509E_6879_4475_B5F8_77E8428816CE";"NationaliteitIngeschrevenNatuurlijkPersoon";"Class";"EAPK_58A5214F_E56C_4707_BE2D_AB36DD6976A3";"RSGBPlus";"99 Kern"
"EAID_38B16DAA_F859_4391_919E_DA51BC19B8D5";"Reden verlies nationaliteit";"EAID_7F97B43F_CCA1_4bfc_9824_9BEC8D2A70E6";"RedenVerliesNationaliteit";"Class";"EAPK_58A5214F_E56C_4707_BE2D_AB36DD6976A3";"RSGBPlus";"99 Kern"
"EAID_8AC9A512_0538_48f7_B25E_5BC65B17A147";"Referentiemodel Gemeentelijke Basisgegevens Zaken in schema";"EAID_16EB3936_03CB_4854_9CD8_9F0911EEA51B";"Medewerker";"Class";"EAPK_DF1A3AF5_E138_4f54_AAB1_1716247A2F1D";"RGBZPlus";"99 Kern"
"EAID_8AC9A512_0538_48f7_B25E_5BC65B17A147";"Referentiemodel Gemeentelijke Basisgegevens Zaken in schema";"EAID_936A4E8B_3E5A_44b6_8A5D_EFB39F83FB6D";"OrganisatorischeEenheid";"Class";"EAPK_DF1A3AF5_E138_4f54_AAB1_1716247A2F1D";"RGBZPlus";"99 Kern"
"EAID_8AC9A512_0538_48f7_B25E_5BC65B17A147";"Referentiemodel Gemeentelijke Basisgegevens Zaken in schema";"EAID_D8142B98_64CB_408e_9941_92423543F08A";"VestigingVanZaakbehandelendeOrganisatie";"Class";"EAPK_DF1A3AF5_E138_4f54_AAB1_1716247A2F1D";"RGBZPlus";"99 Kern"
"EAID_8AC9A512_0538_48f7_B25E_5BC65B17A147";"Referentiemodel Gemeentelijke Basisgegevens Zaken in schema";"EAID_16FB8171_A9ED_4027_A663_C035509501C8";"Betrokkene";"Class";"EAPK_DF1A3AF5_E138_4f54_AAB1_1716247A2F1D";"RGBZPlus";"99 Kern"
"EAID_8AC9A512_0538_48f7_B25E_5BC65B17A147";"Referentiemodel Gemeentelijke Basisgegevens Zaken in schema";"EAID_77C7D6B6_44DE_44c0_A662_8E1A0A226EA8";"Documenttype";"Class";"EAPK_DF1A3AF5_E138_4f54_AAB1_1716247A2F1D";"RGBZPlus";"99 Kern"
"EAID_8AC9A512_0538_48f7_B25E_5BC65B17A147";"Referentiemodel Gemeentelijke Basisgegevens Zaken in schema";"EAID_922D3938_A0EA_42bf_9EFC_23A6A236AF9B";"Besluittype";"Class";"EAPK_DF1A3AF5_E138_4f54_AAB1_1716247A2F1D";"RGBZPlus";"99 Kern"
"EAID_8AC9A512_0538_48f7_B25E_5BC65B17A147";"Referentiemodel Gemeentelijke Basisgegevens Zaken in schema";"EAID_7210A379_17EE_4143_A106_ECD9414B2A0D";"Zaaktype";"Class";"EAPK_DF1A3AF5_E138_4f54_AAB1_1716247A2F1D";"RGBZPlus";"99 Kern"
"EAID_8AC9A512_0538_48f7_B25E_5BC65B17A147";"Referentiemodel Gemeentelijke Basisgegevens Zaken in schema";"EAID_AA496B7B_913C_40fd_943E_52F1A6E89440";"Statustype";"Class";"EAPK_DF1A3AF5_E138_4f54_AAB1_1716247A2F1D";"RGBZPlus";"99 Kern"
"EAID_8AC9A512_0538_48f7_B25E_5BC65B17A147";"Referentiemodel Gemeentelijke Basisgegevens Zaken in schema";"EAID_AFB100D2_8C68_4488_8949_13E945D15920";"Besluit";"Class";"EAPK_DF1A3AF5_E138_4f54_AAB1_1716247A2F1D";"RGBZPlus";"99 Kern"
"EAID_8AC9A512_0538_48f7_B25E_5BC65B17A147";"Referentiemodel Gemeentelijke Basisgegevens Zaken in schema";"EAID_47DA1FC8_F181_41bc_B16A_CE80D2CA13B1";"SamengesteldDocument";"Class";"EAPK_DF1A3AF5_E138_4f54_AAB1_1716247A2F1D";"RGBZPlus";"99 Kern"
"EAID_8AC9A512_0538_48f7_B25E_5BC65B17A147";"Referentiemodel Gemeentelijke Basisgegevens Zaken in schema";"EAID_547FD48D_F885_4816_BCFA_4048995C8D83";"EnkelvoudigDocument";"Class";"EAPK_DF1A3AF5_E138_4f54_AAB1_1716247A2F1D";"RGBZPlus";"99 Kern"
"EAID_8AC9A512_0538_48f7_B25E_5BC65B17A147";"Referentiemodel Gemeentelijke Basisgegevens Zaken in schema";"EAID_7C975D37_670B_405e_B825_924BCAFA74C7";"Status";"Class";"EAPK_DF1A3AF5_E138_4f54_AAB1_1716247A2F1D";"RGBZPlus";"99 Kern"
"EAID_8AC9A512_0538_48f7_B25E_5BC65B17A147";"Referentiemodel Gemeentelijke Basisgegevens Zaken in schema";"EAID_5641C50A_C0FA_4e71_B07B_26C7B1CE94ED";"Document";"Class";"EAPK_DF1A3AF5_E138_4f54_AAB1_1716247A2F1D";"RGBZPlus";"99 Kern"
"EAID_8AC9A512_0538_48f7_B25E_5BC65B17A147";"Referentiemodel Gemeentelijke Basisgegevens Zaken in schema";"EAID_649EFD86_ED52_4293_8577_DBE5445845BF";"Zaak";"Class";"EAPK_DF1A3AF5_E138_4f54_AAB1_1716247A2F1D";"RGBZPlus";"99 Kern"
"EAID_8AC9A512_0538_48f7_B25E_5BC65B17A147";"Referentiemodel Gemeentelijke Basisgegevens Zaken in schema";"EAID_91F9D39E_0322_42c6_AE7F_5027B36F3EC3";"Object";"Class";"EAPK_DF1A3AF5_E138_4f54_AAB1_1716247A2F1D";"RGBZPlus";"99 Kern"
"EAID_8FDA2EB0_1359_493c_B72E_751468C6153C";"Reidoscumentsoorten referenties";"EAID_CA9BC1BB_D572_4e47_BECF_17CFD379BD6A";"Reisdocument";"Class";"EAPK_58A5214F_E56C_4707_BE2D_AB36DD6976A3";"RSGBPlus";"99 Kern"
"EAID_8FDA2EB0_1359_493c_B72E_751468C6153C";"Reidoscumentsoorten referenties";"EAID_6B9EC881_1112_44bc_B114_203A793A54B1";"Reisdocumentsoort";"Class";"EAPK_58A5214F_E56C_4707_BE2D_AB36DD6976A3";"RSGBPlus";"99 Kern"
"EAID_0D12DCBF_E6A9_450e_B7F9_2C34E9D2818C";"Relatie BRP en BAG";"EAID_32A22BC6_89EC_44af_8D7D_79B12311AE2D";"Nummeraanduiding";"Class";"EAPK_2EEC0A24_2953_49cb_9CF1_1A19CCE84E97";"99 Kern";"99 Kern"
"EAID_0D12DCBF_E6A9_450e_B7F9_2C34E9D2818C";"Relatie BRP en BAG";"EAID_9DF5AC43_3673_4b9a_BB5E_6DCA7BE28835";"Rechtspersoon";"Class";"EAPK_2EEC0A24_2953_49cb_9CF1_1A19CCE84E97";"99 Kern";"99 Kern"
"EAID_0D12DCBF_E6A9_450e_B7F9_2C34E9D2818C";"Relatie BRP en BAG";"EAID_AF9534B0_7CBD_4061_9276_A7B6698B383A";"IngeschrevenPersoon";"Class";"EAPK_2EEC0A24_2953_49cb_9CF1_1A19CCE84E97";"99 Kern";"99 Kern"
"EAID_0D12DCBF_E6A9_450e_B7F9_2C34E9D2818C";"Relatie BRP en BAG";"EAID_9F4E12E4_B228_4931_AC83_1B1F60958A89";"NatuurlijkPersoon";"Class";"EAPK_2EEC0A24_2953_49cb_9CF1_1A19CCE84E97";"99 Kern";"99 Kern"
"EAID_D7287848_8118_4aab_8823_D555A599063C";"Relaties Sociaal Domein tot Kern";"EAID_9BD0FBCB_1A9E_4cab_9280_0EBC428E38F7";"Boolean";"Enumeration";"EAPK_4F047F89_F482_48c9_810A_EC0B55B40AEE";"Sociaal Domein Generiek";"6 Sociaal Domein"
"EAID_D7287848_8118_4aab_8823_D555A599063C";"Relaties Sociaal Domein tot Kern";"EAID_598F7015_C6B5_4eed_80A6_139B62324678";"Asielstatushouder";"Class";"EAPK_4F047F89_F482_48c9_810A_EC0B55B40AEE";"Sociaal Domein Generiek";"6 Sociaal Domein"
"EAID_D7287848_8118_4aab_8823_D555A599063C";"Relaties Sociaal Domein tot Kern";"EAID_526489DC_4D57_4e6d_8338_5F7C898162F6";"Gezinsmigrant en Overige migrant";"Class";"EAPK_4F047F89_F482_48c9_810A_EC0B55B40AEE";"Sociaal Domein Generiek";"6 Sociaal Domein"
"EAID_D7287848_8118_4aab_8823_D555A599063C";"Relaties Sociaal Domein tot Kern";"EAID_A9985186_A6B8_4414_8334_A2CA12D5AC94";"Doelgroep";"Enumeration";"EAPK_4F047F89_F482_48c9_810A_EC0B55B40AEE";"Sociaal Domein Generiek";"6 Sociaal Domein"
"EAID_D7287848_8118_4aab_8823_D555A599063C";"Relaties Sociaal Domein tot Kern";"EAID_EE5472C2_193E_4432_B175_78D6DF1D357B";"Inburgeraar";"Class";"EAPK_4F047F89_F482_48c9_810A_EC0B55B40AEE";"Sociaal Domein Generiek";"6 Sociaal Domein"
"EAID_D7287848_8118_4aab_8823_D555A599063C";"Relaties Sociaal Domein tot Kern";"EAID_3BBDD95F_6586_4591_BBD0_D04D1CF2801E";"Vreemdeling";"Class";"EAPK_4F047F89_F482_48c9_810A_EC0B55B40AEE";"Sociaal Domein Generiek";"6 Sociaal Domein"
"EAID_D7287848_8118_4aab_8823_D555A599063C";"Relaties Sociaal Domein tot Kern";"EAID_909A4134_4697_481e_9110_6386D0F6CAAD";"Team";"Class";"EAPK_4F047F89_F482_48c9_810A_EC0B55B40AEE";"Sociaal Domein Generiek";"6 Sociaal Domein"
"EAID_D7287848_8118_4aab_8823_D555A599063C";"Relaties Sociaal Domein tot Kern";"EAID_16EB3936_03CB_4854_9CD8_9F0911EEA51B";"Medewerker";"Class";"EAPK_4F047F89_F482_48c9_810A_EC0B55B40AEE";"Sociaal Domein Generiek";"6 Sociaal Domein"
"EAID_D7287848_8118_4aab_8823_D555A599063C";"Relaties Sociaal Domein tot Kern";"EAID_276E1BF9_E902_4303_A9E7_048627E0DC84";"Clientbegeleider";"Class";"EAPK_4F047F89_F482_48c9_810A_EC0B55B40AEE";"Sociaal Domein Generiek";"6 Sociaal Domein"
"EAID_D7287848_8118_4aab_8823_D555A599063C";"Relaties Sociaal Domein tot Kern";"EAID_9DF5AC43_3673_4b9a_BB5E_6DCA7BE28835";"Rechtspersoon";"Class";"EAPK_4F047F89_F482_48c9_810A_EC0B55B40AEE";"Sociaal Domein Generiek";"6 Sociaal Domein"
"EAID_D7287848_8118_4aab_8823_D555A599063C";"Relaties Sociaal Domein tot Kern";"EAID_9F4E12E4_B228_4931_AC83_1B1F60958A89";"NatuurlijkPersoon";"Class";"EAPK_4F047F89_F482_48c9_810A_EC0B55B40AEE";"Sociaal Domein Generiek";"6 Sociaal Domein"
"EAID_D7287848_8118_4aab_8823_D555A599063C";"Relaties Sociaal Domein tot Kern";"EAID_AF9534B0_7CBD_4061_9276_A7B6698B383A";"IngeschrevenPersoon";"Class";"EAPK_4F047F89_F482_48c9_810A_EC0B55B40AEE";"Sociaal Domein Generiek";"6 Sociaal Domein"
"EAID_D7287848_8118_4aab_8823_D555A599063C";"Relaties Sociaal Domein tot Kern";"EAID_3DF01B79_6712_473e_9878_594CB5AE95A7";"Relatie";"Class";"EAPK_4F047F89_F482_48c9_810A_EC0B55B40AEE";"Sociaal Domein Generiek";"6 Sociaal Domein"
"EAID_D7287848_8118_4aab_8823_D555A599063C";"Relaties Sociaal Domein tot Kern";"EAID_51A266C7_3BDA_457c_9A32_CD1B166CA5BF";"Leverancier";"Class";"EAPK_4F047F89_F482_48c9_810A_EC0B55B40AEE";"Sociaal Domein Generiek";"6 Sociaal Domein"
"EAID_D7287848_8118_4aab_8823_D555A599063C";"Relaties Sociaal Domein tot Kern";"EAID_DAF09055_A5A6_4ff4_A158_21B20567B296";"Client";"Class";"EAPK_4F047F89_F482_48c9_810A_EC0B55B40AEE";"Sociaal Domein Generiek";"6 Sociaal Domein"
"EAID_6409BBCD_026C_40ea_BC54_EE3B816D8CAB";"Relaties met Kern";"EAID_59F3063A_13A6_4cbc_A387_045A6B126746";"Onderwijsinstituut";"Class";"EAPK_1825F01E_BA3C_4e53_B3B3_BD1E69F94A10";"HR";"9 Interne Organisatie"
"EAID_6409BBCD_026C_40ea_BC54_EE3B816D8CAB";"Relaties met Kern";"EAID_3D5CCB29_91E4_458e_8BCD_6741198E45B8";"NietNatuurlijkPersoon";"Class";"EAPK_1825F01E_BA3C_4e53_B3B3_BD1E69F94A10";"HR";"9 Interne Organisatie"
"EAID_6409BBCD_026C_40ea_BC54_EE3B816D8CAB";"Relaties met Kern";"EAID_131BDD67_2A31_43c5_9125_F12DE2D98D2D";"Sollicitant";"Class";"EAPK_1825F01E_BA3C_4e53_B3B3_BD1E69F94A10";"HR";"9 Interne Organisatie"
"EAID_6409BBCD_026C_40ea_BC54_EE3B816D8CAB";"Relaties met Kern";"EAID_9F4E12E4_B228_4931_AC83_1B1F60958A89";"NatuurlijkPersoon";"Class";"EAPK_1825F01E_BA3C_4e53_B3B3_BD1E69F94A10";"HR";"9 Interne Organisatie"
"EAID_6409BBCD_026C_40ea_BC54_EE3B816D8CAB";"Relaties met Kern";"EAID_FE559B58_A6CD_4108_82BE_98E1AEBFD9BD";"Relatie";"Class";"EAPK_1825F01E_BA3C_4e53_B3B3_BD1E69F94A10";"HR";"9 Interne Organisatie"
"EAID_6409BBCD_026C_40ea_BC54_EE3B816D8CAB";"Relaties met Kern";"EAID_16EB3936_03CB_4854_9CD8_9F0911EEA51B";"Medewerker";"Class";"EAPK_1825F01E_BA3C_4e53_B3B3_BD1E69F94A10";"HR";"9 Interne Organisatie"
"EAID_6409BBCD_026C_40ea_BC54_EE3B816D8CAB";"Relaties met Kern";"EAID_BBBB63AC_B546_409b_B6D4_53DB561253B7";"Werknemer";"Class";"EAPK_1825F01E_BA3C_4e53_B3B3_BD1E69F94A10";"HR";"9 Interne Organisatie"
"EAID_9935A4BE_19B5_4fb3_8A0B_49800F527804";"Relaties tot kern details";"EAID_9DF5AC43_3673_4b9a_BB5E_6DCA7BE28835";"Rechtspersoon";"Class";"EAPK_4F047F89_F482_48c9_810A_EC0B55B40AEE";"Sociaal Domein Generiek";"6 Sociaal Domein"
"EAID_9935A4BE_19B5_4fb3_8A0B_49800F527804";"Relaties tot kern details";"EAID_9F4E12E4_B228_4931_AC83_1B1F60958A89";"NatuurlijkPersoon";"Class";"EAPK_4F047F89_F482_48c9_810A_EC0B55B40AEE";"Sociaal Domein Generiek";"6 Sociaal Domein"
"EAID_9935A4BE_19B5_4fb3_8A0B_49800F527804";"Relaties tot kern details";"EAID_AF9534B0_7CBD_4061_9276_A7B6698B383A";"IngeschrevenPersoon";"Class";"EAPK_4F047F89_F482_48c9_810A_EC0B55B40AEE";"Sociaal Domein Generiek";"6 Sociaal Domein"
"EAID_9935A4BE_19B5_4fb3_8A0B_49800F527804";"Relaties tot kern details";"EAID_DAF09055_A5A6_4ff4_A158_21B20567B296";"Client";"Class";"EAPK_4F047F89_F482_48c9_810A_EC0B55B40AEE";"Sociaal Domein Generiek";"6 Sociaal Domein"
"EAID_7561B00D_273B_425a_B2FE_1C3AE499ED2E";"Ruimte Adressen, gebouwen en terreinen";"EAID_461EFCF0_E65E_4c7c_B44D_8F36C36FDCE4";"Verblijfsobject";"Class";"EAPK_C3BA35EC_ABFA_4a7d_BEE9_07FF7563442D";"Beheer Openbare Ruimte";"8 Volkshuisvesting, Leefomgeving en Stedelijke Vernieuwing"
"EAID_7561B00D_273B_425a_B2FE_1C3AE499ED2E";"Ruimte Adressen, gebouwen en terreinen";"EAID_BFE30E32_8CB9_4272_A559_9FB3FD74DACC";"OpenbareRuimte";"Class";"EAPK_C3BA35EC_ABFA_4a7d_BEE9_07FF7563442D";"Beheer Openbare Ruimte";"8 Volkshuisvesting, Leefomgeving en Stedelijke Vernieuwing"
"EAID_7561B00D_273B_425a_B2FE_1C3AE499ED2E";"Ruimte Adressen, gebouwen en terreinen";"EAID_32A22BC6_89EC_44af_8D7D_79B12311AE2D";"Nummeraanduiding";"Class";"EAPK_C3BA35EC_ABFA_4a7d_BEE9_07FF7563442D";"Beheer Openbare Ruimte";"8 Volkshuisvesting, Leefomgeving en Stedelijke Vernieuwing"
"EAID_7561B00D_273B_425a_B2FE_1C3AE499ED2E";"Ruimte Adressen, gebouwen en terreinen";"EAID_8A04280B_E0B4_4e36_B448_C99750393D0D";"AdresseerbaarObject";"Class";"EAPK_C3BA35EC_ABFA_4a7d_BEE9_07FF7563442D";"Beheer Openbare Ruimte";"8 Volkshuisvesting, Leefomgeving en Stedelijke Vernieuwing"
"EAID_7561B00D_273B_425a_B2FE_1C3AE499ED2E";"Ruimte Adressen, gebouwen en terreinen";"EAID_785E3B69_19DA_4952_84A8_592965B9229A";"Ligplaats";"Class";"EAPK_C3BA35EC_ABFA_4a7d_BEE9_07FF7563442D";"Beheer Openbare Ruimte";"8 Volkshuisvesting, Leefomgeving en Stedelijke Vernieuwing"
"EAID_7561B00D_273B_425a_B2FE_1C3AE499ED2E";"Ruimte Adressen, gebouwen en terreinen";"EAID_86952BDA_ADF6_4ff0_B8C7_BA3AA889A40B";"Standplaats";"Class";"EAPK_C3BA35EC_ABFA_4a7d_BEE9_07FF7563442D";"Beheer Openbare Ruimte";"8 Volkshuisvesting, Leefomgeving en Stedelijke Vernieuwing"
"EAID_7561B00D_273B_425a_B2FE_1C3AE499ED2E";"Ruimte Adressen, gebouwen en terreinen";"EAID_CFA3D54E_C8E0_4559_9475_29D31AF2DECD";"OverigBenoemdTerrein";"Class";"EAPK_C3BA35EC_ABFA_4a7d_BEE9_07FF7563442D";"Beheer Openbare Ruimte";"8 Volkshuisvesting, Leefomgeving en Stedelijke Vernieuwing"
"EAID_7561B00D_273B_425a_B2FE_1C3AE499ED2E";"Ruimte Adressen, gebouwen en terreinen";"EAID_7CDF37D9_26D7_46a5_9CF3_392601BDCECA";"OverigGebouwdObject";"Class";"EAPK_C3BA35EC_ABFA_4a7d_BEE9_07FF7563442D";"Beheer Openbare Ruimte";"8 Volkshuisvesting, Leefomgeving en Stedelijke Vernieuwing"
"EAID_7561B00D_273B_425a_B2FE_1C3AE499ED2E";"Ruimte Adressen, gebouwen en terreinen";"EAID_7B33EB93_BAD8_4b36_90A1_B3909415EDC3";"OverigeAdresseerbaarObjectAanduiding";"Class";"EAPK_C3BA35EC_ABFA_4a7d_BEE9_07FF7563442D";"Beheer Openbare Ruimte";"8 Volkshuisvesting, Leefomgeving en Stedelijke Vernieuwing"
"EAID_F9683FD0_4AA1_40c0_A132_4EA8F639B371";"Ruimte WOZ en Benoemd Object";"EAID_8A04280B_E0B4_4e36_B448_C99750393D0D";"AdresseerbaarObject";"Class";"EAPK_C3BA35EC_ABFA_4a7d_BEE9_07FF7563442D";"Beheer Openbare Ruimte";"8 Volkshuisvesting, Leefomgeving en Stedelijke Vernieuwing"
"EAID_F9683FD0_4AA1_40c0_A132_4EA8F639B371";"Ruimte WOZ en Benoemd Object";"EAID_5DC6EA71_272C_4392_BA5E_5C97DC3CA9D9";"KadastraleMutatie";"Class";"EAPK_C3BA35EC_ABFA_4a7d_BEE9_07FF7563442D";"Beheer Openbare Ruimte";"8 Volkshuisvesting, Leefomgeving en Stedelijke Vernieuwing"
"EAID_F9683FD0_4AA1_40c0_A132_4EA8F639B371";"Ruimte WOZ en Benoemd Object";"EAID_9DF5AC43_3673_4b9a_BB5E_6DCA7BE28835";"Rechtspersoon";"Class";"EAPK_C3BA35EC_ABFA_4a7d_BEE9_07FF7563442D";"Beheer Openbare Ruimte";"8 Volkshuisvesting, Leefomgeving en Stedelijke Vernieuwing"
"EAID_F9683FD0_4AA1_40c0_A132_4EA8F639B371";"Ruimte WOZ en Benoemd Object";"EAID_5641C50A_C0FA_4e71_B07B_26C7B1CE94ED";"Document";"Class";"EAPK_C3BA35EC_ABFA_4a7d_BEE9_07FF7563442D";"Beheer Openbare Ruimte";"8 Volkshuisvesting, Leefomgeving en Stedelijke Vernieuwing"
"EAID_F9683FD0_4AA1_40c0_A132_4EA8F639B371";"Ruimte WOZ en Benoemd Object";"EAID_0BC18F79_3560_4e43_8154_7CCDC7D67A03";"KadastraleOnroerendeZaakAantekening";"Class";"EAPK_C3BA35EC_ABFA_4a7d_BEE9_07FF7563442D";"Beheer Openbare Ruimte";"8 Volkshuisvesting, Leefomgeving en Stedelijke Vernieuwing"
"EAID_F9683FD0_4AA1_40c0_A132_4EA8F639B371";"Ruimte WOZ en Benoemd Object";"EAID_9775E778_DBF8_4122_94CE_551466B62F46";"KadastraleOnroerendeZaak";"Class";"EAPK_C3BA35EC_ABFA_4a7d_BEE9_07FF7563442D";"Beheer Openbare Ruimte";"8 Volkshuisvesting, Leefomgeving en Stedelijke Vernieuwing"
"EAID_F9683FD0_4AA1_40c0_A132_4EA8F639B371";"Ruimte WOZ en Benoemd Object";"EAID_8C809341_AC60_4378_8BA0_0843E8C06AF3";"ZakelijkRecht";"Class";"EAPK_C3BA35EC_ABFA_4a7d_BEE9_07FF7563442D";"Beheer Openbare Ruimte";"8 Volkshuisvesting, Leefomgeving en Stedelijke Vernieuwing"
"EAID_F9683FD0_4AA1_40c0_A132_4EA8F639B371";"Ruimte WOZ en Benoemd Object";"EAID_869E0A04_A663_4839_970D_7FB82DF6C317";"Appartementsrecht";"Class";"EAPK_C3BA35EC_ABFA_4a7d_BEE9_07FF7563442D";"Beheer Openbare Ruimte";"8 Volkshuisvesting, Leefomgeving en Stedelijke Vernieuwing"
"EAID_F9683FD0_4AA1_40c0_A132_4EA8F639B371";"Ruimte WOZ en Benoemd Object";"EAID_172AFD36_B400_4660_BFAC_4BBC1077D666";"KadastraalPerceel";"Class";"EAPK_C3BA35EC_ABFA_4a7d_BEE9_07FF7563442D";"Beheer Openbare Ruimte";"8 Volkshuisvesting, Leefomgeving en Stedelijke Vernieuwing"
"EAID_49F599DD_0B8B_466c_BCCE_AD7EFBA26037";"SCHEIDING";"EAID_0F81E79F_B306_40b9_ADCA_59A1E3F55D2B";"statusGeoObject";"Enumeration";"EAPK_58A5214F_E56C_4707_BE2D_AB36DD6976A3";"RSGBPlus";"99 Kern"
"EAID_49F599DD_0B8B_466c_BCCE_AD7EFBA26037";"SCHEIDING";"EAID_46243659_A179_4d8d_9356_21680DA327E5";"typeringScheiding";"Enumeration";"EAPK_58A5214F_E56C_4707_BE2D_AB36DD6976A3";"RSGBPlus";"99 Kern"
"EAID_49F599DD_0B8B_466c_BCCE_AD7EFBA26037";"SCHEIDING";"EAID_E500F84E_81CE_4984_832E_C3B53D14722A";"SoortScheiding";"Class";"EAPK_58A5214F_E56C_4707_BE2D_AB36DD6976A3";"RSGBPlus";"99 Kern"
"EAID_49F599DD_0B8B_466c_BCCE_AD7EFBA26037";"SCHEIDING";"EAID_A637379F_6E1D_47aa_AE75_3E22FE0DC814";"Scheiding";"Class";"EAPK_58A5214F_E56C_4707_BE2D_AB36DD6976A3";"RSGBPlus";"99 Kern"
"EAID_F09830F5_0257_4381_A3F8_A10545BE42AC";"SPOOR";"EAID_0F81E79F_B306_40b9_ADCA_59A1E3F55D2B";"statusGeoObject";"Enumeration";"EAPK_58A5214F_E56C_4707_BE2D_AB36DD6976A3";"RSGBPlus";"99 Kern"
"EAID_F09830F5_0257_4381_A3F8_A10545BE42AC";"SPOOR";"EAID_3F8B80B4_05F9_4b76_B33B_2F9FD04AAFA0";"functieSpoor";"Enumeration";"EAPK_58A5214F_E56C_4707_BE2D_AB36DD6976A3";"RSGBPlus";"99 Kern"
"EAID_F09830F5_0257_4381_A3F8_A10545BE42AC";"SPOOR";"EAID_2F658B5B_1B89_437e_8EAD_FD544FD62A0A";"SoortSpoor";"Class";"EAPK_58A5214F_E56C_4707_BE2D_AB36DD6976A3";"RSGBPlus";"99 Kern"
"EAID_F09830F5_0257_4381_A3F8_A10545BE42AC";"SPOOR";"EAID_B0EA89D8_EE32_410b_B683_8CA937E5009D";"Spoor";"Class";"EAPK_58A5214F_E56C_4707_BE2D_AB36DD6976A3";"RSGBPlus";"99 Kern"
"EAID_1E00D6DC_46D2_4019_A5BF_50E3CAC22EF5";"STANDPLAATS";"EAID_8A04280B_E0B4_4e36_B448_C99750393D0D";"AdresseerbaarObject";"Class";"EAPK_58A5214F_E56C_4707_BE2D_AB36DD6976A3";"RSGBPlus";"99 Kern"
"EAID_1E00D6DC_46D2_4019_A5BF_50E3CAC22EF5";"STANDPLAATS";"EAID_86952BDA_ADF6_4ff0_B8C7_BA3AA889A40B";"Standplaats";"Class";"EAPK_58A5214F_E56C_4707_BE2D_AB36DD6976A3";"RSGBPlus";"99 Kern"
"EAID_1E00D6DC_46D2_4019_A5BF_50E3CAC22EF5";"STANDPLAATS";"EAID_29B5467C_7E93_427a_9884_80CD0E931B6A";"typeObjectcode";"Enumeration";"EAPK_58A5214F_E56C_4707_BE2D_AB36DD6976A3";"RSGBPlus";"99 Kern"
"EAID_1E00D6DC_46D2_4019_A5BF_50E3CAC22EF5";"STANDPLAATS";"EAID_C27A40AB_D4D2_497b_923F_9C2251708BEF";"StatLigplaatsStandplaats";"Enumeration";"EAPK_58A5214F_E56C_4707_BE2D_AB36DD6976A3";"RSGBPlus";"99 Kern"
"EAID_1E00D6DC_46D2_4019_A5BF_50E3CAC22EF5";"STANDPLAATS";"EAID_E5E010C2_C1F3_4986_AA9A_C71C19263606";"VerblijfadresIngeschrevenNatuurlijkPersoon";"Class";"EAPK_58A5214F_E56C_4707_BE2D_AB36DD6976A3";"RSGBPlus";"99 Kern"
"EAID_FAA8B1DB_4AFE_4db0_8D32_1322C62344E8";"SUBJECT";"EAID_24BDA4BA_CFCC_4e3f_8305_671F4ED7C502";"Woonplaats";"Class";"EAPK_58A5214F_E56C_4707_BE2D_AB36DD6976A3";"RSGBPlus";"99 Kern"
"EAID_FAA8B1DB_4AFE_4db0_8D32_1322C62344E8";"SUBJECT";"EAID_32A22BC6_89EC_44af_8D7D_79B12311AE2D";"Nummeraanduiding";"Class";"EAPK_58A5214F_E56C_4707_BE2D_AB36DD6976A3";"RSGBPlus";"99 Kern"
"EAID_FAA8B1DB_4AFE_4db0_8D32_1322C62344E8";"SUBJECT";"EAID_BB4BA421_A7D6_4b33_B64A_49AA82C56242";"Rekeningnummer";"Class";"EAPK_58A5214F_E56C_4707_BE2D_AB36DD6976A3";"RSGBPlus";"99 Kern"
"EAID_FAA8B1DB_4AFE_4db0_8D32_1322C62344E8";"SUBJECT";"EAID_990C2EBD_AB9B_4f3f_AFF0_18BA11A552DA";"Postadres";"Class";"EAPK_58A5214F_E56C_4707_BE2D_AB36DD6976A3";"RSGBPlus";"99 Kern"
"EAID_FAA8B1DB_4AFE_4db0_8D32_1322C62344E8";"SUBJECT";"EAID_CE58213C_7904_4c04_964C_8CE34C4443DF";"CorrespondentieadresBuitenland";"Class";"EAPK_58A5214F_E56C_4707_BE2D_AB36DD6976A3";"RSGBPlus";"99 Kern"
"EAID_FAA8B1DB_4AFE_4db0_8D32_1322C62344E8";"SUBJECT";"EAID_E3567219_5744_4b70_901D_BAEBD8FF4947";"VerblijfBuitenland";"Class";"EAPK_58A5214F_E56C_4707_BE2D_AB36DD6976A3";"RSGBPlus";"99 Kern"
"EAID_FAA8B1DB_4AFE_4db0_8D32_1322C62344E8";"SUBJECT";"EAID_CB7BA76D_0793_4d5a_9596_533C5BC56BBF";"WOZ-object";"Class";"EAPK_58A5214F_E56C_4707_BE2D_AB36DD6976A3";"RSGBPlus";"99 Kern"
"EAID_F9907E9B_BD04_439e_A0A9_C6E7BA7F6623";"Schouwrondes Beheersobjecten";"EAID_0EF67A8B_AEBE_4a00_B1EF_2EFD0DCC9F5D";"Storing";"Class";"EAPK_C3BA35EC_ABFA_4a7d_BEE9_07FF7563442D";"Beheer Openbare Ruimte";"8 Volkshuisvesting, Leefomgeving en Stedelijke Vernieuwing"
"EAID_F9907E9B_BD04_439e_A0A9_C6E7BA7F6623";"Schouwrondes Beheersobjecten";"EAID_503ACC2A_C721_4058_A44A_13126A0FC2DA";"CROW-Kwaliteitsniveaus";"Enumeration";"EAPK_C3BA35EC_ABFA_4a7d_BEE9_07FF7563442D";"Beheer Openbare Ruimte";"8 Volkshuisvesting, Leefomgeving en Stedelijke Vernieuwing"
"EAID_F9907E9B_BD04_439e_A0A9_C6E7BA7F6623";"Schouwrondes Beheersobjecten";"EAID_2C6C809D_28B0_4037_BBFA_3E438A2DF81D";"Kwaliteitscatalogus Openbare Ruimte";"Class";"EAPK_C3BA35EC_ABFA_4a7d_BEE9_07FF7563442D";"Beheer Openbare Ruimte";"8 Volkshuisvesting, Leefomgeving en Stedelijke Vernieuwing"
"EAID_F9907E9B_BD04_439e_A0A9_C6E7BA7F6623";"Schouwrondes Beheersobjecten";"EAID_4A8E659E_F088_446d_8614_BA31B106A417";"CROW-Melding";"Class";"EAPK_C3BA35EC_ABFA_4a7d_BEE9_07FF7563442D";"Beheer Openbare Ruimte";"8 Volkshuisvesting, Leefomgeving en Stedelijke Vernieuwing"
"EAID_F9907E9B_BD04_439e_A0A9_C6E7BA7F6623";"Schouwrondes Beheersobjecten";"EAID_B011D584_1E66_4a21_A9C4_C922A8763AB2";"Schouwronde";"Class";"EAPK_C3BA35EC_ABFA_4a7d_BEE9_07FF7563442D";"Beheer Openbare Ruimte";"8 Volkshuisvesting, Leefomgeving en Stedelijke Vernieuwing"
"EAID_F9907E9B_BD04_439e_A0A9_C6E7BA7F6623";"Schouwrondes Beheersobjecten";"EAID_9F4E12E4_B228_4931_AC83_1B1F60958A89";"NatuurlijkPersoon";"Class";"EAPK_C3BA35EC_ABFA_4a7d_BEE9_07FF7563442D";"Beheer Openbare Ruimte";"8 Volkshuisvesting, Leefomgeving en Stedelijke Vernieuwing"
"EAID_F9907E9B_BD04_439e_A0A9_C6E7BA7F6623";"Schouwrondes Beheersobjecten";"EAID_EA7FE08E_34F7_45d2_BE2E_E4E3B8333BF3";"Leverancier";"Class";"EAPK_C3BA35EC_ABFA_4a7d_BEE9_07FF7563442D";"Beheer Openbare Ruimte";"8 Volkshuisvesting, Leefomgeving en Stedelijke Vernieuwing"
"EAID_F9907E9B_BD04_439e_A0A9_C6E7BA7F6623";"Schouwrondes Beheersobjecten";"EAID_16EB3936_03CB_4854_9CD8_9F0911EEA51B";"Medewerker";"Class";"EAPK_C3BA35EC_ABFA_4a7d_BEE9_07FF7563442D";"Beheer Openbare Ruimte";"8 Volkshuisvesting, Leefomgeving en Stedelijke Vernieuwing"
"EAID_F9907E9B_BD04_439e_A0A9_C6E7BA7F6623";"Schouwrondes Beheersobjecten";"EAID_E060DC30_E4F2_4794_A16E_7207032E250";"Beheerobject";"Class";"EAPK_C3BA35EC_ABFA_4a7d_BEE9_07FF7563442D";"Beheer Openbare Ruimte";"8 Volkshuisvesting, Leefomgeving en Stedelijke Vernieuwing"
"EAID_F9907E9B_BD04_439e_A0A9_C6E7BA7F6623";"Schouwrondes Beheersobjecten";"EAID_DDE9A5B3_1E56_4058_8D12_A774F43B5D26";"Actie";"Class";"EAPK_C3BA35EC_ABFA_4a7d_BEE9_07FF7563442D";"Beheer Openbare Ruimte";"8 Volkshuisvesting, Leefomgeving en Stedelijke Vernieuwing"
"EAID_F9907E9B_BD04_439e_A0A9_C6E7BA7F6623";"Schouwrondes Beheersobjecten";"EAID_C73E52A5_F66E_47f0_8DEA_467A54F64DD2";"Inspectie";"Class";"EAPK_C3BA35EC_ABFA_4a7d_BEE9_07FF7563442D";"Beheer Openbare Ruimte";"8 Volkshuisvesting, Leefomgeving en Stedelijke Vernieuwing"
"EAID_F9907E9B_BD04_439e_A0A9_C6E7BA7F6623";"Schouwrondes Beheersobjecten";"EAID_A888F22C_45E9_4494_BA66_533FB1F6C37E";"MeldingOngeval";"Class";"EAPK_C3BA35EC_ABFA_4a7d_BEE9_07FF7563442D";"Beheer Openbare Ruimte";"8 Volkshuisvesting, Leefomgeving en Stedelijke Vernieuwing"
"EAID_F9907E9B_BD04_439e_A0A9_C6E7BA7F6623";"Schouwrondes Beheersobjecten";"EAID_B1D48EFB_81E7_420d_A080_5B4C01798FFB";"Logboek";"Class";"EAPK_C3BA35EC_ABFA_4a7d_BEE9_07FF7563442D";"Beheer Openbare Ruimte";"8 Volkshuisvesting, Leefomgeving en Stedelijke Vernieuwing"
"EAID_F9907E9B_BD04_439e_A0A9_C6E7BA7F6623";"Schouwrondes Beheersobjecten";"EAID_C6094F79_D8EA_4763_90DF_4E30EFABA1FA";"Melding";"Class";"EAPK_C3BA35EC_ABFA_4a7d_BEE9_07FF7563442D";"Beheer Openbare Ruimte";"8 Volkshuisvesting, Leefomgeving en Stedelijke Vernieuwing"
"EAID_8BE01DD9_B915_4291_B190_AB69D0252391";"Schouwrondes en Arealen";"EAID_120EA50B_B9A2_4869_A3BE_46931F631D33";"Wijk";"Class";"EAPK_C3BA35EC_ABFA_4a7d_BEE9_07FF7563442D";"Beheer Openbare Ruimte";"8 Volkshuisvesting, Leefomgeving en Stedelijke Vernieuwing"
"EAID_8BE01DD9_B915_4291_B190_AB69D0252391";"Schouwrondes en Arealen";"EAID_38649FF6_88C6_437d_AF8E_A9023D55E16C";"Buurt";"Class";"EAPK_C3BA35EC_ABFA_4a7d_BEE9_07FF7563442D";"Beheer Openbare Ruimte";"8 Volkshuisvesting, Leefomgeving en Stedelijke Vernieuwing"
"EAID_8BE01DD9_B915_4291_B190_AB69D0252391";"Schouwrondes en Arealen";"EAID_B011D584_1E66_4a21_A9C4_C922A8763AB2";"Schouwronde";"Class";"EAPK_C3BA35EC_ABFA_4a7d_BEE9_07FF7563442D";"Beheer Openbare Ruimte";"8 Volkshuisvesting, Leefomgeving en Stedelijke Vernieuwing"
"EAID_8BE01DD9_B915_4291_B190_AB69D0252391";"Schouwrondes en Arealen";"EAID_9507EE24_6397_4a9c_B478_8C2899EC0BFB";"Areaal";"Class";"EAPK_C3BA35EC_ABFA_4a7d_BEE9_07FF7563442D";"Beheer Openbare Ruimte";"8 Volkshuisvesting, Leefomgeving en Stedelijke Vernieuwing"
"EAID_60622F3B_724C_487b_B974_EAFC4A8DD0BE";"Schuldhulp Client";"EAID_702C2D3B_5E5F_4e2d_990E_7618C2FA4FCA";"EnumWoningbezit";"Enumeration";"EAPK_B9861718_A0E9_4f16_B9CE_F1A09D0AD642";"Schuldhulpverlening";"6 Sociaal Domein"
"EAID_60622F3B_724C_487b_B974_EAFC4A8DD0BE";"Schuldhulp Client";"EAID_093B2482_D72E_4f88_931C_75C9DABED007";"Partner";"Class";"EAPK_B9861718_A0E9_4f16_B9CE_F1A09D0AD642";"Schuldhulpverlening";"6 Sociaal Domein"
"EAID_60622F3B_724C_487b_B974_EAFC4A8DD0BE";"Schuldhulp Client";"EAID_76676076_DDDA_4427_8ECB_46565F915F49";"EnumHuishoudenssoort";"Enumeration";"EAPK_B9861718_A0E9_4f16_B9CE_F1A09D0AD642";"Schuldhulpverlening";"6 Sociaal Domein"
"EAID_60622F3B_724C_487b_B974_EAFC4A8DD0BE";"Schuldhulp Client";"EAID_D34DF6F1_CC5C_42c8_A013_D59698E9F530";"EnumSchuldensoort";"Enumeration";"EAPK_B9861718_A0E9_4f16_B9CE_F1A09D0AD642";"Schuldhulpverlening";"6 Sociaal Domein"
"EAID_60622F3B_724C_487b_B974_EAFC4A8DD0BE";"Schuldhulp Client";"EAID_9F4E12E4_B228_4931_AC83_1B1F60958A89";"NatuurlijkPersoon";"Class";"EAPK_B9861718_A0E9_4f16_B9CE_F1A09D0AD642";"Schuldhulpverlening";"6 Sociaal Domein"
"EAID_60622F3B_724C_487b_B974_EAFC4A8DD0BE";"Schuldhulp Client";"EAID_F0467610_553B_47cd_A9F7_3B1D20CC425E";"Huishouden";"Class";"EAPK_B9861718_A0E9_4f16_B9CE_F1A09D0AD642";"Schuldhulpverlening";"6 Sociaal Domein"
"EAID_60622F3B_724C_487b_B974_EAFC4A8DD0BE";"Schuldhulp Client";"EAID_9DF5AC43_3673_4b9a_BB5E_6DCA7BE28835";"Rechtspersoon";"Class";"EAPK_B9861718_A0E9_4f16_B9CE_F1A09D0AD642";"Schuldhulpverlening";"6 Sociaal Domein"
"EAID_60622F3B_724C_487b_B974_EAFC4A8DD0BE";"Schuldhulp Client";"EAID_DCDAD212_479E_4fc3_B886_585AE57D8C21";"Schuldeiser";"Class";"EAPK_B9861718_A0E9_4f16_B9CE_F1A09D0AD642";"Schuldhulpverlening";"6 Sociaal Domein"
"EAID_60622F3B_724C_487b_B974_EAFC4A8DD0BE";"Schuldhulp Client";"EAID_93E12A3E_71E3_431e_9871_BF6075EAAEF1";"Schuld";"Class";"EAPK_B9861718_A0E9_4f16_B9CE_F1A09D0AD642";"Schuldhulpverlening";"6 Sociaal Domein"
"EAID_60622F3B_724C_487b_B974_EAFC4A8DD0BE";"Schuldhulp Client";"EAID_5CC59215_5A63_4ef8_9D64_C4FAC0619121";"Leefsituatie";"Class";"EAPK_B9861718_A0E9_4f16_B9CE_F1A09D0AD642";"Schuldhulpverlening";"6 Sociaal Domein"
"EAID_60622F3B_724C_487b_B974_EAFC4A8DD0BE";"Schuldhulp Client";"EAID_AA004853_3565_4634_A434_BD7F36ED0B1A";"Ondernemer";"Class";"EAPK_B9861718_A0E9_4f16_B9CE_F1A09D0AD642";"Schuldhulpverlening";"6 Sociaal Domein"
"EAID_60622F3B_724C_487b_B974_EAFC4A8DD0BE";"Schuldhulp Client";"EAID_DBFDE0B1_FF6D_422f_BDDA_42ED8A172260";"Woningbezit";"Class";"EAPK_B9861718_A0E9_4f16_B9CE_F1A09D0AD642";"Schuldhulpverlening";"6 Sociaal Domein"
"EAID_60622F3B_724C_487b_B974_EAFC4A8DD0BE";"Schuldhulp Client";"EAID_B2A3D4C2_236C_457f_A2C8_8F889C1427E9";"Inkomen";"Class";"EAPK_B9861718_A0E9_4f16_B9CE_F1A09D0AD642";"Schuldhulpverlening";"6 Sociaal Domein"
"EAID_60622F3B_724C_487b_B974_EAFC4A8DD0BE";"Schuldhulp Client";"EAID_839017B2_0F95_42d0_AB2B_E873636340DA";"Schuldhulptraject";"Class";"EAPK_B9861718_A0E9_4f16_B9CE_F1A09D0AD642";"Schuldhulpverlening";"6 Sociaal Domein"
"EAID_60622F3B_724C_487b_B974_EAFC4A8DD0BE";"Schuldhulp Client";"EAID_DAF09055_A5A6_4ff4_A158_21B20567B296";"Client";"Class";"EAPK_B9861718_A0E9_4f16_B9CE_F1A09D0AD642";"Schuldhulpverlening";"6 Sociaal Domein"
"EAID_9060F49C_F450_4693_A636_0E1384D677AE";"Schuldhulp Hoofdlijnen";"EAID_3D5CCB29_91E4_458e_8BCD_6741198E45B8";"NietNatuurlijkPersoon";"Class";"EAPK_B9861718_A0E9_4f16_B9CE_F1A09D0AD642";"Schuldhulpverlening";"6 Sociaal Domein"
"EAID_9060F49C_F450_4693_A636_0E1384D677AE";"Schuldhulp Hoofdlijnen";"EAID_AF9534B0_7CBD_4061_9276_A7B6698B383A";"IngeschrevenPersoon";"Class";"EAPK_B9861718_A0E9_4f16_B9CE_F1A09D0AD642";"Schuldhulpverlening";"6 Sociaal Domein"
"EAID_9060F49C_F450_4693_A636_0E1384D677AE";"Schuldhulp Hoofdlijnen";"EAID_A947042E_7CA6_44f8_902A_1C1185A391F6";"Schuldhulporganisatie";"Class";"EAPK_B9861718_A0E9_4f16_B9CE_F1A09D0AD642";"Schuldhulpverlening";"6 Sociaal Domein"
"EAID_9060F49C_F450_4693_A636_0E1384D677AE";"Schuldhulp Hoofdlijnen";"EAID_839017B2_0F95_42d0_AB2B_E873636340DA";"Schuldhulptraject";"Class";"EAPK_B9861718_A0E9_4f16_B9CE_F1A09D0AD642";"Schuldhulpverlening";"6 Sociaal Domein"
"EAID_9060F49C_F450_4693_A636_0E1384D677AE";"Schuldhulp Hoofdlijnen";"EAID_DAF09055_A5A6_4ff4_A158_21B20567B296";"Client";"Class";"EAPK_B9861718_A0E9_4f16_B9CE_F1A09D0AD642";"Schuldhulpverlening";"6 Sociaal Domein"
"EAID_752DF3AE_43AC_4165_8FCD_FDDE73075872";"Schuldhulp Schuldhulporganisatie";"EAID_D34DF6F1_CC5C_42c8_A013_D59698E9F530";"EnumSchuldensoort";"Enumeration";"EAPK_B9861718_A0E9_4f16_B9CE_F1A09D0AD642";"Schuldhulpverlening";"6 Sociaal Domein"
"EAID_752DF3AE_43AC_4165_8FCD_FDDE73075872";"Schuldhulp Schuldhulporganisatie";"EAID_540A2D4C_EF40_457a_A7DD_C8E81DB692A6";"EnumOplossingssoort";"Enumeration";"EAPK_B9861718_A0E9_4f16_B9CE_F1A09D0AD642";"Schuldhulpverlening";"6 Sociaal Domein"
"EAID_752DF3AE_43AC_4165_8FCD_FDDE73075872";"Schuldhulp Schuldhulporganisatie";"EAID_D13E7356_94A7_41ed_B9B0_945D7F7975AD";"EnumBegeleidingssoort";"Enumeration";"EAPK_B9861718_A0E9_4f16_B9CE_F1A09D0AD642";"Schuldhulpverlening";"6 Sociaal Domein"
"EAID_752DF3AE_43AC_4165_8FCD_FDDE73075872";"Schuldhulp Schuldhulporganisatie";"EAID_3D5CCB29_91E4_458e_8BCD_6741198E45B8";"NietNatuurlijkPersoon";"Class";"EAPK_B9861718_A0E9_4f16_B9CE_F1A09D0AD642";"Schuldhulpverlening";"6 Sociaal Domein"
"EAID_752DF3AE_43AC_4165_8FCD_FDDE73075872";"Schuldhulp Schuldhulporganisatie";"EAID_839017B2_0F95_42d0_AB2B_E873636340DA";"Schuldhulptraject";"Class";"EAPK_B9861718_A0E9_4f16_B9CE_F1A09D0AD642";"Schuldhulpverlening";"6 Sociaal Domein"
"EAID_752DF3AE_43AC_4165_8FCD_FDDE73075872";"Schuldhulp Schuldhulporganisatie";"EAID_B9287881_AD66_4396_A629_ED5FE9196316";"Contactpersoon";"Class";"EAPK_B9861718_A0E9_4f16_B9CE_F1A09D0AD642";"Schuldhulpverlening";"6 Sociaal Domein"
"EAID_752DF3AE_43AC_4165_8FCD_FDDE73075872";"Schuldhulp Schuldhulporganisatie";"EAID_A1F16832_3F28_4441_8538_74BF04A48562";"Begeleiding";"Class";"EAPK_B9861718_A0E9_4f16_B9CE_F1A09D0AD642";"Schuldhulpverlening";"6 Sociaal Domein"
"EAID_752DF3AE_43AC_4165_8FCD_FDDE73075872";"Schuldhulp Schuldhulporganisatie";"EAID_158BE97A_2031_437b_A5CC_637188EB9968";"Begeleidingssoort";"Class";"EAPK_B9861718_A0E9_4f16_B9CE_F1A09D0AD642";"Schuldhulpverlening";"6 Sociaal Domein"
"EAID_752DF3AE_43AC_4165_8FCD_FDDE73075872";"Schuldhulp Schuldhulporganisatie";"EAID_677992F0_3C05_43b6_82C7_4A7EA57EDFED";"Oplossingssoort";"Class";"EAPK_B9861718_A0E9_4f16_B9CE_F1A09D0AD642";"Schuldhulpverlening";"6 Sociaal Domein"
"EAID_752DF3AE_43AC_4165_8FCD_FDDE73075872";"Schuldhulp Schuldhulporganisatie";"EAID_7E274EE0_FB77_43ef_ABCB_91ACF0ACD469";"Oplossing";"Class";"EAPK_B9861718_A0E9_4f16_B9CE_F1A09D0AD642";"Schuldhulpverlening";"6 Sociaal Domein"
"EAID_752DF3AE_43AC_4165_8FCD_FDDE73075872";"Schuldhulp Schuldhulporganisatie";"EAID_A947042E_7CA6_44f8_902A_1C1185A391F6";"Schuldhulporganisatie";"Class";"EAPK_B9861718_A0E9_4f16_B9CE_F1A09D0AD642";"Schuldhulpverlening";"6 Sociaal Domein"
"EAID_BBE1A03C_2D40_48cb_91AE_EF630304F490";"Schuldhulpproces";"EAID_EA6F820F_C458_4b24_8055_5C2CC76F5904";"Gemeente";"Class";"EAPK_B9861718_A0E9_4f16_B9CE_F1A09D0AD642";"Schuldhulpverlening";"6 Sociaal Domein"
"EAID_BBE1A03C_2D40_48cb_91AE_EF630304F490";"Schuldhulpproces";"EAID_7CC8C026_91CB_422c_84C6_90401889F260";"InformatieEnAdvies";"Class";"EAPK_B9861718_A0E9_4f16_B9CE_F1A09D0AD642";"Schuldhulpverlening";"6 Sociaal Domein"
"EAID_BBE1A03C_2D40_48cb_91AE_EF630304F490";"Schuldhulpproces";"EAID_5DD63EFE_649F_484e_BB10_A18096B9ABDF";"VoorlopigeVoorziening";"Class";"EAPK_B9861718_A0E9_4f16_B9CE_F1A09D0AD642";"Schuldhulpverlening";"6 Sociaal Domein"
"EAID_BBE1A03C_2D40_48cb_91AE_EF630304F490";"Schuldhulpproces";"EAID_5FC12BE5_75F0_4dd9_8DA7_993C03F3700A";"Moratorium";"Class";"EAPK_B9861718_A0E9_4f16_B9CE_F1A09D0AD642";"Schuldhulpverlening";"6 Sociaal Domein"
"EAID_BBE1A03C_2D40_48cb_91AE_EF630304F490";"Schuldhulpproces";"EAID_0E3205DA_BC88_425b_AF68_882BFB316812";"Crisisinterventie";"Class";"EAPK_B9861718_A0E9_4f16_B9CE_F1A09D0AD642";"Schuldhulpverlening";"6 Sociaal Domein"
"EAID_BBE1A03C_2D40_48cb_91AE_EF630304F490";"Schuldhulpproces";"EAID_82A3029A_D39E_46e6_AF4B_1909FA0045EF";"EnumUitstroomreden";"Enumeration";"EAPK_B9861718_A0E9_4f16_B9CE_F1A09D0AD642";"Schuldhulpverlening";"6 Sociaal Domein"
"EAID_BBE1A03C_2D40_48cb_91AE_EF630304F490";"Schuldhulpproces";"EAID_D13E7356_94A7_41ed_B9B0_945D7F7975AD";"EnumBegeleidingssoort";"Enumeration";"EAPK_B9861718_A0E9_4f16_B9CE_F1A09D0AD642";"Schuldhulpverlening";"6 Sociaal Domein"
"EAID_BBE1A03C_2D40_48cb_91AE_EF630304F490";"Schuldhulpproces";"EAID_540A2D4C_EF40_457a_A7DD_C8E81DB692A6";"EnumOplossingssoort";"Enumeration";"EAPK_B9861718_A0E9_4f16_B9CE_F1A09D0AD642";"Schuldhulpverlening";"6 Sociaal Domein"
"EAID_BBE1A03C_2D40_48cb_91AE_EF630304F490";"Schuldhulpproces";"EAID_7DA4A554_10BF_47d1_ACED_966712B043F4";"PlanVanAanpak";"Class";"EAPK_B9861718_A0E9_4f16_B9CE_F1A09D0AD642";"Schuldhulpverlening";"6 Sociaal Domein"
"EAID_BBE1A03C_2D40_48cb_91AE_EF630304F490";"Schuldhulpproces";"EAID_551A527B_A2E2_4409_968B_D1BE4612EB3C";"Nazorg";"Class";"EAPK_B9861718_A0E9_4f16_B9CE_F1A09D0AD642";"Schuldhulpverlening";"6 Sociaal Domein"
"EAID_BBE1A03C_2D40_48cb_91AE_EF630304F490";"Schuldhulpproces";"EAID_B0384246_6784_4724_B538_CE18197061CD";"Stabilisatie";"Class";"EAPK_B9861718_A0E9_4f16_B9CE_F1A09D0AD642";"Schuldhulpverlening";"6 Sociaal Domein"
"EAID_BBE1A03C_2D40_48cb_91AE_EF630304F490";"Schuldhulpproces";"EAID_5CC59215_5A63_4ef8_9D64_C4FAC0619121";"Leefsituatie";"Class";"EAPK_B9861718_A0E9_4f16_B9CE_F1A09D0AD642";"Schuldhulpverlening";"6 Sociaal Domein"
"EAID_BBE1A03C_2D40_48cb_91AE_EF630304F490";"Schuldhulpproces";"EAID_42D33289_422A_4d94_BE6B_44B34CC230B5";"Uitstroom";"Class";"EAPK_B9861718_A0E9_4f16_B9CE_F1A09D0AD642";"Schuldhulpverlening";"6 Sociaal Domein"
"EAID_BBE1A03C_2D40_48cb_91AE_EF630304F490";"Schuldhulpproces";"EAID_F20A11B2_0C6F_4a52_95BF_AB73997C3378";"Intake";"Class";"EAPK_B9861718_A0E9_4f16_B9CE_F1A09D0AD642";"Schuldhulpverlening";"6 Sociaal Domein"
"EAID_BBE1A03C_2D40_48cb_91AE_EF630304F490";"Schuldhulpproces";"EAID_1CE06538_3F4A_45ac_AE86_30A4250D3608";"Aanmelding";"Class";"EAPK_B9861718_A0E9_4f16_B9CE_F1A09D0AD642";"Schuldhulpverlening";"6 Sociaal Domein"
"EAID_BBE1A03C_2D40_48cb_91AE_EF630304F490";"Schuldhulpproces";"EAID_652A68C3_618E_4050_AD4C_E43469A7558C";"Schuldregeling";"Class";"EAPK_B9861718_A0E9_4f16_B9CE_F1A09D0AD642";"Schuldhulpverlening";"6 Sociaal Domein"
"EAID_BBE1A03C_2D40_48cb_91AE_EF630304F490";"Schuldhulpproces";"EAID_513A944D_0FEC_4f78_B290_63274D22C58C";"WSNP-traject";"Class";"EAPK_B9861718_A0E9_4f16_B9CE_F1A09D0AD642";"Schuldhulpverlening";"6 Sociaal Domein"
"EAID_BBE1A03C_2D40_48cb_91AE_EF630304F490";"Schuldhulpproces";"EAID_7E274EE0_FB77_43ef_ABCB_91ACF0ACD469";"Oplossing";"Class";"EAPK_B9861718_A0E9_4f16_B9CE_F1A09D0AD642";"Schuldhulpverlening";"6 Sociaal Domein"
"EAID_BBE1A03C_2D40_48cb_91AE_EF630304F490";"Schuldhulpproces";"EAID_A1F16832_3F28_4441_8538_74BF04A48562";"Begeleiding";"Class";"EAPK_B9861718_A0E9_4f16_B9CE_F1A09D0AD642";"Schuldhulpverlening";"6 Sociaal Domein"
"EAID_BBE1A03C_2D40_48cb_91AE_EF630304F490";"Schuldhulpproces";"EAID_839017B2_0F95_42d0_AB2B_E873636340DA";"Schuldhulptraject";"Class";"EAPK_B9861718_A0E9_4f16_B9CE_F1A09D0AD642";"Schuldhulpverlening";"6 Sociaal Domein"
"EAID_BBE1A03C_2D40_48cb_91AE_EF630304F490";"Schuldhulpproces";"EAID_A947042E_7CA6_44f8_902A_1C1185A391F6";"Schuldhulporganisatie";"Class";"EAPK_B9861718_A0E9_4f16_B9CE_F1A09D0AD642";"Schuldhulpverlening";"6 Sociaal Domein"
"EAID_BBE1A03C_2D40_48cb_91AE_EF630304F490";"Schuldhulpproces";"EAID_DAF09055_A5A6_4ff4_A158_21B20567B296";"Client";"Class";"EAPK_B9861718_A0E9_4f16_B9CE_F1A09D0AD642";"Schuldhulpverlening";"6 Sociaal Domein"
"EAID_6ABF0362_0B28_444d_AFA4_F96C1461BB4B";"Semantische relaties";"EAID_ADF1BF4D_E0FD_4e77_ABED_27ECEBA4832C";"DetailleringAdressenGebouwenEnTerreinen";"Class";"EAPK_58A5214F_E56C_4707_BE2D_AB36DD6976A3";"RSGBPlus";"99 Kern"
"EAID_6ABF0362_0B28_444d_AFA4_F96C1461BB4B";"Semantische relaties";"EAID_168B0065_09F2_4af5_8440_32AF28E9A309";"DetailleringSubjecten";"Class";"EAPK_58A5214F_E56C_4707_BE2D_AB36DD6976A3";"RSGBPlus";"99 Kern"
"EAID_6ABF0362_0B28_444d_AFA4_F96C1461BB4B";"Semantische relaties";"EAID_ECA02C0E_85B7_4e44_816C_E08092E01572";"DetailleringKadastraleOnroerendZaken";"Class";"EAPK_58A5214F_E56C_4707_BE2D_AB36DD6976A3";"RSGBPlus";"99 Kern"
"EAID_6ABF0362_0B28_444d_AFA4_F96C1461BB4B";"Semantische relaties";"EAID_27E447C9_4FFB_41db_B91D_95332B9E2249";"DetailleringWOZObjecttypen";"Class";"EAPK_58A5214F_E56C_4707_BE2D_AB36DD6976A3";"RSGBPlus";"99 Kern"
"EAID_6ABF0362_0B28_444d_AFA4_F96C1461BB4B";"Semantische relaties";"EAID_E34C7512_03C1_443a_8716_E05BBAB8E873";"OverigImgeo";"Class";"EAPK_58A5214F_E56C_4707_BE2D_AB36DD6976A3";"RSGBPlus";"99 Kern"
"EAID_5AE29494_3572_4924_B2B8_3206E55D71BB";"Sociaal Domein Beschikking en Voorziening: Domain Objects";"EAID_9BD0FBCB_1A9E_4cab_9280_0EBC428E38F7";"Boolean";"Enumeration";"EAPK_189DA897_DDC8_4956_B8E3_5E04D3E1AEA3";"Generiek Jeugd en Wmo";"6 Sociaal Domein"
"EAID_5AE29494_3572_4924_B2B8_3206E55D71BB";"Sociaal Domein Beschikking en Voorziening: Domain Objects";"EAID_44194E25_4676_4eb2_9E97_F44196438F4B";"Soort Verwijzer";"Enumeration";"EAPK_189DA897_DDC8_4956_B8E3_5E04D3E1AEA3";"Generiek Jeugd en Wmo";"6 Sociaal Domein"
"EAID_5AE29494_3572_4924_B2B8_3206E55D71BB";"Sociaal Domein Beschikking en Voorziening: Domain Objects";"EAID_DC1D1F90_E28B_4fb7_A5E1_C2F76132BE12";"Leveringsvorm";"Enumeration";"EAPK_189DA897_DDC8_4956_B8E3_5E04D3E1AEA3";"Generiek Jeugd en Wmo";"6 Sociaal Domein"
"EAID_5AE29494_3572_4924_B2B8_3206E55D71BB";"Sociaal Domein Beschikking en Voorziening: Domain Objects";"EAID_5E542F35_E413_49c4_8FB7_335B6BE9667A";"Declaratie";"Class";"EAPK_189DA897_DDC8_4956_B8E3_5E04D3E1AEA3";"Generiek Jeugd en Wmo";"6 Sociaal Domein"
"EAID_5AE29494_3572_4924_B2B8_3206E55D71BB";"Sociaal Domein Beschikking en Voorziening: Domain Objects";"EAID_9FBF9FB8_B28D_4733_8443_607B8498F446";"Contract";"Class";"EAPK_189DA897_DDC8_4956_B8E3_5E04D3E1AEA3";"Generiek Jeugd en Wmo";"6 Sociaal Domein"
"EAID_5AE29494_3572_4924_B2B8_3206E55D71BB";"Sociaal Domein Beschikking en Voorziening: Domain Objects";"EAID_679162ED_0B45_4fb2_B16E_421C25A107F5";"Budgetuitputting";"Class";"EAPK_189DA897_DDC8_4956_B8E3_5E04D3E1AEA3";"Generiek Jeugd en Wmo";"6 Sociaal Domein"
"EAID_5AE29494_3572_4924_B2B8_3206E55D71BB";"Sociaal Domein Beschikking en Voorziening: Domain Objects";"EAID_84FE9B56_158D_4b65_BCC1_5FE29D071FCC";"PGB-Toekenning";"Class";"EAPK_189DA897_DDC8_4956_B8E3_5E04D3E1AEA3";"Generiek Jeugd en Wmo";"6 Sociaal Domein"
"EAID_5AE29494_3572_4924_B2B8_3206E55D71BB";"Sociaal Domein Beschikking en Voorziening: Domain Objects";"EAID_A9D093FB_B3D1_46e5_B263_6C4D61F0C5D1";"Melding Eigen bijdrage";"Class";"EAPK_189DA897_DDC8_4956_B8E3_5E04D3E1AEA3";"Generiek Jeugd en Wmo";"6 Sociaal Domein"
"EAID_5AE29494_3572_4924_B2B8_3206E55D71BB";"Sociaal Domein Beschikking en Voorziening: Domain Objects";"EAID_9F392B0B_1654_4b4e_9261_F0A90DA1F7BD";"Verzoek om Toewijzing";"Class";"EAPK_189DA897_DDC8_4956_B8E3_5E04D3E1AEA3";"Generiek Jeugd en Wmo";"6 Sociaal Domein"
"EAID_5AE29494_3572_4924_B2B8_3206E55D71BB";"Sociaal Domein Beschikking en Voorziening: Domain Objects";"EAID_16EB3936_03CB_4854_9CD8_9F0911EEA51B";"Medewerker";"Class";"EAPK_189DA897_DDC8_4956_B8E3_5E04D3E1AEA3";"Generiek Jeugd en Wmo";"6 Sociaal Domein"
"EAID_5AE29494_3572_4924_B2B8_3206E55D71BB";"Sociaal Domein Beschikking en Voorziening: Domain Objects";"EAID_9F4E12E4_B228_4931_AC83_1B1F60958A89";"NatuurlijkPersoon";"Class";"EAPK_189DA897_DDC8_4956_B8E3_5E04D3E1AEA3";"Generiek Jeugd en Wmo";"6 Sociaal Domein"
"EAID_5AE29494_3572_4924_B2B8_3206E55D71BB";"Sociaal Domein Beschikking en Voorziening: Domain Objects";"EAID_AF9534B0_7CBD_4061_9276_A7B6698B383A";"IngeschrevenPersoon";"Class";"EAPK_189DA897_DDC8_4956_B8E3_5E04D3E1AEA3";"Generiek Jeugd en Wmo";"6 Sociaal Domein"
"EAID_5AE29494_3572_4924_B2B8_3206E55D71BB";"Sociaal Domein Beschikking en Voorziening: Domain Objects";"EAID_9DF5AC43_3673_4b9a_BB5E_6DCA7BE28835";"Rechtspersoon";"Class";"EAPK_189DA897_DDC8_4956_B8E3_5E04D3E1AEA3";"Generiek Jeugd en Wmo";"6 Sociaal Domein"
"EAID_5AE29494_3572_4924_B2B8_3206E55D71BB";"Sociaal Domein Beschikking en Voorziening: Domain Objects";"EAID_3CDE785E_E631_4f94_A1A3_67F721140B1C";"Wet";"Enumeration";"EAPK_189DA897_DDC8_4956_B8E3_5E04D3E1AEA3";"Generiek Jeugd en Wmo";"6 Sociaal Domein"
"EAID_5AE29494_3572_4924_B2B8_3206E55D71BB";"Sociaal Domein Beschikking en Voorziening: Domain Objects";"EAID_8640ED99_341B_4f10_A335_9324459F19B3";"Frequentie";"Enumeration";"EAPK_189DA897_DDC8_4956_B8E3_5E04D3E1AEA3";"Generiek Jeugd en Wmo";"6 Sociaal Domein"
"EAID_5AE29494_3572_4924_B2B8_3206E55D71BB";"Sociaal Domein Beschikking en Voorziening: Domain Objects";"EAID_838B4669_4F50_4835_ABA8_03E3FCE48184";"Eenheid";"Enumeration";"EAPK_189DA897_DDC8_4956_B8E3_5E04D3E1AEA3";"Generiek Jeugd en Wmo";"6 Sociaal Domein"
"EAID_5AE29494_3572_4924_B2B8_3206E55D71BB";"Sociaal Domein Beschikking en Voorziening: Domain Objects";"EAID_462E3982_56C3_4442_BE2F_2C23A7ED6015";"Voorzieningsoort";"Class";"EAPK_189DA897_DDC8_4956_B8E3_5E04D3E1AEA3";"Generiek Jeugd en Wmo";"6 Sociaal Domein"
"EAID_5AE29494_3572_4924_B2B8_3206E55D71BB";"Sociaal Domein Beschikking en Voorziening: Domain Objects";"EAID_57F01465_EE56_4c33_9BD9_8DB351A2C530";"Tarief";"Class";"EAPK_189DA897_DDC8_4956_B8E3_5E04D3E1AEA3";"Generiek Jeugd en Wmo";"6 Sociaal Domein"
"EAID_5AE29494_3572_4924_B2B8_3206E55D71BB";"Sociaal Domein Beschikking en Voorziening: Domain Objects";"EAID_F35DA519_FA0C_48ae_9EFC_C4EBEC4BF144";"Leveringsvorm";"Class";"EAPK_189DA897_DDC8_4956_B8E3_5E04D3E1AEA3";"Generiek Jeugd en Wmo";"6 Sociaal Domein"
"EAID_5AE29494_3572_4924_B2B8_3206E55D71BB";"Sociaal Domein Beschikking en Voorziening: Domain Objects";"EAID_975C3DA3_930A_49d8_B54F_2A560DC2AD5A";"Beschikte Voorziening";"Class";"EAPK_189DA897_DDC8_4956_B8E3_5E04D3E1AEA3";"Generiek Jeugd en Wmo";"6 Sociaal Domein"
"EAID_5AE29494_3572_4924_B2B8_3206E55D71BB";"Sociaal Domein Beschikking en Voorziening: Domain Objects";"EAID_276E1BF9_E902_4303_A9E7_048627E0DC84";"Clientbegeleider";"Class";"EAPK_189DA897_DDC8_4956_B8E3_5E04D3E1AEA3";"Generiek Jeugd en Wmo";"6 Sociaal Domein"
"EAID_5AE29494_3572_4924_B2B8_3206E55D71BB";"Sociaal Domein Beschikking en Voorziening: Domain Objects";"EAID_F73F6BFE_9CFE_4497_80E3_CADAA344CF69";"Declaratieregel";"Class";"EAPK_189DA897_DDC8_4956_B8E3_5E04D3E1AEA3";"Generiek Jeugd en Wmo";"6 Sociaal Domein"
"EAID_5AE29494_3572_4924_B2B8_3206E55D71BB";"Sociaal Domein Beschikking en Voorziening: Domain Objects";"EAID_51A266C7_3BDA_457c_9A32_CD1B166CA5BF";"Leverancier";"Class";"EAPK_189DA897_DDC8_4956_B8E3_5E04D3E1AEA3";"Generiek Jeugd en Wmo";"6 Sociaal Domein"
"EAID_5AE29494_3572_4924_B2B8_3206E55D71BB";"Sociaal Domein Beschikking en Voorziening: Domain Objects";"EAID_F0CE97B6_3004_4424_A0AA_5034BC0144D1";"Levering";"Class";"EAPK_189DA897_DDC8_4956_B8E3_5E04D3E1AEA3";"Generiek Jeugd en Wmo";"6 Sociaal Domein"
"EAID_5AE29494_3572_4924_B2B8_3206E55D71BB";"Sociaal Domein Beschikking en Voorziening: Domain Objects";"EAID_01ECE551_A7B0_4b99_B6E7_F654D6AC15D5";"Toewijzing";"Class";"EAPK_189DA897_DDC8_4956_B8E3_5E04D3E1AEA3";"Generiek Jeugd en Wmo";"6 Sociaal Domein"
"EAID_5AE29494_3572_4924_B2B8_3206E55D71BB";"Sociaal Domein Beschikking en Voorziening: Domain Objects";"EAID_71D7E96D_641A_4b6a_A325_DED07C3B5836";"Beschikking";"Class";"EAPK_189DA897_DDC8_4956_B8E3_5E04D3E1AEA3";"Generiek Jeugd en Wmo";"6 Sociaal Domein"
"EAID_5AE29494_3572_4924_B2B8_3206E55D71BB";"Sociaal Domein Beschikking en Voorziening: Domain Objects";"EAID_EAAF2F59_6BC0_4243_B126_A8E604B32C5E";"Voorziening";"Class";"EAPK_189DA897_DDC8_4956_B8E3_5E04D3E1AEA3";"Generiek Jeugd en Wmo";"6 Sociaal Domein"
"EAID_5AE29494_3572_4924_B2B8_3206E55D71BB";"Sociaal Domein Beschikking en Voorziening: Domain Objects";"EAID_DAF09055_A5A6_4ff4_A158_21B20567B296";"Client";"Class";"EAPK_189DA897_DDC8_4956_B8E3_5E04D3E1AEA3";"Generiek Jeugd en Wmo";"6 Sociaal Domein"
"EAID_FD6966FF_E4FC_437d_983E_71B33445A62C";"Sociaal Domein Domain";"EAID_F5FAF498_F536_4fb3_9948_73EBCDF61AD5";"Relatiesoort";"Class";"EAPK_4F047F89_F482_48c9_810A_EC0B55B40AEE";"Sociaal Domein Generiek";"6 Sociaal Domein"
"EAID_FD6966FF_E4FC_437d_983E_71B33445A62C";"Sociaal Domein Domain";"EAID_3DF01B79_6712_473e_9878_594CB5AE95A7";"Relatie";"Class";"EAPK_4F047F89_F482_48c9_810A_EC0B55B40AEE";"Sociaal Domein Generiek";"6 Sociaal Domein"
"EAID_FD6966FF_E4FC_437d_983E_71B33445A62C";"Sociaal Domein Domain";"EAID_DAF09055_A5A6_4ff4_A158_21B20567B296";"Client";"Class";"EAPK_4F047F89_F482_48c9_810A_EC0B55B40AEE";"Sociaal Domein Generiek";"6 Sociaal Domein"
"EAID_FD6966FF_E4FC_437d_983E_71B33445A62C";"Sociaal Domein Domain";"EAID_F0467610_553B_47cd_A9F7_3B1D20CC425E";"Huishouden";"Class";"EAPK_4F047F89_F482_48c9_810A_EC0B55B40AEE";"Sociaal Domein Generiek";"6 Sociaal Domein"
"EAID_69607C8F_8048_4516_BE75_80C681DFEAC0";"Sociale Relaties";"EAID_A0D437D2_BE13_45a2_8C8D_1AE953B9404C";"Sociale Groep";"Class";"EAPK_4F047F89_F482_48c9_810A_EC0B55B40AEE";"Sociaal Domein Generiek";"6 Sociaal Domein"
"EAID_69607C8F_8048_4516_BE75_80C681DFEAC0";"Sociale Relaties";"EAID_CD519902_210F_4355_8B24_EAD513F61966";"Sociale Relatie";"Class";"EAPK_4F047F89_F482_48c9_810A_EC0B55B40AEE";"Sociaal Domein Generiek";"6 Sociaal Domein"
"EAID_69607C8F_8048_4516_BE75_80C681DFEAC0";"Sociale Relaties";"EAID_9F4E12E4_B228_4931_AC83_1B1F60958A89";"NatuurlijkPersoon";"Class";"EAPK_4F047F89_F482_48c9_810A_EC0B55B40AEE";"Sociaal Domein Generiek";"6 Sociaal Domein"
"EAID_69607C8F_8048_4516_BE75_80C681DFEAC0";"Sociale Relaties";"EAID_AF9534B0_7CBD_4061_9276_A7B6698B383A";"IngeschrevenPersoon";"Class";"EAPK_4F047F89_F482_48c9_810A_EC0B55B40AEE";"Sociaal Domein Generiek";"6 Sociaal Domein"
"EAID_69607C8F_8048_4516_BE75_80C681DFEAC0";"Sociale Relaties";"EAID_DAF09055_A5A6_4ff4_A158_21B20567B296";"Client";"Class";"EAPK_4F047F89_F482_48c9_810A_EC0B55B40AEE";"Sociaal Domein Generiek";"6 Sociaal Domein"
"EAID_50F1F1BC_5866_45b9_A062_4C41F0C7766C";"Sociale team:Domeinmodel";"EAID_276E1BF9_E902_4303_A9E7_048627E0DC84";"Clientbegeleider";"Class";"EAPK_AD5F9E9A_447A_43a0_A356_9913F19AB555";"Sociale Teams";"6 Sociaal Domein"
"EAID_50F1F1BC_5866_45b9_A062_4C41F0C7766C";"Sociale team:Domeinmodel";"EAID_1B8CF61F_3039_4fc5_A57D_B758170FCA0E";"Behandeling";"Class";"EAPK_AD5F9E9A_447A_43a0_A356_9913F19AB555";"Sociale Teams";"6 Sociaal Domein"
"EAID_50F1F1BC_5866_45b9_A062_4C41F0C7766C";"Sociale team:Domeinmodel";"EAID_03BB6341_7C3E_4a4b_9207_6A2EB9D116FE";"Bijzonderheidsoort";"Class";"EAPK_AD5F9E9A_447A_43a0_A356_9913F19AB555";"Sociale Teams";"6 Sociaal Domein"
"EAID_50F1F1BC_5866_45b9_A062_4C41F0C7766C";"Sociale team:Domeinmodel";"EAID_79A14AF2_F1F9_43a3_914B_FD04CB609F44";"Doelstellingsoort";"Class";"EAPK_AD5F9E9A_447A_43a0_A356_9913F19AB555";"Sociale Teams";"6 Sociaal Domein"
"EAID_50F1F1BC_5866_45b9_A062_4C41F0C7766C";"Sociale team:Domeinmodel";"EAID_4F518962_5EA3_4f56_8379_3A835FFE84CA";"Behandelsoort";"Class";"EAPK_AD5F9E9A_447A_43a0_A356_9913F19AB555";"Sociale Teams";"6 Sociaal Domein"
"EAID_50F1F1BC_5866_45b9_A062_4C41F0C7766C";"Sociale team:Domeinmodel";"EAID_77A962E5_889A_4af6_ADFD_37C3EE8C48F0";"Bijzonderheid";"Class";"EAPK_AD5F9E9A_447A_43a0_A356_9913F19AB555";"Sociale Teams";"6 Sociaal Domein"
"EAID_50F1F1BC_5866_45b9_A062_4C41F0C7766C";"Sociale team:Domeinmodel";"EAID_294E3981_C1EF_451e_AE2B_758EC4E4B284";"Caseaanmelding";"Class";"EAPK_AD5F9E9A_447A_43a0_A356_9913F19AB555";"Sociale Teams";"6 Sociaal Domein"
"EAID_50F1F1BC_5866_45b9_A062_4C41F0C7766C";"Sociale team:Domeinmodel";"EAID_E81990BA_1B6E_4e2a_9910_1E02CDDD53A6";"SociaalteamDossiersoort";"Class";"EAPK_AD5F9E9A_447A_43a0_A356_9913F19AB555";"Sociale Teams";"6 Sociaal Domein"
"EAID_50F1F1BC_5866_45b9_A062_4C41F0C7766C";"Sociale team:Domeinmodel";"EAID_28C572B5_C147_4b99_B920_00062C843FDE";"Doelstelling";"Class";"EAPK_AD5F9E9A_447A_43a0_A356_9913F19AB555";"Sociale Teams";"6 Sociaal Domein"
"EAID_50F1F1BC_5866_45b9_A062_4C41F0C7766C";"Sociale team:Domeinmodel";"EAID_3DF01B79_6712_473e_9878_594CB5AE95A7";"Relatie";"Class";"EAPK_AD5F9E9A_447A_43a0_A356_9913F19AB555";"Sociale Teams";"6 Sociaal Domein"
"EAID_50F1F1BC_5866_45b9_A062_4C41F0C7766C";"Sociale team:Domeinmodel";"EAID_A22B8038_3C04_44a7_8E75_90A3A5E2615B";"SociaalTeamDossier";"Class";"EAPK_AD5F9E9A_447A_43a0_A356_9913F19AB555";"Sociale Teams";"6 Sociaal Domein"
"EAID_50F1F1BC_5866_45b9_A062_4C41F0C7766C";"Sociale team:Domeinmodel";"EAID_DAF09055_A5A6_4ff4_A158_21B20567B296";"Client";"Class";"EAPK_AD5F9E9A_447A_43a0_A356_9913F19AB555";"Sociale Teams";"6 Sociaal Domein"
"EAID_50F1F1BC_5866_45b9_A062_4C41F0C7766C";"Sociale team:Domeinmodel";"EAID_5A367DA9_DE05_4b3b_954D_24271FD4FB76";"Score";"Class";"EAPK_AD5F9E9A_447A_43a0_A356_9913F19AB555";"Sociale Teams";"6 Sociaal Domein"
"EAID_50F1F1BC_5866_45b9_A062_4C41F0C7766C";"Sociale team:Domeinmodel";"EAID_C55180D9_A5C3_4859_BD88_7686F5384157";"Leefgebied";"Class";"EAPK_AD5F9E9A_447A_43a0_A356_9913F19AB555";"Sociale Teams";"6 Sociaal Domein"
"EAID_50F1F1BC_5866_45b9_A062_4C41F0C7766C";"Sociale team:Domeinmodel";"EAID_653EA248_1547_4f8b_B026_B44FEEC711B2";"Scoresoort";"Class";"EAPK_AD5F9E9A_447A_43a0_A356_9913F19AB555";"Sociale Teams";"6 Sociaal Domein"
"EAID_50F1F1BC_5866_45b9_A062_4C41F0C7766C";"Sociale team:Domeinmodel";"EAID_6C27D3D1_FBCE_4504_AF1E_48B4A4CB02EA";"Zelfredzaamheidmatrix";"Class";"EAPK_AD5F9E9A_447A_43a0_A356_9913F19AB555";"Sociale Teams";"6 Sociaal Domein"
"EAID_542C38C9_B92F_48de_87F1_F90F64FB5913";"Sollicitaties";"EAID_5641C50A_C0FA_4e71_B07B_26C7B1CE94ED";"Document";"Class";"EAPK_1825F01E_BA3C_4e53_B3B3_BD1E69F94A10";"HR";"9 Interne Organisatie"
"EAID_542C38C9_B92F_48de_87F1_F90F64FB5913";"Sollicitaties";"EAID_BBBB63AC_B546_409b_B6D4_53DB561253B7";"Werknemer";"Class";"EAPK_1825F01E_BA3C_4e53_B3B3_BD1E69F94A10";"HR";"9 Interne Organisatie"
"EAID_542C38C9_B92F_48de_87F1_F90F64FB5913";"Sollicitaties";"EAID_131BDD67_2A31_43c5_9125_F12DE2D98D2D";"Sollicitant";"Class";"EAPK_1825F01E_BA3C_4e53_B3B3_BD1E69F94A10";"HR";"9 Interne Organisatie"
"EAID_542C38C9_B92F_48de_87F1_F90F64FB5913";"Sollicitaties";"EAID_DC978807_5F36_4148_B816_D6886D026DD8";"Vacature";"Class";"EAPK_1825F01E_BA3C_4e53_B3B3_BD1E69F94A10";"HR";"9 Interne Organisatie"
"EAID_542C38C9_B92F_48de_87F1_F90F64FB5913";"Sollicitaties";"EAID_1D4DA0E6_DA20_4ff7_A415_B937712C6F6D";"Sollicitatiegesprek";"Class";"EAPK_1825F01E_BA3C_4e53_B3B3_BD1E69F94A10";"HR";"9 Interne Organisatie"
"EAID_542C38C9_B92F_48de_87F1_F90F64FB5913";"Sollicitaties";"EAID_F29C11C1_477C_4b90_985C_43F94D08230A";"Functie";"Class";"EAPK_1825F01E_BA3C_4e53_B3B3_BD1E69F94A10";"HR";"9 Interne Organisatie"
"EAID_542C38C9_B92F_48de_87F1_F90F64FB5913";"Sollicitaties";"EAID_3BD1368C_23F1_4f42_99DB_C81581A646A0";"Sollicitatie";"Class";"EAPK_1825F01E_BA3C_4e53_B3B3_BD1E69F94A10";"HR";"9 Interne Organisatie"
"EAID_452D6E60_0252_41e4_B40A_578346C2010D";"Soorten grootte referenties";"EAID_9D7F05BF_414E_4071_9E78_FAD2AA21D40E";"SoortGrootte";"Class";"EAPK_58A5214F_E56C_4707_BE2D_AB36DD6976A3";"RSGBPlus";"99 Kern"
"EAID_452D6E60_0252_41e4_B40A_578346C2010D";"Soorten grootte referenties";"EAID_172AFD36_B400_4660_BFAC_4BBC1077D666";"KadastraalPerceel";"Class";"EAPK_58A5214F_E56C_4707_BE2D_AB36DD6976A3";"RSGBPlus";"99 Kern"
"EAID_9F13A2F1_2BB7_4cd3_AA61_E2FB89D48209";"Subject";"EAID_24BDA4BA_CFCC_4e3f_8305_671F4ED7C502";"Woonplaats";"Class";"EAPK_58A5214F_E56C_4707_BE2D_AB36DD6976A3";"RSGBPlus";"99 Kern"
"EAID_9F13A2F1_2BB7_4cd3_AA61_E2FB89D48209";"Subject";"EAID_990C2EBD_AB9B_4f3f_AFF0_18BA11A552DA";"Postadres";"Class";"EAPK_58A5214F_E56C_4707_BE2D_AB36DD6976A3";"RSGBPlus";"99 Kern"
"EAID_ACD61AD1_1B3D_46aa_96E7_F438387BE495";"Subsidie en Kostenplaats";"EAID_CB0A6B53_D263_459e_8C28_AD97E5552FFF";"Mutatie";"Class";"EAPK_F079A58E_FB65_422e_BA86_5E810092E5E5";"Subsidies";"9 Interne Organisatie"
"EAID_ACD61AD1_1B3D_46aa_96E7_F438387BE495";"Subsidie en Kostenplaats";"EAID_E403A215_A367_4eef_8716_075AF54388D0";"Betaalmoment";"Class";"EAPK_F079A58E_FB65_422e_BA86_5E810092E5E5";"Subsidies";"9 Interne Organisatie"
"EAID_ACD61AD1_1B3D_46aa_96E7_F438387BE495";"Subsidie en Kostenplaats";"EAID_D90E822D_7EF8_4ea6_AF5C_4A4362577941";"Kostenplaats";"Class";"EAPK_F079A58E_FB65_422e_BA86_5E810092E5E5";"Subsidies";"9 Interne Organisatie"
"EAID_ACD61AD1_1B3D_46aa_96E7_F438387BE495";"Subsidie en Kostenplaats";"EAID_DB093A73_BE89_462b_8FBA_19B2629072ED";"Subsidiecomponent";"Class";"EAPK_F079A58E_FB65_422e_BA86_5E810092E5E5";"Subsidies";"9 Interne Organisatie"
"EAID_ACD61AD1_1B3D_46aa_96E7_F438387BE495";"Subsidie en Kostenplaats";"EAID_8F1A719D_C89A_4194_8FF4_1F3E0F174D3D";"Subsidieprogramma";"Class";"EAPK_F079A58E_FB65_422e_BA86_5E810092E5E5";"Subsidies";"9 Interne Organisatie"
"EAID_ACD61AD1_1B3D_46aa_96E7_F438387BE495";"Subsidie en Kostenplaats";"EAID_FD701A55_6865_44aa_9A73_C46E02481796";"Subsidie";"Class";"EAPK_F079A58E_FB65_422e_BA86_5E810092E5E5";"Subsidies";"9 Interne Organisatie"
"EAID_F408BDED_51D4_4204_9B95_F0C6C2474DC3";"Subsidies";"EAID_DB093A73_BE89_462b_8FBA_19B2629072ED";"Subsidiecomponent";"Class";"EAPK_F079A58E_FB65_422e_BA86_5E810092E5E5";"Subsidies";"9 Interne Organisatie"
"EAID_F408BDED_51D4_4204_9B95_F0C6C2474DC3";"Subsidies";"EAID_936A4E8B_3E5A_44b6_8A5D_EFB39F83FB6D";"OrganisatorischeEenheid";"Class";"EAPK_F079A58E_FB65_422e_BA86_5E810092E5E5";"Subsidies";"9 Interne Organisatie"
"EAID_F408BDED_51D4_4204_9B95_F0C6C2474DC3";"Subsidies";"EAID_649EFD86_ED52_4293_8577_DBE5445845BF";"Zaak";"Class";"EAPK_F079A58E_FB65_422e_BA86_5E810092E5E5";"Subsidies";"9 Interne Organisatie"
"EAID_F408BDED_51D4_4204_9B95_F0C6C2474DC3";"Subsidies";"EAID_B4CF1D3E_D000_467d_A9D5_4519704F4A6D";"Subsidieniveau";"Enumeration";"EAPK_F079A58E_FB65_422e_BA86_5E810092E5E5";"Subsidies";"9 Interne Organisatie"
"EAID_F408BDED_51D4_4204_9B95_F0C6C2474DC3";"Subsidies";"EAID_9DF5AC43_3673_4b9a_BB5E_6DCA7BE28835";"Rechtspersoon";"Class";"EAPK_F079A58E_FB65_422e_BA86_5E810092E5E5";"Subsidies";"9 Interne Organisatie"
"EAID_F408BDED_51D4_4204_9B95_F0C6C2474DC3";"Subsidies";"EAID_16EB3936_03CB_4854_9CD8_9F0911EEA51B";"Medewerker";"Class";"EAPK_F079A58E_FB65_422e_BA86_5E810092E5E5";"Subsidies";"9 Interne Organisatie"
"EAID_F408BDED_51D4_4204_9B95_F0C6C2474DC3";"Subsidies";"EAID_5641C50A_C0FA_4e71_B07B_26C7B1CE94ED";"Document";"Class";"EAPK_F079A58E_FB65_422e_BA86_5E810092E5E5";"Subsidies";"9 Interne Organisatie"
"EAID_F408BDED_51D4_4204_9B95_F0C6C2474DC3";"Subsidies";"EAID_D90E822D_7EF8_4ea6_AF5C_4A4362577941";"Kostenplaats";"Class";"EAPK_F079A58E_FB65_422e_BA86_5E810092E5E5";"Subsidies";"9 Interne Organisatie"
"EAID_F408BDED_51D4_4204_9B95_F0C6C2474DC3";"Subsidies";"EAID_156C82B1_2641_40c8_9E99_60031643C29A";"Taak";"Class";"EAPK_F079A58E_FB65_422e_BA86_5E810092E5E5";"Subsidies";"9 Interne Organisatie"
"EAID_F408BDED_51D4_4204_9B95_F0C6C2474DC3";"Subsidies";"EAID_DA4F9850_4CA0_4508_9D57_F631BC30B360";"Sector";"Class";"EAPK_F079A58E_FB65_422e_BA86_5E810092E5E5";"Subsidies";"9 Interne Organisatie"
"EAID_F408BDED_51D4_4204_9B95_F0C6C2474DC3";"Subsidies";"EAID_20CA8283_CE99_455c_BF4D_EAE3DF41AE5B";"Rapportagemoment";"Class";"EAPK_F079A58E_FB65_422e_BA86_5E810092E5E5";"Subsidies";"9 Interne Organisatie"
"EAID_F408BDED_51D4_4204_9B95_F0C6C2474DC3";"Subsidies";"EAID_FD701A55_6865_44aa_9A73_C46E02481796";"Subsidie";"Class";"EAPK_F079A58E_FB65_422e_BA86_5E810092E5E5";"Subsidies";"9 Interne Organisatie"
"EAID_F408BDED_51D4_4204_9B95_F0C6C2474DC3";"Subsidies";"EAID_8F1A719D_C89A_4194_8FF4_1F3E0F174D3D";"Subsidieprogramma";"Class";"EAPK_F079A58E_FB65_422e_BA86_5E810092E5E5";"Subsidies";"9 Interne Organisatie"
"EAID_F408BDED_51D4_4204_9B95_F0C6C2474DC3";"Subsidies";"EAID_F8BD6D83_D3F8_4dd3_B12E_22A991D1A0A2";"Subsidiebeschikking";"Class";"EAPK_F079A58E_FB65_422e_BA86_5E810092E5E5";"Subsidies";"9 Interne Organisatie"
"EAID_F408BDED_51D4_4204_9B95_F0C6C2474DC3";"Subsidies";"EAID_26C0D33A_B15A_4256_A5BF_5382A4E03539";"Subsidieaanvraag";"Class";"EAPK_F079A58E_FB65_422e_BA86_5E810092E5E5";"Subsidies";"9 Interne Organisatie"
"EAID_BAB7CC48_0969_4064_98B6_6C4F51207155";"TENAAMSTELLING";"EAID_C9165029_12D2_4ed4_9CFB_016353926D82";"codeExploitant";"Enumeration";"EAPK_58A5214F_E56C_4707_BE2D_AB36DD6976A3";"RSGBPlus";"99 Kern"
"EAID_BAB7CC48_0969_4064_98B6_6C4F51207155";"TENAAMSTELLING";"EAID_EE5726F5_3FA7_4476_B74B_1C0775775F6B";"soortRechtsvorm";"Enumeration";"EAPK_58A5214F_E56C_4707_BE2D_AB36DD6976A3";"RSGBPlus";"99 Kern"
"EAID_BAB7CC48_0969_4064_98B6_6C4F51207155";"TENAAMSTELLING";"EAID_9DF5AC43_3673_4b9a_BB5E_6DCA7BE28835";"Rechtspersoon";"Class";"EAPK_58A5214F_E56C_4707_BE2D_AB36DD6976A3";"RSGBPlus";"99 Kern"
"EAID_BAB7CC48_0969_4064_98B6_6C4F51207155";"TENAAMSTELLING";"EAID_2651D6E0_6AC8_43a8_A4F6_4706209BAC8E";"Tenaamstelling";"Class";"EAPK_58A5214F_E56C_4707_BE2D_AB36DD6976A3";"RSGBPlus";"99 Kern"
"EAID_BAB7CC48_0969_4064_98B6_6C4F51207155";"TENAAMSTELLING";"EAID_8C809341_AC60_4378_8BA0_0843E8C06AF3";"ZakelijkRecht";"Class";"EAPK_58A5214F_E56C_4707_BE2D_AB36DD6976A3";"RSGBPlus";"99 Kern"
"EAID_224C01A6_60E9_4eed_A869_90E9F9412C4E";"TUNNELDEEL";"EAID_0F81E79F_B306_40b9_ADCA_59A1E3F55D2B";"statusGeoObject";"Enumeration";"EAPK_58A5214F_E56C_4707_BE2D_AB36DD6976A3";"RSGBPlus";"99 Kern"
"EAID_224C01A6_60E9_4eed_A869_90E9F9412C4E";"TUNNELDEEL";"EAID_EE07AE43_1825_4377_9984_9636AB015C11";"Tunneldeel";"Class";"EAPK_58A5214F_E56C_4707_BE2D_AB36DD6976A3";"RSGBPlus";"99 Kern"
"EAID_5A24808B_6B68_44ee_A920_9E1DF704CCDA";"Tekenwijze";"EAID_97EE5348_F06A_44cb_A792_7371CF5D2E53";"ObjecttypeG";"Class";"EAPK_58A5214F_E56C_4707_BE2D_AB36DD6976A3";"RSGBPlus";"99 Kern"
"EAID_5A24808B_6B68_44ee_A920_9E1DF704CCDA";"Tekenwijze";"EAID_23D170D0_917E_4873_A622_43214405AB3D";"ObjecttypeF";"Class";"EAPK_58A5214F_E56C_4707_BE2D_AB36DD6976A3";"RSGBPlus";"99 Kern"
"EAID_5A24808B_6B68_44ee_A920_9E1DF704CCDA";"Tekenwijze";"EAID_EF4E7B58_F178_4a4f_85C5_A5CD93747A36";"ObjecttypeE";"Class";"EAPK_58A5214F_E56C_4707_BE2D_AB36DD6976A3";"RSGBPlus";"99 Kern"
"EAID_5A24808B_6B68_44ee_A920_9E1DF704CCDA";"Tekenwijze";"EAID_DE4D6CAB_7798_46cd_AE1B_328684681323";"ObjecttypeD";"Class";"EAPK_58A5214F_E56C_4707_BE2D_AB36DD6976A3";"RSGBPlus";"99 Kern"
"EAID_5A24808B_6B68_44ee_A920_9E1DF704CCDA";"Tekenwijze";"EAID_47EA6A95_24DD_4ff9_BC2C_1B9BBC08C694";"";"Class";"EAPK_58A5214F_E56C_4707_BE2D_AB36DD6976A3";"RSGBPlus";"99 Kern"
"EAID_5A24808B_6B68_44ee_A920_9E1DF704CCDA";"Tekenwijze";"EAID_889A7DC6_B389_4e02_BB53_CC0B2B5B0D91";"ObjecttypeC";"Class";"EAPK_58A5214F_E56C_4707_BE2D_AB36DD6976A3";"RSGBPlus";"99 Kern"
"EAID_5A24808B_6B68_44ee_A920_9E1DF704CCDA";"Tekenwijze";"EAID_0799B0D1_5067_43e2_8A6F_48FB972225E5";"ObjecttypeB";"Class";"EAPK_58A5214F_E56C_4707_BE2D_AB36DD6976A3";"RSGBPlus";"99 Kern"
"EAID_5A24808B_6B68_44ee_A920_9E1DF704CCDA";"Tekenwijze";"EAID_AE553F3F_B8B6_4bd2_A6A1_8051145C823B";"ObjecttypeA";"Class";"EAPK_58A5214F_E56C_4707_BE2D_AB36DD6976A3";"RSGBPlus";"99 Kern"
"EAID_9954AB09_9924_4152_AFE2_55EDC153747C";"Tenaamstelling";"EAID_755B80B2_6522_4c58_A998_D3F00859FE78";"Aantekening";"Class";"EAPK_58A5214F_E56C_4707_BE2D_AB36DD6976A3";"RSGBPlus";"99 Kern"
"EAID_9954AB09_9924_4152_AFE2_55EDC153747C";"Tenaamstelling";"EAID_2651D6E0_6AC8_43a8_A4F6_4706209BAC8E";"Tenaamstelling";"Class";"EAPK_58A5214F_E56C_4707_BE2D_AB36DD6976A3";"RSGBPlus";"99 Kern"
"EAID_E2134E58_5AC0_48c2_B66E_BBD5CF2D3A8F";"VEGETATIEOBJECT";"EAID_0F81E79F_B306_40b9_ADCA_59A1E3F55D2B";"statusGeoObject";"Enumeration";"EAPK_58A5214F_E56C_4707_BE2D_AB36DD6976A3";"RSGBPlus";"99 Kern"
"EAID_E2134E58_5AC0_48c2_B66E_BBD5CF2D3A8F";"VEGETATIEOBJECT";"EAID_B92F9DEF_A728_4425_BF33_2CCA3090CE70";"typeringVegetatieobject";"Enumeration";"EAPK_58A5214F_E56C_4707_BE2D_AB36DD6976A3";"RSGBPlus";"99 Kern"
"EAID_E2134E58_5AC0_48c2_B66E_BBD5CF2D3A8F";"VEGETATIEOBJECT";"EAID_9980DF6D_0C86_4039_8400_C54DAC77FB79";"Vegetatieobject";"Class";"EAPK_58A5214F_E56C_4707_BE2D_AB36DD6976A3";"RSGBPlus";"99 Kern"
"EAID_65A28EF7_BB44_49ac_ACFC_5319880C3B97";"VERBLIJFSOBJECT";"EAID_461EFCF0_E65E_4c7c_B44D_8F36C36FDCE4";"Verblijfsobject";"Class";"EAPK_58A5214F_E56C_4707_BE2D_AB36DD6976A3";"RSGBPlus";"99 Kern"
"EAID_65A28EF7_BB44_49ac_ACFC_5319880C3B97";"VERBLIJFSOBJECT";"EAID_11595AD8_CE67_40dd_BDA9_489DC7D244ED";"Pand";"Class";"EAPK_58A5214F_E56C_4707_BE2D_AB36DD6976A3";"RSGBPlus";"99 Kern"
"EAID_65A28EF7_BB44_49ac_ACFC_5319880C3B97";"VERBLIJFSOBJECT";"EAID_8A04280B_E0B4_4e36_B448_C99750393D0D";"AdresseerbaarObject";"Class";"EAPK_58A5214F_E56C_4707_BE2D_AB36DD6976A3";"RSGBPlus";"99 Kern"
"EAID_65A28EF7_BB44_49ac_ACFC_5319880C3B97";"VERBLIJFSOBJECT";"EAID_29B5467C_7E93_427a_9884_80CD0E931B6A";"typeObjectcode";"Enumeration";"EAPK_58A5214F_E56C_4707_BE2D_AB36DD6976A3";"RSGBPlus";"99 Kern"
"EAID_65A28EF7_BB44_49ac_ACFC_5319880C3B97";"VERBLIJFSOBJECT";"EAID_96FFDD15_A8C1_46aa_A233_2F0F50DC9069";"ontsluitingswijzeVerdieping";"Enumeration";"EAPK_58A5214F_E56C_4707_BE2D_AB36DD6976A3";"RSGBPlus";"99 Kern"
"EAID_65A28EF7_BB44_49ac_ACFC_5319880C3B97";"VERBLIJFSOBJECT";"EAID_F6BCD582_C397_4e96_BE6D_55FFE7380DF1";"soortWoonobject";"Enumeration";"EAPK_58A5214F_E56C_4707_BE2D_AB36DD6976A3";"RSGBPlus";"99 Kern"
"EAID_65A28EF7_BB44_49ac_ACFC_5319880C3B97";"VERBLIJFSOBJECT";"EAID_7D71D6E8_89EB_4731_952B_FB4573D06DBE";"statusVerblijfsobject";"Enumeration";"EAPK_58A5214F_E56C_4707_BE2D_AB36DD6976A3";"RSGBPlus";"99 Kern"
"EAID_65A28EF7_BB44_49ac_ACFC_5319880C3B97";"VERBLIJFSOBJECT";"EAID_E5E010C2_C1F3_4986_AA9A_C71C19263606";"VerblijfadresIngeschrevenNatuurlijkPersoon";"Class";"EAPK_58A5214F_E56C_4707_BE2D_AB36DD6976A3";"RSGBPlus";"99 Kern"
"EAID_3CAB7DD2_51D3_45b3_9CE1_61E0150F792D";"VESTIGING";"EAID_8A04280B_E0B4_4e36_B448_C99750393D0D";"AdresseerbaarObject";"Class";"EAPK_58A5214F_E56C_4707_BE2D_AB36DD6976A3";"RSGBPlus";"99 Kern"
"EAID_3CAB7DD2_51D3_45b3_9CE1_61E0150F792D";"VESTIGING";"EAID_32A22BC6_89EC_44af_8D7D_79B12311AE2D";"Nummeraanduiding";"Class";"EAPK_58A5214F_E56C_4707_BE2D_AB36DD6976A3";"RSGBPlus";"99 Kern"
"EAID_3CAB7DD2_51D3_45b3_9CE1_61E0150F792D";"VESTIGING";"EAID_5E685C97_7E21_492d_BAA7_AC7F5AE05A6D";"ProxyConnector";"Class";"EAPK_58A5214F_E56C_4707_BE2D_AB36DD6976A3";"RSGBPlus";"99 Kern"
"EAID_3CAB7DD2_51D3_45b3_9CE1_61E0150F792D";"VESTIGING";"EAID_EAE2ABE3_531A_416e_A614_AD288E635512";"ProxyConnector";"Class";"EAPK_58A5214F_E56C_4707_BE2D_AB36DD6976A3";"RSGBPlus";"99 Kern"
"EAID_3CAB7DD2_51D3_45b3_9CE1_61E0150F792D";"VESTIGING";"EAID_B3F47842_F9C5_4417_BC76_05CA58D4998D";"SBIActiviteit";"Class";"EAPK_58A5214F_E56C_4707_BE2D_AB36DD6976A3";"RSGBPlus";"99 Kern"
"EAID_3CAB7DD2_51D3_45b3_9CE1_61E0150F792D";"VESTIGING";"EAID_EAD40DDC_9904_4cde_BE9B_2100268E71B7";"SBIActiviteitVestiging";"Class";"EAPK_58A5214F_E56C_4707_BE2D_AB36DD6976A3";"RSGBPlus";"99 Kern"
"EAID_3CAB7DD2_51D3_45b3_9CE1_61E0150F792D";"VESTIGING";"EAID_3DC85114_5C3F_4930_B98B_6EB6ED71FC2E";"MaatschappelijkeActiviteit";"Class";"EAPK_58A5214F_E56C_4707_BE2D_AB36DD6976A3";"RSGBPlus";"99 Kern"
"EAID_3CAB7DD2_51D3_45b3_9CE1_61E0150F792D";"VESTIGING";"EAID_B60B8EF9_D1C0_4e36_BF9B_1C16F92518DD";"Vestiging";"Class";"EAPK_58A5214F_E56C_4707_BE2D_AB36DD6976A3";"RSGBPlus";"99 Kern"
"EAID_665EFCE1_87B4_4cdc_BA6A_775332F68C79";"Valutasoorten referenties";"EAID_DC6C8DCB_EE07_4e2b_9087_648BD0D0D473";"Valutasoort";"Class";"EAPK_58A5214F_E56C_4707_BE2D_AB36DD6976A3";"RSGBPlus";"99 Kern"
"EAID_00D4246F_6ED7_4690_A180_ACCCD6AB1291";"Vastgoed Domeinmodel ";"EAID_8C809341_AC60_4378_8BA0_0843E8C06AF3";"ZakelijkRecht";"Class";"EAPK_64927CCE_C5AB_447e_BB41_C961BE1EA1BD";"Vastgoed";"9 Interne Organisatie"
"EAID_00D4246F_6ED7_4690_A180_ACCCD6AB1291";"Vastgoed Domeinmodel ";"EAID_8D52E9F1_9CC9_42c6_A347_E68E29718E55";"Zakelijk Recht";"Class";"EAPK_64927CCE_C5AB_447e_BB41_C961BE1EA1BD";"Vastgoed";"9 Interne Organisatie"
"EAID_00D4246F_6ED7_4690_A180_ACCCD6AB1291";"Vastgoed Domeinmodel ";"EAID_98A7AE65_A061_449a_94CD_6218069CA86A";"Verhuurbaar Eenheid";"Class";"EAPK_64927CCE_C5AB_447e_BB41_C961BE1EA1BD";"Vastgoed";"9 Interne Organisatie"
"EAID_00D4246F_6ED7_4690_A180_ACCCD6AB1291";"Vastgoed Domeinmodel ";"EAID_9DF5AC43_3673_4b9a_BB5E_6DCA7BE28835";"Rechtspersoon";"Class";"EAPK_64927CCE_C5AB_447e_BB41_C961BE1EA1BD";"Vastgoed";"9 Interne Organisatie"
"EAID_00D4246F_6ED7_4690_A180_ACCCD6AB1291";"Vastgoed Domeinmodel ";"EAID_1C84E4B6_1BB5_4a0d_A945_FFFDFDFB544B";"Vastgoed Contract";"Class";"EAPK_64927CCE_C5AB_447e_BB41_C961BE1EA1BD";"Vastgoed";"9 Interne Organisatie"
"EAID_00D4246F_6ED7_4690_A180_ACCCD6AB1291";"Vastgoed Domeinmodel ";"EAID_81CA4474_4D1E_485d_94F9_1243FA00B1FE";"NEN2767 Conditiescore";"Enumeration";"EAPK_64927CCE_C5AB_447e_BB41_C961BE1EA1BD";"Vastgoed";"9 Interne Organisatie"
"EAID_00D4246F_6ED7_4690_A180_ACCCD6AB1291";"Vastgoed Domeinmodel ";"EAID_808592B6_401F_48c7_BD2A_2A3D77E846A4";"Energielabel Gebouwen";"Enumeration";"EAPK_64927CCE_C5AB_447e_BB41_C961BE1EA1BD";"Vastgoed";"9 Interne Organisatie"
"EAID_00D4246F_6ED7_4690_A180_ACCCD6AB1291";"Vastgoed Domeinmodel ";"EAID_A31C3B5D_EAC5_482d_8816_8B858EC4BE01";"Inspectie";"Class";"EAPK_64927CCE_C5AB_447e_BB41_C961BE1EA1BD";"Vastgoed";"9 Interne Organisatie"
"EAID_00D4246F_6ED7_4690_A180_ACCCD6AB1291";"Vastgoed Domeinmodel ";"EAID_0B6706E7_4CF8_42d8_90EA_BDD1F5588D3F";"Zakelijkrecht";"Enumeration";"EAPK_64927CCE_C5AB_447e_BB41_C961BE1EA1BD";"Vastgoed";"9 Interne Organisatie"
"EAID_00D4246F_6ED7_4690_A180_ACCCD6AB1291";"Vastgoed Domeinmodel ";"EAID_54697170_4C4D_40f6_9E08_35DF1970B8C6";"MJOP-Item";"Class";"EAPK_64927CCE_C5AB_447e_BB41_C961BE1EA1BD";"Vastgoed";"9 Interne Organisatie"
"EAID_00D4246F_6ED7_4690_A180_ACCCD6AB1291";"Vastgoed Domeinmodel ";"EAID_C5AA8835_219D_4bfa_85EF_8BA45F732BCD";"Werkbon";"Class";"EAPK_64927CCE_C5AB_447e_BB41_C961BE1EA1BD";"Vastgoed";"9 Interne Organisatie"
"EAID_00D4246F_6ED7_4690_A180_ACCCD6AB1291";"Vastgoed Domeinmodel ";"EAID_A91E9C27_C4FA_4e1b_A4FF_8AE74ED9B7EB";"Inkooporder";"Class";"EAPK_64927CCE_C5AB_447e_BB41_C961BE1EA1BD";"Vastgoed";"9 Interne Organisatie"
"EAID_00D4246F_6ED7_4690_A180_ACCCD6AB1291";"Vastgoed Domeinmodel ";"EAID_0EEAF579_3F47_4551_B9F9_7367280EB3EB";"Hoofdrekening";"Class";"EAPK_64927CCE_C5AB_447e_BB41_C961BE1EA1BD";"Vastgoed";"9 Interne Organisatie"
"EAID_00D4246F_6ED7_4690_A180_ACCCD6AB1291";"Vastgoed Domeinmodel ";"EAID_D90E822D_7EF8_4ea6_AF5C_4A4362577941";"Kostenplaats";"Class";"EAPK_64927CCE_C5AB_447e_BB41_C961BE1EA1BD";"Vastgoed";"9 Interne Organisatie"
"EAID_00D4246F_6ED7_4690_A180_ACCCD6AB1291";"Vastgoed Domeinmodel ";"EAID_697512E4_0C8E_4be8_8E95_9E2E4BD50F85";"Prijzenboekitem";"Class";"EAPK_64927CCE_C5AB_447e_BB41_C961BE1EA1BD";"Vastgoed";"9 Interne Organisatie"
"EAID_00D4246F_6ED7_4690_A180_ACCCD6AB1291";"Vastgoed Domeinmodel ";"EAID_A110896B_0CAD_46cf_9226_840DEE3328F0";"MJOP";"Class";"EAPK_64927CCE_C5AB_447e_BB41_C961BE1EA1BD";"Vastgoed";"9 Interne Organisatie"
"EAID_00D4246F_6ED7_4690_A180_ACCCD6AB1291";"Vastgoed Domeinmodel ";"EAID_BE147761_326E_4859_9366_5157CE865EC1";"Bouwdeelelement";"Class";"EAPK_64927CCE_C5AB_447e_BB41_C961BE1EA1BD";"Vastgoed";"9 Interne Organisatie"
"EAID_00D4246F_6ED7_4690_A180_ACCCD6AB1291";"Vastgoed Domeinmodel ";"EAID_9A739672_6084_4c05_A13E_59DB13551E58";"Bouwdeel";"Class";"EAPK_64927CCE_C5AB_447e_BB41_C961BE1EA1BD";"Vastgoed";"9 Interne Organisatie"
"EAID_00D4246F_6ED7_4690_A180_ACCCD6AB1291";"Vastgoed Domeinmodel ";"EAID_28A6F2AC_5AB1_4f25_8876_931152CA28E0";"Vastgoedobject";"Class";"EAPK_64927CCE_C5AB_447e_BB41_C961BE1EA1BD";"Vastgoed";"9 Interne Organisatie"
"EAID_06E44472_8C2A_40eb_9965_DCF91A1322C9";"Vastgoed Leveranciers";"EAID_44EC6082_2682_43c7_A52E_0AD05B06A046";"Aanbesteding";"Class";"EAPK_64927CCE_C5AB_447e_BB41_C961BE1EA1BD";"Vastgoed";"9 Interne Organisatie"
"EAID_06E44472_8C2A_40eb_9965_DCF91A1322C9";"Vastgoed Leveranciers";"EAID_0D0C34BC_D054_45b0_BDB6_3F32F65E51CB";"Objectrelatierol";"Enumeration";"EAPK_64927CCE_C5AB_447e_BB41_C961BE1EA1BD";"Vastgoed";"9 Interne Organisatie"
"EAID_06E44472_8C2A_40eb_9965_DCF91A1322C9";"Vastgoed Leveranciers";"EAID_3EA09322_144A_407d_86C4_FCC8C041C826";"Objectrelatie";"Class";"EAPK_64927CCE_C5AB_447e_BB41_C961BE1EA1BD";"Vastgoed";"9 Interne Organisatie"
"EAID_06E44472_8C2A_40eb_9965_DCF91A1322C9";"Vastgoed Leveranciers";"EAID_28A6F2AC_5AB1_4f25_8876_931152CA28E0";"Vastgoedobject";"Class";"EAPK_64927CCE_C5AB_447e_BB41_C961BE1EA1BD";"Vastgoed";"9 Interne Organisatie"
"EAID_06E44472_8C2A_40eb_9965_DCF91A1322C9";"Vastgoed Leveranciers";"EAID_9DF5AC43_3673_4b9a_BB5E_6DCA7BE28835";"Rechtspersoon";"Class";"EAPK_64927CCE_C5AB_447e_BB41_C961BE1EA1BD";"Vastgoed";"9 Interne Organisatie"
"EAID_06E44472_8C2A_40eb_9965_DCF91A1322C9";"Vastgoed Leveranciers";"EAID_17FCEF39_AB9D_4516_9C60_1DDA61D87356";"Aanbesteding Vastgoed";"Class";"EAPK_64927CCE_C5AB_447e_BB41_C961BE1EA1BD";"Vastgoed";"9 Interne Organisatie"
"EAID_06E44472_8C2A_40eb_9965_DCF91A1322C9";"Vastgoed Leveranciers";"EAID_EA7FE08E_34F7_45d2_BE2E_E4E3B8333BF3";"Leverancier";"Class";"EAPK_64927CCE_C5AB_447e_BB41_C961BE1EA1BD";"Vastgoed";"9 Interne Organisatie"
"EAID_06E44472_8C2A_40eb_9965_DCF91A1322C9";"Vastgoed Leveranciers";"EAID_C5AA8835_219D_4bfa_85EF_8BA45F732BCD";"Werkbon";"Class";"EAPK_64927CCE_C5AB_447e_BB41_C961BE1EA1BD";"Vastgoed";"9 Interne Organisatie"
"EAID_EFF3FBED_B92D_4172_B142_567C2B6ACF01";"Vastgoed Relaties met Kern ";"EAID_EDC8B01F_4802_4562_BC41_C2CAD76880B6";"Pachter";"Class";"EAPK_64927CCE_C5AB_447e_BB41_C961BE1EA1BD";"Vastgoed";"9 Interne Organisatie"
"EAID_EFF3FBED_B92D_4172_B142_567C2B6ACF01";"Vastgoed Relaties met Kern ";"EAID_9DF5AC43_3673_4b9a_BB5E_6DCA7BE28835";"Rechtspersoon";"Class";"EAPK_64927CCE_C5AB_447e_BB41_C961BE1EA1BD";"Vastgoed";"9 Interne Organisatie"
"EAID_EFF3FBED_B92D_4172_B142_567C2B6ACF01";"Vastgoed Relaties met Kern ";"EAID_EA7FE08E_34F7_45d2_BE2E_E4E3B8333BF3";"Leverancier";"Class";"EAPK_64927CCE_C5AB_447e_BB41_C961BE1EA1BD";"Vastgoed";"9 Interne Organisatie"
"EAID_EFF3FBED_B92D_4172_B142_567C2B6ACF01";"Vastgoed Relaties met Kern ";"EAID_B75EE7EF_DC1F_47da_A95C_B9662075684D";"Huurder";"Class";"EAPK_64927CCE_C5AB_447e_BB41_C961BE1EA1BD";"Vastgoed";"9 Interne Organisatie"
"EAID_EFF3FBED_B92D_4172_B142_567C2B6ACF01";"Vastgoed Relaties met Kern ";"EAID_5E06339C_13EE_44ca_BC40_0FC4B9DC8349";"Eigenaar";"Class";"EAPK_64927CCE_C5AB_447e_BB41_C961BE1EA1BD";"Vastgoed";"9 Interne Organisatie"
"EAID_0CF01F05_D23F_454a_A0CD_042C2DD9EE7D";"Vastgoed WOZ";"EAID_BFE30E32_8CB9_4272_A559_9FB3FD74DACC";"OpenbareRuimte";"Class";"EAPK_64927CCE_C5AB_447e_BB41_C961BE1EA1BD";"Vastgoed";"9 Interne Organisatie"
"EAID_0CF01F05_D23F_454a_A0CD_042C2DD9EE7D";"Vastgoed WOZ";"EAID_32A22BC6_89EC_44af_8D7D_79B12311AE2D";"Nummeraanduiding";"Class";"EAPK_64927CCE_C5AB_447e_BB41_C961BE1EA1BD";"Vastgoed";"9 Interne Organisatie"
"EAID_0CF01F05_D23F_454a_A0CD_042C2DD9EE7D";"Vastgoed WOZ";"EAID_8A04280B_E0B4_4e36_B448_C99750393D0D";"AdresseerbaarObject";"Class";"EAPK_64927CCE_C5AB_447e_BB41_C961BE1EA1BD";"Vastgoed";"9 Interne Organisatie"
"EAID_0CF01F05_D23F_454a_A0CD_042C2DD9EE7D";"Vastgoed WOZ";"EAID_11595AD8_CE67_40dd_BDA9_489DC7D244ED";"Pand";"Class";"EAPK_64927CCE_C5AB_447e_BB41_C961BE1EA1BD";"Vastgoed";"9 Interne Organisatie"
"EAID_0CF01F05_D23F_454a_A0CD_042C2DD9EE7D";"Vastgoed WOZ";"EAID_9BD0FBCB_1A9E_4cab_9280_0EBC428E38F7";"Boolean";"Enumeration";"EAPK_64927CCE_C5AB_447e_BB41_C961BE1EA1BD";"Vastgoed";"9 Interne Organisatie"
"EAID_0CF01F05_D23F_454a_A0CD_042C2DD9EE7D";"Vastgoed WOZ";"EAID_3741181A_07D0_4f62_B076_B3318266500F";"SoortWOZObject";"Class";"EAPK_64927CCE_C5AB_447e_BB41_C961BE1EA1BD";"Vastgoed";"9 Interne Organisatie"
"EAID_0CF01F05_D23F_454a_A0CD_042C2DD9EE7D";"Vastgoed WOZ";"EAID_0B3F8A89_F21E_4bea_9620_8D6713AB632C";"LocatieaanduidingWozObject";"Class";"EAPK_64927CCE_C5AB_447e_BB41_C961BE1EA1BD";"Vastgoed";"9 Interne Organisatie"
"EAID_0CF01F05_D23F_454a_A0CD_042C2DD9EE7D";"Vastgoed WOZ";"EAID_9DF5AC43_3673_4b9a_BB5E_6DCA7BE28835";"Rechtspersoon";"Class";"EAPK_64927CCE_C5AB_447e_BB41_C961BE1EA1BD";"Vastgoed";"9 Interne Organisatie"
"EAID_0CF01F05_D23F_454a_A0CD_042C2DD9EE7D";"Vastgoed WOZ";"EAID_E5990F7B_3BD5_4e8f_9595_1F50FD952BD5";"aanduidingEigenaarGebruiker";"Enumeration";"EAPK_64927CCE_C5AB_447e_BB41_C961BE1EA1BD";"Vastgoed";"9 Interne Organisatie"
"EAID_0CF01F05_D23F_454a_A0CD_042C2DD9EE7D";"Vastgoed WOZ";"EAID_E71DC5EC_EEEB_4d27_A3C1_B46FD34AD41B";"WOZ-Belang";"Class";"EAPK_64927CCE_C5AB_447e_BB41_C961BE1EA1BD";"Vastgoed";"9 Interne Organisatie"
"EAID_0CF01F05_D23F_454a_A0CD_042C2DD9EE7D";"Vastgoed WOZ";"EAID_7C387F42_EC1A_4a78_B09B_533AAB03C0C2";"WOZ-Waarde";"Class";"EAPK_64927CCE_C5AB_447e_BB41_C961BE1EA1BD";"Vastgoed";"9 Interne Organisatie"
"EAID_0CF01F05_D23F_454a_A0CD_042C2DD9EE7D";"Vastgoed WOZ";"EAID_9775E778_DBF8_4122_94CE_551466B62F46";"KadastraleOnroerendeZaak";"Class";"EAPK_64927CCE_C5AB_447e_BB41_C961BE1EA1BD";"Vastgoed";"9 Interne Organisatie"
"EAID_0CF01F05_D23F_454a_A0CD_042C2DD9EE7D";"Vastgoed WOZ";"EAID_EEC30588_0E12_41c9_977E_C885A0A7EDC3";"WOZ-deelobject";"Class";"EAPK_64927CCE_C5AB_447e_BB41_C961BE1EA1BD";"Vastgoed";"9 Interne Organisatie"
"EAID_0CF01F05_D23F_454a_A0CD_042C2DD9EE7D";"Vastgoed WOZ";"EAID_CB7BA76D_0793_4d5a_9596_533C5BC56BBF";"WOZ-object";"Class";"EAPK_64927CCE_C5AB_447e_BB41_C961BE1EA1BD";"Vastgoed";"9 Interne Organisatie"
"EAID_FDB58817_3F2A_4d73_A7DB_7906F9B9EB45";"Vastgoed verankering RSGB IMBAG";"EAID_9DBACB9E_CE04_4fd6_AB16_2010C4C61B0A";"gebruiksdoel";"Enumeration";"EAPK_64927CCE_C5AB_447e_BB41_C961BE1EA1BD";"Vastgoed";"9 Interne Organisatie"
"EAID_FDB58817_3F2A_4d73_A7DB_7906F9B9EB45";"Vastgoed verankering RSGB IMBAG";"EAID_BFE30E32_8CB9_4272_A559_9FB3FD74DACC";"OpenbareRuimte";"Class";"EAPK_64927CCE_C5AB_447e_BB41_C961BE1EA1BD";"Vastgoed";"9 Interne Organisatie"
"EAID_FDB58817_3F2A_4d73_A7DB_7906F9B9EB45";"Vastgoed verankering RSGB IMBAG";"EAID_120EA50B_B9A2_4869_A3BE_46931F631D33";"Wijk";"Class";"EAPK_64927CCE_C5AB_447e_BB41_C961BE1EA1BD";"Vastgoed";"9 Interne Organisatie"
"EAID_FDB58817_3F2A_4d73_A7DB_7906F9B9EB45";"Vastgoed verankering RSGB IMBAG";"EAID_EA6F820F_C458_4b24_8055_5C2CC76F5904";"Gemeente";"Class";"EAPK_64927CCE_C5AB_447e_BB41_C961BE1EA1BD";"Vastgoed";"9 Interne Organisatie"
"EAID_FDB58817_3F2A_4d73_A7DB_7906F9B9EB45";"Vastgoed verankering RSGB IMBAG";"EAID_32A22BC6_89EC_44af_8D7D_79B12311AE2D";"Nummeraanduiding";"Class";"EAPK_64927CCE_C5AB_447e_BB41_C961BE1EA1BD";"Vastgoed";"9 Interne Organisatie"
"EAID_FDB58817_3F2A_4d73_A7DB_7906F9B9EB45";"Vastgoed verankering RSGB IMBAG";"EAID_24BDA4BA_CFCC_4e3f_8305_671F4ED7C502";"Woonplaats";"Class";"EAPK_64927CCE_C5AB_447e_BB41_C961BE1EA1BD";"Vastgoed";"9 Interne Organisatie"
"EAID_FDB58817_3F2A_4d73_A7DB_7906F9B9EB45";"Vastgoed verankering RSGB IMBAG";"EAID_38649FF6_88C6_437d_AF8E_A9023D55E16C";"Buurt";"Class";"EAPK_64927CCE_C5AB_447e_BB41_C961BE1EA1BD";"Vastgoed";"9 Interne Organisatie"
"EAID_FDB58817_3F2A_4d73_A7DB_7906F9B9EB45";"Vastgoed verankering RSGB IMBAG";"EAID_11595AD8_CE67_40dd_BDA9_489DC7D244ED";"Pand";"Class";"EAPK_64927CCE_C5AB_447e_BB41_C961BE1EA1BD";"Vastgoed";"9 Interne Organisatie"
"EAID_FDB58817_3F2A_4d73_A7DB_7906F9B9EB45";"Vastgoed verankering RSGB IMBAG";"EAID_461EFCF0_E65E_4c7c_B44D_8F36C36FDCE4";"Verblijfsobject";"Class";"EAPK_64927CCE_C5AB_447e_BB41_C961BE1EA1BD";"Vastgoed";"9 Interne Organisatie"
"EAID_FDB58817_3F2A_4d73_A7DB_7906F9B9EB45";"Vastgoed verankering RSGB IMBAG";"EAID_86952BDA_ADF6_4ff0_B8C7_BA3AA889A40B";"Standplaats";"Class";"EAPK_64927CCE_C5AB_447e_BB41_C961BE1EA1BD";"Vastgoed";"9 Interne Organisatie"
"EAID_FDB58817_3F2A_4d73_A7DB_7906F9B9EB45";"Vastgoed verankering RSGB IMBAG";"EAID_785E3B69_19DA_4952_84A8_592965B9229A";"Ligplaats";"Class";"EAPK_64927CCE_C5AB_447e_BB41_C961BE1EA1BD";"Vastgoed";"9 Interne Organisatie"
"EAID_FDB58817_3F2A_4d73_A7DB_7906F9B9EB45";"Vastgoed verankering RSGB IMBAG";"EAID_8A04280B_E0B4_4e36_B448_C99750393D0D";"AdresseerbaarObject";"Class";"EAPK_64927CCE_C5AB_447e_BB41_C961BE1EA1BD";"Vastgoed";"9 Interne Organisatie"
"EAID_FDB58817_3F2A_4d73_A7DB_7906F9B9EB45";"Vastgoed verankering RSGB IMBAG";"EAID_46386087_923F_402e_BB6B_6DE39D73349A";"NADAanvullingBRP";"Class";"EAPK_64927CCE_C5AB_447e_BB41_C961BE1EA1BD";"Vastgoed";"9 Interne Organisatie"
"EAID_FDB58817_3F2A_4d73_A7DB_7906F9B9EB45";"Vastgoed verankering RSGB IMBAG";"EAID_D46DA88A_F3EB_4c72_85DA_C0C4239289E2";"KpBetrokkenBij";"Class";"EAPK_64927CCE_C5AB_447e_BB41_C961BE1EA1BD";"Vastgoed";"9 Interne Organisatie"
"EAID_FDB58817_3F2A_4d73_A7DB_7906F9B9EB45";"Vastgoed verankering RSGB IMBAG";"EAID_DCF0623A_694F_4b82_B615_F499F169C19A";"KpOnstaanUit";"Class";"EAPK_64927CCE_C5AB_447e_BB41_C961BE1EA1BD";"Vastgoed";"9 Interne Organisatie"
"EAID_FDB58817_3F2A_4d73_A7DB_7906F9B9EB45";"Vastgoed verankering RSGB IMBAG";"EAID_AC4F4A9C_1623_4447_9813_0722CDD58E66";"AardZakelijkRecht";"Class";"EAPK_64927CCE_C5AB_447e_BB41_C961BE1EA1BD";"Vastgoed";"9 Interne Organisatie"
"EAID_FDB58817_3F2A_4d73_A7DB_7906F9B9EB45";"Vastgoed verankering RSGB IMBAG";"EAID_8F83BD4F_86BF_459d_89EF_6E7CE6DCA385";"Gezinsrelatie";"Enumeration";"EAPK_64927CCE_C5AB_447e_BB41_C961BE1EA1BD";"Vastgoed";"9 Interne Organisatie"
"EAID_FDB58817_3F2A_4d73_A7DB_7906F9B9EB45";"Vastgoed verankering RSGB IMBAG";"EAID_AF9534B0_7CBD_4061_9276_A7B6698B383A";"IngeschrevenPersoon";"Class";"EAPK_64927CCE_C5AB_447e_BB41_C961BE1EA1BD";"Vastgoed";"9 Interne Organisatie"
"EAID_FDB58817_3F2A_4d73_A7DB_7906F9B9EB45";"Vastgoed verankering RSGB IMBAG";"EAID_049E7FD0_D515_4057_9C87_A09980C5DE6A";"Locatieonroerendezaak";"Class";"EAPK_64927CCE_C5AB_447e_BB41_C961BE1EA1BD";"Vastgoed";"9 Interne Organisatie"
"EAID_FDB58817_3F2A_4d73_A7DB_7906F9B9EB45";"Vastgoed verankering RSGB IMBAG";"EAID_3DD4320F_CA3A_40c9_BB16_40064717EC8B";"TypeAdresseerbaarObject";"Enumeration";"EAPK_64927CCE_C5AB_447e_BB41_C961BE1EA1BD";"Vastgoed";"9 Interne Organisatie"
"EAID_FDB58817_3F2A_4d73_A7DB_7906F9B9EB45";"Vastgoed verankering RSGB IMBAG";"EAID_ACAF3418_7E0F_43eb_B470_4AF98C37A49B";"CultuurcodeOnbebouwd";"Class";"EAPK_64927CCE_C5AB_447e_BB41_C961BE1EA1BD";"Vastgoed";"9 Interne Organisatie"
"EAID_FDB58817_3F2A_4d73_A7DB_7906F9B9EB45";"Vastgoed verankering RSGB IMBAG";"EAID_DADECD97_1605_4c24_84A7_46AB2327468D";"CultuurcodeBebouwd";"Class";"EAPK_64927CCE_C5AB_447e_BB41_C961BE1EA1BD";"Vastgoed";"9 Interne Organisatie"
"EAID_FDB58817_3F2A_4d73_A7DB_7906F9B9EB45";"Vastgoed verankering RSGB IMBAG";"EAID_3CF7C652_66DF_48c0_95D6_FC742C6DAAC0";"statusWoonplaats";"Enumeration";"EAPK_64927CCE_C5AB_447e_BB41_C961BE1EA1BD";"Vastgoed";"9 Interne Organisatie"
"EAID_FDB58817_3F2A_4d73_A7DB_7906F9B9EB45";"Vastgoed verankering RSGB IMBAG";"EAID_BAB6FE74_FD44_4fca_B021_B87D38DFA5CB";"typeringOpenbareRuimte";"Enumeration";"EAPK_64927CCE_C5AB_447e_BB41_C961BE1EA1BD";"Vastgoed";"9 Interne Organisatie"
"EAID_FDB58817_3F2A_4d73_A7DB_7906F9B9EB45";"Vastgoed verankering RSGB IMBAG";"EAID_65E6F13C_2892_4068_9881_8B27C8134F14";"statusOpenbareRuimte";"Enumeration";"EAPK_64927CCE_C5AB_447e_BB41_C961BE1EA1BD";"Vastgoed";"9 Interne Organisatie"
"EAID_FDB58817_3F2A_4d73_A7DB_7906F9B9EB45";"Vastgoed verankering RSGB IMBAG";"EAID_567C34A4_213A_4c9b_B96D_D339BAC041A0";"statusNummeraanduiding";"Enumeration";"EAPK_64927CCE_C5AB_447e_BB41_C961BE1EA1BD";"Vastgoed";"9 Interne Organisatie"
"EAID_FDB58817_3F2A_4d73_A7DB_7906F9B9EB45";"Vastgoed verankering RSGB IMBAG";"EAID_E2CC5DFC_C264_4c21_8E47_F551958E1C17";"statusPand";"Enumeration";"EAPK_64927CCE_C5AB_447e_BB41_C961BE1EA1BD";"Vastgoed";"9 Interne Organisatie"
"EAID_FDB58817_3F2A_4d73_A7DB_7906F9B9EB45";"Vastgoed verankering RSGB IMBAG";"EAID_C27A40AB_D4D2_497b_923F_9C2251708BEF";"StatLigplaatsStandplaats";"Enumeration";"EAPK_64927CCE_C5AB_447e_BB41_C961BE1EA1BD";"Vastgoed";"9 Interne Organisatie"
"EAID_FDB58817_3F2A_4d73_A7DB_7906F9B9EB45";"Vastgoed verankering RSGB IMBAG";"EAID_7D71D6E8_89EB_4731_952B_FB4573D06DBE";"statusVerblijfsobject";"Enumeration";"EAPK_64927CCE_C5AB_447e_BB41_C961BE1EA1BD";"Vastgoed";"9 Interne Organisatie"
"EAID_FDB58817_3F2A_4d73_A7DB_7906F9B9EB45";"Vastgoed verankering RSGB IMBAG";"EAID_F6BCD582_C397_4e96_BE6D_55FFE7380DF1";"soortWoonobject";"Enumeration";"EAPK_64927CCE_C5AB_447e_BB41_C961BE1EA1BD";"Vastgoed";"9 Interne Organisatie"
"EAID_FDB58817_3F2A_4d73_A7DB_7906F9B9EB45";"Vastgoed verankering RSGB IMBAG";"EAID_96FFDD15_A8C1_46aa_A233_2F0F50DC9069";"ontsluitingswijzeVerdieping";"Enumeration";"EAPK_64927CCE_C5AB_447e_BB41_C961BE1EA1BD";"Vastgoed";"9 Interne Organisatie"
"EAID_FDB58817_3F2A_4d73_A7DB_7906F9B9EB45";"Vastgoed verankering RSGB IMBAG";"EAID_8C49F097_6D95_4406_B3B7_58AC102B6FD2";"statusVoortgangBouw";"Enumeration";"EAPK_64927CCE_C5AB_447e_BB41_C961BE1EA1BD";"Vastgoed";"9 Interne Organisatie"
"EAID_FDB58817_3F2A_4d73_A7DB_7906F9B9EB45";"Vastgoed verankering RSGB IMBAG";"EAID_EE5726F5_3FA7_4476_B74B_1C0775775F6B";"soortRechtsvorm";"Enumeration";"EAPK_64927CCE_C5AB_447e_BB41_C961BE1EA1BD";"Vastgoed";"9 Interne Organisatie"
"EAID_FDB58817_3F2A_4d73_A7DB_7906F9B9EB45";"Vastgoed verankering RSGB IMBAG";"EAID_5868306F_8B4E_4cd0_A47E_D171DAE493D5";"geslacht";"Enumeration";"EAPK_64927CCE_C5AB_447e_BB41_C961BE1EA1BD";"Vastgoed";"9 Interne Organisatie"
"EAID_FDB58817_3F2A_4d73_A7DB_7906F9B9EB45";"Vastgoed verankering RSGB IMBAG";"EAID_C27488AF_81A5_4ae3_8838_C036EA0B3167";"adelijkeTitel";"Enumeration";"EAPK_64927CCE_C5AB_447e_BB41_C961BE1EA1BD";"Vastgoed";"9 Interne Organisatie"
"EAID_FDB58817_3F2A_4d73_A7DB_7906F9B9EB45";"Vastgoed verankering RSGB IMBAG";"EAID_6D64D2BB_B7FF_4771_B12F_F97458E8447F";"typeringAppartementsrechtsplitsing";"Enumeration";"EAPK_64927CCE_C5AB_447e_BB41_C961BE1EA1BD";"Vastgoed";"9 Interne Organisatie"
"EAID_FDB58817_3F2A_4d73_A7DB_7906F9B9EB45";"Vastgoed verankering RSGB IMBAG";"EAID_764193B9_F588_46a2_A230_4B9D29B8CF44";"Monumenttypering";"Enumeration";"EAPK_64927CCE_C5AB_447e_BB41_C961BE1EA1BD";"Vastgoed";"9 Interne Organisatie"
"EAID_FDB58817_3F2A_4d73_A7DB_7906F9B9EB45";"Vastgoed verankering RSGB IMBAG";"EAID_808592B6_401F_48c7_BD2A_2A3D77E846A4";"Energielabel Gebouwen";"Enumeration";"EAPK_64927CCE_C5AB_447e_BB41_C961BE1EA1BD";"Vastgoed";"9 Interne Organisatie"
"EAID_FDB58817_3F2A_4d73_A7DB_7906F9B9EB45";"Vastgoed verankering RSGB IMBAG";"EAID_9BD0FBCB_1A9E_4cab_9280_0EBC428E38F7";"Boolean";"Enumeration";"EAPK_64927CCE_C5AB_447e_BB41_C961BE1EA1BD";"Vastgoed";"9 Interne Organisatie"
"EAID_FDB58817_3F2A_4d73_A7DB_7906F9B9EB45";"Vastgoed verankering RSGB IMBAG";"EAID_81CA4474_4D1E_485d_94F9_1243FA00B1FE";"NEN2767 Conditiescore";"Enumeration";"EAPK_64927CCE_C5AB_447e_BB41_C961BE1EA1BD";"Vastgoed";"9 Interne Organisatie"
"EAID_FDB58817_3F2A_4d73_A7DB_7906F9B9EB45";"Vastgoed verankering RSGB IMBAG";"EAID_3D5CCB29_91E4_458e_8BCD_6741198E45B8";"NietNatuurlijkPersoon";"Class";"EAPK_64927CCE_C5AB_447e_BB41_C961BE1EA1BD";"Vastgoed";"9 Interne Organisatie"
"EAID_FDB58817_3F2A_4d73_A7DB_7906F9B9EB45";"Vastgoed verankering RSGB IMBAG";"EAID_9F4E12E4_B228_4931_AC83_1B1F60958A89";"NatuurlijkPersoon";"Class";"EAPK_64927CCE_C5AB_447e_BB41_C961BE1EA1BD";"Vastgoed";"9 Interne Organisatie"
"EAID_FDB58817_3F2A_4d73_A7DB_7906F9B9EB45";"Vastgoed verankering RSGB IMBAG";"EAID_1C25D70B_AE22_4654_9190_2F55272D9BE6";"Vastgoedcontractregel";"Class";"EAPK_64927CCE_C5AB_447e_BB41_C961BE1EA1BD";"Vastgoed";"9 Interne Organisatie"
"EAID_FDB58817_3F2A_4d73_A7DB_7906F9B9EB45";"Vastgoed verankering RSGB IMBAG";"EAID_1C84E4B6_1BB5_4a0d_A945_FFFDFDFB544B";"Vastgoed Contract";"Class";"EAPK_64927CCE_C5AB_447e_BB41_C961BE1EA1BD";"Vastgoed";"9 Interne Organisatie"
"EAID_FDB58817_3F2A_4d73_A7DB_7906F9B9EB45";"Vastgoed verankering RSGB IMBAG";"EAID_C1542AC8_2F3C_4e62_ADFA_A9FB3358DAB1";"Appartementsrechtsplitsing";"Class";"EAPK_64927CCE_C5AB_447e_BB41_C961BE1EA1BD";"Vastgoed";"9 Interne Organisatie"
"EAID_FDB58817_3F2A_4d73_A7DB_7906F9B9EB45";"Vastgoed verankering RSGB IMBAG";"EAID_2651D6E0_6AC8_43a8_A4F6_4706209BAC8E";"Tenaamstelling";"Class";"EAPK_64927CCE_C5AB_447e_BB41_C961BE1EA1BD";"Vastgoed";"9 Interne Organisatie"
"EAID_FDB58817_3F2A_4d73_A7DB_7906F9B9EB45";"Vastgoed verankering RSGB IMBAG";"EAID_98A7AE65_A061_449a_94CD_6218069CA86A";"Verhuurbaar Eenheid";"Class";"EAPK_64927CCE_C5AB_447e_BB41_C961BE1EA1BD";"Vastgoed";"9 Interne Organisatie"
"EAID_FDB58817_3F2A_4d73_A7DB_7906F9B9EB45";"Vastgoed verankering RSGB IMBAG";"EAID_9DF5AC43_3673_4b9a_BB5E_6DCA7BE28835";"Rechtspersoon";"Class";"EAPK_64927CCE_C5AB_447e_BB41_C961BE1EA1BD";"Vastgoed";"9 Interne Organisatie"
"EAID_FDB58817_3F2A_4d73_A7DB_7906F9B9EB45";"Vastgoed verankering RSGB IMBAG";"EAID_8C809341_AC60_4378_8BA0_0843E8C06AF3";"ZakelijkRecht";"Class";"EAPK_64927CCE_C5AB_447e_BB41_C961BE1EA1BD";"Vastgoed";"9 Interne Organisatie"
"EAID_FDB58817_3F2A_4d73_A7DB_7906F9B9EB45";"Vastgoed verankering RSGB IMBAG";"EAID_CFA3D54E_C8E0_4559_9475_29D31AF2DECD";"OverigBenoemdTerrein";"Class";"EAPK_64927CCE_C5AB_447e_BB41_C961BE1EA1BD";"Vastgoed";"9 Interne Organisatie"
"EAID_FDB58817_3F2A_4d73_A7DB_7906F9B9EB45";"Vastgoed verankering RSGB IMBAG";"EAID_7CDF37D9_26D7_46a5_9CF3_392601BDCECA";"OverigGebouwdObject";"Class";"EAPK_64927CCE_C5AB_447e_BB41_C961BE1EA1BD";"Vastgoed";"9 Interne Organisatie"
"EAID_FDB58817_3F2A_4d73_A7DB_7906F9B9EB45";"Vastgoed verankering RSGB IMBAG";"EAID_28A6F2AC_5AB1_4f25_8876_931152CA28E0";"Vastgoedobject";"Class";"EAPK_64927CCE_C5AB_447e_BB41_C961BE1EA1BD";"Vastgoed";"9 Interne Organisatie"
"EAID_FDB58817_3F2A_4d73_A7DB_7906F9B9EB45";"Vastgoed verankering RSGB IMBAG";"EAID_9775E778_DBF8_4122_94CE_551466B62F46";"KadastraleOnroerendeZaak";"Class";"EAPK_64927CCE_C5AB_447e_BB41_C961BE1EA1BD";"Vastgoed";"9 Interne Organisatie"
"EAID_B039478A_DAF7_458f_A7C7_E4744EC08DBF";"Verkamering en Woonoverlast";"EAID_C29CCD49_04E2_44b4_A6B0_AD8B10552628";"Heffingsverordening";"Class";"EAPK_0A4C6DE8_608E_4626_A40E_0C432A5B0F9C";"1 Veiligheid en Vergunningen";"1 Veiligheid en Vergunningen"
"EAID_B039478A_DAF7_458f_A7C7_E4744EC08DBF";"Verkamering en Woonoverlast";"EAID_32A22BC6_89EC_44af_8D7D_79B12311AE2D";"Nummeraanduiding";"Class";"EAPK_0A4C6DE8_608E_4626_A40E_0C432A5B0F9C";"1 Veiligheid en Vergunningen";"1 Veiligheid en Vergunningen"
"EAID_B039478A_DAF7_458f_A7C7_E4744EC08DBF";"Verkamering en Woonoverlast";"EAID_3D2D5426_653C_485c_A99C_8AD933E76D78";"Heffinggrondslag";"Class";"EAPK_0A4C6DE8_608E_4626_A40E_0C432A5B0F9C";"1 Veiligheid en Vergunningen";"1 Veiligheid en Vergunningen"
"EAID_B039478A_DAF7_458f_A7C7_E4744EC08DBF";"Verkamering en Woonoverlast";"EAID_8A04280B_E0B4_4e36_B448_C99750393D0D";"AdresseerbaarObject";"Class";"EAPK_0A4C6DE8_608E_4626_A40E_0C432A5B0F9C";"1 Veiligheid en Vergunningen";"1 Veiligheid en Vergunningen"
"EAID_B039478A_DAF7_458f_A7C7_E4744EC08DBF";"Verkamering en Woonoverlast";"EAID_356C8F59_3721_46d0_BCD0_C17B0130035C";"Heffingsoort";"Enumeration";"EAPK_0A4C6DE8_608E_4626_A40E_0C432A5B0F9C";"1 Veiligheid en Vergunningen";"1 Veiligheid en Vergunningen"
"EAID_B039478A_DAF7_458f_A7C7_E4744EC08DBF";"Verkamering en Woonoverlast";"EAID_B3371695_97AD_49d2_9AF1_15591B422007";"Heffing";"Class";"EAPK_0A4C6DE8_608E_4626_A40E_0C432A5B0F9C";"1 Veiligheid en Vergunningen";"1 Veiligheid en Vergunningen"
"EAID_B039478A_DAF7_458f_A7C7_E4744EC08DBF";"Verkamering en Woonoverlast";"EAID_16FB8171_A9ED_4027_A663_C035509501C8";"Betrokkene";"Class";"EAPK_0A4C6DE8_608E_4626_A40E_0C432A5B0F9C";"1 Veiligheid en Vergunningen";"1 Veiligheid en Vergunningen"
"EAID_B039478A_DAF7_458f_A7C7_E4744EC08DBF";"Verkamering en Woonoverlast";"EAID_9DF5AC43_3673_4b9a_BB5E_6DCA7BE28835";"Rechtspersoon";"Class";"EAPK_0A4C6DE8_608E_4626_A40E_0C432A5B0F9C";"1 Veiligheid en Vergunningen";"1 Veiligheid en Vergunningen"
"EAID_B039478A_DAF7_458f_A7C7_E4744EC08DBF";"Verkamering en Woonoverlast";"EAID_E9AD325A_49CF_48a6_AA9E_7FB57E03E414";"Indiener";"Class";"EAPK_0A4C6DE8_608E_4626_A40E_0C432A5B0F9C";"1 Veiligheid en Vergunningen";"1 Veiligheid en Vergunningen"
"EAID_B039478A_DAF7_458f_A7C7_E4744EC08DBF";"Verkamering en Woonoverlast";"EAID_E2B83F97_FDFD_4876_9E66_23D79D4A4C03";"Vorderingregel";"Class";"EAPK_0A4C6DE8_608E_4626_A40E_0C432A5B0F9C";"1 Veiligheid en Vergunningen";"1 Veiligheid en Vergunningen"
"EAID_B039478A_DAF7_458f_A7C7_E4744EC08DBF";"Verkamering en Woonoverlast";"EAID_ED0D0224_0A30_435b_AB25_87FDA8DF4078";"Bevinding";"Class";"EAPK_0A4C6DE8_608E_4626_A40E_0C432A5B0F9C";"1 Veiligheid en Vergunningen";"1 Veiligheid en Vergunningen"
"EAID_B039478A_DAF7_458f_A7C7_E4744EC08DBF";"Verkamering en Woonoverlast";"EAID_F73901FC_A78E_486f_B6C6_74CFCBE26CAB";"Inspectie";"Class";"EAPK_0A4C6DE8_608E_4626_A40E_0C432A5B0F9C";"1 Veiligheid en Vergunningen";"1 Veiligheid en Vergunningen"
"EAID_B039478A_DAF7_458f_A7C7_E4744EC08DBF";"Verkamering en Woonoverlast";"EAID_341942C1_0F72_4e13_ADD1_235805BB81C0";"Vordering";"Class";"EAPK_0A4C6DE8_608E_4626_A40E_0C432A5B0F9C";"1 Veiligheid en Vergunningen";"1 Veiligheid en Vergunningen"
"EAID_B039478A_DAF7_458f_A7C7_E4744EC08DBF";"Verkamering en Woonoverlast";"EAID_9547BC67_7488_4d9a_B651_2B69A62D789F";"Activiteit Omgevingswet";"Class";"EAPK_0A4C6DE8_608E_4626_A40E_0C432A5B0F9C";"1 Veiligheid en Vergunningen";"1 Veiligheid en Vergunningen"
"EAID_B039478A_DAF7_458f_A7C7_E4744EC08DBF";"Verkamering en Woonoverlast";"EAID_0DB447E3_B31B_4f07_8E35_7E77D0AAEF80";"SubProducttype";"Class";"EAPK_0A4C6DE8_608E_4626_A40E_0C432A5B0F9C";"1 Veiligheid en Vergunningen";"1 Veiligheid en Vergunningen"
"EAID_B039478A_DAF7_458f_A7C7_E4744EC08DBF";"Verkamering en Woonoverlast";"EAID_03B4B3C0_3616_4ea2_A8B1_3D6754325F02";"Producttype";"Class";"EAPK_0A4C6DE8_608E_4626_A40E_0C432A5B0F9C";"1 Veiligheid en Vergunningen";"1 Veiligheid en Vergunningen"
"EAID_B039478A_DAF7_458f_A7C7_E4744EC08DBF";"Verkamering en Woonoverlast";"EAID_5CE9E5F3_BA9A_47e4_A4C1_DE21E66E9F8E";"WoonfraudeAanvraagOfMelding";"Class";"EAPK_0A4C6DE8_608E_4626_A40E_0C432A5B0F9C";"1 Veiligheid en Vergunningen";"1 Veiligheid en Vergunningen"
"EAID_B039478A_DAF7_458f_A7C7_E4744EC08DBF";"Verkamering en Woonoverlast";"EAID_922D3938_A0EA_42bf_9EFC_23A6A236AF9B";"Besluittype";"Class";"EAPK_0A4C6DE8_608E_4626_A40E_0C432A5B0F9C";"1 Veiligheid en Vergunningen";"1 Veiligheid en Vergunningen"
"EAID_B039478A_DAF7_458f_A7C7_E4744EC08DBF";"Verkamering en Woonoverlast";"EAID_AA496B7B_913C_40fd_943E_52F1A6E89440";"Statustype";"Class";"EAPK_0A4C6DE8_608E_4626_A40E_0C432A5B0F9C";"1 Veiligheid en Vergunningen";"1 Veiligheid en Vergunningen"
"EAID_B039478A_DAF7_458f_A7C7_E4744EC08DBF";"Verkamering en Woonoverlast";"EAID_7C975D37_670B_405e_B825_924BCAFA74C7";"Status";"Class";"EAPK_0A4C6DE8_608E_4626_A40E_0C432A5B0F9C";"1 Veiligheid en Vergunningen";"1 Veiligheid en Vergunningen"
"EAID_B039478A_DAF7_458f_A7C7_E4744EC08DBF";"Verkamering en Woonoverlast";"EAID_3E9E08B7_574E_43dc_8D93_251BFA8F8D75";"BenoemdObject";"Class";"EAPK_0A4C6DE8_608E_4626_A40E_0C432A5B0F9C";"1 Veiligheid en Vergunningen";"1 Veiligheid en Vergunningen"
"EAID_B039478A_DAF7_458f_A7C7_E4744EC08DBF";"Verkamering en Woonoverlast";"EAID_9775E778_DBF8_4122_94CE_551466B62F46";"KadastraleOnroerendeZaak";"Class";"EAPK_0A4C6DE8_608E_4626_A40E_0C432A5B0F9C";"1 Veiligheid en Vergunningen";"1 Veiligheid en Vergunningen"
"EAID_B039478A_DAF7_458f_A7C7_E4744EC08DBF";"Verkamering en Woonoverlast";"EAID_75E93FC5_3EF8_40b6_B170_ED5A2C36B354";"Onbestemd Adres";"Class";"EAPK_0A4C6DE8_608E_4626_A40E_0C432A5B0F9C";"1 Veiligheid en Vergunningen";"1 Veiligheid en Vergunningen"
"EAID_B039478A_DAF7_458f_A7C7_E4744EC08DBF";"Verkamering en Woonoverlast";"EAID_91F9D39E_0322_42c6_AE7F_5027B36F3EC3";"Object";"Class";"EAPK_0A4C6DE8_608E_4626_A40E_0C432A5B0F9C";"1 Veiligheid en Vergunningen";"1 Veiligheid en Vergunningen"
"EAID_B039478A_DAF7_458f_A7C7_E4744EC08DBF";"Verkamering en Woonoverlast";"EAID_88AF7A2E_C508_464a_AD22_DD9B156D570D";"VTHzaak";"Class";"EAPK_0A4C6DE8_608E_4626_A40E_0C432A5B0F9C";"1 Veiligheid en Vergunningen";"1 Veiligheid en Vergunningen"
"EAID_B039478A_DAF7_458f_A7C7_E4744EC08DBF";"Verkamering en Woonoverlast";"EAID_7210A379_17EE_4143_A106_ECD9414B2A0D";"Zaaktype";"Class";"EAPK_0A4C6DE8_608E_4626_A40E_0C432A5B0F9C";"1 Veiligheid en Vergunningen";"1 Veiligheid en Vergunningen"
"EAID_B039478A_DAF7_458f_A7C7_E4744EC08DBF";"Verkamering en Woonoverlast";"EAID_AFB100D2_8C68_4488_8949_13E945D15920";"Besluit";"Class";"EAPK_0A4C6DE8_608E_4626_A40E_0C432A5B0F9C";"1 Veiligheid en Vergunningen";"1 Veiligheid en Vergunningen"
"EAID_B039478A_DAF7_458f_A7C7_E4744EC08DBF";"Verkamering en Woonoverlast";"EAID_649EFD86_ED52_4293_8577_DBE5445845BF";"Zaak";"Class";"EAPK_0A4C6DE8_608E_4626_A40E_0C432A5B0F9C";"1 Veiligheid en Vergunningen";"1 Veiligheid en Vergunningen"
"EAID_B039478A_DAF7_458f_A7C7_E4744EC08DBF";"Verkamering en Woonoverlast";"EAID_CB5BCFAA_01F3_468d_A5CE_4E08D3E4FFC2";"WoonoverlastAanvraagOfMelding";"Class";"EAPK_0A4C6DE8_608E_4626_A40E_0C432A5B0F9C";"1 Veiligheid en Vergunningen";"1 Veiligheid en Vergunningen"
"EAID_B039478A_DAF7_458f_A7C7_E4744EC08DBF";"Verkamering en Woonoverlast";"EAID_9BD0FBCB_1A9E_4cab_9280_0EBC428E38F7";"Boolean";"Enumeration";"EAPK_0A4C6DE8_608E_4626_A40E_0C432A5B0F9C";"1 Veiligheid en Vergunningen";"1 Veiligheid en Vergunningen"
"EAID_B039478A_DAF7_458f_A7C7_E4744EC08DBF";"Verkamering en Woonoverlast";"EAID_80F23226_8DD8_4926_B8F1_F2A3C01A29BF";"MORAanvraagOfMelding";"Class";"EAPK_0A4C6DE8_608E_4626_A40E_0C432A5B0F9C";"1 Veiligheid en Vergunningen";"1 Veiligheid en Vergunningen"
"EAID_B039478A_DAF7_458f_A7C7_E4744EC08DBF";"Verkamering en Woonoverlast";"EAID_EAC249B9_13F7_472b_A971_05ED32006F04";"VTHAanvraagOfMelding";"Class";"EAPK_0A4C6DE8_608E_4626_A40E_0C432A5B0F9C";"1 Veiligheid en Vergunningen";"1 Veiligheid en Vergunningen"
"EAID_B039478A_DAF7_458f_A7C7_E4744EC08DBF";"Verkamering en Woonoverlast";"EAID_192EA281_414F_4d8d_85D1_5C1B75224942";"WABOAanvraagOfMelding";"Class";"EAPK_0A4C6DE8_608E_4626_A40E_0C432A5B0F9C";"1 Veiligheid en Vergunningen";"1 Veiligheid en Vergunningen"
"EAID_B039478A_DAF7_458f_A7C7_E4744EC08DBF";"Verkamering en Woonoverlast";"EAID_44B26957_BAA4_41c2_ABBF_CC1AC91D30D6";"VOMAanvraagOfMelding";"Class";"EAPK_0A4C6DE8_608E_4626_A40E_0C432A5B0F9C";"1 Veiligheid en Vergunningen";"1 Veiligheid en Vergunningen"
"EAID_B039478A_DAF7_458f_A7C7_E4744EC08DBF";"Verkamering en Woonoverlast";"EAID_8E6BAEF8_1878_400f_9244_23575BD41EAB";"AanvraagOfMelding";"Class";"EAPK_0A4C6DE8_608E_4626_A40E_0C432A5B0F9C";"1 Veiligheid en Vergunningen";"1 Veiligheid en Vergunningen"
"EAID_72A4FC74_EE1B_4bc1_B5BB_540FCE4D04B1";"Verkeer en Vervoer: Stremmingen";"EAID_A1A8B6C1_3607_4c64_92CC_364470368C3E";"Hindercategorie";"Enumeration";"EAPK_02FD7722_6B39_4e67_A30D_D501E2716B6F";"Mobiliteit";"2 Verkeer, Vervoer en Waterstaat"
"EAID_72A4FC74_EE1B_4bc1_B5BB_540FCE4D04B1";"Verkeer en Vervoer: Stremmingen";"EAID_C00A2866_8F7D_4be3_A676_794C9A477556";"Aantal Gehinderden";"Enumeration";"EAPK_02FD7722_6B39_4e67_A30D_D501E2716B6F";"Mobiliteit";"2 Verkeer, Vervoer en Waterstaat"
"EAID_72A4FC74_EE1B_4bc1_B5BB_540FCE4D04B1";"Verkeer en Vervoer: Stremmingen";"EAID_9387D652_A431_4f4c_9F35_4DB0A102B1EF";"Hinderklasse";"Enumeration";"EAPK_02FD7722_6B39_4e67_A30D_D501E2716B6F";"Mobiliteit";"2 Verkeer, Vervoer en Waterstaat"
"EAID_72A4FC74_EE1B_4bc1_B5BB_540FCE4D04B1";"Verkeer en Vervoer: Stremmingen";"EAID_9B0F3F8B_B79B_46f7_BF81_96E4C63B9AC2";"Wegdeel";"Class";"EAPK_02FD7722_6B39_4e67_A30D_D501E2716B6F";"Mobiliteit";"2 Verkeer, Vervoer en Waterstaat"
"EAID_72A4FC74_EE1B_4bc1_B5BB_540FCE4D04B1";"Verkeer en Vervoer: Stremmingen";"EAID_16EB3936_03CB_4854_9CD8_9F0911EEA51B";"Medewerker";"Class";"EAPK_02FD7722_6B39_4e67_A30D_D501E2716B6F";"Mobiliteit";"2 Verkeer, Vervoer en Waterstaat"
"EAID_72A4FC74_EE1B_4bc1_B5BB_540FCE4D04B1";"Verkeer en Vervoer: Stremmingen";"EAID_94230A7B_8876_4a0b_B660_424E397045B2";"Stremmingstatus";"Enumeration";"EAPK_02FD7722_6B39_4e67_A30D_D501E2716B6F";"Mobiliteit";"2 Verkeer, Vervoer en Waterstaat"
"EAID_72A4FC74_EE1B_4bc1_B5BB_540FCE4D04B1";"Verkeer en Vervoer: Stremmingen";"EAID_999725EE_737F_410e_906B_9865EBED3597";"Stremming";"Class";"EAPK_02FD7722_6B39_4e67_A30D_D501E2716B6F";"Mobiliteit";"2 Verkeer, Vervoer en Waterstaat"
"EAID_280799E6_5FC1_4cd0_90E6_F4DB9C7A78A3";"Verkeersbesluiten";"EAID_5641C50A_C0FA_4e71_B07B_26C7B1CE94ED";"Document";"Class";"EAPK_02FD7722_6B39_4e67_A30D_D501E2716B6F";"Mobiliteit";"2 Verkeer, Vervoer en Waterstaat"
"EAID_280799E6_5FC1_4cd0_90E6_F4DB9C7A78A3";"Verkeersbesluiten";"EAID_3F83DAA3_C37F_42b2_8D35_D75B840172F8";"Verkeersbesluit";"Class";"EAPK_02FD7722_6B39_4e67_A30D_D501E2716B6F";"Mobiliteit";"2 Verkeer, Vervoer en Waterstaat"
"EAID_4E7479D8_ACA3_45ed_B349_24A3CC271F29";"Verplichtingen";"EAID_BE7C28C6_0922_4c6a_A953_3D598D991AB5";"AOM_AanvraagWmoJeugd";"Class";"EAPK_189DA897_DDC8_4956_B8E3_5E04D3E1AEA3";"Generiek Jeugd en Wmo";"6 Sociaal Domein"
"EAID_4E7479D8_ACA3_45ed_B349_24A3CC271F29";"Verplichtingen";"EAID_975C3DA3_930A_49d8_B54F_2A560DC2AD5A";"Beschikte Voorziening";"Class";"EAPK_189DA897_DDC8_4956_B8E3_5E04D3E1AEA3";"Generiek Jeugd en Wmo";"6 Sociaal Domein"
"EAID_4E7479D8_ACA3_45ed_B349_24A3CC271F29";"Verplichtingen";"EAID_51A266C7_3BDA_457c_9A32_CD1B166CA5BF";"Leverancier";"Class";"EAPK_189DA897_DDC8_4956_B8E3_5E04D3E1AEA3";"Generiek Jeugd en Wmo";"6 Sociaal Domein"
"EAID_4E7479D8_ACA3_45ed_B349_24A3CC271F29";"Verplichtingen";"EAID_DAF09055_A5A6_4ff4_A158_21B20567B296";"Client";"Class";"EAPK_189DA897_DDC8_4956_B8E3_5E04D3E1AEA3";"Generiek Jeugd en Wmo";"6 Sociaal Domein"
"EAID_4E7479D8_ACA3_45ed_B349_24A3CC271F29";"Verplichtingen";"EAID_A91E9C27_C4FA_4e1b_A4FF_8AE74ED9B7EB";"Inkooporder";"Class";"EAPK_189DA897_DDC8_4956_B8E3_5E04D3E1AEA3";"Generiek Jeugd en Wmo";"6 Sociaal Domein"
"EAID_4E7479D8_ACA3_45ed_B349_24A3CC271F29";"Verplichtingen";"EAID_D90E822D_7EF8_4ea6_AF5C_4A4362577941";"Kostenplaats";"Class";"EAPK_189DA897_DDC8_4956_B8E3_5E04D3E1AEA3";"Generiek Jeugd en Wmo";"6 Sociaal Domein"
"EAID_4E7479D8_ACA3_45ed_B349_24A3CC271F29";"Verplichtingen";"EAID_0EEAF579_3F47_4551_B9F9_7367280EB3EB";"Hoofdrekening";"Class";"EAPK_189DA897_DDC8_4956_B8E3_5E04D3E1AEA3";"Generiek Jeugd en Wmo";"6 Sociaal Domein"
"EAID_4E7479D8_ACA3_45ed_B349_24A3CC271F29";"Verplichtingen";"EAID_EC0FB9CB_B407_49b4_8FCF_8837E7A72DA9";"Verplichting Wmo Jeugd";"Class";"EAPK_189DA897_DDC8_4956_B8E3_5E04D3E1AEA3";"Generiek Jeugd en Wmo";"6 Sociaal Domein"
"EAID_E0AAFADA_8922_405f_A8FD_25C1A10CBA72";"Voorvoegsel referenties";"EAID_02601AC0_9F85_47e3_82AF_7E8D860559F7";"NaamgebruikNatuurlijkPersoon";"Class";"EAPK_58A5214F_E56C_4707_BE2D_AB36DD6976A3";"RSGBPlus";"99 Kern"
"EAID_E0AAFADA_8922_405f_A8FD_25C1A10CBA72";"Voorvoegsel referenties";"EAID_61321504_DFA1_4b65_853B_88C0581576F9";"SamengesteldeNaamNatuurlijkPersoon";"Class";"EAPK_58A5214F_E56C_4707_BE2D_AB36DD6976A3";"RSGBPlus";"99 Kern"
"EAID_07334A5A_E2F0_41ce_8510_B41BAF6876BD";"Vroegsignalering";"EAID_3860D42A_481D_42cd_86F9_79B5D6230A58";"EnumDagdeel";"Enumeration";"EAPK_680EBF5D_22CC_4678_BD03_1026113302CD";"Vroegsignalering";"6 Sociaal Domein"
"EAID_07334A5A_E2F0_41ce_8510_B41BAF6876BD";"Vroegsignalering";"EAID_9DF5AC43_3673_4b9a_BB5E_6DCA7BE28835";"Rechtspersoon";"Class";"EAPK_680EBF5D_22CC_4678_BD03_1026113302CD";"Vroegsignalering";"6 Sociaal Domein"
"EAID_07334A5A_E2F0_41ce_8510_B41BAF6876BD";"Vroegsignalering";"EAID_3D5CCB29_91E4_458e_8BCD_6741198E45B8";"NietNatuurlijkPersoon";"Class";"EAPK_680EBF5D_22CC_4678_BD03_1026113302CD";"Vroegsignalering";"6 Sociaal Domein"
"EAID_07334A5A_E2F0_41ce_8510_B41BAF6876BD";"Vroegsignalering";"EAID_32A22BC6_89EC_44af_8D7D_79B12311AE2D";"Nummeraanduiding";"Class";"EAPK_680EBF5D_22CC_4678_BD03_1026113302CD";"Vroegsignalering";"6 Sociaal Domein"
"EAID_07334A5A_E2F0_41ce_8510_B41BAF6876BD";"Vroegsignalering";"EAID_9F4E12E4_B228_4931_AC83_1B1F60958A89";"NatuurlijkPersoon";"Class";"EAPK_680EBF5D_22CC_4678_BD03_1026113302CD";"Vroegsignalering";"6 Sociaal Domein"
"EAID_07334A5A_E2F0_41ce_8510_B41BAF6876BD";"Vroegsignalering";"EAID_AF9534B0_7CBD_4061_9276_A7B6698B383A";"IngeschrevenPersoon";"Class";"EAPK_680EBF5D_22CC_4678_BD03_1026113302CD";"Vroegsignalering";"6 Sociaal Domein"
"EAID_07334A5A_E2F0_41ce_8510_B41BAF6876BD";"Vroegsignalering";"EAID_649EFD86_ED52_4293_8577_DBE5445845BF";"Zaak";"Class";"EAPK_680EBF5D_22CC_4678_BD03_1026113302CD";"Vroegsignalering";"6 Sociaal Domein"
"EAID_07334A5A_E2F0_41ce_8510_B41BAF6876BD";"Vroegsignalering";"EAID_ACE0EA25_898C_4de3_8196_49AD3AE5481F";"EnumSignaalpartner";"Enumeration";"EAPK_680EBF5D_22CC_4678_BD03_1026113302CD";"Vroegsignalering";"6 Sociaal Domein"
"EAID_07334A5A_E2F0_41ce_8510_B41BAF6876BD";"Vroegsignalering";"EAID_3643CF44_EFAA_4939_9AEB_ACA8D8EE11F9";"Signaalpartner";"Class";"EAPK_680EBF5D_22CC_4678_BD03_1026113302CD";"Vroegsignalering";"6 Sociaal Domein"
"EAID_07334A5A_E2F0_41ce_8510_B41BAF6876BD";"Vroegsignalering";"EAID_EA6F820F_C458_4b24_8055_5C2CC76F5904";"Gemeente";"Class";"EAPK_680EBF5D_22CC_4678_BD03_1026113302CD";"Vroegsignalering";"6 Sociaal Domein"
"EAID_07334A5A_E2F0_41ce_8510_B41BAF6876BD";"Vroegsignalering";"EAID_7BA37694_65C5_4cfb_8804_D7EB6CE344FB";"EnumContactsoort";"Enumeration";"EAPK_680EBF5D_22CC_4678_BD03_1026113302CD";"Vroegsignalering";"6 Sociaal Domein"
"EAID_07334A5A_E2F0_41ce_8510_B41BAF6876BD";"Vroegsignalering";"EAID_B78A9A0E_65B0_4c4b_AA01_99CFA196D740";"EnumEindresultaat";"Enumeration";"EAPK_680EBF5D_22CC_4678_BD03_1026113302CD";"Vroegsignalering";"6 Sociaal Domein"
"EAID_07334A5A_E2F0_41ce_8510_B41BAF6876BD";"Vroegsignalering";"EAID_C7000EFD_826C_4e47_BD80_075A6EF4E558";"Contactpoging";"Class";"EAPK_680EBF5D_22CC_4678_BD03_1026113302CD";"Vroegsignalering";"6 Sociaal Domein"
"EAID_07334A5A_E2F0_41ce_8510_B41BAF6876BD";"Vroegsignalering";"EAID_1AA67F0D_3B94_48a3_A037_A2ACC6D61CF0";"Vroegsignaalzaak";"Class";"EAPK_680EBF5D_22CC_4678_BD03_1026113302CD";"Vroegsignalering";"6 Sociaal Domein"
"EAID_07334A5A_E2F0_41ce_8510_B41BAF6876BD";"Vroegsignalering";"EAID_C6DA2586_C0E3_4868_93E8_64AF6D118092";"Vroegsignaal";"Class";"EAPK_680EBF5D_22CC_4678_BD03_1026113302CD";"Vroegsignalering";"6 Sociaal Domein"
"EAID_07334A5A_E2F0_41ce_8510_B41BAF6876BD";"Vroegsignalering";"EAID_DAF09055_A5A6_4ff4_A158_21B20567B296";"Client";"Class";"EAPK_680EBF5D_22CC_4678_BD03_1026113302CD";"Vroegsignalering";"6 Sociaal Domein"
"EAID_07334A5A_E2F0_41ce_8510_B41BAF6876BD";"Vroegsignalering";"EAID_7DB7BC6B_DEB8_41d4_B5B2_F2DB9ABAFBF7";"Model Vroegsignalering";"Class";"EAPK_680EBF5D_22CC_4678_BD03_1026113302CD";"Vroegsignalering";"6 Sociaal Domein"
"EAID_6D5829BF_AF12_4464_9EAD_E336DEFDF442";"Vroegsignalering Details";"EAID_3860D42A_481D_42cd_86F9_79B5D6230A58";"EnumDagdeel";"Enumeration";"EAPK_680EBF5D_22CC_4678_BD03_1026113302CD";"Vroegsignalering";"6 Sociaal Domein"
"EAID_6D5829BF_AF12_4464_9EAD_E336DEFDF442";"Vroegsignalering Details";"EAID_3D5CCB29_91E4_458e_8BCD_6741198E45B8";"NietNatuurlijkPersoon";"Class";"EAPK_680EBF5D_22CC_4678_BD03_1026113302CD";"Vroegsignalering";"6 Sociaal Domein"
"EAID_6D5829BF_AF12_4464_9EAD_E336DEFDF442";"Vroegsignalering Details";"EAID_568499A3_3FE7_4342_B1B4_36A01AEAC1C9";"EnumSignaalstatus";"Enumeration";"EAPK_680EBF5D_22CC_4678_BD03_1026113302CD";"Vroegsignalering";"6 Sociaal Domein"
"EAID_6D5829BF_AF12_4464_9EAD_E336DEFDF442";"Vroegsignalering Details";"EAID_EA6F820F_C458_4b24_8055_5C2CC76F5904";"Gemeente";"Class";"EAPK_680EBF5D_22CC_4678_BD03_1026113302CD";"Vroegsignalering";"6 Sociaal Domein"
"EAID_6D5829BF_AF12_4464_9EAD_E336DEFDF442";"Vroegsignalering Details";"EAID_DAF09055_A5A6_4ff4_A158_21B20567B296";"Client";"Class";"EAPK_680EBF5D_22CC_4678_BD03_1026113302CD";"Vroegsignalering";"6 Sociaal Domein"
"EAID_6D5829BF_AF12_4464_9EAD_E336DEFDF442";"Vroegsignalering Details";"EAID_ACE0EA25_898C_4de3_8196_49AD3AE5481F";"EnumSignaalpartner";"Enumeration";"EAPK_680EBF5D_22CC_4678_BD03_1026113302CD";"Vroegsignalering";"6 Sociaal Domein"
"EAID_6D5829BF_AF12_4464_9EAD_E336DEFDF442";"Vroegsignalering Details";"EAID_B78A9A0E_65B0_4c4b_AA01_99CFA196D740";"EnumEindresultaat";"Enumeration";"EAPK_680EBF5D_22CC_4678_BD03_1026113302CD";"Vroegsignalering";"6 Sociaal Domein"
"EAID_6D5829BF_AF12_4464_9EAD_E336DEFDF442";"Vroegsignalering Details";"EAID_7BA37694_65C5_4cfb_8804_D7EB6CE344FB";"EnumContactsoort";"Enumeration";"EAPK_680EBF5D_22CC_4678_BD03_1026113302CD";"Vroegsignalering";"6 Sociaal Domein"
"EAID_6D5829BF_AF12_4464_9EAD_E336DEFDF442";"Vroegsignalering Details";"EAID_C7000EFD_826C_4e47_BD80_075A6EF4E558";"Contactpoging";"Class";"EAPK_680EBF5D_22CC_4678_BD03_1026113302CD";"Vroegsignalering";"6 Sociaal Domein"
"EAID_6D5829BF_AF12_4464_9EAD_E336DEFDF442";"Vroegsignalering Details";"EAID_3643CF44_EFAA_4939_9AEB_ACA8D8EE11F9";"Signaalpartner";"Class";"EAPK_680EBF5D_22CC_4678_BD03_1026113302CD";"Vroegsignalering";"6 Sociaal Domein"
"EAID_6D5829BF_AF12_4464_9EAD_E336DEFDF442";"Vroegsignalering Details";"EAID_1AA67F0D_3B94_48a3_A037_A2ACC6D61CF0";"Vroegsignaalzaak";"Class";"EAPK_680EBF5D_22CC_4678_BD03_1026113302CD";"Vroegsignalering";"6 Sociaal Domein"
"EAID_6D5829BF_AF12_4464_9EAD_E336DEFDF442";"Vroegsignalering Details";"EAID_C6DA2586_C0E3_4868_93E8_64AF6D118092";"Vroegsignaal";"Class";"EAPK_680EBF5D_22CC_4678_BD03_1026113302CD";"Vroegsignalering";"6 Sociaal Domein"
"EAID_6D5829BF_AF12_4464_9EAD_E336DEFDF442";"Vroegsignalering Details";"EAID_751FDB97_1868_4a41_A821_77AFC1406783";"Vroegsignalering";"Class";"EAPK_680EBF5D_22CC_4678_BD03_1026113302CD";"Vroegsignalering";"6 Sociaal Domein"
"EAID_AFFABC16_BCDB_44c6_8E2F_C3D8C49884A5";"Vroegsignalering Klein";"EAID_3109FEF3_A1CB_4f50_800B_376A18465F9F";"AanleverendeOrganisatie";"Class";"EAPK_680EBF5D_22CC_4678_BD03_1026113302CD";"Vroegsignalering";"6 Sociaal Domein"
"EAID_AFFABC16_BCDB_44c6_8E2F_C3D8C49884A5";"Vroegsignalering Klein";"EAID_A629ED5F_E919_6316_A279_92891F2325BB";"Contactpersoon";"Class";"EAPK_680EBF5D_22CC_4678_BD03_1026113302CD";"Vroegsignalering";"6 Sociaal Domein"
"EAID_AFFABC16_BCDB_44c6_8E2F_C3D8C49884A5";"Vroegsignalering Klein";"EAID_F7F703E0_DBD6_413f_B79E_EC27AC667131";"Model Vroegsignalering";"Class";"EAPK_680EBF5D_22CC_4678_BD03_1026113302CD";"Vroegsignalering";"6 Sociaal Domein"
"EAID_AFFABC16_BCDB_44c6_8E2F_C3D8C49884A5";"Vroegsignalering Klein";"EAID_3D5CCB29_91E4_458e_8BCD_6741198E45B8";"NietNatuurlijkPersoon";"Class";"EAPK_680EBF5D_22CC_4678_BD03_1026113302CD";"Vroegsignalering";"6 Sociaal Domein"
"EAID_AFFABC16_BCDB_44c6_8E2F_C3D8C49884A5";"Vroegsignalering Klein";"EAID_9DF5AC43_3673_4b9a_BB5E_6DCA7BE28835";"Rechtspersoon";"Class";"EAPK_680EBF5D_22CC_4678_BD03_1026113302CD";"Vroegsignalering";"6 Sociaal Domein"
"EAID_AFFABC16_BCDB_44c6_8E2F_C3D8C49884A5";"Vroegsignalering Klein";"EAID_3860D42A_481D_42cd_86F9_79B5D6230A58";"EnumDagdeel";"Enumeration";"EAPK_680EBF5D_22CC_4678_BD03_1026113302CD";"Vroegsignalering";"6 Sociaal Domein"
"EAID_AFFABC16_BCDB_44c6_8E2F_C3D8C49884A5";"Vroegsignalering Klein";"EAID_649EFD86_ED52_4293_8577_DBE5445845BF";"Zaak";"Class";"EAPK_680EBF5D_22CC_4678_BD03_1026113302CD";"Vroegsignalering";"6 Sociaal Domein"
"EAID_AFFABC16_BCDB_44c6_8E2F_C3D8C49884A5";"Vroegsignalering Klein";"EAID_ACE0EA25_898C_4de3_8196_49AD3AE5481F";"EnumSignaalpartner";"Enumeration";"EAPK_680EBF5D_22CC_4678_BD03_1026113302CD";"Vroegsignalering";"6 Sociaal Domein"
"EAID_AFFABC16_BCDB_44c6_8E2F_C3D8C49884A5";"Vroegsignalering Klein";"EAID_3643CF44_EFAA_4939_9AEB_ACA8D8EE11F9";"Signaalpartner";"Class";"EAPK_680EBF5D_22CC_4678_BD03_1026113302CD";"Vroegsignalering";"6 Sociaal Domein"
"EAID_AFFABC16_BCDB_44c6_8E2F_C3D8C49884A5";"Vroegsignalering Klein";"EAID_EA6F820F_C458_4b24_8055_5C2CC76F5904";"Gemeente";"Class";"EAPK_680EBF5D_22CC_4678_BD03_1026113302CD";"Vroegsignalering";"6 Sociaal Domein"
"EAID_AFFABC16_BCDB_44c6_8E2F_C3D8C49884A5";"Vroegsignalering Klein";"EAID_7BA37694_65C5_4cfb_8804_D7EB6CE344FB";"EnumContactsoort";"Enumeration";"EAPK_680EBF5D_22CC_4678_BD03_1026113302CD";"Vroegsignalering";"6 Sociaal Domein"
"EAID_AFFABC16_BCDB_44c6_8E2F_C3D8C49884A5";"Vroegsignalering Klein";"EAID_B78A9A0E_65B0_4c4b_AA01_99CFA196D740";"EnumEindresultaat";"Enumeration";"EAPK_680EBF5D_22CC_4678_BD03_1026113302CD";"Vroegsignalering";"6 Sociaal Domein"
"EAID_AFFABC16_BCDB_44c6_8E2F_C3D8C49884A5";"Vroegsignalering Klein";"EAID_C7000EFD_826C_4e47_BD80_075A6EF4E558";"Contactpoging";"Class";"EAPK_680EBF5D_22CC_4678_BD03_1026113302CD";"Vroegsignalering";"6 Sociaal Domein"
"EAID_AFFABC16_BCDB_44c6_8E2F_C3D8C49884A5";"Vroegsignalering Klein";"EAID_1AA67F0D_3B94_48a3_A037_A2ACC6D61CF0";"Vroegsignaalzaak";"Class";"EAPK_680EBF5D_22CC_4678_BD03_1026113302CD";"Vroegsignalering";"6 Sociaal Domein"
"EAID_AFFABC16_BCDB_44c6_8E2F_C3D8C49884A5";"Vroegsignalering Klein";"EAID_C6DA2586_C0E3_4868_93E8_64AF6D118092";"Vroegsignaal";"Class";"EAPK_680EBF5D_22CC_4678_BD03_1026113302CD";"Vroegsignalering";"6 Sociaal Domein"
"EAID_AFFABC16_BCDB_44c6_8E2F_C3D8C49884A5";"Vroegsignalering Klein";"EAID_DAF09055_A5A6_4ff4_A158_21B20567B296";"Client";"Class";"EAPK_680EBF5D_22CC_4678_BD03_1026113302CD";"Vroegsignalering";"6 Sociaal Domein"
"EAID_455B32ED_E912_4f10_B9FB_849DBC63AF2B";"WATERDEEL";"EAID_207728DF_D25F_4166_93DD_12EA3736161E";"typeringWaterPlus";"Enumeration";"EAPK_58A5214F_E56C_4707_BE2D_AB36DD6976A3";"RSGBPlus";"99 Kern"
"EAID_455B32ED_E912_4f10_B9FB_849DBC63AF2B";"WATERDEEL";"EAID_61B9BC8D_DC58_4f6c_9EA7_11AD6101176B";"typeringWater";"Enumeration";"EAPK_58A5214F_E56C_4707_BE2D_AB36DD6976A3";"RSGBPlus";"99 Kern"
"EAID_455B32ED_E912_4f10_B9FB_849DBC63AF2B";"WATERDEEL";"EAID_0F81E79F_B306_40b9_ADCA_59A1E3F55D2B";"statusGeoObject";"Enumeration";"EAPK_58A5214F_E56C_4707_BE2D_AB36DD6976A3";"RSGBPlus";"99 Kern"
"EAID_455B32ED_E912_4f10_B9FB_849DBC63AF2B";"WATERDEEL";"EAID_FD0B5F4D_AE9B_47bd_8C60_031D21AC24B1";"Waterdeel";"Class";"EAPK_58A5214F_E56C_4707_BE2D_AB36DD6976A3";"RSGBPlus";"99 Kern"
"EAID_3A41FD49_9827_4ed2_A7B6_7CD41A4A0B9B";"WEGDEEL";"EAID_0F81E79F_B306_40b9_ADCA_59A1E3F55D2B";"statusGeoObject";"Enumeration";"EAPK_58A5214F_E56C_4707_BE2D_AB36DD6976A3";"RSGBPlus";"99 Kern"
"EAID_3A41FD49_9827_4ed2_A7B6_7CD41A4A0B9B";"WEGDEEL";"EAID_9E1309B5_D4B2_4413_AE03_5EFA7EAF8041";"fysiekVoorkomenWegPlus";"Enumeration";"EAPK_58A5214F_E56C_4707_BE2D_AB36DD6976A3";"RSGBPlus";"99 Kern"
"EAID_3A41FD49_9827_4ed2_A7B6_7CD41A4A0B9B";"WEGDEEL";"EAID_A9215E2C_A24F_41b3_A44B_DA59870AB17D";"fysiekVoorkomenWeg";"Enumeration";"EAPK_58A5214F_E56C_4707_BE2D_AB36DD6976A3";"RSGBPlus";"99 Kern"
"EAID_3A41FD49_9827_4ed2_A7B6_7CD41A4A0B9B";"WEGDEEL";"EAID_0A81C802_DF17_453f_B136_57844E8EA5CD";"functieWegPlus";"Enumeration";"EAPK_58A5214F_E56C_4707_BE2D_AB36DD6976A3";"RSGBPlus";"99 Kern"
"EAID_3A41FD49_9827_4ed2_A7B6_7CD41A4A0B9B";"WEGDEEL";"EAID_7BDE072F_0E66_475b_9E1B_87112E0E538C";"functieWeg";"Enumeration";"EAPK_58A5214F_E56C_4707_BE2D_AB36DD6976A3";"RSGBPlus";"99 Kern"
"EAID_3A41FD49_9827_4ed2_A7B6_7CD41A4A0B9B";"WEGDEEL";"EAID_9B0F3F8B_B79B_46f7_BF81_96E4C63B9AC2";"Wegdeel";"Class";"EAPK_58A5214F_E56C_4707_BE2D_AB36DD6976A3";"RSGBPlus";"99 Kern"
"EAID_E2DAF4D1_F7DE_4ccf_8711_840894ADD54A";"WIJK";"EAID_24BDA4BA_CFCC_4e3f_8305_671F4ED7C502";"Woonplaats";"Class";"EAPK_58A5214F_E56C_4707_BE2D_AB36DD6976A3";"RSGBPlus";"99 Kern"
"EAID_E2DAF4D1_F7DE_4ccf_8711_840894ADD54A";"WIJK";"EAID_120EA50B_B9A2_4869_A3BE_46931F631D33";"Wijk";"Class";"EAPK_58A5214F_E56C_4707_BE2D_AB36DD6976A3";"RSGBPlus";"99 Kern"
"EAID_E2DAF4D1_F7DE_4ccf_8711_840894ADD54A";"WIJK";"EAID_38649FF6_88C6_437d_AF8E_A9023D55E16C";"Buurt";"Class";"EAPK_58A5214F_E56C_4707_BE2D_AB36DD6976A3";"RSGBPlus";"99 Kern"
"EAID_E2DAF4D1_F7DE_4ccf_8711_840894ADD54A";"WIJK";"EAID_EA6F820F_C458_4b24_8055_5C2CC76F5904";"Gemeente";"Class";"EAPK_58A5214F_E56C_4707_BE2D_AB36DD6976A3";"RSGBPlus";"99 Kern"
"EAID_7091DBD3_9C0C_4245_9B81_CC5EC718E989";"WOONPLAATS";"EAID_BFE30E32_8CB9_4272_A559_9FB3FD74DACC";"OpenbareRuimte";"Class";"EAPK_58A5214F_E56C_4707_BE2D_AB36DD6976A3";"RSGBPlus";"99 Kern"
"EAID_7091DBD3_9C0C_4245_9B81_CC5EC718E989";"WOONPLAATS";"EAID_EA6F820F_C458_4b24_8055_5C2CC76F5904";"Gemeente";"Class";"EAPK_58A5214F_E56C_4707_BE2D_AB36DD6976A3";"RSGBPlus";"99 Kern"
"EAID_7091DBD3_9C0C_4245_9B81_CC5EC718E989";"WOONPLAATS";"EAID_24BDA4BA_CFCC_4e3f_8305_671F4ED7C502";"Woonplaats";"Class";"EAPK_58A5214F_E56C_4707_BE2D_AB36DD6976A3";"RSGBPlus";"99 Kern"
"EAID_7091DBD3_9C0C_4245_9B81_CC5EC718E989";"WOONPLAATS";"EAID_3CF7C652_66DF_48c0_95D6_FC742C6DAAC0";"statusWoonplaats";"Enumeration";"EAPK_58A5214F_E56C_4707_BE2D_AB36DD6976A3";"RSGBPlus";"99 Kern"
"EAID_7091DBD3_9C0C_4245_9B81_CC5EC718E989";"WOONPLAATS";"EAID_990C2EBD_AB9B_4f3f_AFF0_18BA11A552DA";"Postadres";"Class";"EAPK_58A5214F_E56C_4707_BE2D_AB36DD6976A3";"RSGBPlus";"99 Kern"
"EAID_8312FF96_BCFE_4913_B7AB_27E9F690F89D";"WOZ-DEELOBJECT";"EAID_8A04280B_E0B4_4e36_B448_C99750393D0D";"AdresseerbaarObject";"Class";"EAPK_58A5214F_E56C_4707_BE2D_AB36DD6976A3";"RSGBPlus";"99 Kern"
"EAID_8312FF96_BCFE_4913_B7AB_27E9F690F89D";"WOZ-DEELOBJECT";"EAID_11595AD8_CE67_40dd_BDA9_489DC7D244ED";"Pand";"Class";"EAPK_58A5214F_E56C_4707_BE2D_AB36DD6976A3";"RSGBPlus";"99 Kern"
"EAID_8312FF96_BCFE_4913_B7AB_27E9F690F89D";"WOZ-DEELOBJECT";"EAID_D8154D91_27A5_4cc1_9B52_639BF24CAC29";"WOZ-Deelobjectcode";"Class";"EAPK_58A5214F_E56C_4707_BE2D_AB36DD6976A3";"RSGBPlus";"99 Kern"
"EAID_8312FF96_BCFE_4913_B7AB_27E9F690F89D";"WOZ-DEELOBJECT";"EAID_4C3EC32C_0910_4a25_8F1D_B9529A06B272";"statusWOZ(Deel)Object";"Enumeration";"EAPK_58A5214F_E56C_4707_BE2D_AB36DD6976A3";"RSGBPlus";"99 Kern"
"EAID_8312FF96_BCFE_4913_B7AB_27E9F690F89D";"WOZ-DEELOBJECT";"EAID_CB7BA76D_0793_4d5a_9596_533C5BC56BBF";"WOZ-object";"Class";"EAPK_58A5214F_E56C_4707_BE2D_AB36DD6976A3";"RSGBPlus";"99 Kern"
"EAID_8312FF96_BCFE_4913_B7AB_27E9F690F89D";"WOZ-DEELOBJECT";"EAID_EEC30588_0E12_41c9_977E_C885A0A7EDC3";"WOZ-deelobject";"Class";"EAPK_58A5214F_E56C_4707_BE2D_AB36DD6976A3";"RSGBPlus";"99 Kern"
"EAID_4785522F_7798_4d8d_A437_48602B8ACA21";"WOZ-OBJECT";"EAID_BFE30E32_8CB9_4272_A559_9FB3FD74DACC";"OpenbareRuimte";"Class";"EAPK_58A5214F_E56C_4707_BE2D_AB36DD6976A3";"RSGBPlus";"99 Kern"
"EAID_4785522F_7798_4d8d_A437_48602B8ACA21";"WOZ-OBJECT";"EAID_32A22BC6_89EC_44af_8D7D_79B12311AE2D";"Nummeraanduiding";"Class";"EAPK_58A5214F_E56C_4707_BE2D_AB36DD6976A3";"RSGBPlus";"99 Kern"
"EAID_4785522F_7798_4d8d_A437_48602B8ACA21";"WOZ-OBJECT";"EAID_DF81069D_CBE4_433e_AB7C_CB06170275C9";"LocatieaanduidingAdresWOZObject";"Class";"EAPK_58A5214F_E56C_4707_BE2D_AB36DD6976A3";"RSGBPlus";"99 Kern"
"EAID_4785522F_7798_4d8d_A437_48602B8ACA21";"WOZ-OBJECT";"EAID_2DA8DC70_F107_4216_BA6A_16200F7B647D";"soortGebruik";"Enumeration";"EAPK_58A5214F_E56C_4707_BE2D_AB36DD6976A3";"RSGBPlus";"99 Kern"
"EAID_4785522F_7798_4d8d_A437_48602B8ACA21";"WOZ-OBJECT";"EAID_3741181A_07D0_4f62_B076_B3318266500F";"SoortWOZObject";"Class";"EAPK_58A5214F_E56C_4707_BE2D_AB36DD6976A3";"RSGBPlus";"99 Kern"
"EAID_4785522F_7798_4d8d_A437_48602B8ACA21";"WOZ-OBJECT";"EAID_4C3EC32C_0910_4a25_8F1D_B9529A06B272";"statusWOZ(Deel)Object";"Enumeration";"EAPK_58A5214F_E56C_4707_BE2D_AB36DD6976A3";"RSGBPlus";"99 Kern"
"EAID_4785522F_7798_4d8d_A437_48602B8ACA21";"WOZ-OBJECT";"EAID_7C387F42_EC1A_4a78_B09B_533AAB03C0C2";"WOZ-Waarde";"Class";"EAPK_58A5214F_E56C_4707_BE2D_AB36DD6976A3";"RSGBPlus";"99 Kern"
"EAID_4785522F_7798_4d8d_A437_48602B8ACA21";"WOZ-OBJECT";"EAID_EEC30588_0E12_41c9_977E_C885A0A7EDC3";"WOZ-deelobject";"Class";"EAPK_58A5214F_E56C_4707_BE2D_AB36DD6976A3";"RSGBPlus";"99 Kern"
"EAID_4785522F_7798_4d8d_A437_48602B8ACA21";"WOZ-OBJECT";"EAID_9775E778_DBF8_4122_94CE_551466B62F46";"KadastraleOnroerendeZaak";"Class";"EAPK_58A5214F_E56C_4707_BE2D_AB36DD6976A3";"RSGBPlus";"99 Kern"
"EAID_4785522F_7798_4d8d_A437_48602B8ACA21";"WOZ-OBJECT";"EAID_CB7BA76D_0793_4d5a_9596_533C5BC56BBF";"WOZ-object";"Class";"EAPK_58A5214F_E56C_4707_BE2D_AB36DD6976A3";"RSGBPlus";"99 Kern"
"EAID_EB7771AD_FBE8_40e5_9CD7_2C8EED4A6C33";"WOZ-WAARDE";"EAID_AF94EA13_2E6F_49fe_A6F8_1C599E9B27EC";"statusWOZ-Beschikking";"Enumeration";"EAPK_58A5214F_E56C_4707_BE2D_AB36DD6976A3";"RSGBPlus";"99 Kern"
"EAID_EB7771AD_FBE8_40e5_9CD7_2C8EED4A6C33";"WOZ-WAARDE";"EAID_CB7BA76D_0793_4d5a_9596_533C5BC56BBF";"WOZ-object";"Class";"EAPK_58A5214F_E56C_4707_BE2D_AB36DD6976A3";"RSGBPlus";"99 Kern"
"EAID_EB7771AD_FBE8_40e5_9CD7_2C8EED4A6C33";"WOZ-WAARDE";"EAID_7C387F42_EC1A_4a78_B09B_533AAB03C0C2";"WOZ-Waarde";"Class";"EAPK_58A5214F_E56C_4707_BE2D_AB36DD6976A3";"RSGBPlus";"99 Kern"
"EAID_5B2022A2_1DAB_476d_BBCD_CD27F56F169F";"Woningbouwprojecten";"EAID_5110C4A5_4771_4283_ADAB_04F9CB2D27BF";"Oppervlakte Woning";"Enumeration";"EAPK_993A1256_FC98_487a_BAB2_EE71CAC76F98";"Bouwen en Wonen";"8 Volkshuisvesting, Leefomgeving en Stedelijke Vernieuwing"
"EAID_5B2022A2_1DAB_476d_BBCD_CD27F56F169F";"Woningbouwprojecten";"EAID_CC21861B_1CE6_4271_AF0C_CA68FEF0C880";"Energielabel";"Enumeration";"EAPK_993A1256_FC98_487a_BAB2_EE71CAC76F98";"Bouwen en Wonen";"8 Volkshuisvesting, Leefomgeving en Stedelijke Vernieuwing"
"EAID_5B2022A2_1DAB_476d_BBCD_CD27F56F169F";"Woningbouwprojecten";"EAID_3D5CCB29_91E4_458e_8BCD_6741198E45B8";"NietNatuurlijkPersoon";"Class";"EAPK_993A1256_FC98_487a_BAB2_EE71CAC76F98";"Bouwen en Wonen";"8 Volkshuisvesting, Leefomgeving en Stedelijke Vernieuwing"
"EAID_5B2022A2_1DAB_476d_BBCD_CD27F56F169F";"Woningbouwprojecten";"EAID_6BBB2AE0_6F42_4676_8C6C_E727032F5F47";"Projectontwikkelaar";"Class";"EAPK_993A1256_FC98_487a_BAB2_EE71CAC76F98";"Bouwen en Wonen";"8 Volkshuisvesting, Leefomgeving en Stedelijke Vernieuwing"
"EAID_5B2022A2_1DAB_476d_BBCD_CD27F56F169F";"Woningbouwprojecten";"EAID_0E19C86B_9088_41bd_9DD0_15094426570E";"Programma";"Class";"EAPK_993A1256_FC98_487a_BAB2_EE71CAC76F98";"Bouwen en Wonen";"8 Volkshuisvesting, Leefomgeving en Stedelijke Vernieuwing"
"EAID_5B2022A2_1DAB_476d_BBCD_CD27F56F169F";"Woningbouwprojecten";"EAID_053B594A_5E45_4413_9339_D2D026ECCE20";"Omgevingsvergunning";"Class";"EAPK_993A1256_FC98_487a_BAB2_EE71CAC76F98";"Bouwen en Wonen";"8 Volkshuisvesting, Leefomgeving en Stedelijke Vernieuwing"
"EAID_5B2022A2_1DAB_476d_BBCD_CD27F56F169F";"Woningbouwprojecten";"EAID_888BBB4F_BEBA_4b9a_BB2E_0E1F2A3606DF";"Projectleider";"Class";"EAPK_993A1256_FC98_487a_BAB2_EE71CAC76F98";"Bouwen en Wonen";"8 Volkshuisvesting, Leefomgeving en Stedelijke Vernieuwing"
"EAID_5B2022A2_1DAB_476d_BBCD_CD27F56F169F";"Woningbouwprojecten";"EAID_D857E285_1EA3_4ba3_9614_5FACAC8BA133";"Plan";"Class";"EAPK_993A1256_FC98_487a_BAB2_EE71CAC76F98";"Bouwen en Wonen";"8 Volkshuisvesting, Leefomgeving en Stedelijke Vernieuwing"
"EAID_5B2022A2_1DAB_476d_BBCD_CD27F56F169F";"Woningbouwprojecten";"EAID_98C74EAB_3411_4d1a_8321_FF30567B6877";"Studentenwoningen";"Class";"EAPK_993A1256_FC98_487a_BAB2_EE71CAC76F98";"Bouwen en Wonen";"8 Volkshuisvesting, Leefomgeving en Stedelijke Vernieuwing"
"EAID_5B2022A2_1DAB_476d_BBCD_CD27F56F169F";"Woningbouwprojecten";"EAID_E0F7D3A0_46C8_4e70_AA10_3888B60D14C0";"Huurwoningen";"Class";"EAPK_993A1256_FC98_487a_BAB2_EE71CAC76F98";"Bouwen en Wonen";"8 Volkshuisvesting, Leefomgeving en Stedelijke Vernieuwing"
"EAID_5B2022A2_1DAB_476d_BBCD_CD27F56F169F";"Woningbouwprojecten";"EAID_7FECB5B2_E6CB_4637_9FD4_6EBA2CA96BBA";"Koopwoningen";"Class";"EAPK_993A1256_FC98_487a_BAB2_EE71CAC76F98";"Bouwen en Wonen";"8 Volkshuisvesting, Leefomgeving en Stedelijke Vernieuwing"
"EAID_5B2022A2_1DAB_476d_BBCD_CD27F56F169F";"Woningbouwprojecten";"EAID_681DB26F_D779_4796_B467_576E5A25F581";"Gebouw";"Class";"EAPK_993A1256_FC98_487a_BAB2_EE71CAC76F98";"Bouwen en Wonen";"8 Volkshuisvesting, Leefomgeving en Stedelijke Vernieuwing"
"EAID_5B2022A2_1DAB_476d_BBCD_CD27F56F169F";"Woningbouwprojecten";"EAID_9F4E12E4_B228_4931_AC83_1B1F60958A89";"NatuurlijkPersoon";"Class";"EAPK_993A1256_FC98_487a_BAB2_EE71CAC76F98";"Bouwen en Wonen";"8 Volkshuisvesting, Leefomgeving en Stedelijke Vernieuwing"
"EAID_A308855C_FB69_43cf_AA98_12555468AAAE";"ZAKELIJK RECHT";"EAID_C1542AC8_2F3C_4e62_ADFA_A9FB3358DAB1";"Appartementsrechtsplitsing";"Class";"EAPK_58A5214F_E56C_4707_BE2D_AB36DD6976A3";"RSGBPlus";"99 Kern"
"EAID_A308855C_FB69_43cf_AA98_12555468AAAE";"ZAKELIJK RECHT";"EAID_2651D6E0_6AC8_43a8_A4F6_4706209BAC8E";"Tenaamstelling";"Class";"EAPK_58A5214F_E56C_4707_BE2D_AB36DD6976A3";"RSGBPlus";"99 Kern"
"EAID_A308855C_FB69_43cf_AA98_12555468AAAE";"ZAKELIJK RECHT";"EAID_9775E778_DBF8_4122_94CE_551466B62F46";"KadastraleOnroerendeZaak";"Class";"EAPK_58A5214F_E56C_4707_BE2D_AB36DD6976A3";"RSGBPlus";"99 Kern"
"EAID_A308855C_FB69_43cf_AA98_12555468AAAE";"ZAKELIJK RECHT";"EAID_8C809341_AC60_4378_8BA0_0843E8C06AF3";"ZakelijkRecht";"Class";"EAPK_58A5214F_E56C_4707_BE2D_AB36DD6976A3";"RSGBPlus";"99 Kern"
"EAID_962EE6F2_E53F_4156_ACAA_4D3DF5D9E814";"ZAKELIJK RECHT PERSOON";"EAID_9DF5AC43_3673_4b9a_BB5E_6DCA7BE28835";"Rechtspersoon";"Class";"EAPK_58A5214F_E56C_4707_BE2D_AB36DD6976A3";"RSGBPlus";"99 Kern"
"EAID_962EE6F2_E53F_4156_ACAA_4D3DF5D9E814";"ZAKELIJK RECHT PERSOON";"EAID_9775E778_DBF8_4122_94CE_551466B62F46";"KadastraleOnroerendeZaak";"Class";"EAPK_58A5214F_E56C_4707_BE2D_AB36DD6976A3";"RSGBPlus";"99 Kern"
"EAID_AE0CCD75_E232_45fb_82A3_BF38667D26EC";"ZEKERHEIDSRECHT";"EAID_63813A6D_22A7_4fa1_AFA9_A40AFA3011A6";"typeringZekerheidsrecht";"Enumeration";"EAPK_58A5214F_E56C_4707_BE2D_AB36DD6976A3";"RSGBPlus";"99 Kern"
"EAID_AE0CCD75_E232_45fb_82A3_BF38667D26EC";"ZEKERHEIDSRECHT";"EAID_2651D6E0_6AC8_43a8_A4F6_4706209BAC8E";"Tenaamstelling";"Class";"EAPK_58A5214F_E56C_4707_BE2D_AB36DD6976A3";"RSGBPlus";"99 Kern"
"EAID_AE0CCD75_E232_45fb_82A3_BF38667D26EC";"ZEKERHEIDSRECHT";"EAID_9DF5AC43_3673_4b9a_BB5E_6DCA7BE28835";"Rechtspersoon";"Class";"EAPK_58A5214F_E56C_4707_BE2D_AB36DD6976A3";"RSGBPlus";"99 Kern"
"EAID_AE0CCD75_E232_45fb_82A3_BF38667D26EC";"ZEKERHEIDSRECHT";"EAID_9775E778_DBF8_4122_94CE_551466B62F46";"KadastraleOnroerendeZaak";"Class";"EAPK_58A5214F_E56C_4707_BE2D_AB36DD6976A3";"RSGBPlus";"99 Kern"
"EAID_AE0CCD75_E232_45fb_82A3_BF38667D26EC";"ZEKERHEIDSRECHT";"EAID_3397A5B5_E789_46e6_8559_C528EA55F830";"Zekerheidsrecht";"Class";"EAPK_58A5214F_E56C_4707_BE2D_AB36DD6976A3";"RSGBPlus";"99 Kern"
"EAID_96845001_991F_4bd6_9249_FBE26A26AC4C";"Zorgmelding";"EAID_16EB3936_03CB_4854_9CD8_9F0911EEA51B";"Medewerker";"Class";"EAPK_62D673ED_9400_4c5a_904C_A4DB16775C5B";"Jeugdbescherming en reclassering";"6 Sociaal Domein"
"EAID_96845001_991F_4bd6_9249_FBE26A26AC4C";"Zorgmelding";"EAID_3D8D8ED8_A382_4ffb_8608_4846CFF95E28";"enum_Verzoeksoort";"Enumeration";"EAPK_62D673ED_9400_4c5a_904C_A4DB16775C5B";"Jeugdbescherming en reclassering";"6 Sociaal Domein"
"EAID_96845001_991F_4bd6_9249_FBE26A26AC4C";"Zorgmelding";"EAID_ACC7A392_9A16_42a8_A58E_1E8E6826B2D0";"Informering";"Class";"EAPK_62D673ED_9400_4c5a_904C_A4DB16775C5B";"Jeugdbescherming en reclassering";"6 Sociaal Domein"
"EAID_96845001_991F_4bd6_9249_FBE26A26AC4C";"Zorgmelding";"EAID_B061E420_187A_49dd_B8DA_2AF3FC5D860F";"Leefgebied";"Class";"EAPK_62D673ED_9400_4c5a_904C_A4DB16775C5B";"Jeugdbescherming en reclassering";"6 Sociaal Domein"
"EAID_96845001_991F_4bd6_9249_FBE26A26AC4C";"Zorgmelding";"EAID_2296EC14_B00D_4836_B553_1CB1F48CFDB2";"enum_Incidenttype";"Enumeration";"EAPK_62D673ED_9400_4c5a_904C_A4DB16775C5B";"Jeugdbescherming en reclassering";"6 Sociaal Domein"
"EAID_96845001_991F_4bd6_9249_FBE26A26AC4C";"Zorgmelding";"EAID_78D6A864_04BD_4d3f_BB6A_CC9840566D19";"enum_Leefgebied";"Enumeration";"EAPK_62D673ED_9400_4c5a_904C_A4DB16775C5B";"Jeugdbescherming en reclassering";"6 Sociaal Domein"
"EAID_96845001_991F_4bd6_9249_FBE26A26AC4C";"Zorgmelding";"EAID_418C04F0_F173_4775_9814_D50F5EE79A38";"Incident";"Class";"EAPK_62D673ED_9400_4c5a_904C_A4DB16775C5B";"Jeugdbescherming en reclassering";"6 Sociaal Domein"
"EAID_96845001_991F_4bd6_9249_FBE26A26AC4C";"Zorgmelding";"EAID_AEF1825F_C554_4490_975D_93AEA24991A9";"Zorgelijke Situatie";"Class";"EAPK_62D673ED_9400_4c5a_904C_A4DB16775C5B";"Jeugdbescherming en reclassering";"6 Sociaal Domein"
"EAID_96845001_991F_4bd6_9249_FBE26A26AC4C";"Zorgmelding";"EAID_A3DAD553_0E55_4256_824B_CDB5E12CB545";"Klantcontact";"Class";"EAPK_62D673ED_9400_4c5a_904C_A4DB16775C5B";"Jeugdbescherming en reclassering";"6 Sociaal Domein"
"EAID_96845001_991F_4bd6_9249_FBE26A26AC4C";"Zorgmelding";"EAID_3D5CCB29_91E4_458e_8BCD_6741198E45B8";"NietNatuurlijkPersoon";"Class";"EAPK_62D673ED_9400_4c5a_904C_A4DB16775C5B";"Jeugdbescherming en reclassering";"6 Sociaal Domein"
"EAID_96845001_991F_4bd6_9249_FBE26A26AC4C";"Zorgmelding";"EAID_9F4E12E4_B228_4931_AC83_1B1F60958A89";"NatuurlijkPersoon";"Class";"EAPK_62D673ED_9400_4c5a_904C_A4DB16775C5B";"Jeugdbescherming en reclassering";"6 Sociaal Domein"
"EAID_96845001_991F_4bd6_9249_FBE26A26AC4C";"Zorgmelding";"EAID_9DF5AC43_3673_4b9a_BB5E_6DCA7BE28835";"Rechtspersoon";"Class";"EAPK_62D673ED_9400_4c5a_904C_A4DB16775C5B";"Jeugdbescherming en reclassering";"6 Sociaal Domein"
"EAID_96845001_991F_4bd6_9249_FBE26A26AC4C";"Zorgmelding";"EAID_5641C50A_C0FA_4e71_B07B_26C7B1CE94ED";"Document";"Class";"EAPK_62D673ED_9400_4c5a_904C_A4DB16775C5B";"Jeugdbescherming en reclassering";"6 Sociaal Domein"
"EAID_96845001_991F_4bd6_9249_FBE26A26AC4C";"Zorgmelding";"EAID_649EFD86_ED52_4293_8577_DBE5445845BF";"Zaak";"Class";"EAPK_62D673ED_9400_4c5a_904C_A4DB16775C5B";"Jeugdbescherming en reclassering";"6 Sociaal Domein"
"EAID_96845001_991F_4bd6_9249_FBE26A26AC4C";"Zorgmelding";"EAID_8D758F67_6085_4ac7_BFDC_8D97AB632A93";"Onderwerp";"Class";"EAPK_62D673ED_9400_4c5a_904C_A4DB16775C5B";"Jeugdbescherming en reclassering";"6 Sociaal Domein"
"EAID_96845001_991F_4bd6_9249_FBE26A26AC4C";"Zorgmelding";"EAID_8E6BAEF8_1878_400f_9244_23575BD41EAB";"AanvraagOfMelding";"Class";"EAPK_62D673ED_9400_4c5a_904C_A4DB16775C5B";"Jeugdbescherming en reclassering";"6 Sociaal Domein"
"EAID_96845001_991F_4bd6_9249_FBE26A26AC4C";"Zorgmelding";"EAID_B852AF03_A5E0_4148_AFC1_108509FF8BBD";"Zorgmelding";"Class";"EAPK_62D673ED_9400_4c5a_904C_A4DB16775C5B";"Jeugdbescherming en reclassering";"6 Sociaal Domein"
"EAID_96845001_991F_4bd6_9249_FBE26A26AC4C";"Zorgmelding";"EAID_D48AC65E_964F_47dc_A520_9C84326670A6";"Uitbreiding Zorgmelding";"Class";"EAPK_62D673ED_9400_4c5a_904C_A4DB16775C5B";"Jeugdbescherming en reclassering";"6 Sociaal Domein"
"EAID_7D74F8FB_7AF2_4fb6_B951_C78139A17FCF";"Zorgmelding Detail";"EAID_418C04F0_F173_4775_9814_D50F5EE79A38";"Incident";"Class";"EAPK_62D673ED_9400_4c5a_904C_A4DB16775C5B";"Jeugdbescherming en reclassering";"6 Sociaal Domein"
"EAID_7D74F8FB_7AF2_4fb6_B951_C78139A17FCF";"Zorgmelding Detail";"EAID_AEF1825F_C554_4490_975D_93AEA24991A9";"Zorgelijke Situatie";"Class";"EAPK_62D673ED_9400_4c5a_904C_A4DB16775C5B";"Jeugdbescherming en reclassering";"6 Sociaal Domein"
"EAID_7D74F8FB_7AF2_4fb6_B951_C78139A17FCF";"Zorgmelding Detail";"EAID_8E6BAEF8_1878_400f_9244_23575BD41EAB";"AanvraagOfMelding";"Class";"EAPK_62D673ED_9400_4c5a_904C_A4DB16775C5B";"Jeugdbescherming en reclassering";"6 Sociaal Domein"
"EAID_7D74F8FB_7AF2_4fb6_B951_C78139A17FCF";"Zorgmelding Detail";"EAID_B852AF03_A5E0_4148_AFC1_108509FF8BBD";"Zorgmelding";"Class";"EAPK_62D673ED_9400_4c5a_904C_A4DB16775C5B";"Jeugdbescherming en reclassering";"6 Sociaal Domein"
"EAID_9A447DCF_183C_4efc_819F_1C5CD48D9F83";"mGBA";"EAID_6B9EC881_1112_44bc_B114_203A793A54B1";"Reisdocumentsoort";"Class";"EAPK_58A5214F_E56C_4707_BE2D_AB36DD6976A3";"RSGBPlus";"99 Kern"
"EAID_9A447DCF_183C_4efc_819F_1C5CD48D9F83";"mGBA";"EAID_CA9BC1BB_D572_4e47_BECF_17CFD379BD6A";"Reisdocument";"Class";"EAPK_58A5214F_E56C_4707_BE2D_AB36DD6976A3";"RSGBPlus";"99 Kern"
"EAID_9A447DCF_183C_4efc_819F_1C5CD48D9F83";"mGBA";"EAID_9DF5AC43_3673_4b9a_BB5E_6DCA7BE28835";"Rechtspersoon";"Class";"EAPK_58A5214F_E56C_4707_BE2D_AB36DD6976A3";"RSGBPlus";"99 Kern"
"EAID_9A447DCF_183C_4efc_819F_1C5CD48D9F83";"mGBA";"EAID_9F4E12E4_B228_4931_AC83_1B1F60958A89";"NatuurlijkPersoon";"Class";"EAPK_58A5214F_E56C_4707_BE2D_AB36DD6976A3";"RSGBPlus";"99 Kern"
"EAID_9A447DCF_183C_4efc_819F_1C5CD48D9F83";"mGBA";"EAID_AF9534B0_7CBD_4061_9276_A7B6698B383A";"IngeschrevenPersoon";"Class";"EAPK_58A5214F_E56C_4707_BE2D_AB36DD6976A3";"RSGBPlus";"99 Kern"
