"nr";"GEMMA-naam";"GGM-naam";"GEMMA-guid";"GGM-guid";"GEMMA-type";"GGM-uml-type";"archimate_type";"GEMMA-definitie";"GGM-definitie";"GEMMA-toelichting";"GGM-toelichting";"GEMMA-synoniemen";"GGM-synoniemen";"GEMMA-bron";"GGM-bron";"GEMMA-url";"GEMMA-alternate-name";"GEMMA-subtypes";"domein-iv3";"domein-dcat";"Datum-tijd-export"
"1";"";"";"";"EAID_47EA6A95_24DD_4ff9_BC2C_1B9BBC08C694";"";"class";"";"";"";"";"";"";"";"";"";"";"";"";"99 Kern > RSGBPlus";"";"09072026-00:43:48"
"2";"";"AOMMeldingWmoJeugd";"";"EAID_0FA25A4F_DF7F_4feb_9460_19D054E874F8";"";"class";"";"";"*AOMMeldingWMOJeugd* is een objecttype in het gemeentelijk gegevensmodel dat een **melding van een situatie of hulpvraag binnen het kader van de Wet maatschappelijke ondersteuning (Wmo) en/of Jeugdwet** representeert.";"";"**Toelichting:**  
In het *Model Jeugd en Wmo Generiek* komt *AOMMeldingWMOJeugd* voor als één van de kernentiteiten naast *AOM_AanvraagWmoJeugd*. Het type representeert **meldingen die cliënten (of hun vertegenwoordigers/aanmelder) doen omtrent jeugdhulp of Wmo-ondersteuning**, bijvoorbeeld signalen van behoefte aan zorg, ondersteuning of een problematische situatie. De entiteit bevat attributen zoals:  
- *aanmelder* — wie de melding doet;  
- *aanmeldingDoor* en *aanmeldingDoorLandelijk* — via welk kanaal/organisatie de melding binnenkomt;  
- *aanmeldwijze* — de manier waarop de melding is gedaan;  
- *isClientOpDeHoogte* — of de cliënt geïnformeerd is;  
- *onderzoekswijze* — hoe de melding is onderzocht;  
- *redenAfsluiting* — waarom de melding is afgesloten;  
- *vervolg* en *verwezen* — vervolgacties of doorverwijzingen.  
Deze entiteit ondersteunt de registratie van **het proces van signaleren, ontvangen en vervolgen van meldingen** binnen de jeugdhulp- en Wmo-context.";"";"";"";"";"";"";"";"6 Sociaal Domein > Generiek Jeugd en Wmo";"";"09072026-00:43:48"
"3";"";"AOMStatus";"";"EAID_FDEB42B6_5D93_46bf_9B5C_10F42BA4AC26";"";"class";"";"";"";"";"";"";"";"";"";"";"";"";"1 Veiligheid en Vergunningen";"";"09072026-00:43:48"
"4";"AOMAanvraagWMOJeugd";"AOM_AanvraagWmoJeugd";"3545eb93-e19a-4b1f-b3f2-03b79b30b200";"EAID_BE7C28C6_0922_4c6a_A953_3D598D991AB5";"business-object";"class";"";"";"*AOM_AanvraagWmoJeugd* is een objecttype in het gegevensmodel voor Wmo en Jeugd dat een **aanvraagtraject voor ondersteuning onder de Wet maatschappelijke ondersteuning (Wmo) en/of Jeugdwet** representeert.";"";"In het *Model Jeugd en Wmo Generiek* binnen het gemeentelijke gegevenslandschap beschrijft **AOM_AanvraagWmoJeugd** het proces rond een individuele **aanvraag van een cliënt** voor Wmo- en/of jeugdhulpvoorzieningen. Dit omvat gegevens zoals de startdatum van de aanvraag, de eerste afspraak, de doorlooptijd, de datum van beschikking, de reden van afsluiting en gerelateerde proces- en besluitkenmerken. Het model gebruikt dit type om aanvragen gestructureerd vast te leggen en te koppelen aan de cliënt en relevante besluiten. Het objecttype zelf heeft in de documentatie geen eigen tekstuele definitie, maar wordt vermeld als een kernentiteit binnen het domein *Wmo en Jeugd*.";"";"";"";"";"https://gemmaonline.nl/index.php/GEMMA/id-3545eb93-e19a-4b1f-b3f2-03b79b30b200";"";"";"6 Sociaal Domein > Generiek Jeugd en Wmo";"";"09072026-00:43:48"
"5";"Aanbesteding";"Aanbesteding";"bc6f065d-05c9-454d-a18d-1c0c2a2dfe15";"EAID_44EC6082_2682_43c7_A52E_0AD05B06A046";"business-object";"class";"business-object";"Procedure waarmee de gemeente een opdracht voor werken, leveringen of diensten in de markt zet en gunt aan een ondernemer.";"Kan een (enkel of meervoudige) onderhandse aanbesteding, of een nationale of Europese aanbesteding";"";"";"";"";"";"";"https://gemmaonline.nl/index.php/GEMMA/id-bc6f065d-05c9-454d-a18d-1c0c2a2dfe15";"";"";"9 Interne Organisatie > Inkoop";"";"09072026-00:43:48"
"6";"AanbestedingInhuur";"Aanbesteding Inhuur";"686c0af1-67b2-42a4-8690-060705617c13";"EAID_01D90490_C76A_444a_BFCE_355AFC5FB012";"business-object";"class";"";"Aanbesteding voor inhuur van personen of diensten";"Aanbesteding voor inhuur van personen of diensten";"";"";"";"";"";"";"https://gemmaonline.nl/index.php/GEMMA/id-686c0af1-67b2-42a4-8690-060705617c13";"";"";"9 Interne Organisatie > Inkoop";"";"09072026-00:43:48"
"7";"Aanbesteding Vastgoed";"Aanbesteding Vastgoed";"3907c387-dc68-4c15-a98c-edd640042495";"EAID_17FCEF39_AB9D_4516_9C60_1DDA61D87356";"business-object";"class";"";"Een procedure waarbij een opdrachtgever bekendmaakt dat hij een opdracht of concessie wil laten uitvoeren en bedrijven uitnodigt om een offerte in te dienen. Dit in het kader van werkzaamheden rondom vastgoed.";"Een procedure waarbij een opdrachtgever bekendmaakt dat hij een opdracht of concessie wil laten uitvoeren en bedrijven uitnodigt om een offerte in te dienen. Dit in het kader van werkzaamheden rondom vastgoed.";"";"";"";"";"";"";"https://gemmaonline.nl/index.php/GEMMA/id-3907c387-dc68-4c15-a98c-edd640042495";"";"";"9 Interne Organisatie > Vastgoed";"";"09072026-00:43:48"
"8";"";"Aanbestedingsoort";"";"EAID_B8B79BCE_8F87_46f7_BB15_288266799E56";"";"enumeration";"";"";"";"";"";"";"";"";"";"";"";"";"9 Interne Organisatie > Inkoop";"";"09072026-00:43:48"
"9";"";"Aandachtspunt";"";"EAID_F188F63C_0033_4164_9F73_413AE6943497";"";"class";"";"";"Een Aandachtspunt is een bijzonder aspect of omstandigheid in de persoonlijke situatie van de inburgeraar, dat extra aandacht vereist bij de begeleiding of dienstverlening in het kader van inburgering.";"";"•	Het betreft hier signalen of omstandigheden die invloed kunnen hebben op de voortgang, begeleiding of ondersteuning.
	•	In het model wordt Aandachtspunt gekoppeld aan onder meer de objecttypen Traject en Ondersteuningsactiviteit.
	•	Mogelijke voorbeelden (zie onderliggende attributen of enumeraties in het model) zijn: psychische kwetsbaarheid, verslaving, schulden, of laaggeletterdheid.";"";"";"";"";"";"";"";"6 Sociaal Domein > Inburgering";"";"09072026-00:43:48"
"10";"";"Aandachtspunt";"";"EAID_B16DEA22_40DB_45a9_ADD9_5C1410F499B8";"";"enumeration";"";"";"";"";"<memo>";"";"";"";"";"";"";"";"6 Sociaal Domein > Inburgering";"";"09072026-00:43:48"
"11";"AanduidingVerblijfsrecht";"AanduidingVerblijfsrecht";"c5346a86-b511-420a-be6b-f431668f28fc";"EAID_EBE4A0C9_9281_4750_8E70_AF70A549CD6B";"business-object";"class";"";"Aanduiding in verband met het verblijfsrecht van de vreemdeling.";"Aanduiding in verband met het verblijfsrecht van de vreemdeling.";"";"";"";"";"BRP";"";"https://gemmaonline.nl/index.php/GEMMA/id-c5346a86-b511-420a-be6b-f431668f28fc";"";"";"99 Kern > RSGBPlus";"";"09072026-00:43:48"
"12";"Aankondiging";"Aankondiging";"11a5fd2d-0237-4e70-b859-d1e26456553b";"EAID_BB135B0E_A2C2_4681_BD91_30863F8B3D70";"business-object";"class";"";"Aankondiging van een Nationale of Europese aanbesteding";"Aankondiging van een Nationale of Europese aanbesteding";"";"";"Kennisgeving, Bekendmaking";"Kennisgeving, Bekendmaking";"";"";"https://gemmaonline.nl/index.php/GEMMA/id-11a5fd2d-0237-4e70-b859-d1e26456553b";"";"";"9 Interne Organisatie > Inkoop";"";"09072026-00:43:48"
"13";"";"AanleverendeOrganisatie";"";"EAID_3109FEF3_A1CB_4f50_800B_376A18465F9F";"";"class";"";"";"Organisatie de data aanlevert aan het CBS. Het kan hier gaan om de gemeente zelf, of een partij die namens de gemeente uitvoering geeft aan de afhandeling van vroegsignalen.";"";"";"";"";"";"";"";"";"";"Schulden > Vroegsignalering";"";"09072026-00:43:48"
"14";"";"Aanmelding";"";"EAID_1CE06538_3F4A_45ac_AE86_30A4250D3608";"";"class";"";"";"Moment dat een persoon met een hulpvraag komt rondom (dreigende) schulden. Dit kan een persoonlijke, schriftelijke, digitale of telefonische vraag zijn.";"";"";"";"";"";"";"";"";"";"Schulden > Schuldhulpverlening";"";"09072026-00:43:48"
"15";"";"Aansluitput";"";"EAID_401EC4C0_809B_48F0_9646_0F646A8F1AE";"";"class";"";"";"Type put met de functie aansluitleidingen aansluiten";"";"";"";"";"";"";"";"";"";"8 Volkshuisvesting, Leefomgeving en Stedelijke Vernieuwing > Beheer Openbare Ruimte";"";"09072026-00:43:48"
"16";"";"Aantal Gehinderden";"";"EAID_C00A2866_8F7D_4be3_A676_794C9A477556";"";"enumeration";"";"";"";"";"";"";"";"";"";"";"";"";"2 Verkeer, Vervoer en Waterstaat > Mobiliteit";"";"09072026-00:43:48"
"17";"";"Aantekening";"";"EAID_755B80B2_6522_4c58_A998_D3F00859FE78";"";"class";"";"";"Een Aantekening is een aanvulling op de registratie van een registergoed met betrekking tot feiten die gevolgen kunnen hebben voor de uitoefening van de rechten op dit registergoed.";"";"";"";"";"";"";"";"";"";"99 Kern > RSGBPlus";"";"09072026-00:43:48"
"18";"Aanvraag";"Aanvraag";"6c992a39-ca0b-4d4c-b749-fe8167af540d";"EAID_2F2A3590_9B34_4ec5_B0AE_B487ED241155";"business-object";"class";"";"(officieel) verzoek, iets (officieel) vragen aan een bevoegde macht.";"(officieel) verzoek, iets (officieel) vragen aan een bevoegde macht.";"";"";"";"";"";"";"https://gemmaonline.nl/index.php/GEMMA/id-6c992a39-ca0b-4d4c-b749-fe8167af540d";"Aanvraag (Archief)";"";"Erfgoed > Archief";"";"09072026-00:43:48"
"19";"";"Aanvraag";"";"EAID_208D605F_BDE5_700A_13F6_281C3303691F";"";"class";"";"";"Het officiële verzoek met het oogmerk om te komen tot toelating tot de dienstverlening zoals beschreven in de Participatiewet, schriftelijk ingediend bij het bestuursorgaan dat bevoegd is op het verzoek te beslissen. Het verzoek moet voldoen aan de wettelijke vereisten zoals bepaald in artikel 4.2 van de Algemene Bestuurswet.";"";"";"";"";"";"";"";"";"";"Inkomen > Diensten";"";"09072026-00:43:48"
"20";"Aanvraag";"Aanvraag";"b8b3fe1a-ea07-49a3-8580-4291afa6f26d";"EAID_446E3931_B9F2_4b5c_80E7_5B240B8F816F";"business-object";"class";"";"(officieel) verzoek, iets (officieel) vragen aan een bevoegde macht.";"(officieel) verzoek, iets (officieel) vragen aan een bevoegde macht.";"";"";"Verzoek";"Verzoek";"";"";"https://gemmaonline.nl/index.php/GEMMA/id-b8b3fe1a-ea07-49a3-8580-4291afa6f26d";"Aanvraag (ICT)";"";"9 Interne Organisatie > ICT";"";"09072026-00:43:48"
"21";"AanvraagInkooporder";"Aanvraag Inkooporder";"8d9233d7-dfb9-4b87-bab2-61631a632f95";"EAID_33E5EA10_F43A_4966_B9C1_875F0E2C1B52";"business-object";"class";"";"het betreft hier het formulier 'Aanvraag Inkooporder'";"het betreft hier het formulier 'Aanvraag Inkooporder'";"";"";"";"";"";"";"https://gemmaonline.nl/index.php/GEMMA/id-8d9233d7-dfb9-4b87-bab2-61631a632f95";"";"";"9 Interne Organisatie > Inkoop";"";"09072026-00:43:48"
"22";"Aanvraag Leerlingenvervoer";"Aanvraag Leerlingenvervoer";"41c1c340-9952-4bd9-8f45-fec2c0a1ddd7";"EAID_07F40D10_74AC_4f56_8B71_A236A63C2122";"business-object";"class";"business-object";"Verzoek van ouders aan de gemeente om een vervoersvoorziening voor hun kind.";"Een aanvraag voor een leerling die recht heeft op vervoer van en naar onderwijs.";"";"";"";"";"";"";"https://gemmaonline.nl/index.php/GEMMA/id-41c1c340-9952-4bd9-8f45-fec2c0a1ddd7";"";"";"4 Onderwijs > Leerplicht en Leerlingenvervoer";"";"09072026-00:43:48"
"23";"";"Aanvraag verlenging Inburgeringstermijn";"";"EAID_63D30089_AD78_4c29_9D17_160FE4A242E8";"";"class";"";"";"Een Aanvraag verlenging inburgeringstermijn is een verzoek van een inburgeringsplichtige aan het college van burgemeester en wethouders tot verlenging van de inburgeringstermijn op grond van persoonlijke omstandigheden als bedoeld in artikel 7.3, tweede lid, van de Wet inburgering 2021.";"";"•	De aanvraag wordt ingediend bij de gemeente waarin de inburgeringsplichtige woont.
	•	Redenen voor verlenging kunnen onder andere zijn: medische beperkingen, zwangerschap, mantelzorg, psychische problematiek of detentie.
	•	De verlenging kan alleen worden verleend als er sprake is van aantoonbare belemmeringen die het afronden van het inburgeringstraject binnen de standaardtermijn (drie jaar) onmogelijk maken.
	•	De gemeente besluit op de aanvraag, eventueel na het inwinnen van advies of aanvullende informatie.";"";"";"";"";"";"";"";"6 Sociaal Domein > Inburgering";"";"09072026-00:43:48"
"24";"Aanvraag of melding";"AanvraagOfMelding";"13ede1f8-bf63-4da6-abbd-cdc18b7ec39a";"EAID_66E2B5BA_44A0_4fde_AE33_E211EE4832C2";"business-object";"class";"business-object";"Komt overeen met een VJV Bron: GEM_VJV (Distinct op REQ_ID) ID: REQ_ID";"Komt overeen met een VJV";"Via het Omgevingsloket kunnen initiatiefnemers een vergunningaanvraag of een melding indienen in het Digitaal Stelsel Omgevingswet (DSO). Duidelijke stappen en vragen leiden hen door dit proces. De overheid vertaalt hiervoor indieningsvereisten naar toepa";"Via het Omgevingsloket kunnen initiatiefnemers een vergunningaanvraag of een melding indienen in het Digitaal Stelsel Omgevingswet (DSO). Duidelijke stappen en vragen leiden hen door dit proces. De overheid vertaalt hiervoor indieningsvereisten naar toepa";"";"";"";"";"https://gemmaonline.nl/index.php/GEMMA/id-13ede1f8-bf63-4da6-abbd-cdc18b7ec39a";"AanvraagOfMelding (Leerplicht en Leerlingenvervoer)";"";"4 Onderwijs > Leerplicht en Leerlingenvervoer";"";"09072026-00:43:48"
"25";"Aanvraag of melding";"AanvraagOfMelding";"f14fa1cf-f2c7-4bd6-862d-28ff1616a882";"EAID_8E6BAEF8_1878_400f_9244_23575BD41EAB";"business-object";"class";"business-object";"Komt overeen met een VJV Bron: GEM_VJV (Distinct op REQ_ID) ID: REQ_ID";"Komt overeen met een VJV

Bron: GEM_VJV (Distinct op REQ_ID)
ID: REQ_ID";"";"";"";"";"";"";"https://gemmaonline.nl/index.php/GEMMA/id-f14fa1cf-f2c7-4bd6-862d-28ff1616a882";"AanvraagOfMelding (Dienstverlening)";"";"10 Dienstverlening";"";"09072026-00:43:48"
"26";"";"AanvraagStadspas";"";"EAID_16F94A03_C376_4314_94AA_4DB14AD00EB9";"";"class";"";"";"Te specifiek. AanvraagGemeentepas";"";"";"";"";"";"";"";"";"";"6 Sociaal Domein > Sociaal Domein Generiek";"";"09072026-00:43:48"
"27";"";"AanvraagVrijstelling";"";"EAID_450F47A7_758F_400c_82EB_05535EBDD426";"";"class";"";"";"Vrijstelling van een aanvraag voor leerlingenvervoer";"";"";"";"";"";"";"";"";"";"4 Onderwijs > Leerplicht en Leerlingenvervoer";"";"09072026-00:43:48"
"28";"Aanvraagdata";"Aanvraagdata";"6f15e2ca-531d-4879-b087-f43559d8c3fd";"EAID_1F68C981_7E16_4368_8867_CA00AEB08A04";"business-object";"class";"";"Bron: GEN_REQ_DATA
ID: REQ_DATA icm VELD_NAAM";"Bron: GEN_REQ_DATA
ID: REQ_DATA icm VELD_NAAM";"";"";"";"";"";"";"https://gemmaonline.nl/index.php/GEMMA/id-6f15e2ca-531d-4879-b087-f43559d8c3fd";"";"";"10 Dienstverlening";"";"09072026-00:43:48"
"29";"";"Aanvraagtype";"";"EAID_04035B37_1A5F_CC83_48D3_281C33030BAF";"";"class";"";"";"Een door de gemeente vastgestelde set van diensttypen die met één aanvraag kan worden aangevraagd.";"";"";"";"";"";"";"";"";"";"Inkomen > Diensten";"";"09072026-00:43:48"
"30";"Aanwezige Deelnemer";"Aanwezige Deelnemer";"ccf78bc5-8d4a-440f-a642-abcf60149628";"EAID_F1E55DC7_0F33_40ea_8713_2E1AC3D7EE8D";"business-object";"class";"business-object";"Iemand die deelneemt aan een college- of raadsvergadering.";"iemand die meedoet aan eencollege- of raadsvergadering";"";"";"";"";"";"";"https://gemmaonline.nl/index.php/GEMMA/id-ccf78bc5-8d4a-440f-a642-abcf60149628";"";"";"0 Bestuur, Politiek en Ondersteuning > Griffie";"";"09072026-00:43:48"
"31";"Aanwezige Deelnemer";"Aanwezige Deelnemer";"ccf78bc5-8d4a-440f-a642-abcf60149628";"EAID_F1E55DC7_0F33_40ea_8713_2E1AC3D7EE8D";"business-object";"class";"business-role";"De hoedanigheid van deelname aan een college- of raadsvergadering, met aanvang en einde van de aanwezigheid.";"iemand die meedoet aan eencollege- of raadsvergadering";"";"";"";"";"";"";"https://gemmaonline.nl/index.php/GEMMA/id-ccf78bc5-8d4a-440f-a642-abcf60149628";"";"";"0 Bestuur, Politiek en Ondersteuning > Griffie";"";"09072026-00:43:48"
"32";"";"AardAantekening";"";"EAID_BE0C0747_E9CD_4ae1_A83C_94A724513C7B";"";"class";"";"";"Een opsomming van de diverse aarden van de aantekeningen zoals door de Dienst Kadaster is onderscheiden.";"";"<memo>";"";"";"";"";"";"";"";"99 Kern > RSGBPlus";"";"09072026-00:43:48"
"33";"";"AardFiliatie";"";"EAID_1453EF69_1E5E_49ae_8510_A68652374710";"";"class";"";"";"Een opsomming van redenen waarom kadastrale onroerende zaken aan elkaar gerelateerd kunnen zijn";"";"";"";"";"";"";"";"";"";"99 Kern > RSGBPlus";"";"09072026-00:43:48"
"34";"";"AardZakelijkRecht";"";"EAID_AC4F4A9C_1623_4447_9813_0722CDD58E66";"";"class";"";"";"Een opsomming van de diverse aarden van het zakelijk rechten zoals door de Dienst Kadaster is onderscheiden.";"";"";"";"";"";"";"";"";"";"99 Kern > RSGBPlus";"";"09072026-00:43:48"
"35";"";"AcademischeTitel";"";"EAID_B2857D85_8135_461e_90FF_A2E3DDD9981D";"";"class";"";"";"Een formeel via het Staatsblad gepubliceerde aanduiding van een wetenschappelijke of andere graad van opleiding welke bij aanschrijving voorafgaat aan de voornamen (dan wel de daarvan afgeleide naamgegevens) dan wel volgt op de achternaam.";"";"";"";"";"";"";"";"";"";"99 Kern > RSGBPlus";"";"09072026-00:43:48"
"36";"";"Actie";"";"EAID_DDE9A5B3_1E56_4058_8D12_A774F43B5D26";"";"class";"";"";"Kleinst mogelijke eenheid van werk die zinvol onderscheiden kan worden, uitgevoerd door een persoon of machine op 1 plek op 1 moment.";"";"bron: Bedrijfsarchitectuur op basis van Novius Architectuur Methode, code: 6.2.4";"";"";"";"";"";"";"";"8 Volkshuisvesting, Leefomgeving en Stedelijke Vernieuwing > Beheer Openbare Ruimte";"";"09072026-00:43:48"
"37";"Activa";"Activa";"e83e86ad-4769-41ce-91c7-675e93441074";"EAID_7B8D0A8F_07BF_42bf_90B3_28A72BD4401A";"business-object";"class";"business-object";"Bezittingen van een onderneming op een boekhoudkundige balans";"Bezittingen van een onderneming op een boekhoudkundige balans";"";"";"";"";"";"";"https://gemmaonline.nl/index.php/GEMMA/id-e83e86ad-4769-41ce-91c7-675e93441074";"";"";"9 Interne Organisatie > Financien";"";"09072026-00:43:48"
"38";"";"Activasoort";"";"EAID_2483BD14_7FA7_4514_A565_C7F7967E226D";"";"class";"";"";"Typering van activa";"";"";"";"";"";"";"";"";"";"9 Interne Organisatie > Financien";"";"09072026-00:43:48"
"39";"Risicobron";"Activiteit";"b9283c74-797a-4a79-83a7-ca5619ef8b1d";"EAID_A1C60F39_3074_4d1c_A37D_5F431F54DF92";"business-object";"class";"business-object";"Ieder menselijk handelen waarbij, of ieder menselijk nalaten waardoor een verandering of effect in de (fysieke) leefomgeving wordt of kan worden bewerkstelligd.";"Ieder menselijk handelen waarbij, of ieder menselijk nalaten waardoor een verandering of effect in de (fysieke) leefomgeving wordt of kan worden bewerkstelligd.";"Bijvoorbeeld: het lozen van afvalwater, het bouwen van hoogbouw, het exploiteren van een jachthaven. Het objecttype activiteit is een typering van alle activiteiten die bijvoorbeeld een initiatiefnemer kan uitvoeren in de leefomgeving. Er wordt geen speci";"Bijvoorbeeld: het lozen van afvalwater, het bouwen van hoogbouw, het exploiteren van een jachthaven. Het objecttype activiteit is een typering van alle activiteiten die bijvoorbeeld een initiatiefnemer kan uitvoeren in de leefomgeving. Er wordt geen speci";"";"";"";"";"https://gemmaonline.nl/index.php/GEMMA/id-b9283c74-797a-4a79-83a7-ca5619ef8b1d";"Activiteit (Museum)";"";"5 Sport, Cultuur en Recreatie > Musea";"";"09072026-00:43:48"
"40";"Activiteit";"Activiteit";"8deec5da-a06a-4159-9b20-e9f9ff24674e";"EAID_8BE600D0_EBF4_475b_8801_F387A5D39009";"business-object";"class";"business-object";"Gereguleerd menselijk handelen of nalaten in de fysieke leefomgeving waarvoor regels gelden in het omgevingsplan.";"Ieder menselijk handelen waarbij, of ieder menselijk nalaten waardoor een verandering of effect in de (fysieke) leefomgeving wordt of kan worden bewerkstelligd.";"";"";"";"";"";"";"https://gemmaonline.nl/index.php/GEMMA/id-8deec5da-a06a-4159-9b20-e9f9ff24674e";"Activiteit (Omgevingswet)";"";"8 Volkshuisvesting, Leefomgeving en Stedelijke Vernieuwing > Omgevingswet";"";"09072026-00:43:48"
"41";"Risicobron";"Activiteit";"8deec5da-a06a-4159-9b20-e9f9ff24674e";"EAID_8BE600D0_EBF4_475b_8801_F387A5D39009";"business-object";"class";"business-object";"Ieder menselijk handelen waarbij, of ieder menselijk nalaten waardoor een verandering of effect in de (fysieke) leefomgeving wordt of kan worden bewerkstelligd.";"Ieder menselijk handelen waarbij, of ieder menselijk nalaten waardoor een verandering of effect in de (fysieke) leefomgeving wordt of kan worden bewerkstelligd.";"";"";"";"";"";"";"https://gemmaonline.nl/index.php/GEMMA/id-8deec5da-a06a-4159-9b20-e9f9ff24674e";"Activiteit (Omgevingswet)";"";"8 Volkshuisvesting, Leefomgeving en Stedelijke Vernieuwing > Omgevingswet";"";"09072026-00:43:48"
"42";"";"Activiteit Omgevingswet";"";"EAID_9547BC67_7488_4d9a_B651_2B69A62D789F";"";"class";"";"";"Ieder menselijk handelen waarbij, of ieder menselijk nalaten waardoor een verandering of effect in de (fysieke) leefomgeving wordt of kan worden bewerkstelligd.";"";"";"";"";"";"";"";"";"";"1 Veiligheid en Vergunningen";"";"09072026-00:43:48"
"43";"";"Activiteitsoort";"";"EAID_D77AB8CF_E4B1_49fd_BE78_FE358FF76F13";"";"class";"";"";"Typering van een activiteit";"";"";"";"";"";"";"";"";"";"5 Sport, Cultuur en Recreatie > Musea";"";"09072026-00:43:48"
"44";"";"AdresBuitenland";"";"EAID_3E5B2877_D6CC_487e_BD79_042E32D17550";"";"class";"";"";"Toevoeging uit stelselcatalogus";"";"";"";"";"";"";"";"";"";"99 Kern > RSGBPlus";"";"09072026-00:43:48"
"45";"";"AdresType";"";"EAID_1CC1C0D1_DFAB_FCF5_8683_26EBD163F594";"";"enumeration";"";"";"";"";"";"";"";"";"";"";"";"";"6 Sociaal Domein > Sociaal Domein Generiek";"";"09072026-00:43:48"
"46";"";"Adresaanduiding";"";"EAID_909E635B_E33D_4ded_8471_900CD175B7D1";"";"class";"";"";"De adresaanduiding van het WOZ-OBJECT";"";"";"";"";"";"";"";"";"";"9 Interne Organisatie > Vastgoed";"";"09072026-00:43:48"
"47";"";"Adresaanduiding";"";"EAID_C14C1D0E_2EE3_4d79_B7AB_BC0B7686FEF4";"";"class";"";"";"De adresaanduiding van het WOZ-OBJECT";"";"";"";"";"";"";"";"";"";"99 Kern > RSGBPlus";"";"09072026-00:43:48"
"48";"ADRESSEERBAAR OBJECT";"AdresseerbaarObject";"460ada62-9cdd-478f-9555-4fb161ebc0b3";"EAID_8A04280B_E0B4_4e36_B448_C99750393D0D";"business-object";"class";"";"Een adresseerbaar object is een object waaraan formeel adressen kunnen en moeten worden toegekend: een verblijfsobject, standplaats of ligplaats.
Toelichting: Een object dat een adres heeft of krijgt. Adresseerbare objecten zijn: een verblijfsobject, een standplaats en een ligplaats.";"Een adresseerbaar object is een object waaraan formeel adressen kunnen en moeten worden toegekend: een verblijfsobject, standplaats of ligplaats. Toelichting: Een object dat een adres heeft of krijgt. Adresseerbare objecten zijn: een verblijfsobject, een standplaats en een ligplaats.";"";"";"";"";"IMBAG";"";"https://gemmaonline.nl/index.php/GEMMA/id-460ada62-9cdd-478f-9555-4fb161ebc0b3";"";"";"99 Kern > BAG";"";"09072026-00:43:48"
"49";"AdresseerbaarObjectAanduiding";"AdresseerbaarObjectAanduiding";"cc3c2d8f-cb2f-4e39-a220-bff533892688";"EAID_BA35A5E2_5A1D_4328_91CD_D51694ED5FBA";"business-object";"class";"";"Een door het bevoegde gemeentelijke orgaan als zodanig toegekende aanduiding van een VERBLIJFSOBJECT, een STANDPLAATS of een LIGPLAATS.";"Een door het bevoegde gemeentelijke orgaan als zodanig toegekende aanduiding van een VERBLIJFSOBJECT, een STANDPLAATS of een LIGPLAATS.";"";"Zie de toelichting in de Catalogus BAG. In aanvulling hierop het volgende. Het betreft alle gegevens en relaties van de NUMMERAANDUIDING zoals deze in de BAG gedefinieerd zijn. NUMMERAANDUIDING is gemodelleerd als een specialisatie van ADRESSEERBAAR OBJECT AANDUIDING. Daar bij overige (officieel vastgestelde) adressen deels vergelijkbare gegevens en relaties van toepassing zijn, zijn desbetreffende gegevens gemodelleerd bij ADRESSEERBAAR OBJECT AANDUIDING, de verzameling van nummeraanduidingen en overige adresseerbaar object aanduidingen.";"";"";"BAG";"";"https://gemmaonline.nl/index.php/GEMMA/id-cc3c2d8f-cb2f-4e39-a220-bff533892688";"";"";"99 Kern > RSGBPlus";"";"09072026-00:43:48"
"50";"Aflossing";"Aflossing";"";"EAID_196161F4_8372_6334_AF08_263C236F7A38";"";"class";"business-object";"Een aflossing is de betaling van een afgesproken of opgelegd bedrag op een vordering.";"Een aflossing is de betaling van een afgesproken of opgelegd bedrag op een vordering. Een aflos-sing gebeurt in het kader van een aflossingsafspraak gemaakt bij een vordering of wordt eenzijdig opgelegd. De aflossing wordt geadministreerd als een vorderingscomponent onder die vordering. Afgesproken is minnelijk maar kan ook opgelegd worden, bijv 5% verrekening of beslag op loon.";"";"";"";"";"";"";"";"";"";"Inkomen > Terug- en invordering";"";"09072026-00:43:48"
"51";"";"Aflossingsafspraak";"";"EAID_0F06241B_EBEF_4053_33E4_263C236F76FC";"";"class";"";"";"Een aflossingsafspraak is een onderdeel van het aflossingsplan. Het is een afspraak over hoe en wanneer het opgelegde bedrag wordt afgelost. Het opgelegde bedrag is het bedrag is de hele vordering of het bdrag na verrekening of beslag.Elke afspraak in het aflossingsplan bepaalt welk bedrag afgelost wordt op welke vordering vanaf een zekere startdatum per tijdseenheid (doorgaans een maand).";"";"";"";"";"";"";"";"";"";"Inkomen > Terug- en invordering";"";"09072026-00:43:48"
"52";"Aflossingsplan";"Aflossingsplan";"";"EAID_234EB82E_9EC6_5904_2634_263C0A957ADF";"";"class";"business-object";"Een aflossingsplan bevat alle afspraken tussen de gemeente en de debiteur over op welke vordering hij/zij per wanneer welk bedrag aflost.";"Een aflossingsplan bevat alle afspraken tussen de gemeente en de debiteur over op welke vordering hij/zij per wanneer welk bedrag aflost.Verder geldt dat er bijzondere afspraken kunnen worden vastgelegd, bijvoorbeeld Dwangbevel. In zulke gevallen wordt de gehele schuld in één keer weer opeisbaar gesteld.";"";"";"";"";"";"";"";"";"";"Inkomen > Terug- en invordering";"";"09072026-00:43:48"
"53";"Afschrijving";"Afschrijving";"";"EAID_c0026057_03ab_4e5b_a021_aa9175c4078c";"";"class";"business-object";"De vordering blijkt oninbaar. Er is (nog) geen aflossingsmogelijkheid en er is geen perspectief tot invordering. Afscheid nemen van de vordering gebeurt via het afschrijven van de vordering.";"De vordering blijkt oninbaar. Er is (nog) geen aflossingsmogelijkheid. Er wordt ook niet geacht dat er perspectief is tot invordering. Er wordt afscheid genomen van de vordering.Afscheid nemen van de vordering gebeurt via het afschrijven van de vordering. De reden daarvan wordt opgegeven.";"";"";"";"";"";"";"";"";"";"Inkomen > Terug- en invordering";"";"09072026-00:43:48"
"54";"Afspraakstatus";"Afspraakstatus";"93731fcf-2b7f-42f2-9f94-6f6f80ce0067";"EAID_5AA9821A_A88A_480b_9950_70FE017593B3";"business-object";"class";"";"";"de toestand van de afspraak";"";"";"";"";"";"";"https://gemmaonline.nl/index.php/GEMMA/id-93731fcf-2b7f-42f2-9f94-6f6f80ce0067";"";"";"10 Dienstverlening";"";"09072026-00:43:48"
"55";"";"Afvalbak";"";"EAID_58EF1415_6ACB_412B_9C3E_E390BB2AE3B";"";"class";"";"";"Inzamelobject voor afval in de openbare ruimte dat handmatig kan worden leeggemaakt.
Toelichting: Inzamelobject voor afval in de openbare ruimte dat handmatig kan worden leeggemaakt.";"";"";"";"";"";"";"";"";"";"8 Volkshuisvesting, Leefomgeving en Stedelijke Vernieuwing > Beheer Openbare Ruimte";"";"09072026-00:43:48"
"56";"";"AfwijkendBuitenlandsCorrespondentieadresRol";"";"EAID_6F75D9F8_50B8_4d89_9798_26B7FD9A6DA2";"";"class";"";"";"De gegevens van het adres in het buitenland waarop BETROKKENE in zijn/haar ROL in de ZAAK in de regel schriftelijk bereikbaar is indien dat afwijkt van het reguliere buitenlandse correspondentieadres van BETROKKENE";"";"";"";"";"";"";"";"";"";"99 Kern > RGBZPlus";"";"09072026-00:43:48"
"57";"";"AfwijkendCorrespondentiePostadresRol";"";"EAID_8F133649_AE11_491c_998B_6288B7FC8FE4";"";"class";"";"";"De gegevens die tezamen een postbusadres of antwoordnummeradres vormen waarvan BETROKKENE, geen ORGANISATORISCHE EENHEID en MEDEWERKER ziinde, heeft aangegeven schriftelijk bereikbaar te zijn in verband met zijn/haar ROL in de ZAAK en dat afwijkt van de reguliere correspondentiegegevens van BETROKKENE.";"";"";"";"";"";"";"";"";"";"99 Kern > RGBZPlus";"";"09072026-00:43:48"
"58";"";"Afwijkende maatregel";"";"EAID_1BD0DD3A_888E_945B_4A20_276CADAE4D4C";"";"class";"";"";"Een *afwijkende maatregel* is een maatregel die afwijkt van de standaardregel of wettelijke norm en die op basis van een wettelijke grondslag, beleidsregel of gemotiveerde beslissing in een concreet geval wordt toegepast.";"";"In de bestuursrechtelijke en juridische context duidt een afwijkende maatregel op een *uitzondering* van de reguliere toepassing van een wettelijke regeling of standaardprocedure, waarbij een bestuursorgaan in bijzondere gevallen kiest voor een aangepaste aanpak, binnen de grenzen van de wet. Deze afwijking moet objectief worden gemotiveerd en steunen op een wettelijke grondslag of beleidskader, zodat rechtszekerheid en evenredigheid worden gewaarborgd. De term wordt in diverse beleids- en regelgevingsteksten gebruikt om aan te geven dat een maatregel op een specifiek punt anders wordt vormgegeven dan de hoofdregel, bijvoorbeeld bij maatwerk in bijstandsverordeningen of afwijkingsbevoegdheden in bestemmingsplannen.";"";"";"";"";"";"";"";"Inkomen > Normafwijking";"";"09072026-00:43:48"
"59";"Agendapunt";"Agendapunt";"34b2e5f9-63ab-42e8-bfa9-85e12ff6e417";"EAID_73FB5212_40ED_40dc_B837_36588840445A";"business-object";"class";"";"Een onderwerp dat in de vergadering wordt behandeld.";"Een onderwerp dat in de vergadering wordt behandeld.";"";"";"";"";"";"";"https://gemmaonline.nl/index.php/GEMMA/id-34b2e5f9-63ab-42e8-bfa9-85e12ff6e417";"";"";"0 Bestuur, Politiek en Ondersteuning > Griffie";"";"09072026-00:43:48"
"60";"AKRKadastraleGemeentecode";"AkrKadastraleGemeentecode";"5bac73d2-8cbf-454b-8d23-692128387418";"EAID_6BA8DD14_1CC9_4669_BDCC_856B5C628D6B";"business-object";"class";"";"De door de Dienst Kadaster onderkende AKR codes voor  kadastrale gemeenten";"De door de Dienst Kadaster onderkende AKR codes voor  kadastrale gemeenten";"";"";"";"";"BRK";"";"https://gemmaonline.nl/index.php/GEMMA/id-5bac73d2-8cbf-454b-8d23-692128387418";"";"";"99 Kern > RSGBPlus";"";"09072026-00:43:48"
"61";"";"Alimentatie";"";"EAID_0CAB2134_E295_ADCD_A732_293A6ED5D9E0";"";"class";"";"";"Een persoon kan inkomsten hebben uit alimentatie.";"";"";"";"";"";"";"";"";"";"6 Sociaal Domein > Sociaal Domein Generiek";"";"09072026-00:43:48"
"62";"Ambacht";"Ambacht";"bb9de7ad-7e7e-4b87-9968-046d9bedd6ef";"EAID_54944273_F312_44b2_A78D_43488F915429";"business-object";"class";"";"Beroep waarbij een handwerker met gereedschap eindproducten maakt.";"Beroep waarbij een handwerker met gereedschap eindproducten maakt.";"";"";"";"";"";"";"https://gemmaonline.nl/index.php/GEMMA/id-bb9de7ad-7e7e-4b87-9968-046d9bedd6ef";"";"";"Erfgoed > Monumenten";"";"09072026-00:43:48"
"63";"";"Ander inkomen";"";"EAID_1A880B88_29D8_FB84_538B_293A707D1452";"";"class";"";"";"Een persoon kan inkomsten hebben uit ander inkomen.";"";"";"";"";"";"";"";"";"";"6 Sociaal Domein > Sociaal Domein Generiek";"";"09072026-00:43:48"
"64";"";"AnderZaakobjectZaak";"";"EAID_ABF8E616_8600_49e8_BD38_52F7C9FB70CA";"";"class";"";"";"Aanduiding van het object (of de objecten) waarop de ZAAK betrekking heeft indien dat object (of die objecten) niet aangeduid kan worden met de relatie ""heeft betrekking op ZAAKOBJECT"".";"";"";"";"";"";"";"";"";"";"99 Kern > RGBZPlus";"";"09072026-00:43:48"
"65";"";"Andere reden afwijkende startdatum";"";"EAID_237c7e1c_5893_475f_be3f_49b629316e1e";"";"class";"";"";"*Andere reden afwijkende startdatum* is een omschrijving van een **reden waarom de startdatum van een dienst of uitkering afwijkt van de standaard startdatum**, voor zover deze reden niet onder de standaardcategorieën valt.";"";"In het GBI-model voor *Reden aanvraag* geeft *Andere reden afwijkende startdatum* een aanvullende aanduiding van een bijzondere reden waarom de startdatum van een dienst (zoals een uitkering) niet samenvalt met de eerste melding of standaardprocedure. Dit kan situaties omvatten die niet worden gedekt door de reguliere subcategorieën (bijv. opname in een instelling, technische vertragingen of wachten op een beslissing van een andere instantie). De startdatum kan hierdoor eerder of later liggen dan de reguliere melddatum. Het objecttype zelf heeft in de GBI-ontologie geen aparte tekstuele definitie, maar volgt uit de context van *Reden afwijkende startdatum* in het model *Reden aanvraag*.";"";"";"";"";"";"";"";"Inkomen > Reden aanvraag";"";"09072026-00:43:48"
"66";"";"Andere reden verzoek";"";"EAID_1E8815BF_5BAC_6978_BF60_2791C1C96FC3";"";"class";"";"";"*Andere reden verzoek* is een categorie voor een **overige reden** waarom een aanvraag wordt gedaan die niet onder de standaard-redencategorieën valt binnen het *Reden aanvraag*-model.";"";"Binnen het GBI-Ontologiemodel *Reden aanvraag* worden standaardredenen voor een aanvraag (zoals gestopt werk, overlijdenssituaties of veranderingen in inkomenssituaties) onderscheiden. *Andere reden verzoek* omvat **restcategorieën van omstandigheden of redenen die niet expliciet in de reguliere subcategorieën zijn benoemd**, zoals vertrek uit een asielzoekerscentrum of andere bijzondere situaties die relevant zijn voor de start of aard van de aanvraag. Het dient als vangnet-categorie om onvoorziene of niet-gespecificeerde redenen op te nemen in de gegevensregistratie.";"";"";"";"";"";"";"";"Inkomen > Reden aanvraag";"";"09072026-00:43:48"
"67";"Appartementsrecht";"Appartementsrecht";"b84fbae7-cecd-4c24-96cb-427a00d862c6";"EAID_869E0A04_A663_4839_970D_7FB82DF6C317";"business-object";"class";"business-object";"Een KADASTRALE ONROERENDE ZAAK dat een aandeel is in de goederen die in de splitsing zijn betrokken, dat de bevoegdheid omvat tot het uitsluitend gebruik van bepaalde gedeelten van het gebouw die blijkens hun inrichting bestemd zijn of worden om als afzonderlijk geheel te worden gebruikt (art. 5:106 lid 4 BW).";"Een KADASTRALE ONROERENDE ZAAK dat een aandeel is in de 
goederen die in de splitsing zijn betrokken, dat de bevoegdheid omvat tot het uitsluitend gebruik van bepaalde gedeelten van het gebouw die blijkens hun inrichting bestemd zijn of worden om als afzonderlijk geheel te worden 
gebruikt (art. 5:106 lid 4 BW).";"";"Een aandeel in een recht op een gebouw en daarmee onlosmakelijk verbonden het uitsluitend gebruiksrecht van een bepaald privé-gedeelte in dat gebouw. Dat kan ook een garage of een parkeerplaats zijn. De privé-gedeelten zijn dus niet altijd woongedeelten. Een splitsing in appartementsrechten komt tot stand door inschrijving van een notariële akte van splitsing bij het kadaster. Elke splitsing in appartementsrechten kent een Vereniging van Eigenaren (VVE). Een splitsing in appartementsrechten kan worden gewijzigd. Ook kan binnen een bestaande splitsing een appartementsrecht worden ondergesplitst, d.w.z. een splitsing binnen een splitsing. Tenslotte kan een splitsing in appartementsrechten weer worden opgeheven. Voor al de genoemde rechtshandelingen is een notariële akte nodig die in de Openbare Registers moet worden ingeschreven. Zie voor de wettelijke regeling van appartementsrechten Boek 5 Burgerlijk Wetboek.";"";"";"BRK";"";"https://gemmaonline.nl/index.php/GEMMA/id-b84fbae7-cecd-4c24-96cb-427a00d862c6";"";"";"99 Kern > RSGBPlus";"";"09072026-00:43:48"
"68";"Appartementsrechtsplitsing";"Appartementsrechtsplitsing";"1b771d9e-6208-4916-86ed-a88a79cac648";"EAID_C1542AC8_2F3C_4e62_ADFA_A9FB3358DAB1";"business-object";"class";"";"Het recht op een stuk grond of op een gebouw met toebehoren op de daarbij behorende grond met toebehoren is gesplitst in appartementsrechten.";"Het recht op een stuk grond of op een gebouw met toebehoren op de daarbij behorende grond met toebehoren is gesplitst in appartementsrechten.";"";"Een appartementsrechtsplitsing is een object dat beoogt ten behoeve van een splitsing in appartementsrechten, de in de splitsing betrokken rechten administratief samen te voegen. De appartementsrechtsplitsing omvat het geheel van rechten op een of meer kadastrale objecten dat is (onder) gesplitst in appartementsrechten. Een appartementsrechtsplitsing is een hoofdsplitsing of een ondersplitsing of een splitsingafkooperfpacht.";"";"";"BRK";"";"https://gemmaonline.nl/index.php/GEMMA/id-1b771d9e-6208-4916-86ed-a88a79cac648";"";"";"99 Kern > RSGBPlus";"";"09072026-00:43:48"
"69";"Applicatie";"Applicatie";"f5c91145-fba4-47cb-aaf9-bb9c64e19a21";"EAID_A8945FD7_EA20_418e_8E7F_18F13F16E338";"business-object";"class";"business-object";"Een applicatiecomponent die gericht is op het ondersteunen van eindgebruikers.";"Een applicatiecomponent die gericht is op het ondersteunen van eindgebruikers.";"";"";"";"";"";"";"https://gemmaonline.nl/index.php/GEMMA/id-f5c91145-fba4-47cb-aaf9-bb9c64e19a21";"";"";"9 Interne Organisatie > ICT";"";"09072026-00:43:48"
"70";"";"Applicatiecategorie";"";"EAID_A030D866_E2E7_4854_ACFD_C62DB3ABDA38";"";"enumeration";"";"";"";"";"";"";"";"";"";"";"";"";"9 Interne Organisatie > ICT";"";"09072026-00:43:48"
"71";"";"Arbeidsmarktkwalificaties";"";"EAID_E771BA5B_93D4_48a0_A6FC_BEBDD18C8975";"";"class";"";"";"Een verzameling formele en informele kwalificaties, vaardigheden en eigenschappen die relevant zijn voor de inzetbaarheid van een persoon op de arbeidsmarkt.";"";"";"";"";"";"";"";"";"";"6 Sociaal Domein > Werk";"";"09072026-00:43:48"
"72";"";"Arbeidsperiode";"";"EAID_E2F30023_4E8C_44fc_8989_1E467EA8618F";"";"class";"";"";"Een aaneengesloten periode waarin een persoon arbeid heeft verricht, met begin- en einddatum.";"";"";"";"";"";"";"";"";"";"6 Sociaal Domein > Werk";"";"09072026-00:43:48"
"73";"";"Arbeidsverhouding";"";"EAID_BDC8C949_2563_45eb_9E85_866ED51B3AC4";"";"class";"";"";"Een relatie waarin sprake is van afspraken tussen een werknemer en een werkgever over het verrichten van arbeid.";"";"";"";"";"";"";"";"";"";"6 Sociaal Domein > Werk";"";"09072026-00:43:48"
"74";"";"Arbeidsvermogen";"";"EAID_F657BA3E_8B66_4b84_8036_0FA4CCC2D3CE";"";"class";"";"";"Een inschatting van wat iemand op basis van fysieke, mentale en sociale capaciteiten aan arbeid kan verrichten.";"";"";"";"";"";"";"";"";"";"6 Sociaal Domein > Werk";"";"09072026-00:43:48"
"75";"Archeologiebesluit";"Archeologiebesluit";"6df26100-0a75-447d-a8f1-5a87adeea7ef";"EAID_836E51BF_65E9_4482_B555_C9AB737D264D";"business-object";"class";"";"Een professioneel oordeel dat gebaseerd is op algemeen aanvaarde wetenschap ten aanzien van de archeologie";"Een professioneel oordeel dat gebaseerd is op algemeen aanvaarde wetenschap ten aanzien van de archeologie";"";"";"";"";"";"";"https://gemmaonline.nl/index.php/GEMMA/id-6df26100-0a75-447d-a8f1-5a87adeea7ef";"";"";"Erfgoed > Archeologie";"";"09072026-00:43:48"
"76";"Archief";"Archief";"6b072b67-e13f-422e-9e5c-068deb532aad";"EAID_E09E5B44_4D39_455a_B0A5_390A63AC0C43";"business-object";"class";"";"De bewaarplaats van belangrijke gegevens die zijn vastgelegd in documentvorm alsook de verzameling van documenten die voor een bepaald doel vervaardigd zijn.";"De bewaarplaats van belangrijke gegevens die zijn vastgelegd in documentvorm alsook de verzameling van documenten die voor een bepaald doel vervaardigd zijn.";"";"";"";"";"";"";"https://gemmaonline.nl/index.php/GEMMA/id-6b072b67-e13f-422e-9e5c-068deb532aad";"";"";"Erfgoed > Archief";"";"09072026-00:43:48"
"77";"";"Archiefcategorie";"";"EAID_66DB38CC_932D_462c_9791_C60237EA9B7A";"";"class";"";"";"Typologie van een archief conform landelijke indeling";"";"";"";"";"";"";"";"";"";"Erfgoed > Archief";"";"09072026-00:43:48"
"78";"Archiefstuk";"Archiefstuk";"7b7d7585-b081-4bcc-a39e-cf6b3803799a";"EAID_369E453B_4C3A_48dc_9619_C36232B339D9";"business-object";"class";"business-object";"Bijeengebrachte informatie, ongeacht het medium, die wordt gecreëerd, ontvangen en gearchiveerd door een bureau, een instelling, een organisatie of een individu met het oog op het nakomen van wettelijke verplichtingen of het uitvoeren van zakelijke transacties.(AAT)";"Bijeengebrachte informatie, ongeacht het medium, die wordt gecreëerd, ontvangen en gearchiveerd door een bureau, een instelling, een organisatie of een individu met het oog op het nakomen van wettelijke verplichtingen of het uitvoeren van zakelijke transacties.(AAT)";"";"";"Archiefbescheiden";"Archiefbescheiden";"";"";"https://gemmaonline.nl/index.php/GEMMA/id-7b7d7585-b081-4bcc-a39e-cf6b3803799a";"";"";"Erfgoed > Archief";"";"09072026-00:43:48"
"79";"Areaal";"Areaal";"1dc502a7-f60b-4950-92b1-9a7f8cdc471f";"EAID_9507EE24_6397_4a9c_B478_8C2899EC0BFB";"business-object";"class";"";"Het verspreidingsgebied van een een soort, een levensgemeenschap of een biotooptype.";"Het verspreidingsgebied van een een soort, een levensgemeenschap of een biotooptype.";"";"";"Verspreidingsgebied";"Verspreidingsgebied";"";"";"https://gemmaonline.nl/index.php/GEMMA/id-1dc502a7-f60b-4950-92b1-9a7f8cdc471f";"";"";"8 Volkshuisvesting, Leefomgeving en Stedelijke Vernieuwing > Beheer Openbare Ruimte";"";"09072026-00:43:48"
"80";"Artefact";"Artefact";"7f936c4f-360e-47a3-a558-1682d8cfbf1a";"EAID_2C230EE7_036D_48be_B82A_FF45598170F7";"business-object";"class";"";"De benaming voor ieder verplaatsbaar object dat door de mens is vervaardigd, bewerkt en/of gebruikt.";"De benaming voor ieder verplaatsbaar object dat door de mens is vervaardigd, bewerkt en/of gebruikt.";"";"";"artefacten, voorwerp, voorwerpen";"artefacten, voorwerp, voorwerpen";"";"";"https://gemmaonline.nl/index.php/GEMMA/id-7f936c4f-360e-47a3-a558-1682d8cfbf1a";"";"";"Erfgoed > Archeologie";"";"09072026-00:43:48"
"81";"";"Artefactsoort";"";"EAID_67CF25EB_EBB0_4185_8171_1F9DD3B5D212";"";"class";"";"";"Typering van artefacten";"";"";"";"";"";"";"";"";"";"Erfgoed > Archeologie";"";"09072026-00:43:48"
"82";"Artikel";"Artikel";"1054f6c9-2c53-4bf9-ad9f-04851ce71a4a";"EAID_F38E71BC_DDA2_4a9c_A438_C486EC4C4646";"business-object";"class";"";"Tekst die is gemaakt om gepubliceerd te worden als een onafhankelijk deel van een tijdschrift, krant, encyclopedie of ander werk";"Tekst die is gemaakt om gepubliceerd te worden als een onafhankelijk deel van een tijdschrift, krant, encyclopedie of ander werk";"";"";"";"";"";"";"https://gemmaonline.nl/index.php/GEMMA/id-1054f6c9-2c53-4bf9-ad9f-04851ce71a4a";"";"";"10 Dienstverlening";"";"09072026-00:43:48"
"83";"Asielstatushouder";"Asielstatushouder";"3991c605-2abb-4185-b7ce-1adf5966e3c7";"EAID_598F7015_C6B5_4eed_80A6_139B62324678";"business-object";"class";"business-object";"Inburgeringsplichtige met verblijfsvergunning asiel die door de gemeente wordt gekoppeld aan een inburgeringstraject.";"De Inburgeringsplichtige die rechtmatig verblijf heeft";"";"";"";"";"";"";"https://gemmaonline.nl/index.php/GEMMA/id-3991c605-2abb-4185-b7ce-1adf5966e3c7";"";"";"6 Sociaal Domein > Inburgering";"";"09072026-00:43:48"
"84";"";"Attribuutsoort";"";"EAID_8D273DE5_3529_4652_BCA1_F86B28F26017";"";"class";"";"";"Attribuutsoort – Stereotype «Attribuutsoort»: De UML-representatie van een attribuutsoort, uitgedrukt in een stereotype van UML-Property3 (metaclass).
Er zijn verschillende modelelementen die gebaseerd zijn op UML-property, zoals aangegeven in §2.1.2. Wanneer een UML-property in het informatiemodel de betekenis heeft van een attribuut van een objecttype, dan heeft deze het stereotype «Attribuutsoort».
Een attribuutsoort is een type van gelijksoortige attributen of gegevens. Daartoe kijken we eerst naar het begrip ‘gegeven’.";"";"";"";"Attribuut";"";"";"";"";"";"9 Interne Organisatie > ICT";"";"09072026-00:43:48"
"85";"Auteur";"Auteur";"3335a028-e7f5-44a7-9afc-a80ba0214eb6";"EAID_BCAFBBCD_851E_4235_9D85_88EC71F2245B";"business-object";"class";"";"De persoon die verantwoordelijk is voor de inhoud van een (digitaal) document";"De persoon die verantwoordelijk is voor de inhoud van een (digitaal) document";"";"";"";"";"";"";"https://gemmaonline.nl/index.php/GEMMA/id-3335a028-e7f5-44a7-9afc-a80ba0214eb6";"";"";"Erfgoed > Archief";"";"09072026-00:43:48"
"86";"AutoriteitAfgifteNederlandsReisdocument";"AutoriteitAfgifteNederlandsReisdocument";"18d19806-b210-4a85-ad89-52c9925008d6";"EAID_E36F8A4C_C487_40ec_9D4F_4FDF5DCED461";"business-object";"class";"";"Een opsomming van de diverse coderingen van de autoriteiten die een Nederlands reisdocument kunnen afgegeven";"Een opsomming van de diverse coderingen van de autoriteiten die een Nederlands reisdocument kunnen afgegeven";"";"";"";"";"BRP";"BRP";"https://gemmaonline.nl/index.php/GEMMA/id-18d19806-b210-4a85-ad89-52c9925008d6";"";"";"99 Kern > RSGBPlus";"";"09072026-00:43:48"
"87";"";"B1-route";"";"EAID_09D462A9_94C8_4803_A0A0_B7DB4363B45D";"";"class";"";"";"De B1-route is &#233;&#233;n van de drie leerroutes in het inburgeringsstelsel, waarbij de inburgeringsplichtige zich voorbereidt op het afleggen van het inburgeringsexamen op taalniveau B1, gericht op brede participatie in de Nederlandse samenleving en toeleiding naar arbeid.";"";"•	De B1-route is bedoeld voor inburgeringsplichtigen die voldoende leervermogen hebben om Nederlands op B1-niveau te leren (Europees Referentiekader).
	•	De route omvat onder andere taallessen, KNM (Kennis van de Nederlandse Maatschappij), en participatieactiviteiten.
	•	De gemeente stelt de leerroute vast op basis van de brede intake en de leerbaarheidstoets (zie artikelen 15 en 16 van de Wet inburgering 2021).
	•	Binnen deze route is ook ruimte voor duale trajecten waarin taalverwerving en praktijkervaring worden gecombineerd (zoals werken of vrijwilligerswerk).";"";"";"";"";"";"";"";"6 Sociaal Domein > Inburgering";"";"09072026-00:43:48"
"88";"BOA";"BOA";"7aae6aa2-cf47-491b-a0c0-a311729edcbf";"EAID_90B2A249_8D88_4a14_979F_672223D98E8C";"business-object";"class";"";"Een buitengewoon opsporingsambtenaar (boa) is een ambtenaar met een specifieke opsporingsbevoegdheid.";"Een buitengewoon opsporingsambtenaar (boa) is een ambtenaar met een specifieke opsporingsbevoegdheid.";"";"";"";"";"";"";"https://gemmaonline.nl/index.php/GEMMA2/0.9/id-7aae6aa2-cf47-491b-a0c0-a311729edcbf";"";"";"1 Veiligheid en Vergunningen";"";"09072026-00:43:48"
"89";"Bak";"Bak";"10c774ed-95dc-4186-b425-c19c187b90ff";"EAID_6B54FE2F_9897_47DA_863C_5A931E89B2D";"business-object";"class";"";"Object met een permanent karakter dat dient om iets in te bergen of te verzamelen. (bron: definities.geostandaarden.nl)
Synoniemen: Bak";"Object met een permanent karakter dat dient om iets in te bergen of te verzamelen. (bron: definities.geostandaarden.nl)
Synoniemen: Bak";"";"";"";"";"";"";"https://gemmaonline.nl/index.php/GEMMA/id-10c774ed-95dc-4186-b425-c19c187b90ff";"";"";"8 Volkshuisvesting, Leefomgeving en Stedelijke Vernieuwing > Beheer Openbare Ruimte";"";"09072026-00:43:48"
"90";"Balieafspraak";"Balieafspraak";"8fd2ff34-a208-4924-bec3-b5ee7e5e7a18";"EAID_631FEEF1_88D3_4d18_ADB2_BF999068493E";"business-object";"class";"business-object";"Balieafspraken zijn afspraken voor een klantcontact. Dit ongeacht of deze werkelijk heeft plaatsgevonden of gaat plaatsvinden, soms liggen deze in de toekomst of is iemand niet op komen dagen, of iets anders waardoor het klantcontact nog niet heeft plaatsgevonden.";"Balieafspraken zijn afspraken voor een klantcontact. Dit ongeacht of deze werkelijk heeft plaatsgevonden of gaat plaatsvinden, soms liggen deze in de toekomst of is iemand niet op komen dagen, of iets anders waardoor het klantcontact nog niet heeft plaatsgevonden.";"Dit ongeacht of deze werkelijk heeft plaatsgevonden of gaat plaatsvinden, soms liggen deze in de toekomst of is iemand niet op komen dagen, of iets anders waardoor het klantcontact nog niet heeft plaatsgevonden.";"Dit ongeacht of deze werkelijk heeft plaatsgevonden of gaat plaatsvinden, soms liggen deze in de toekomst of is iemand niet op komen dagen, of iets anders waardoor het klantcontact nog niet heeft plaatsgevonden.";"";"";"";"";"https://gemmaonline.nl/index.php/GEMMA/id-8fd2ff34-a208-4924-bec3-b5ee7e5e7a18";"";"";"10 Dienstverlening";"";"09072026-00:43:48"
"91";"Balieverkoop";"Balieverkoop";"25088983-e263-4879-8cbb-b699218df32c";"EAID_EA2D32A2_5ED5_45c8_AC33_57C35981B3BC";"business-object";"class";"";"Verkoop aan de balie";"Verkoop aan de balie";"";"";"";"";"";"";"https://gemmaonline.nl/index.php/GEMMA/id-25088983-e263-4879-8cbb-b699218df32c";"";"";"5 Sport, Cultuur en Recreatie > Musea";"";"09072026-00:43:48"
"92";"BalieverkoopEntreekaart";"Balieverkoop Entreekaart";"06763d17-6faa-4c48-b068-e781b72993e0";"EAID_90E24064_EBB7_4ffc_9640_F7C31678899F";"business-object";"class";"";"Verkoop van een entreekaart aan de balie";"Verkoop van een entreekaart aan de balie";"";"";"";"";"";"";"https://gemmaonline.nl/index.php/GEMMA/id-06763d17-6faa-4c48-b068-e781b72993e0";"";"";"5 Sport, Cultuur en Recreatie > Musea";"";"09072026-00:43:48"
"93";"";"Bank";"";"EAID_83F95133_4D59_4B1F_B5DD_6055DA2C007";"";"class";"";"";"Aaneengesloten zitplaats voor verscheidene personen, bedoeld voor openbaar gebruik en geplaatst in de openbare ruimte (vnl. in parken, plantsoenen, bossen en langs wegen).";"";"";"";"";"";"";"";"";"";"8 Volkshuisvesting, Leefomgeving en Stedelijke Vernieuwing > Beheer Openbare Ruimte";"";"09072026-00:43:48"
"94";"Bankafschrift";"Bankafschrift";"61b2020b-9264-4277-8aac-d888eeece350";"EAID_FC698CC3_7A64_4991_A751_B3B2A5DF77E3";"business-object";"class";"";"Overzicht van de bij- en afschrijvingen van een rekening";"Overzicht van de bij- en afschrijvingen van een rekening";"";"";"";"";"";"";"https://gemmaonline.nl/index.php/GEMMA/id-61b2020b-9264-4277-8aac-d888eeece350";"";"";"9 Interne Organisatie > Financien";"";"09072026-00:43:48"
"95";"";"Bankafschriftregel";"";"EAID_764CE125_55C1_480d_90BA_745484CF3FC0";"";"class";"";"";"Een item op het bankafschrift";"";"";"";"";"";"";"";"";"";"9 Interne Organisatie > Financien";"";"09072026-00:43:48"
"96";"";"Bankrekening";"";"EAID_03EFE25A_4FE5_1447_088D_262C4A161776";"";"class";"";"";"De gegevens die betrekking hebben op een bankrekening van een PERSOON of een RECHTSPERSOON.Bron: SGR 16.0We kiezen er voor om bankrekening als zelfstandig concept op te nemen, omdat het mogelijk is dat eenzelfde bankrekening gekoppeld kan zijn aan meerdere personen. Voor rechtspersonen geldt dat een bankrekening maar aan ten hoogste 1 ORGANISATORISCHE EENHEID gekoppeld kan zijn.";"";"";"";"";"";"";"";"";"";"6 Sociaal Domein > Sociaal Domein Generiek";"";"09072026-00:43:48"
"97";"Bankrekening";"Bankrekening";"a353735d-326c-48fd-9f74-0192ba6e414a";"EAID_D87012E0_D2EB_4333_AD6C_1E43E6857304";"business-object";"class";"";"Een rekening-courant bij een bank";"Een rekening-courant bij een bank";"";"";"";"";"";"";"https://gemmaonline.nl/index.php/GEMMA/id-a353735d-326c-48fd-9f74-0192ba6e414a";"";"";"9 Interne Organisatie > Financien";"";"09072026-00:43:48"
"98";"Batch";"Batch";"4499a4ec-1e22-4a1c-968a-ad3dbb7be6a1";"EAID_A784A0ED_4451_4a92_B7C8_ABE528BA898F";"business-object";"class";"";"Verzameling van posten die in het kader van automatische verwerking een logisch geheel vormen.";"Verzameling van posten die in het kader van automatische verwerking een logisch geheel vormen.";"Bijvoorbeeld alle betalingen die op een dag ter verwerking in de computers aangeboden worden.";"Bijvoorbeeld alle betalingen die op een dag ter verwerking in de computers aangeboden worden.";"";"";"";"";"https://gemmaonline.nl/index.php/GEMMA/id-4499a4ec-1e22-4a1c-968a-ad3dbb7be6a1";"";"";"9 Interne Organisatie > Financien";"";"09072026-00:43:48"
"99";"Batchregel";"Batchregel";"4abf6a6b-2045-4961-b70f-c6f664e9261c";"EAID_9F935C8B_5B7C_4ce4_9360_04A91F4F70CC";"business-object";"class";"";"Een item uit een batch";"Een item uit een batch";"";"";"";"";"";"";"https://gemmaonline.nl/index.php/GEMMA/id-4abf6a6b-2045-4961-b70f-c6f664e9261c";"";"";"9 Interne Organisatie > Financien";"";"09072026-00:43:48"
"100";"Bedrijfsproces";"Bedrijfsproces";"7e054df1-48a3-46c3-91a5-5ce10e326f9b";"EAID_EDB5D3CD_CE4D_4317_81C6_C01CC7325148";"business-object";"class";"business-object";"Reeks opeenvolgend uit te voeren activiteiten die bijdraagt aan een specifiek resultaat, zoals de levering van een product of dienst.";"Reeks opeenvolgend uit te voeren activiteiten die bijdraagt aan een specifiek resultaat, zoals de levering van een product of product of dienst.";"";"";"";"";"";"";"https://gemmaonline.nl/index.php/GEMMA/id-7e054df1-48a3-46c3-91a5-5ce10e326f9b";"";"";"99 Kern > RGBZPlus";"";"09072026-00:43:48"
"101";"";"Bedrijfsprocestype";"";"EAID_14E4AF23_21E9_412a_B78D_C208EE9F419D";"";"class";"";"";"soort Bedrijfsproces met bepaalde kenmerken";"";"";"";"";"";"";"";"";"";"99 Kern > RGBZPlus";"";"09072026-00:43:48"
"102";"";"Begeleiding";"";"EAID_A1F16832_3F28_4441_8538_74BF04A48562";"";"class";"";"";"Begeleiding voor clienten in het kader van schuldhulpdienstverlening.";"";"";"";"";"";"";"";"";"";"Schulden > Schuldhulpverlening";"";"09072026-00:43:48"
"103";"";"Begeleidingssoort";"";"EAID_158BE97A_2031_437b_A5CC_637188EB9968";"";"class";"";"";"Soort begeleiding in het kader van schuldhulpverlening";"";"";"";"";"";"";"";"";"";"Schulden > Schuldhulpverlening";"";"09072026-00:43:48"
"104";"";"BegroeidTerreindeel";"";"EAID_D872C213_09D7_4dca_A020_EA363480FC7D";"";"class";"";"";"Kleinste functioneel onafhankelijk stukje van een terrein dat er binnen het objecttype Terrein van NEN 3610 wordt onderscheiden, met aaneengesloten homogene vegetatie.";"";"";"";"";"";"";"";"";"";"99 Kern > RSGBPlus";"";"09072026-00:43:48"
"105";"Begroting";"Begroting";"87fdbae1-7e9e-46a4-8043-3d77bd5903ac";"EAID_C95CF400_8487_4ff3_B475_CA1E01EBCA78";"business-object";"class";"business-object";"Een overzicht van de verwachte ontvangsten en voorziene uitgaven voor een bepaalde (meestal toekomstige) periode zodat hier een afstemming tussen plaats kan vinden om eventuele tekorten en overschotten vroegtijdig in kaart te kunnen brengen.";"Een overzicht van de verwachte ontvangsten en voorziene uitgaven voor een bepaalde (meestal toekomstige) periode zodat hier een afstemming tussen plaats kan vinden om eventuele tekorten en overschotten vroegtijdig in kaart te kunnen brengen.";"";"";"";"";"";"";"https://gemmaonline.nl/index.php/GEMMA/id-87fdbae1-7e9e-46a4-8043-3d77bd5903ac";"";"";"9 Interne Organisatie > Financien";"";"09072026-00:43:48"
"106";"Begrotingregel";"Begrotingregel";"ecb0f96e-e66d-48fb-ade1-416366d1b18e";"EAID_87964E36_9FEE_4b8f_A053_C4EDAF000646";"business-object";"class";"";"Een item op de begroting";"Een item op de begroting";"Een begrotingsregel betreft #. een combinatie van hoofdstuk met optioneel doelstelling met optioneel product of #. een kostenplaats met 1 of meer hoofdrekeningen";"Een begrotingsregel betreft #. een combinatie van hoofdstuk met optioneel doelstelling met optioneel product of #. een kostenplaats met 1 of meer hoofdrekeningen";"";"";"";"";"https://gemmaonline.nl/index.php/GEMMA/id-ecb0f96e-e66d-48fb-ade1-416366d1b18e";"";"";"9 Interne Organisatie > Financien";"";"09072026-00:43:48"
"107";"Behandeling";"Behandeling";"924f174b-0a98-4957-b087-781f548d18bc";"EAID_1B8CF61F_3039_4fc5_A57D_B758170FCA0E";"business-object";"class";"";"Een verzameling van interventies om bepaalde behandeldoelen te bewerkstelligen.";"Een verzameling van interventies om bepaalde behandeldoelen te bewerkstelligen.";"";"";"";"";"";"";"https://gemmaonline.nl/index.php/GEMMA/id-924f174b-0a98-4957-b087-781f548d18bc";"";"";"6 Sociaal Domein > Sociale Teams";"";"09072026-00:43:48"
"108";"";"Behandelsoort";"";"EAID_4F518962_5EA3_4f56_8379_3A835FFE84CA";"";"class";"";"";"Typering van een behandeling";"";"";"";"";"";"";"";"";"";"6 Sociaal Domein > Sociale Teams";"";"09072026-00:43:48"
"109";"Beheerobject";"Beheerobject";"7866576d-8cb5-495b-a2f4-2b56393ee7b5";"EAID_E060DC30_E4F2_4794_A16E_7207032E250";"business-object";"class";"";"Verzamelobject - niveau 1";"Verzamelobject - niveau 1";"";"";"";"";"";"";"https://gemmaonline.nl/index.php/GEMMA/id-7866576d-8cb5-495b-a2f4-2b56393ee7b5";"";"";"8 Volkshuisvesting, Leefomgeving en Stedelijke Vernieuwing > Beheer Openbare Ruimte";"";"09072026-00:43:48"
"110";"";"Beheerstatus";"";"EAID_1FCBFA1B_2703_4ece_A496_EA668AEFCDCD";"";"enumeration";"";"";"";"";"";"";"";"";"";"";"";"";"9 Interne Organisatie > ICT";"";"09072026-00:43:48"
"111";"Belanghebbende";"Belanghebbende";"02f467d4-ebca-47cc-9a06-ed4d635d4462";"EAID_576642BA_9AF9_42fc_831A_F9D3138F20FC";"business-object";"class";"business-role";"De wettelijke hoedanigheid (Awb) van degene wiens belang rechtstreeks bij een besluit is betrokken.";"Een persoon wiens belang rechtstreeks bij een besluit is betrokken.";"";"";"";"";"";"";"https://gemmaonline.nl/index.php/GEMMA/id-02f467d4-ebca-47cc-9a06-ed4d635d4462";"";"";"5 Sport, Cultuur en Recreatie > Musea";"";"09072026-00:43:48"
"112";"Belijning";"Belijning";"28c55e98-3c0d-4314-9eb0-d0985b1ba564";"EAID_9E01AD8B_D856_4a58_9CE1_06C70F628350";"business-object";"class";"";"Op of in het oppervlak van de verharding aangebrachte tekens ter geleiding, waarschuwing, regeling of informatie van het verkeer";"Op of in het oppervlak van de verharding aangebrachte tekens ter geleiding, waarschuwing, regeling of informatie van het verkeer";"";"";"";"";"";"";"https://gemmaonline.nl/index.php/GEMMA/id-28c55e98-3c0d-4314-9eb0-d0985b1ba564";"";"";"5 Sport, Cultuur en Recreatie > Sport";"";"09072026-00:43:48"
"113";"Belprovider";"Belprovider";"59bf814b-1020-4906-978b-ca22af2eecc0";"EAID_6C283ABA_C1A3_465b_B267_39E75D06E41F";"business-object";"class";"";"Leverancier of dienstverlener van modiele beldiensten";"Leverancier of dienstverlener van modiele beldiensten";"";"";"";"";"";"";"https://gemmaonline.nl/index.php/GEMMA/id-59bf814b-1020-4906-978b-ca22af2eecc0";"";"";"2 Verkeer, Vervoer en Waterstaat > Parkeren";"";"09072026-00:43:48"
"114";"";"Bemalingsgebied";"";"EAID_A1EE11DF_4EEA_409A_8E43_F108DC0BF96";"";"class";"";"";"Een rioleringsgebied waaruit het afvalwater door een gemaal wordt verwijderd.
Toelichting: Een rioleringsgebied waaruit het afvalwater door een gemaal wordt verwijderd";"";"";"";"";"";"";"";"";"";"8 Volkshuisvesting, Leefomgeving en Stedelijke Vernieuwing > Beheer Openbare Ruimte";"";"09072026-00:43:48"
"115";"";"Bemiddelingsactiviteit";"";"EAID_7F16F190_CC44_4550_A677_7BFEC6D34E64";"";"class";"";"";"Een activiteit in het kader van arbeidstoeleiding waarbij de gemeente of uitvoeringsinstantie gericht handelt om de persoon in contact te brengen met een werkgever of werkplek.";"";"";"";"";"";"";"";"";"";"6 Sociaal Domein > Werk";"";"09072026-00:43:48"
"116";"";"Bemiddelingsberoep";"";"EAID_E2147AA5_89F8_4a59_A8F2_558AA872037F";"";"class";"";"";"Het beoogde beroep waarvoor een persoon wordt begeleid of bemiddeld in een traject.";"";"";"";"";"";"";"";"";"";"6 Sociaal Domein > Werk";"";"09072026-00:43:48"
"117";"";"Bemiddelingstraject";"";"EAID_1C180C62_5B5E_45b4_BB94_F44454D11BDE";"";"class";"";"";"Een traject waarin een persoon begeleid wordt naar passend werk, bijvoorbeeld door een gemeente of uitvoeringsinstantie.";"";"";"";"";"";"";"";"";"";"6 Sociaal Domein > Werk";"";"09072026-00:43:48"
"118";"BenoemdObject";"BenoemdObject";"13ad6d22-52ce-4439-9eed-200245c3a498";"EAID_3E9E08B7_574E_43dc_8D93_251BFA8F8D75";"business-object";"class";"";"Een GEBOUWD OBJECT of een BENOEMD TERREIN";"Een GEBOUWD OBJECT of een BENOEMD TERREIN";"";"Het objecttype betreft alle objecten die van een, al dan niet authentieke, nummeraanduiding voorzien worden. Anders gezegd, alle objecten ‘met een adres’. Het is aldus de generalisatie van zowel GEBOUWD OBJECT en BENOEMD TERREIN en daarmee tevens van alle specialisaties van deze objecttypen, met name VERBLIJFSOBJECT, OVERIG BOUWWERK, STANDPLAATS, LIGPLAATS en OVERIG BENOEMD TERREIN.";"";"";"KING";"";"https://gemmaonline.nl/index.php/GEMMA/id-13ad6d22-52ce-4439-9eed-200245c3a498";"";"";"99 Kern > RSGBPlus";"";"09072026-00:43:48"
"119";"BenoemdTerrein";"BenoemdTerrein";"c0361a4b-968e-477e-b81c-ee26a5aa0543";"EAID_73F1C4A1_481E_4052_A372_1A0895ED1295";"business-object";"class";"";"Een STANDPLAATS, LIGPLAATS, of een OVERIG BENOEMD TERREIN.";"Een STANDPLAATS, LIGPLAATS, of een OVERIG BENOEMD TERREIN.";"";"Een benoemd terrein is de groepering van de authentieke stand- en ligplaatsen en de overige benoemde terreinen en modelleert daarmee de terreinen op het niveau van stand- en ligplaatsen en daarmee vergelijkbare onbe- en ongebouwde objecten voor zover dat door de gemeente als relevant wordt gezien. Het gaat daarbij om terreinen met een verblijfsfunctie, naar analogie van de stand- en ligplaatsen, zijnde geen stand- en ligplaatsen en waarvan de vindbaarheid in het maatschappelijk verkeer op basis van een officieel adres dringend gewenst is.
De minimale verzameling is die van de stand- en ligplaatsen; een gemeente kan daaraan toevoegen andere (overige) benoemde terreinen. Een BENOEMD TERREIN is een specialisatie van BENOEMD OBJECT.";"";"";"Door KING toegevoegd objecttype (maakt geen deel uit van enige basisregistratie).";"Door KING toegevoegd objecttype (maakt geen deel uit van enige basisregistratie).";"https://gemmaonline.nl/index.php/GEMMA/id-c0361a4b-968e-477e-b81c-ee26a5aa0543";"";"";"99 Kern > RSGBPlus";"";"09072026-00:43:48"
"120";"Beoordeling";"Beoordeling";"2f8612e6-df55-40f2-a8d1-e51b22b5cf9d";"EAID_2A0CC803_9017_4fad_99B5_9347623090F5";"business-object";"class";"business-object";"Beoordeling is het oordeel van de professional over het functioneren van een leerling";"Beoordeling is het oordeel van de professional over het functioneren van een leerling";"";"";"";"";"";"";"https://gemmaonline.nl/index.php/GEMMA/id-2f8612e6-df55-40f2-a8d1-e51b22b5cf9d";"";"Planningsgesprek, Functioneringsgesprek, Beoordelingsgesprek";"9 Interne Organisatie > HR";"";"09072026-00:43:48"
"121";"";"BeoordelingAanvraagVerlenging";"";"EAID_ACBF6B07_C3E2_466f_B2B4_A65657A365BE";"";"enumeration";"";"";"";"";"<memo>";"";"";"";"";"";"";"";"6 Sociaal Domein > Inburgering";"";"09072026-00:43:48"
"122";"";"Beoordelingsoort";"";"EAID_3B4D2D66_B801_42a8_A3FB_CC4A29FF8320";"";"enumeration";"";"";"";"";"";"";"";"";"";"";"";"";"1 Veiligheid en Vergunningen";"";"09072026-00:43:48"
"123";"Beperking";"Beperking";"b883410b-ba90-45a0-a9f0-f16b8e1fa9ac";"EAID_F110608E_9C6A_4d66_BDCB_F4B2465E3CFD";"business-object";"class";"";"Een stoornis of conditie ‚ lichamelijk, zintuiglijk en-of geestelijk ‚ die een normaal maatschappelijk functioneren belemmert en nadelige sociale gevolgen met zich meebrengt.";"Een stoornis of conditie ‚ lichamelijk, zintuiglijk en-of geestelijk ‚ die een normaal maatschappelijk functioneren belemmert en nadelige sociale gevolgen met zich meebrengt.";"";"";"";"";"";"";"https://gemmaonline.nl/index.php/GEMMA/id-b883410b-ba90-45a0-a9f0-f16b8e1fa9ac";"";"";"6 Sociaal Domein > Generiek Jeugd en Wmo";"";"09072026-00:43:48"
"124";"";"Beperkingscategorie";"";"EAID_4E835898_6623_457f_99B4_C688D465F720";"";"class";"";"";"Een categorisering van beperkingen";"";"";"";"";"";"";"";"";"";"6 Sociaal Domein > Generiek Jeugd en Wmo";"";"09072026-00:43:48"
"125";"Beperkingscore";"Beperkingscore";"8d15d21d-4e39-4dcb-b9f7-be128f6b324a";"EAID_5EDE0349_8865_4b90_9A18_235C5AA660C4";"business-object";"class";"";"Getalsmatige duiding van een beperking";"Getalsmatige duiding van een beperking";"";"";"";"";"";"";"https://gemmaonline.nl/index.php/GEMMA/id-8d15d21d-4e39-4dcb-b9f7-be128f6b324a";"";"";"6 Sociaal Domein > Generiek Jeugd en Wmo";"";"09072026-00:43:48"
"126";"";"Beperkingscoresoort";"";"EAID_6B63630A_8A30_454d_B8C4_252D4C30A3BF";"";"class";"";"";"Typering van beperkingscores";"";"";"";"";"";"";"";"";"";"6 Sociaal Domein > Generiek Jeugd en Wmo";"";"09072026-00:43:48"
"127";"";"Beperkingsgebied";"";"EAID_E93E03EF_259F_4bda_A875_A0E60CB18E89";"";"class";"";"";"Een bij of krachtens de wet aangewezen gebied, waar vanwege de aanwezigheid van een werk of object regels gelden, ten aanzien van het beperken van activiteiten die gevolgen hebben of kunnen hebben voor dat werk of object.";"";"Voorbeeld: een luchthaven, een spoorweg of een snelweg, een waterstaatswerk. Op de weg geldt bijvoorbeeld een snelheidsbeperking of een inhaalverbod. De regels hieromtrent zijn vaak landelijk vastgesteld, maar de gebieden waarvoor deze regels gelden worde";"";"Beperkingengebied";"";"";"";"";"";"8 Volkshuisvesting, Leefomgeving en Stedelijke Vernieuwing > Omgevingswet";"";"09072026-00:43:48"
"128";"Bergingsbassin";"Bergingsbassin";"";"EAID_55C683B9_3F66_4E21_B0C1_66E664837CA";"";"class";"business-object";"Gesloten reservoir achter een overstortconstructie voor tijdelijke opvang en bezinking van overstortwater.";"Een gesloten reservoir waarin het afvalwater tijdelijk wordt opgevangen
Synoniemen: Retentiebassin, bufferbassin";"";"";"";"";"";"";"";"";"";"8 Volkshuisvesting, Leefomgeving en Stedelijke Vernieuwing > Beheer Openbare Ruimte";"";"09072026-00:43:48"
"129";"Monument";"Beschermde Status";"4ebf7f05-0ff1-4d2e-aa62-879be7565dd7";"EAID_32C02923_EE3A_4553_B94B_31E0C273A829";"business-object";"class";"business-object";"Onroerende zaak met formeel vastgestelde cultuurhistorische waarde, beschermd op grond van een aanwijzingsbesluit door Rijk, provincie of gemeente en ingeschreven in het betreffende erfgoedregister.";"Status van de bescherming van een monument. Een monument / erfgoed is een overblijfsel van kunst, cultuur, architectuur of nijverheid dat van algemeen belang wordt geacht vanwege de historische, volkskundige, artistieke, wetenschappelijke, industrieel-archeologische of andere sociaal-culturele waarde. Vormen van monument / erfgoed met de status rijks- provinciaal- of gemeentelijke monument / erfgoed zijn beschermd op grond van een besluit van respectievelijk het Ministerie OCW, de provincie of de gemeente,";"";"";"";"";"";"";"https://gemmaonline.nl/index.php/GEMMA/id-4ebf7f05-0ff1-4d2e-aa62-879be7565dd7";"";"kerkgebouw, beschermd stadsgezicht, synagoge, klooster, woonhuis, verdedigingswerk, openbare ruimte, luidklok";"Erfgoed > Monumenten";"";"09072026-00:43:48"
"130";"";"BeschikbaarVoorArbeid";"";"EAID_A0F5CBE4_67D2_47bb_9CE9_B104E7093D12";"";"class";"";"";"Een indicatie of iemand op dit moment inzetbaar is voor arbeid, los van begeleiding of ondersteuning.";"";"";"";"";"";"";"";"";"";"6 Sociaal Domein > Werk";"";"09072026-00:43:48"
"131";"";"BeschikbaarVoorBemiddeling";"";"EAID_1F4F46AC_825C_46c7_A417_BFA6775FF3D9";"";"class";"";"";"Een indicatie dat een persoon beschikbaar is voor bemiddeling richting arbeid, waarbij wordt gekeken naar inzetbaarheid, bereidheid en eventuele beperkingen.";"";"";"";"";"";"";"";"";"";"6 Sociaal Domein > Werk";"";"09072026-00:43:48"
"132";"Beschikking";"Beschikking";"c481e8b8-f7d7-4979-b767-ebf2a9b04712";"EAID_71D7E96D_641A_4b6a_A325_DED07C3B5836";"business-object";"class";"business-object";"Formeel besluit van de gemeente op een aanvraag of melding voor ondersteuning onder de Wmo of Jeugdwet, met rechtsgevolgen voor de cliënt.";"In het bestuursrecht: Een beslissing van een overheidsorgaan in een concreet geval, bijvoorbeeld het verlenen van een bouwvergunning. In het civiele recht: een rechterlijke uitspraak in een procedure die begint met een verzoekschrift.";"";"";"";"";"";"";"https://gemmaonline.nl/index.php/GEMMA/id-c481e8b8-f7d7-4979-b767-ebf2a9b04712";"";"";"6 Sociaal Domein > Generiek Jeugd en Wmo";"";"09072026-00:43:48"
"133";"Beschikking";"Beschikking";"";"EAID_16ABCFF8_4817_6A73_59BA_281C3303F8D2";"";"class";"business-object";"Formeel besluit van de gemeente op een aanvraag of melding voor ondersteuning onder de Wmo of Jeugdwet, met rechtsgevolgen voor de cliënt.";"Een voor beroep vatbaar overheidsbesluit. Veelal de op schrift gestelde juridische motivering van de beslissing, met vermelding van de bezwaar en beroepsmogelijkheden.";"";"";"";"";"";"";"";"";"";"Inkomen > Diensten";"";"09072026-00:43:48"
"134";"Beschikking Leerlingenvervoer";"Beschikking Leerlingenvervoer";"3f048a6b-523c-4e8e-a581-0fcc089f1ec6";"EAID_81870665_768C_4fb2_8A4F_A9CB7989C884";"business-object";"class";"business-object";"Een formeel besluit dat genomen wordt door een bevoegde instantie over het al dan niet toekennen van leerlingenvervoer aan een bepaalde leerling.";"Een formeel besluit dat genomen wordt door een bevoegde instantie over het al dan niet toekennen van leerlingenvervoer aan een bepaalde leerling.";"";"";"";"";"";"";"https://gemmaonline.nl/index.php/GEMMA/id-3f048a6b-523c-4e8e-a581-0fcc089f1ec6";"";"";"4 Onderwijs > Leerplicht en Leerlingenvervoer";"";"09072026-00:43:48"
"135";"";"Beschikkingsoort";"";"EAID_FD14E04F_26A1_42ba_8E47_5F43AF539877";"";"class";"";"";"Typering van een beschikking";"";"";"";"";"";"";"";"";"";"6 Sociaal Domein > Generiek Jeugd en Wmo";"";"09072026-00:43:48"
"136";"BeschikteVoorziening";"Beschikte Voorziening";"38610e76-2c3e-429a-b30b-1fd21f05c8fc";"EAID_975C3DA3_930A_49d8_B54F_2A560DC2AD5A";"business-object";"class";"";"Een voorziening waarover een beschikking is gedaan.";"Een voorziening waarover een beschikking is gedaan.";"";"";"";"";"";"";"https://gemmaonline.nl/index.php/GEMMA/id-38610e76-2c3e-429a-b30b-1fd21f05c8fc";"";"";"6 Sociaal Domein > Generiek Jeugd en Wmo";"";"09072026-00:43:48"
"137";"";"Beslag op inkomen";"";"EAID_95cf7a63_ea13_4ab8_965b_51cdbb68fc29";"";"class";"";"";"Beslag op inkomen";"";"";"";"";"";"";"";"";"";"6 Sociaal Domein > Sociaal Domein Generiek";"";"09072026-00:43:48"
"138";"Beslissing";"Beslissing";"1855a91d-d82d-4544-a51b-7110776a9de1";"EAID_B65280CD_3429_4966_AD2D_CB3EE76EE2E8";"business-object";"class";"";"Selectie van een voorstelbare werkelijkheid (voorkeursvariant) uit een aantal mogelijke werkelijkheden (varianten) op basis van een verzameling van criteria.";"Selectie van een voorstelbare werkelijkheid (voorkeursvariant) uit een aantal mogelijke werkelijkheden (varianten) op basis van een verzameling van criteria.";"";"";"Besluit";"Besluit";"";"";"https://gemmaonline.nl/index.php/GEMMA/id-1855a91d-d82d-4544-a51b-7110776a9de1";"";"";"4 Onderwijs > Leerplicht en Leerlingenvervoer";"";"09072026-00:43:48"
"139";"Besluit";"Besluit";"";"EAID_0CA08ED2_6990_8292_BBC7_281C33037374";"";"class";"business-object";"Een na overweging of beraadslaging vastgestelde beslissing voor een individueel of concreet geval.";"Een na overweging of beraadslaging vastgestelde beslissing voor een individueel of concreet geval.";"";"";"";"";"";"";"";"";"";"Inkomen > Diensten";"";"09072026-00:43:48"
"140";"Besluit";"Besluit";"10d36920-683f-4cb4-84bf-b00ac045674f";"EAID_AFB100D2_8C68_4488_8949_13E945D15920";"business-object";"class";"business-object";"Een na overweging of beraadslaging vastgestelde beslissing voor een individueel of concreet geval.";"Een na overweging of beraadslaging vastgestelde beslissing voor een individueel of concreet geval.";"";"";"";"";"";"";"https://gemmaonline.nl/index.php/GEMMA/id-10d36920-683f-4cb4-84bf-b00ac045674f";"";"";"99 Kern > RGBZPlus";"";"09072026-00:43:48"
"141";"";"Besluittype";"";"EAID_922D3938_A0EA_42bf_9EFC_23A6A236AF9B";"";"class";"";"";"Generieke aanduiding van de aard van een besluit";"";"";"";"";"";"";"";"";"";"99 Kern > RGBZPlus";"";"09072026-00:43:48"
"142";"";"Betaalcomponent";"";"EAID_1D10018E_888E_945B_4A20_293102BE4D4C";"";"class";"";"";"Een rechtmaand kan door de tijd heen door correcties meerdere betaalcomponenten krijgen. Met de betaalcomponent leg je vast welk bedrag op welke boekingsdatum is betaald in het kader van de rechtmaand.Deze administratie is noodzakelijk omdat moet kunnen worden bepaald welk deel in de terugvordering bruto en welke netto moet worden teruggevorderd.";"";"";"";"";"";"";"";"";"";"Inkomen > Terug- en invordering";"";"09072026-00:43:48"
"143";"";"Betaald werk";"";"EAID_0624AE2E_52A2_7A26_ECA8_293A6E0F09FE";"";"class";"";"";"Een persoon kan inkomsten hebben uit betaald werk.";"";"";"";"";"";"";"";"";"";"6 Sociaal Domein > Sociaal Domein Generiek";"";"09072026-00:43:48"
"144";"";"Betaalmoment";"";"EAID_E403A215_A367_4eef_8716_075AF54388D0";"";"class";"";"";"Moment waarop er een bepaald deel van de subsidie betaald moet worden.";"";"";"";"";"";"";"";"";"";"9 Interne Organisatie > Subsidies";"";"09072026-00:43:48"
"145";"Betaling";"Betaling";"8cec89b8-6174-42ac-937f-9500bfb8901b";"EAID_FC488929_8721_402f_A073_1DFDB76A816E";"business-object";"class";"business-object";"Het overboeken of ontvangen van geld in het kader van een zaak — leges, heffingen of andere betalingen gerelateerd aan gemeentelijke dienstverlening.";"het onderhandigen of overboeken van geld in ruil voor goed of dienst";"";"";"";"";"";"";"https://gemmaonline.nl/index.php/GEMMA/id-8cec89b8-6174-42ac-937f-9500bfb8901b";"";"";"99 Kern > RGBZPlus";"";"09072026-00:43:48"
"146";"";"Betalingsblokkade";"";"EAID_24BA1E4E_CF1D_B8E9_E3C3_281C33039A81";"";"class";"";"";"Als de dienst een uitkering betreft, die periodiek wordt uitgekeerd, kan om redenen de betaling worden geblokkeerd. De belatingsblokkade wordt opgenomen bij de dienst, die wordt genten door de persoon.";"";"";"";"";"";"";"";"";"";"Inkomen > Diensten";"";"09072026-00:43:48"
"147";"Betrokkene";"Betrokkene";"62c91622-cc32-4560-8427-d00101f4847e";"EAID_16FB8171_A9ED_4027_A663_C035509501C8";"business-object";"class";"";"Een SUBJECT, zijnde een NATUURLIJK PERSOON, NIET-NATUURLIJK PERSOON of VESTIGING, ORGANISATORISCHE EENHEID (binnen een vestiging van de zaak-behandelende niet-natuurlijk persoon), of MEDEWERKER (van die organisatorische eenheid) die een rol kan spelen bij";"Een SUBJECT, zijnde een NATUURLIJK PERSOON, NIET-NATUURLIJK PERSOON of VESTIGING, ORGANISATORISCHE EENHEID (binnen een vestiging van de zaak-behandelende niet-natuurlijk persoon), of MEDEWERKER (van die organisatorische eenheid) die een rol kan spelen bij een ZAAK.";"";"";"";"";"";"";"https://gemmaonline.nl/index.php/GEMMA/id-62c91622-cc32-4560-8427-d00101f4847e";"";"";"99 Kern > RGBZPlus";"";"09072026-00:43:48"
"148";"Bevinding";"Bevinding";"";"EAID_ED0D0224_0A30_435b_AB25_87FDA8DF4078";"";"class";"business-object";"Een bevinding is de uitkomst van een waarneming of onderzoek die aangeeft wat is geconstateerd bij beoordeling of inspectie.";"Een *bevinding* is de uitkomst van een waarneming of onderzoek die aangeeft wat is geconstateerd bij beoordeling of inspectie.";"";"In algemene en bestuurlijke contexten verwijst *bevinding* naar wat er naar voren komt uit onderzoek, inspectie of waarneming, bijvoorbeeld tijdens een controle, audit of beoordeling van een situatie. Het is het resultaat dat aangeeft wat er feitelijk is geconstateerd of waargenomen, en vormt vaak de basis voor conclusies, adviezen of vervolgacties.";"";"";"";"";"";"";"";"1 Veiligheid en Vergunningen";"";"09072026-00:43:48"
"149";"Bevoegd Gezag";"Bevoegd Gezag";"20697824-84fa-412e-8ea6-aa68a474c016";"EAID_FB771E02_8FE3_496b_B99B_CF4A496A7B80";"business-object";"class";"business-actor";"Bestuursorgaan dat bevoegd is tot het geven van een beschikking of het nemen van een ander besluit.";"Bestuursorgaan dat bevoegd is tot het geven van een beschikking of het nemen van een ander besluit.";"";"";"";"";"";"";"https://gemmaonline.nl/index.php/GEMMA/id-20697824-84fa-412e-8ea6-aa68a474c016";"";"";"8 Volkshuisvesting, Leefomgeving en Stedelijke Vernieuwing > Omgevingswet";"";"09072026-00:43:48"
"150";"Bezetting";"Bezetting";"f79e21a0-261c-4897-822c-d376a4cc0629";"EAID_D9F56210_BF72_42e4_A1BC_AD7F683D55A0";"business-object";"class";"";"Aantal deelnemers aan een activiteit";"Aantal deelnemers aan een activiteit";"";"";"";"";"";"";"https://gemmaonline.nl/index.php/GEMMA/id-f79e21a0-261c-4897-822c-d376a4cc0629";"";"";"5 Sport, Cultuur en Recreatie > Sport";"";"09072026-00:43:48"
"151";"Bezoeker";"Bezoeker";"b8e4973e-2137-4bc5-8dc0-60041201a8aa";"EAID_066C9C37_0FAF_4239_8D7D_B7EBE42E4918";"business-object";"class";"";"Een persoon die iemand of iets bezoekt.";"Een persoon die iemand of iets bezoekt.";"";"";"";"";"";"";"https://gemmaonline.nl/index.php/GEMMA/id-b8e4973e-2137-4bc5-8dc0-60041201a8aa";"";"";"Erfgoed > Archief";"";"09072026-00:43:48"
"152";"Bijzonderheid";"Bijzonderheid";"47f7a086-43f4-4112-8a82-13d15ab3d12c";"EAID_77A962E5_889A_4af6_ADFD_37C3EE8C48F0";"business-object";"class";"";"Kenmerkende eigenschap";"Kenmerkende eigenschap";"";"";"";"";"";"";"https://gemmaonline.nl/index.php/GEMMA/id-47f7a086-43f4-4112-8a82-13d15ab3d12c";"";"";"6 Sociaal Domein > Sociale Teams";"";"09072026-00:43:48"
"153";"";"Bijzonderheidsoort";"";"EAID_03BB6341_7C3E_4a4b_9207_6A2EB9D116FE";"";"class";"";"";"Typering van een bijzonderheid";"";"";"";"";"";"";"";"";"";"6 Sociaal Domein > Sociale Teams";"";"09072026-00:43:48"
"154";"";"BinnenlandsAdres";"";"EAID_B7ABBC0B_7686_FEF4_AB14_1E9E649A722C";"";"class";"";"";"De adresaanduiding van het WOZ-OBJECT";"";"";"";"";"";"";"";"";"";"99 Kern > BAG";"";"09072026-00:43:48"
"155";"Binnenlocatie";"Binnenlocatie";"cda4149f-f0a0-44d9-b893-25bcce04d20d";"EAID_6508657D_7C3F_4261_B647_5D3B077A20F9";"business-object";"class";"business-object";"Binnensportaccommodatie zoals een sporthal of gymzaal, met eigen capaciteitsberekening en bezettingsgraad.";"Locatie binnen een gebouw";"";"";"";"";"";"";"https://gemmaonline.nl/index.php/GEMMA/id-cda4149f-f0a0-44d9-b893-25bcce04d20d";"";"sporthal, gymzaal";"5 Sport, Cultuur en Recreatie > Sport";"";"09072026-00:43:48"
"156";"";"Boete";"";"EAID_05E49616_803F_4C1B_9663_262C4A191DF9";"";"class";"";"";"Een boete is de uitkomst van een onderzoek naar rechtmatigheid. Dit leidt in principe tot een terug te vorderen bedrag. Er is voor gekozen om dit als aparte klasse te modelleren en niet als typering van een vordering, omdat we dit gegeven ook willen gebruiken bij risicoprofilering. Als de vordering niet (meer) bestaat, zou dit gegeven daarmee niet beschikbaar zijn.Daarnaast kan dit ook helpen bij het vastleggen van een boete van een poging tot fraude (zonder financiele consequenties, waardoor geen vordering is ontstaan. (tijdig ondekte valsheid in geschifte e.d.).Bij bedragen hoger dan 50.000 euro, wordt aangifte van fraude gedaan en volgt strafrechtelijk onderzoek.Feitelijk is het uitgangspunt bij het opleggen van een boete dat er altijd sprake is van opzet. Daarom is een apart gegeven Fraude niet opgenomen.";"";"";"";"";"";"";"";"";"";"Inkomen > Normafwijking";"";"09072026-00:43:48"
"157";"";"Boetevordering";"";"EAID_173D0C11_3C5E_8344_BE5E_293122950DAC";"";"class";"";"";"Een vordering is een eis op een persoon, zeg debiteur, die een zeker bedrag terug moet betalen aan de gemeente. Vorderingen die zijn ingesteld omdat er een boete vanwege een overtreding van de inlichtingenplicht is opgelegd.  De oorzaak van een vordering is velerlei, Zie daarvoor de categorie-indeling.Vorderingen kunnen uit meerdere componenten bestaan.Vorderingen kunnen ook onderling in relatie staan, bijvoorbeeld: Een opgelegde boete wegens het schenden van de inlichtingenplicht heeft een relatie met een verwijtbare vordering.Deze type vordering zijn als verbijzonderingen opgenomen, opdat deze relaties expliciet kunnen worden gelegd.";"";"";"";"";"";"";"";"";"";"Inkomen > Terug- en invordering";"";"09072026-00:43:48"
"158";"";"Boolean";"";"EAID_E44C5FB6_67AB_4efe_B3F0_C6AFE5B6192F";"";"enumeration";"";"";"";"";"<memo>";"";"";"";"";"";"";"";"99 Kern > BAG";"";"09072026-00:43:48"
"159";"";"Boolean";"";"EAID_9BD0FBCB_1A9E_4cab_9280_0EBC428E38F7";"";"enumeration";"";"";"";"";"";"";"";"";"";"";"";"";"99 Kern > RSGBPlus";"";"09072026-00:43:48"
"160";"Boom";"Boom";"";"EAID_83A942F7_5291_42F0_AFB1_9A57D0FB2F1";"";"class";"business-object";"Een houtachtig gewas (loofboom of conifeer) met een wortelgestel en een enkele, stevige, houtige stam, die zich boven de grond vertakt. Toelichting: Een houtachtig gewas (loofboom of conifeer) met een wortelgestel en een enkele, stevige, houtige stam, die zich boven de grond vertakt.";"Een houtachtig gewas (loofboom of conifeer) met een wortelgestel en een enkele, stevige, houtige stam, die zich boven de grond vertakt.
Toelichting: Een houtachtig gewas (loofboom of conifeer) met een wortelgestel en een enkele, stevige, houtige stam, die zich boven de grond vertakt.";"";"";"";"";"";"";"";"";"";"8 Volkshuisvesting, Leefomgeving en Stedelijke Vernieuwing > Beheer Openbare Ruimte";"";"09072026-00:43:48"
"161";"Bord";"Bord";"4cf7e8b5-f178-409c-859e-d7ce7a04e222";"EAID_40BD01ED_180A_4644_AB10_4C94C891A45";"business-object";"class";"";"Paneel waarop (statische) informatie wordt afgebeeld, verwoord in tekst, pictogram of code.";"Paneel waarop (statische) informatie wordt afgebeeld, verwoord in tekst, pictogram of code.";"";"";"";"";"";"";"https://gemmaonline.nl/index.php/GEMMA/id-4cf7e8b5-f178-409c-859e-d7ce7a04e222";"";"";"8 Volkshuisvesting, Leefomgeving en Stedelijke Vernieuwing > Beheer Openbare Ruimte";"";"09072026-00:43:48"
"162";"Bouwactiviteit";"Bouwactiviteit";"2b2319c1-d5b9-43c6-87cb-43bb194c65c6";"EAID_4AD539EC_A308_43da_B025_17A1647303F3";"business-object";"class";"";"Het bouwen van een bouwwerk.";"Het bouwen van een bouwwerk.";"";"";"";"";"";"";"https://gemmaonline.nl/index.php/GEMMA/id-2b2319c1-d5b9-43c6-87cb-43bb194c65c6";"";"";"Erfgoed > Monumenten";"";"09072026-00:43:48"
"163";"";"Bouwdeel";"";"EAID_9A739672_6084_4c05_A13E_59DB13551E58";"";"class";"";"";"Zelfstandig en aanwijsbaar deel van een element, onderscheiden naar samenstelling of constructiewijze, bestaande uit één of meer componenten waaraan technische eigenschappen en een onderhoudshistorie kunnen worden gerelateerd (bron: Conditiemeting gebouwde omgeving - Deel 1: Methodiek, code: 3.3)";"";"";"";"";"";"";"";"";"";"9 Interne Organisatie > Vastgoed";"";"09072026-00:43:48"
"164";"";"Bouwdeelelement";"";"EAID_BE147761_326E_4859_9366_5157CE865EC1";"";"class";"";"";"Onderdeeel van een bouwdeel";"";"";"";"";"";"";"";"";"";"9 Interne Organisatie > Vastgoed";"";"09072026-00:43:48"
"165";"Bouwstijl";"Bouwstijl";"b46a0ac4-5d5a-430a-be26-9b40cc3bb7af";"EAID_8C0888C9_7B2E_4fcb_AEFF_E1733875CDCA";"business-object";"class";"";"Trant van bouwen met bepaalde kenmerken in een bepaalde periode. In de betrokken tijdperken waren het geen levende voorstellingen; het zijn later geformuleerde (generaliserende) geschiedkundige constructies. Doelbewust komt deze tendens op sedert c. 1830.";"Trant van bouwen met bepaalde kenmerken in een bepaalde periode. In de betrokken tijdperken waren het geen levende voorstellingen; het zijn later geformuleerde (generaliserende) geschiedkundige constructies. Doelbewust komt deze tendens op sedert c. 1830. (Haslinghuis)";"";"";"";"";"";"";"https://gemmaonline.nl/index.php/GEMMA/id-b46a0ac4-5d5a-430a-be26-9b40cc3bb7af";"";"";"Erfgoed > Monumenten";"";"09072026-00:43:48"
"166";"";"Bouwtype";"";"EAID_5E9DAFBB_C9B5_4706_A43D_07AD4979DED4";"";"class";"";"";"Typering van een bouwstijl";"";"";"";"";"";"";"";"";"";"Erfgoed > Monumenten";"";"09072026-00:43:48"
"167";"Bouwwerk";"Bouwwerk";"07e99170-0c7d-414a-b64e-85375a9e1c9b";"EAID_FFA16BB2_FA5A_49F1_B3E8_794499B0278";"business-object";"class";"";"Met de aarde verbonden duurzaam bouwwerk, dat niet valt onder de definities van een pand of kunstwerk  (bron: definities.geostandaarden.nl)";"Met de aarde verbonden duurzaam bouwwerk, dat niet valt onder de definities van een pand of kunstwerk  (bron: definities.geostandaarden.nl)";"";"";"";"";"";"";"https://gemmaonline.nl/index.php/GEMMA/id-07e99170-0c7d-414a-b64e-85375a9e1c9b";"";"";"8 Volkshuisvesting, Leefomgeving en Stedelijke Vernieuwing > Beheer Openbare Ruimte";"";"09072026-00:43:48"
"168";"Brede Intake";"Brede Intake";"2d7f4231-96e8-4424-a656-c52473ea36dc";"EAID_8B394DCE_C3C4_4262_9460_8EF130E90D83";"business-object";"class";"business-object";"Gestructureerd gesprek waarin de gemeente samen met de inburgeraar diens leefsituatie, vaardigheden en ondersteuningsbehoefte in kaart brengt.";"De Brede Intake in het sociaal domein is een gestructureerd proces waarbij een hulpverlener samen met een inwoner diens situatie, behoeften, en problemen in kaart brengt om tot een integraal beeld te komen van wat nodig is om passende ondersteuning te bieden. Hierbij wordt niet alleen gekeken naar specifieke hulpvragen, zoals schulden of werkloosheid, maar ook naar onderliggende factoren, zoals gezondheidsproblemen, woonsituatie, en sociaal netwerk. Het doel is om vanuit een holistisch perspectief samenhangende oplossingen te vinden en de inwoner te ondersteunen bij het versterken van zelfredzaamheid en participatie.";"";"";"";"";"";"";"https://gemmaonline.nl/index.php/GEMMA/id-2d7f4231-96e8-4424-a656-c52473ea36dc";"";"";"6 Sociaal Domein > Inburgering";"";"09072026-00:43:48"
"169";"Briefadres";"Briefadres";"af282ab4-d6c4-4a5f-8126-db9b70cff048";"EAID_3015DCE3_7C05_4160_A717_533553258C15";"business-object";"class";"";"";"Een briefadres is een adres waar door de overheid verzonden stukken voor een persoon in ontvangst wordt genomen.";"";"";"";"";"";"";"https://gemmaonline.nl/index.php/GEMMA/id-af282ab4-d6c4-4a5f-8126-db9b70cff048";"";"";"99 Kern > RSGBPlus";"";"09072026-00:43:48"
"170";"";"Brondocumenten";"";"EAID_C8CE34A2_362A_4c99_A934_C66A2E6A0793";"";"class";"";"";"Indicatie of bij een opname, mutatie of verwijdering van de relatie het brondocument aangeduid wordt op basis waarvan de verandering van de relatie heeft plaatsgevonden en zo ja, de specificatie van de metagegevens waarmee het brondcument aangeduid wordt, zijnde één of meer van de volgende metagegevens: Documentidentificatie, Documentdatum, Documentcode, Documentomschrijving, Document- soort, Documenthouder.";"";"";"";"";"";"";"";"";"";"99 Kern > RGBZPlus";"";"09072026-00:43:48"
"171";"";"Brontype";"";"EAID_0DA8897C_3C14_4045_E2EE_26EBD163DD40";"";"enumeration";"";"";"";"";"";"";"";"";"";"";"";"";"Inkomen > Terug- en invordering";"";"09072026-00:43:48"
"172";"";"Brug";"";"EAID_B56B8C37_AA54_4266_B96B_C466946D1C3";"";"class";"";"";"Kunstwerk over een waterweg, watergang of waterloop, bestaande uit een brugdek gesteund door pijlers en/of landhoofden.";"";"";"";"";"";"";"";"";"";"8 Volkshuisvesting, Leefomgeving en Stedelijke Vernieuwing > Beheer Openbare Ruimte";"";"09072026-00:43:48"
"173";"Bruikleen";"Bruikleen";"d1a889c0-4455-4121-9def-df4004050918";"EAID_452312FD_05FB_4abc_A48B_C605F7E3E193";"business-object";"class";"";"Lening voor tijdelijk gebruik";"Lening voor tijdelijk gebruik";"";"";"";"";"";"";"https://gemmaonline.nl/index.php/GEMMA/id-d1a889c0-4455-4121-9def-df4004050918";"";"";"5 Sport, Cultuur en Recreatie > Musea";"";"09072026-00:43:48"
"174";"";"BrutoNettoInkomsten";"";"EAID_189703AD_5462_E8C7_C523_293A5A46936C";"";"enumeration";"";"";"";"";"";"";"";"";"";"";"";"";"6 Sociaal Domein > Sociaal Domein Generiek";"";"09072026-00:43:48"
"175";"";"Budgetuitputting";"";"EAID_679162ED_0B45_4fb2_B16E_421C25A107F5";"";"class";"";"";"Overzicht van de te verwachte inkomsten en uitgaven over een bepaalde periode";"";"";"";"";"";"";"";"";"";"6 Sociaal Domein > Generiek Jeugd en Wmo";"";"09072026-00:43:48"
"176";"Buurt";"Buurt";"55246c30-a3e2-400f-89c4-c5b01f7f7da8";"EAID_38649FF6_88C6_437d_AF8E_A9023D55E16C";"business-object";"class";"business-object";"Een aaneengesloten gedeelte van een wijk, waarvan de grenzen zo veel mogelijk gebaseerd zijn op topografische elementen.";"Een aaneengesloten gedeelte van een wijk, waarvan de grenzen zo veel mogelijk gebaseerd zijn op topografische elementen.";"";"Het betreft hier de in overleg met het CBS bepaalde indeling van wijken in buurten.";"";"";"IMBAG";"";"https://gemmaonline.nl/index.php/GEMMA/id-55246c30-a3e2-400f-89c4-c5b01f7f7da8";"BUURT (BAG)";"";"99 Kern > BAG";"";"09072026-00:43:48"
"177";"Buurt";"Buurt";"8772e7a6-24c8-454f-ab54-7d12c1849e97";"EAID_67CC2144_6B88_433c_853D_07379C66D6CF";"business-object";"class";"business-object";"Een aaneengesloten gedeelte van een wijk, waarvan de grenzen zo veel mogelijk gebaseerd zijn op topografische elementen.";"Een aaneengesloten gedeelte van een wijk, waarvan de grenzen zo veel mogelijk gebaseerd zijn op topografische elementen.";"";"Het betreft hier de in overleg met het CBS bepaalde indeling van wijken in buurten.";"";"";"GFO BG";"";"https://gemmaonline.nl/index.php/GEMMA/id-8772e7a6-24c8-454f-ab54-7d12c1849e97";"Buurt (RSGB Model)";"";"99 Kern > RSGBPlus";"";"09072026-00:43:48"
"178";"CMDBItem";"CMDB-item";"f5365fcc-279e-42e5-bde4-e7b10700a8ed";"EAID_B027D022_41D9_4c63_A63D_8F5111689564";"business-object";"class";"";"Item in een Configuratie Management DataBase";"Item in een Configuratie Management DataBase";"";"";"";"";"";"";"https://gemmaonline.nl/index.php/GEMMA/id-f5365fcc-279e-42e5-bde4-e7b10700a8ed";"";"";"9 Interne Organisatie > ICT";"";"09072026-00:43:48"
"179";"CPVCode";"CPV-code";"b6c26d6b-c773-4b50-ba03-a8463f23889a";"EAID_6A4CF470_3B0E_4141_9DB6_C9E8A525CB49";"business-object";"class";"";"De Common Procurement Vocabulary (CPV-codes) is een gemeenschappelijke woordenlijst van de EU, alle mogelijke soorten overheidsopdrachten voor diensten, leveringen en werken hebben een eigen code gekregen. Aanbestedende diensten moeten bij Europese aanbes";"De Common Procurement Vocabulary (CPV-codes) is een gemeenschappelijke woordenlijst van de EU, alle mogelijke soorten overheidsopdrachten voor diensten, leveringen en werken hebben een eigen code gekregen. Aanbestedende diensten moeten bij Europese aanbestedingen dit classificatiesysteem toepassen.";"";"";"";"";"";"";"https://gemmaonline.nl/index.php/GEMMA/id-b6c26d6b-c773-4b50-ba03-a8463f23889a";"";"";"9 Interne Organisatie > Inkoop";"";"09072026-00:43:48"
"180";"";"CROW-Kwaliteitsniveaus";"";"EAID_503ACC2A_C721_4058_A44A_13126A0FC2DA";"";"enumeration";"";"";"";"";"";"";"";"";"";"";"";"";"8 Volkshuisvesting, Leefomgeving en Stedelijke Vernieuwing > Beheer Openbare Ruimte";"";"09072026-00:43:48"
"181";"";"CROW-Melding";"";"EAID_4A8E659E_F088_446d_8614_BA31B106A417";"";"class";"";"";"BOR-MELD is een CROW-standaard voor het vastleggen van meldingen.";"";"CROW heeft begin 2017 besloten om eenduidige registratie van meldingen voor de gehele openbare ruimte te gaan faciliteren in aanvulling op de door Stichting RIONED tussen 2014 en 2016 ontwikkelde methodiek voor het stedelijk water domein. BOR-MELD is ontw";"";"BOR-MELD";"";"";"";"";"";"8 Volkshuisvesting, Leefomgeving en Stedelijke Vernieuwing > Beheer Openbare Ruimte";"";"09072026-00:43:48"
"182";"Caseaanmelding";"Caseaanmelding";"4615aabe-451f-40ef-87ce-fb4fcd43c859";"EAID_294E3981_C1EF_451e_AE2B_758EC4E4B284";"business-object";"class";"";"Verzoek tot toelating";"Verzoek tot toelating";"";"";"";"";"";"";"https://gemmaonline.nl/index.php/GEMMA/id-4615aabe-451f-40ef-87ce-fb4fcd43c859";"";"";"6 Sociaal Domein > Sociale Teams";"";"09072026-00:43:48"
"183";"";"Categorie";"";"EAID_B9B82B25_5D7F_4d2b_84F9_4DF74525EEAD";"";"class";"";"";"Categorie waarop leveranciers zich voor de levering van personeel voor kunnen kwalificeren";"";"";"";"";"";"";"";"";"";"0 Bestuur, Politiek en Ondersteuning > Griffie";"";"09072026-00:43:48"
"184";"";"Categorie";"";"EAID_9EC6B40B_0C87_4453_B567_E0D3572F86AF";"";"class";"";"";"Categorie waarop leveranciers zich voor de levering van personeel voor kunnen kwalificeren";"";"";"";"";"";"";"";"";"";"7 Volksgezondheid en Milieu > Afval";"";"09072026-00:43:48"
"185";"";"Categorie";"";"EAID_6CA060D0_C5AC_4b50_8B64_00DCAEA7EF48";"";"class";"";"";"Categorie waarop leveranciers zich voor de levering van personeel voor kunnen kwalificeren";"";"";"";"";"";"";"";"";"";"9 Interne Organisatie > Inkoop";"";"09072026-00:43:48"
"186";"";"CategorieAnderInkomen";"";"EAID_21B68B8A_DC8F_A75B_F415_27D2737A7691";"";"enumeration";"";"";"";"";"";"";"";"";"";"";"";"";"Inkomen > Terug- en invordering";"";"09072026-00:43:48"
"187";"";"CategorieVorderingCBS";"";"EAID_047C453F_0487_7F8F_EB24_275D2ECDC261";"";"enumeration";"";"";"";"";"";"";"";"";"";"";"";"";"Inkomen > Terug- en invordering";"";"09072026-00:43:48"
"188";"";"CdPeriode";"";"EAID_200929A2_6298_D8F4_E42D_273ED24CA79E";"";"enumeration";"";"";"";"";"";"";"";"";"";"";"";"";"Inkomen > Terug- en invordering";"";"09072026-00:43:48"
"189";"";"CdPeriodiciteitStatusformulier";"";"EAID_0FEB588E_763D_7DFE_3527_279DA9365469";"";"enumeration";"";"";"";"";"";"";"";"";"";"";"";"";"Inkomen > Terug- en invordering";"";"09072026-00:43:48"
"190";"";"CdRedenAanvraagANWaangevraagd";"";"EAID_16D70DCB_ADAE_1D4B_065F_2791D2EE5361";"";"enumeration";"";"";"";"";"";"";"";"";"";"";"";"";"Inkomen > Reden aanvraag";"";"09072026-00:43:48"
"191";"";"CdRedenAanvraagANWafgewezenReden";"";"EAID_1E48F987_BB6E_194A_A2A2_2791D2EECDD8";"";"enumeration";"";"";"";"";"";"";"";"";"";"";"";"";"Inkomen > Reden aanvraag";"";"09072026-00:43:48"
"192";"";"CdRedenAanvraagContractperiode";"";"EAID_05071C48_F6F1_A2DE_C193_2791D2EEEDFF";"";"enumeration";"";"";"";"";"";"";"";"";"";"";"";"";"Inkomen > Reden aanvraag";"";"09072026-00:43:48"
"193";"";"CdRedenAanvraagEindeBijstand";"";"EAID_235B7FF0_0087_835B_285C_2791D2EEA0E5";"";"enumeration";"";"";"";"";"";"";"";"";"";"";"";"";"Inkomen > Reden aanvraag";"";"09072026-00:43:48"
"194";"";"CdRedenAanvraagEindeEigenBedrijf";"";"EAID_17A54767_6D53_9083_363F_2791D2EE4726";"";"enumeration";"";"";"";"";"";"";"";"";"";"";"";"";"Inkomen > Reden aanvraag";"";"09072026-00:43:48"
"195";"";"CdRedenAanvraagEindeUitkering";"";"EAID_2375A0C0_C734_755C_A040_2791D2EEEF81";"";"enumeration";"";"";"";"";"";"";"";"";"";"";"";"";"Inkomen > Reden aanvraag";"";"09072026-00:43:48"
"196";"";"CdRedenAanvraagEindeUitkeringReden";"";"EAID_200BB9AA_AB7A_F280_7AF9_2791D2EEF8EB";"";"enumeration";"";"";"";"";"";"";"";"";"";"";"";"";"Inkomen > Reden aanvraag";"";"09072026-00:43:48"
"197";"";"CdRedenAanvraagEindeWerk";"";"EAID_173D36D8_65AF_B608_F9E9_2791D2EE3F81";"";"enumeration";"";"";"";"";"";"";"";"";"";"";"";"";"Inkomen > Reden aanvraag";"";"09072026-00:43:48"
"198";"";"CdRedenAanvraagOnvoldoendeInkomen";"";"EAID_1D4B1D0E_B2A5_67BD_7B02_2791D2EED98F";"";"enumeration";"";"";"";"";"";"";"";"";"";"";"";"";"Inkomen > Reden aanvraag";"";"09072026-00:43:48"
"199";"";"CdRedenAanvraagReden";"";"EAID_0A80EC2B_059D_DBFC_76CB_2791D2EEFC9B";"";"enumeration";"";"";"";"";"";"";"";"";"";"";"";"";"Inkomen > Terug- en invordering";"";"09072026-00:43:48"
"200";"";"CdRedenAanvraagVerblijfstatus";"";"EAID_0EDFBAB2_9F43_23A5_C20B_2791D2EE9434";"";"enumeration";"";"";"";"";"";"";"";"";"";"";"";"";"Inkomen > Reden aanvraag";"";"09072026-00:43:48"
"201";"";"CdRedenAanvraagWWgevraagd";"";"EAID_05642845_E84B_8598_150E_2791D2EEA098";"";"enumeration";"";"";"";"";"";"";"";"";"";"";"";"";"Inkomen > Reden aanvraag";"";"09072026-00:43:48"
"202";"";"CdRedenAanvraagWijzigingGezin";"";"EAID_1043B2C4_4DF2_6A93_E44A_2791D2EE7852";"";"enumeration";"";"";"";"";"";"";"";"";"";"";"";"";"Inkomen > Reden aanvraag";"";"09072026-00:43:48"
"203";"";"CdRedenAanvraagWwafgewezen";"";"EAID_0F9452B3_CDCE_D350_3125_2791D2EE3C92";"";"enumeration";"";"";"";"";"";"";"";"";"";"";"";"";"Inkomen > Reden aanvraag";"";"09072026-00:43:48"
"204";"";"CdRedenAanvraagZelfstandige";"";"EAID_0EFB1635_A6A8_D10E_CF08_2791D2EE0D95";"";"enumeration";"";"";"";"";"";"";"";"";"";"";"";"";"Inkomen > Reden aanvraag";"";"09072026-00:43:48"
"205";"";"CdSrtInkomstenverhouding";"";"EAID_1CFCC259_4648_55CC_95EC_273ED24D398A";"";"enumeration";"";"";"";"";"";"";"";"";"";"";"";"";"6 Sociaal Domein > Sociaal Domein Generiek";"";"09072026-00:43:48"
"206";"";"CdSrtKostenBijzBijstand";"";"EAID_04FDCC34_F609_6806_EACA_273ED24DC84B";"";"enumeration";"";"";"";"";"";"";"";"";"";"";"";"";"Inkomen > Diensten";"";"09072026-00:43:48"
"207";"";"CdSrtVermogenscomponent";"";"EAID_051FB82B_E809_143E_3F7B_273ED24D1E2E";"";"enumeration";"";"";"";"";"";"";"";"";"";"";"";"";"6 Sociaal Domein > Sociaal Domein Generiek";"";"09072026-00:43:48"
"208";"";"CdSrtVoertuig";"";"EAID_04EB2E57_05B5_0E41_7859_273ED24D9EDF";"";"enumeration";"";"";"";"";"";"";"";"";"";"";"";"";"6 Sociaal Domein > Sociaal Domein Generiek";"";"09072026-00:43:48"
"209";"";"CdSrtWaardeVermogenscomponent";"";"EAID_1721EBD6_A6E2_CEC4_6AB8_27DB661BCC09";"";"enumeration";"";"";"";"";"";"";"";"";"";"";"";"";"6 Sociaal Domein > Sociaal Domein Generiek";"";"09072026-00:43:48"
"210";"";"CdSzWet";"";"EAID_0AFBC0B5_2217_3FED_8EE6_273ED24E9888";"";"enumeration";"";"";"";"";"";"";"";"";"";"";"";"";"6 Sociaal Domein > Sociaal Domein Generiek";"";"09072026-00:43:48"
"211";"";"CdTypeVerstrekkingsvorm";"";"EAID_1BF36B3C_888E_945B_4A20_279DA7794D4C";"";"enumeration";"";"";"";"";"";"";"";"";"";"";"";"";"Inkomen > Diensten";"";"09072026-00:43:48"
"212";"";"CdUitkeringsperiode";"";"EAID_1FA03C02_F7CE_31C4_506D_273ED24EBECD";"";"enumeration";"";"";"";"";"";"";"";"";"";"";"";"";"6 Sociaal Domein > Sociaal Domein Generiek";"";"09072026-00:43:48"
"213";"";"Classificatie";"";"EAID_81F207D0_A071_48c7_8C4C_25F8D25A3DE8";"";"class";"";"";"Ordening van informatieobjecten in een logisch verband, zoals vastgelegd in een classificatieschema.";"";"";"";"";"";"";"";"";"";"9 Interne Organisatie > ICT";"";"09072026-00:43:48"
"214";"";"ClassificatieArmTotUitstekend";"";"EAID_AC2F4B40_AD01_0B7D_B713_7CBB564649D0";"";"enumeration";"";"";"";"";"<memo>";"";"";"";"";"";"";"";"6 Sociaal Domein > Inburgering";"";"09072026-00:43:48"
"215";"";"ClassificatieVoldoendeOnvoldoende";"";"EAID_6C8100BB_7885_4267_BF88_B9BC76D10892";"";"enumeration";"";"";"";"";"<memo>";"";"";"";"";"";"";"";"6 Sociaal Domein > Inburgering";"";"09072026-00:43:48"
"216";"Client";"Client";"2a859087-fe7f-412a-b057-bf1e3f249a4c";"EAID_DAF09055_A5A6_4ff4_A158_21B20567B296";"business-object";"class";"business-object";"Een ingeschreven persoon die gebruik maakt van producten en diensten van de gemeente.";"Een ingeschreven persoon die gebruik maakt van producten en diensten van de gemeente.";"";"";"";"";"";"";"https://gemmaonline.nl/index.php/GEMMA/id-2a859087-fe7f-412a-b057-bf1e3f249a4c";"";"";"6 Sociaal Domein > Sociaal Domein Generiek";"";"09072026-00:43:48"
"217";"Clientbegeleider";"Clientbegeleider";"17a0d019-c25e-4bba-ae64-f381da597376";"EAID_276E1BF9_E902_4303_A9E7_048627E0DC84";"business-object";"class";"business-role";"De verantwoordelijkheid voor het opstellen en uitvoeren van het ondersteuningsplan, in samenwerking met de cliënt en diens omgeving.";"De persoon die verantwoordelijk is voor het opstellen en uitvoeren van het  ondersteuningsplan in samenwering met de client en personen uit zijn/haar omgeving .";"";"";"";"";"";"";"https://gemmaonline.nl/index.php/GEMMA/id-17a0d019-c25e-4bba-ae64-f381da597376";"";"";"6 Sociaal Domein > Sociaal Domein Generiek";"";"09072026-00:43:48"
"218";"";"Code arbeidsvermogen";"";"EAID_4A764F24_4D95_4f8a_8B94_D83AD82D8021";"";"enumeration";"";"";"Indeling van het arbeidsvermogen van een persoon in functionele categorie&#235;n zoals “kan werken”, “kan beperkt werken”, of “is (tijdelijk) niet inzetbaar voor arbeid”.";"";"";"";"";"";"";"";"";"";"6 Sociaal Domein > Werk";"";"09072026-00:43:48"
"219";"";"Code maatschappelijke context werkzaamheden anders dan in arbeidsverhouding";"";"EAID_465F4C44_6311_45a1_89ED_A4BD135DEDEF";"";"enumeration";"";"";"Typologie van werkzaamheden buiten formeel dienstverband, zoals mantelzorg, vrijwilligerswerk of informele zorg.";"";"";"";"";"";"";"";"";"";"6 Sociaal Domein > Werk";"";"09072026-00:43:48"
"220";"";"Code opleidingsniveau cliënt";"";"EAID_67EF841C_7814_49bc_84AC_39EB57C936B3";"";"enumeration";"";"";"Schatting van het opleidingsniveau van de cli&#235;nt, vaak gebaseerd op zelfrapportage. Voorbeelden: vmbo / praktijkonderwijs, mbo-2, hbo.";"";"";"";"";"";"";"";"";"";"6 Sociaal Domein > Werk";"";"09072026-00:43:48"
"221";"";"Code tijdsbeslag opleiding";"";"EAID_5B31FFA6_B0C4_4d12_8753_6E4028F1FD81";"";"enumeration";"";"";"Geeft aan hoeveel tijd een opleiding per week vraagt, zoals voltijd, deeltijd of duaal.";"";"";"";"";"";"";"";"";"";"6 Sociaal Domein > Werk";"";"09072026-00:43:48"
"222";"";"CodeLeerwegMBO";"";"EAID_8342F88A_D42A_4820_B65E_181F1466CE2F";"";"enumeration";"";"";"Geeft de leerweg aan binnen het mbo. Voorbeelden: BOL, BBL";"";"";"";"";"";"";"";"";"";"6 Sociaal Domein > Werk";"";"09072026-00:43:48"
"223";"";"CodeNiveauOpleiding";"";"EAID_EF820B1A_DCDA_4a11_9953_2BF164FFFF8B";"";"enumeration";"";"";"Opleidingsniveau volgens NLQF/ISCED-systematiek. Voorbeelden: mbo-3, hbo, wo-bachelor.";"";"";"";"";"";"";"";"";"";"6 Sociaal Domein > Werk";"";"09072026-00:43:48"
"224";"";"CodeOpleidingsnaam";"";"EAID_8BC797B1_8F85_4da4_866C_AAAD4C469D02";"";"enumeration";"";"";"Gecodeerde of vrije naam van een opleiding. Voorbeeld: Sociaal Werk (mbo-4).";"";"";"";"";"";"";"";"";"";"6 Sociaal Domein > Werk";"";"09072026-00:43:48"
"225";"";"CodeRedenAfwijkendeStartdatum";"";"EAID_7adc83f9_0bb5_4665_a2ca_bd3ebfdf0669";"";"enumeration";"";"";"";"";"";"";"";"";"";"";"";"";"Inkomen > Reden aanvraag";"";"09072026-00:43:48"
"226";"";"CodeRedenMaatregel";"";"EAID_1D94B6F9_A6B8_61DD_699A_26EBD16356DE";"";"enumeration";"";"";"";"";"";"";"";"";"";"";"";"";"Inkomen > Normafwijking";"";"09072026-00:43:48"
"227";"";"CodeSTORKbetrouwbaarheid";"";"EAID_1109D589_B97C_A8A4_6808_2999153EF348";"";"enumeration";"";"";"";"";"";"";"";"";"";"";"";"";"Inkomen > Diensten";"";"09072026-00:43:48"
"228";"";"CodeSoortDebiteur";"";"EAID_0BEAB053_61CB_4D0C_F2D5_284A4BD0FAD6";"";"enumeration";"";"";"";"";"";"";"";"";"";"";"";"";"Inkomen > Terug- en invordering";"";"09072026-00:43:48"
"229";"";"CodeSoortInterventie";"";"EAID_28C5FD7C_EE70_3FFE_CF60_292797FDC516";"";"enumeration";"";"";"";"";"";"";"";"";"";"";"";"";"Inkomen > Terug- en invordering";"";"09072026-00:43:48"
"230";"";"CodeSoortOpleidingsnaam";"";"EAID_67A98336_8C7B_48b1_B75B_B37EE52CA8C9";"";"enumeration";"";"";"Geeft het type naamgebruik aan. Voorbeelden: referentie, synoniem.";"";"";"";"";"";"";"";"";"";"6 Sociaal Domein > Werk";"";"09072026-00:43:48"
"231";"";"CodeSoortVrijlating";"";"EAID_0B35B810_5B49_6EF7_F1E9_2871B3C11F1D";"";"enumeration";"";"";"";"";"";"";"";"";"";"";"";"";"6 Sociaal Domein > Sociaal Domein Generiek";"";"09072026-00:43:48"
"232";"";"CodeStatusOpleiding";"";"EAID_4278AD00_AF48_4af8_B06E_E63021FAA8CB";"";"enumeration";"";"";"tatus van de opleiding op het moment van registratie. Waarden zijn onder andere bezig, afgerond, gestopt.";"";"";"";"";"";"";"";"";"";"6 Sociaal Domein > Werk";"";"09072026-00:43:48"
"233";"";"CodeTypeInvorderingsmogelijkheid";"";"EAID_02F0B4B6_0E78_D5D8_FBF3_2927D49D04EF";"";"enumeration";"";"";"";"";"";"";"";"";"";"";"";"";"Inkomen > Terug- en invordering";"";"09072026-00:43:48"
"234";"Collectie";"Collectie";"65fad3a5-bce6-4c9f-814e-23e42d0f91fd";"EAID_6DC28A18_DF54_4b92_A592_5F717935CA67";"business-object";"class";"business-object";"Samenhangende verzameling cultuurgoederen of museumobjecten, beheerd door een gemeentelijk museum of erfgoedinstelling op grond van vastgestelde criteria.";"Een verzameling van verworven voorwerpen die is samengesteld op grond van vastgestelde criteria.";"";"";"";"";"";"";"https://gemmaonline.nl/index.php/GEMMA/id-65fad3a5-bce6-4c9f-814e-23e42d0f91fd";"";"";"5 Sport, Cultuur en Recreatie > Musea";"";"09072026-00:43:48"
"235";"Collegelid";"Collegelid";"d0eb8d8b-25c9-4eef-9dc6-4a773d8899a7";"EAID_7B9EDDFD_57F7_4ff2_938F_FDFA3B503DA8";"business-object";"class";"business-object";"Iemand die behoort tot het college van burgemeester en wethouders.";"Iemand die behoort het college van burgemeester en wethouders";"";"";"";"";"";"";"https://gemmaonline.nl/index.php/GEMMA/id-d0eb8d8b-25c9-4eef-9dc6-4a773d8899a7";"";"";"0 Bestuur, Politiek en Ondersteuning > Griffie";"";"09072026-00:43:48"
"236";"Collegelid";"Collegelid";"d0eb8d8b-25c9-4eef-9dc6-4a773d8899a7";"EAID_7B9EDDFD_57F7_4ff2_938F_FDFA3B503DA8";"business-object";"class";"business-role";"Het lidmaatschap van het college van burgemeester en wethouders: de verantwoordelijkheid van dagelijks bestuur en portefeuillebeheer, vervuld door een benoemde persoon.";"Iemand die behoort het college van burgemeester en wethouders";"";"";"";"";"";"";"https://gemmaonline.nl/index.php/GEMMA/id-d0eb8d8b-25c9-4eef-9dc6-4a773d8899a7";"";"";"0 Bestuur, Politiek en Ondersteuning > Griffie";"";"09072026-00:43:48"
"237";"";"Combibon";"";"EAID_43D57BB8_C2E4_4b5a_A41C_C5CEC9D3877D";"";"class";"";"";"Een Combibon is een modelformulier dat handhavende ambtenaren gebruiken om geconstateerde overtredingen en de gekozen afdoeningsmodaliteit (bijv. bekeuring of strafbeschikking) vast te leggen.";"";"•	Het formulier is opgenomen in de Regeling modellen en formulieren ten behoeve van de handhaving Justitie en kan worden toegepast bij verschillende sanctiemodaliteiten zoals kennisgeving van bekeuring, aankondiging van strafbeschikking en administratieve besluiten.
	•	Op de combibon worden standaardcodes gebruikt voor de afdoening, de feitcode en een verkort proces-verbaal.
	•	Na invulling blijft een exemplaar achter bij de verbalisant en wordt een doorslag gegeven aan of achtergelaten bij de betrokkene of het voertuig.
	•	Zwaardere feiten waarvoor een volledig proces-verbaal vereist is, worden niet via combibon afgehandeld.";"";"";"";"https://toezichttafel.wordpress.com/kenniskaart/handhaving-en-interventies/combibon/";"";"";"";"1 Veiligheid en Vergunningen";"";"09072026-00:43:48"
"238";"";"Component";"id-f4fd02f2-9ffa-4a35-ba32-b4cde4002e7a";"EAID_F4FD02F2_9FFA_4a35_BA32_B4CDE4002E7A";"";"class";"";"";"Een *inkomenscomponent* is een afzonderlijk onderdeel of bron van inkomen, zoals loon, winst uit onderneming, uitkeringen of andere inkomensbronnen, die samen het totale inkomen van een persoon of huishouden vormen.";"";"In inkomensstatistiek wordt inkomen vaak opgebouwd uit verschillende componenten (zoals arbeid, uitkeringen, kapitaalinkomen, etc.), waarbij elke component een **bron of type inkomen** vertegenwoordigt. Door inkomens te decomponeren in componenten kan worden geanalyseerd welke bronnen bijdragen aan het totaalinkomen en hoe deze bijdragen variëren tussen personen of groepen. Dit wordt bijvoorbeeld gebruikt bij de berekening van inkomensdistributies en armoedestatistieken.";"";"";"";"";"";"";"";"Inkomen > Model Inkomen";"";"09072026-00:43:48"
"239";"";"ComponentSoort";"id-3372192d-4773-46b2-bda5-c98b220f8954";"EAID_3372192D_4773_46b2_BDA5_C98B220F8954";"";"class";"";"";"*ComponentSoort* is de classificatie of het type van een inkomenscomponent binnen een inkomen- of financiële administratie, waarmee wordt bepaald welke categorie of soort een specifieke component behoort.";"";"In gegevensmodellen zoals het **Gemeentelijk Gegevensmodel (GGM)** maakt *ComponentSoort* het mogelijk inkomens- of financiële componenten verder te categoriseren. Dit helpt bij het structureren, analyseren en rapporteren van verschillende inkomensposten of kosten- en opbrengstelementen binnen inkomensvoorzieningen. *ComponentSoort* bevat onder meer codes en omschrijvingen die aangeven **wat voor soort component** het is (bijvoorbeeld een bepaalde soort inkomen of uitgave binnen een dienst- of inkomensadministratie).";"";"";"";"";"";"";"";"Inkomen > Model Inkomen";"";"09072026-00:43:48"
"240";"Conclusie";"Conclusie";"16995484-0391-40d1-99c3-2ba2292e276f";"EAID_C2A7756C_87E9_44f0_85A9_673F3956BB48";"business-object";"class";"";"Conclusie van de check. Antwoord op de vraag of ik een melding moet doen of een vergunning aan moet vragen voor een bepaalde activiteit.";"Conclusie van de check. Antwoord op de vraag of ik een melding moet doen of een vergunning aan moet vragen voor een bepaalde activiteit.";"";"";"";"";"";"";"https://gemmaonline.nl/index.php/GEMMA/id-16995484-0391-40d1-99c3-2ba2292e276f";"";"";"8 Volkshuisvesting, Leefomgeving en Stedelijke Vernieuwing > Omgevingswet";"";"09072026-00:43:48"
"241";"";"Conservatoir beslag";"";"EAID_1CE90960_888E_945B_4A20_28F9C71E4D4C";"";"class";"";"";"In het Nederlands recht is een conservatoir beslag een beslaglegging op (een deel van) het vermogen van een schuldenaar ter verzekering van de betaling van een onbetaald gebleven vordering nog voordat de rechter uitspraak heeft gedaan over de juistheid van die vordering. De toestemming tot het leggen van dit beslag moet door een advocaat namens de schuldeiser aan de beslagrechter, ook wel ""voorzieningenrechter"", worden gevraagd. Door het leggen van het beslag ontstaat meer zekerheid dat het beslagen vermogen ter beschikking staat. De voorzieningenrechter is in Nederland over het algemeen snel geneigd toestemming voor het beslag te verlenen en dat zelfs zonder dat de schuldenaar van het verzoek op de hoogte is of daarover wordt gehoord.";"";"";"";"";"";"";"";"";"";"Inkomen > Terug- en invordering";"";"09072026-00:43:48"
"242";"";"Contact";"";"EAID_3BF6985C_06AB_4cfc_9A0E_5CC37C224245";"";"class";"";"";"Persoon waarmee communicatie plaatsvindt";"";"";"";"";"";"";"";"";"";"3 Economie";"";"09072026-00:43:48"
"243";"Contactpersoon";"Contactpersoon";"";"EAID_B9287881_AD66_4396_A629_ED5FE9196316";"";"class";"business-object";"Contactpersoon van een organisatie.";"Contactpersoon van een organisatie";"";"";"";"";"";"";"";"";"";"Schulden > Schuldhulpverlening";"";"09072026-00:43:48"
"244";"Contactpersoon";"Contactpersoon";"";"EAID_B9287881_AD66_4396_A629_ED5FE9196316";"";"class";"business-role";"De hoedanigheid van aanspreekpunt namens een organisatie in het contact met de gemeente.";"Contactpersoon van een organisatie";"";"";"";"";"";"";"";"";"";"Schulden > Schuldhulpverlening";"";"09072026-00:43:48"
"245";"Contactpersoon";"Contactpersoon";"";"EAID_A629ED5F_E919_6316_A279_92891F2325BB";"";"class";"business-object";"Contactpersoon van een organisatie.";"Contactpersoon bij de aanleverende organisatie.";"";"";"";"";"";"";"";"";"";"Schulden > Vroegsignalering";"";"09072026-00:43:48"
"246";"";"ContactpersoonRol";"";"EAID_22A29BB4_15B8_43bb_ACF5_2EAF09ABFFFB";"";"class";"";"";"De gegevens van de persoon die anderen desgevraagd in contact brengt met medewerkers van de BETROKKENE, een NIET-NATUURLIJK PERSOON of VESTIGING zijnde, of met BETROKKENE zelf, een NATUURLIJK PERSOON zijnde, vanuit het belang van BETROKKENE in haar ROL bij een ZAAK,.";"";"";"";"";"";"";"";"";"";"99 Kern > RGBZPlus";"";"09072026-00:43:48"
"247";"Contactpoging";"Contactpoging";"";"EAID_C7000EFD_826C_4e47_BD80_075A6EF4E558";"";"class";"business-object";"Een Contactpoging is de actie die de gemeente onderneemt om in contact te treden met de inwoner naar aanleiding van een vroegsignaal.";"Een Contactpoging is de actie die de gemeente onderneemt om in contact te treden met de inwoner naar aanleiding van een vroegsignaal. Een contactpoging maakt onderdeel uit van de vroegsignaalzaak en kan verschillende vormen aannemen, zoals een telefoongesprek, huisbezoek, brief of digitaal bericht. Van elke contactpoging wordt vastgelegd wanneer deze is gedaan, op welke wijze, met welk doel en wat het resultaat was (bijvoorbeeld: geen gehoor, gesprek gevoerd, brief retour ontvangen).";"";"";"";"";"";"";"";"";"";"Schulden > Vroegsignalering";"";"09072026-00:43:48"
"248";"Container";"Container";"a9b50546-d72d-4e60-8da5-184a27a626c5";"EAID_7D3D98F0_664C_4605_9D95_F68C88ECBA9A";"business-object";"class";"business-object";"Container voor het gescheiden inzamelen van huishoudelijke afvalstoffen dwz afvalstoffen afkomstig uit particuliere huishoudens behoudens voor zover het ingezamelde bestanddelen van die afvalstoffen betreft die zijn aangewezen als gevaarlijke afvalstoffen";"Container voor het gescheiden inzamelen van huishoudelijke afvalstoffen dwz afvalstoffen afkomstig uit particuliere huishoudens behoudens voor zover het ingezamelde bestanddelen van die afvalstoffen betreft die zijn aangewezen als gevaarlijke afvalstoffen";"";"";"";"";"";"";"https://gemmaonline.nl/index.php/GEMMA/id-a9b50546-d72d-4e60-8da5-184a27a626c5";"";"";"7 Volksgezondheid en Milieu > Afval";"";"09072026-00:43:48"
"249";"";"Containertype";"";"EAID_0A7769C7_FE3E_45eb_A644_22E5CB207B42";"";"class";"";"";"Typologie van container";"";"";"";"";"";"";"";"";"";"7 Volksgezondheid en Milieu > Afval";"";"09072026-00:43:48"
"250";"Contract";"Contract";"f96af00f-2933-42d0-aacf-58ccb4a0ef52";"EAID_9FBF9FB8_B28D_4733_8443_607B8498F446";"business-object";"class";"business-object";"Bindende overeenkomst";"Bindende overeenkomst";"";"";"";"";"";"";"https://gemmaonline.nl/index.php/GEMMA/id-f96af00f-2933-42d0-aacf-58ccb4a0ef52";"";"";"9 Interne Organisatie > Inkoop";"";"09072026-00:43:48"
"251";"";"Correctie";"";"EAID_1B73F18A_888E_945B_4A20_26E8FA774D4C";"";"class";"";"";"Na nader inzicht corrigeren van het te vorderen bedrag met een zeker bedrag. Correcties worden geadministreerd onder de vordering.";"";"";"";"";"";"";"";"";"";"Inkomen > Terug- en invordering";"";"09072026-00:43:48"
"252";"";"CorrespondentieadresBuitenland";"";"EAID_CE58213C_7904_4c04_964C_8CE34C4443DF";"";"class";"";"";"De gegevens over het buitenlands correspondentie (-post)adres in het buitenland";"";"";"";"";"";"";"";"";"";"99 Kern > RSGBPlus";"";"09072026-00:43:48"
"253";"";"Crisisinterventie";"";"EAID_0E3205DA_BC88_425b_AF68_882BFB316812";"";"class";"";"";"Het afwenden van een crisis- of dreigende situatie om zo de mogelijkheid te cre&#235;ren om de klant te helpen via de reguliere schuldhulpverlening.
Volgens de Wgs gaat het in elk geval om de volgende situaties:
■ gedwongen woningontruiming;
■ be&#235;indiging van de levering van gas, water, elektriciteit of stadsverwarming;
■ opzegging of ontbinding van de zorgverzekering.
Gemeenten kunnen extra situaties toevoegen aan hun crisisprotocol, zoals:
■ aangekondigde boedelverkoop of verkoop van de eigen woning;
■ loon- of bankbeslag;
■ een faillissementsaanvraag.
En voor ondernemers:
■ beslag op (on)roerende zaken dat het voortbestaan van de onderneming bedreigt;
■ opzegging van het bankkrediet.";"";"";"";"";"";"";"";"";"";"Schulden > Schuldhulpverlening";"";"09072026-00:43:48"
"254";"CultuurOnbebouwd";"CultuurOnbebouwd";"178c47cb-24e6-4e2d-a4a7-7da62997b0e6";"EAID_01C1622D_23E7_4a63_9B63_F45CA63E76CA";"business-object";"class";"";"Een aanduiding voor de soort cultuur van het onbebouwde gedeelte van de onroerende zaak.";"Een aanduiding voor de soort cultuur van het onbebouwde gedeelte van de onroerende zaak.";"";"";"";"";"";"";"https://gemmaonline.nl/index.php/GEMMA/id-178c47cb-24e6-4e2d-a4a7-7da62997b0e6";"";"";"9 Interne Organisatie > Vastgoed";"";"09072026-00:43:48"
"255";"CultuurcodeBebouwd";"CultuurcodeBebouwd";"f9738db5-aa1b-47a8-9c4c-d3ee0a9fef4c";"EAID_DADECD97_1605_4c24_84A7_46AB2327468D";"business-object";"class";"";"De mogelijke cultuurcodes bebouwd conform de waardelijst Cultuurcode Bebouwd van het Kadaster";"De mogelijke cultuurcodes bebouwd conform de waardelijst Cultuurcode Bebouwd van het Kadaster";"";"";"";"";"BRK";"";"https://gemmaonline.nl/index.php/GEMMA/id-f9738db5-aa1b-47a8-9c4c-d3ee0a9fef4c";"";"";"99 Kern > RSGBPlus";"";"09072026-00:43:48"
"256";"CultuurcodeOnbebouwd";"CultuurcodeOnbebouwd";"a4a3eb70-32b8-4b20-abbc-a3849b1fcfd1";"EAID_ACAF3418_7E0F_43eb_B470_4AF98C37A49B";"business-object";"class";"";"De mogelijke cultuurcodes bebouwd conform de waardelijst Cultuurcode Bebouwd van het Kadaster";"De mogelijke cultuurcodes bebouwd conform de waardelijst Cultuurcode Bebouwd van het Kadaster";"";"";"";"";"BRK";"";"https://gemmaonline.nl/index.php/GEMMA/id-a4a3eb70-32b8-4b20-abbc-a3849b1fcfd1";"";"";"99 Kern > RSGBPlus";"";"09072026-00:43:48"
"257";"";"Dag beschikbaarheid";"";"EAID_A091CC76_7576_45ac_B5D7_4D5C2D40BFD6";"";"enumeration";"";"";"Beschikbare dagen in de week voor werk of activiteiten. Voorbeelden: maandag, vrijdag.";"";"";"";"";"";"";"";"";"";"6 Sociaal Domein > Werk";"";"09072026-00:43:48"
"258";"Dakloosheid";"Dakloosheid";"id-a0f8e790-518a-4717-88c2-1143de9f944a";"EAID_A0F8E790_518A_4717_88C2_1143DE9F944A";"";"class";"business-object";"Registratie van de dakloosheidsstatus van een cliënt, inclusief toestemming voor briefadres en nachtopvang.";"Informatie met betrekking tot dakloosheid";"";"";"";"";"";"";"";"";"";"6 Sociaal Domein > Dak- en thuislozen";"";"09072026-00:43:48"
"259";"Database";"Database";"d548564c-a918-47e4-ae60-697f0ed3e7aa";"EAID_FFD22E11_7A3A_459a_B575_928C67E8D1F3";"business-object";"class";"business-object";"Applicatiecomponent die een gestructureerde dataset bevat.";"Een applicatiecomponent die een dataset bevat.";"";"";"";"";"";"";"https://gemmaonline.nl/index.php/GEMMA/id-d548564c-a918-47e4-ae60-697f0ed3e7aa";"";"";"9 Interne Organisatie > ICT";"";"09072026-00:43:48"
"260";"";"Datatype";"";"EAID_7EFBF1CA_EC6E_4b8a_B97F_453CA32AB9A5";"";"class";"";"";"Attribuutsoort – Stereotype «Attribuutsoort»: De UML-representatie van een attribuutsoort, uitgedrukt in een stereotype van UML-Property3 (metaclass).
Er zijn verschillende modelelementen die gebaseerd zijn op UML-property, zoals aangegeven in §2.1.2. Wanneer een UML-property in het informatiemodel de betekenis heeft van een attribuut van een objecttype, dan heeft deze het stereotype «Attribuutsoort».
Een attribuutsoort is een type van gelijksoortige attributen of gegevens. Daartoe kijken we eerst naar het begrip ‘gegeven’.";"";"";"";"";"";"";"";"";"";"9 Interne Organisatie > ICT";"";"09072026-00:43:48"
"261";"Debiteur";"Debiteur";"";"EAID_107E216A_17F2_DFCA_EAFE_263C7FFC912E";"";"class";"business-object";"Persoon of organisatie die een bedrag verschuldigd is aan de gemeente voor geleverde diensten of producten.";"Binnen het domein van terug- en invorderen is een debiteur een persoon waarop de gemeente een of meerdere vorderingen heeft.";"";"";"";"";"";"";"";"";"";"Inkomen > Terug- en invordering";"";"09072026-00:43:48"
"262";"Debiteur";"Debiteur";"e21e51ee-3a32-444b-80c7-b6694ff37253";"EAID_E74D0D46_66EB_4deb_A540_7AB08E95F956";"business-object";"class";"business-object";"Persoon of organisatie die een bedrag verschuldigd is aan de gemeente voor geleverde diensten of producten.";"Iemand aan wie een dienst of product geleverd is waardoor recht op een vergoeding is ontstaan";"";"";"Schuldenaar";"Schuldenaar";"";"";"https://gemmaonline.nl/index.php/GEMMA/id-e21e51ee-3a32-444b-80c7-b6694ff37253";"";"";"9 Interne Organisatie > Financien";"";"09072026-00:43:48"
"263";"Zorgdeclaratie";"Declaratie";"645ed017-feb5-40b0-82ae-990745bdb549";"EAID_5E542F35_E413_49c4_8FB7_335B6BE9667A";"business-object";"class";"business-object";"Maandelijkse opgave van een zorgaanbieder aan de gemeente van geleverde Wmo- of jeugdhulpproducten met de te vergoeden kosten.";"Een opgave van te vergoeden kosten.";"";"";"";"";"";"";"https://gemmaonline.nl/index.php/GEMMA/id-645ed017-feb5-40b0-82ae-990745bdb549";"Declaratie (Generiek Jeugd en Wmo)";"";"6 Sociaal Domein > Generiek Jeugd en Wmo";"";"09072026-00:43:48"
"264";"Declaratie";"Declaratie";"93ffe408-fc04-407e-ad78-1afb51b5229e";"EAID_E611CEB2_F4FA_49e2_AA6B_B380BC1918AC";"business-object";"class";"business-object";"Een opgave van te vergoeden kosten.";"Een opgave van te vergoeden kosten.";"";"";"";"";"";"";"https://gemmaonline.nl/index.php/GEMMA/id-93ffe408-fc04-407e-ad78-1afb51b5229e";"Declaratie (HR)";"";"9 Interne Organisatie > HR";"";"09072026-00:43:48"
"265";"";"Declaratieregel";"";"EAID_F73F6BFE_9CFE_4497_80E3_CADAA344CF69";"";"class";"";"";"Een *declaratieregel* is de **administratieve regel** waarin het **volume van één product of geleverde prestatie** binnen een bepaalde declaratieperiode voor één cliënt wordt vastgelegd.";"";"Een declaratieregel vormt een afzonderlijke **regelpost binnen een declaratie** en omvat de specificatie van wat er is geleverd (bijvoorbeeld een zorgprestatie of een dienst), **hoeveelheid/volume** daarvan en de periode waarvoor deze levering wordt gedeclareerd aan de betaler (zoals een zorgverzekeraar, gemeente of zorgkantoor). Meerdere regels samen vormen een **declaratie**, maar elke regel correspondeert met één product of prestatie-volume in één declaratieperiode voor één cliënt. Declaratieregels worden gebruikt om de geleverde zorg of diensten **gestructureerd en factureerbaar** te registreren.";"";"";"";"";"";"";"";"6 Sociaal Domein > Generiek Jeugd en Wmo";"";"09072026-00:43:48"
"266";"";"Declaratiesoort";"";"EAID_9D4FB9DF_D68A_4503_96C0_272B6777A4FC";"";"class";"";"";"Typering van een declaratie";"";"";"";"";"";"";"";"";"";"9 Interne Organisatie > HR";"";"09072026-00:43:48"
"267";"";"Deelnemersrol";"";"EAID_E2EDC770_08EB_4298_A2BA_F7943ACD695F";"";"enumeration";"";"";"";"";"";"";"";"";"";"";"";"";"0 Bestuur, Politiek en Ondersteuning > Griffie";"";"09072026-00:43:48"
"268";"";"Deelplan/Veld";"";"EAID_EC994E7D_E6D1_4243_BA96_38DB7454ECEF";"";"class";"";"";"";"";"";"";"";"";"";"";"";"";"8 Volkshuisvesting, Leefomgeving en Stedelijke Vernieuwing > Beheer Openbare Ruimte";"";"09072026-00:43:48"
"269";"";"Deelproces";"";"EAID_1B65D674_DC17_40e8_B663_85DA82FD7E94";"";"class";"";"";"Een geordende reeks van processtappen die binnen één organisatorische eenheid binnen een organisatie wordt uitgevoerd met als doel een specifieke bijdrage (prestatie) te leveren aan een dienst die uiteindelijke zal worden geleverd aan een burger, een bedrijf of een andere organisatie. Voorheen 'werkproces' genoemd.";"";"";"";"";"";"";"";"";"";"99 Kern > RGBZPlus";"";"09072026-00:43:48"
"270";"";"Deelprocestype";"";"EAID_710A1D2B_3C7B_41cf_A947_727186C40A98";"";"class";"";"";"soort Deelproces met bepaalde kenmerken";"";"";"";"";"";"";"";"";"";"99 Kern > RGBZPlus";"";"09072026-00:43:48"
"271";"";"DefaultEnumeratie";"";"EAID_1DD00AE6_E42A_D26A_2D48_279DAD311BD9";"";"enumeration";"";"";"";"";"";"";"";"";"";"";"";"";"Inkomen > Terug- en invordering";"";"09072026-00:43:48"
"272";"Depot";"Depot";"28b74cdd-2459-4a6e-ba6d-813ac7b9b811";"EAID_604A6143_DE7F_4950_B3D4_DFB88C7F4670";"business-object";"class";"";"Plaats waar iets bewaard wordt.";"Plaats waar iets bewaard wordt.";"";"";"";"";"";"";"https://gemmaonline.nl/index.php/GEMMA/id-28b74cdd-2459-4a6e-ba6d-813ac7b9b811";"";"";"Erfgoed > Archief";"";"09072026-00:43:48"
"273";"";"Dertiende maand - eindejaarsuitkering";"";"EAID_2771AFDF_11F9_592A_1883_293A9241CBB3";"";"class";"";"";"Een persoon kan inkomsten hebben uit dertiende maand/eindejaarsuitkering.";"";"";"";"";"";"";"";"";"";"6 Sociaal Domein > Sociaal Domein Generiek";"";"09072026-00:43:48"
"274";"";"DetailleringAdressenGebouwenEnTerreinen";"";"EAID_ADF1BF4D_E0FD_4e77_ABED_27ECEBA4832C";"";"class";"";"";"";"";"";"";"";"";"";"";"";"";"99 Kern > RSGBPlus";"";"09072026-00:43:48"
"275";"";"DetailleringKadastraleOnroerendZaken";"";"EAID_ECA02C0E_85B7_4e44_816C_E08092E01572";"";"class";"";"";"";"";"";"";"";"";"";"";"";"";"99 Kern > RSGBPlus";"";"09072026-00:43:48"
"276";"";"DetailleringSubjecten";"";"EAID_168B0065_09F2_4af5_8440_32AF28E9A309";"";"class";"";"";"";"";"";"";"";"";"";"";"";"";"99 Kern > RSGBPlus";"";"09072026-00:43:48"
"277";"";"DetailleringWOZObjecttypen";"";"EAID_27E447C9_4FFB_41db_B91D_95332B9E2249";"";"class";"";"";"";"";"";"";"";"";"";"";"";"";"99 Kern > RSGBPlus";"";"09072026-00:43:48"
"278";"";"Dienst";"";"EAID_022154F4_817D_0DFB_5FFC_281C33037384";"";"class";"";"";"Een door de burger of bedrijf afgenomen dienst als een uit het aanbod van een overheidsorgaan in het kader van de Participatiewet.Let wel! Het gaat hier om dienst als de uiteindelijke levering van een diensttype op een aanvraag.";"";"";"";"";"";"";"";"";"";"Inkomen > Diensten";"";"09072026-00:43:48"
"279";"Dienst";"Dienst";"6cc63d39-c5a3-4d09-8eab-22e56384fe7e";"EAID_45AFD4E2_9909_4c33_93CE_F2466B85CA0F";"business-object";"class";"";"Het uitvoeren van werkzaamheden met een continu of periodiek karakter om waarde te realiseren voor een afnemer.";"Het uitvoeren van werkzaamheden met een continu of periodiek karakter om waarde te realiseren voor een afnemer.";"";"";"";"";"";"";"https://gemmaonline.nl/index.php/GEMMA/id-6cc63d39-c5a3-4d09-8eab-22e56384fe7e";"";"";"9 Interne Organisatie > ICT";"";"09072026-00:43:48"
"280";"";"Diensten::Aanvraag";"";"EAID_2D94CF02_97C5_4621_B225_EA742445A235";"";"class";"";"";"Een aanvraag is een verzoek van een burger, bedrijf of organisatie aan een overheid om een specifieke dienst te verkrijgen of een besluit te ontvangen (bijv. vergunning, subsidie, paspoort of beschikkingsbesluit).";"";"•	In de context van diensten bij de overheid betreft een aanvraag het formele indienen van informatie of documenten door een aanvrager zodat de overheid een dienst kan verlenen of een besluit kan nemen.
	•	Diensten omvatten dienstverlening zoals vergunningen, belastingen, subsidies, uitkeringen en andere producten die een grondslag hebben in wet- en regelgeving en waarvoor een aanvraagprocedure geldt.   
	•	De aanvraag kan schriftelijk, digitaal of via een online formulier plaatsvinden en vormt vaak de start van een bestuurlijke procedure met termen zoals ontvangstbevestiging, beoordeling en besluitvorming.";"";"";"";"https://www.overheid.nl/help/producten-en-diensten";"";"";"";"Inkomen > Reden aanvraag";"";"09072026-00:43:48"
"281";"";"Diensten::Aanvraag levensonderhoud";"";"EAID_1F9DBD7C_EBF3_41c8_8F00_2F6169FE107C";"";"class";"";"";"Een aanvraag levensonderhoud is het formele verzoek van een persoon aan een gemeentelijke of overheidsinstantie om een uitkering of financiële ondersteuning te verkrijgen die het inkomen aanvult zodat in het basislevensonderhoud kan worden voorzien.";"";"•	Het begrip verwijst in de praktijk meestal naar de aanvraag van een bijstandsuitkering of andere sociale uitkering die bedoeld is om een tekort aan inkomen voor noodzakelijke kosten van bestaan (zoals voedsel, huisvesting en basisbehoeften) aan te vullen.
	•	Deze aanvraag wordt beoordeeld op basis van wettelijke regelingen zoals de Participatiewet: de gemeente bepaalt of de aanvrager voldoet aan voorwaarden zoals inkomen, vermogen en leefsituatie.
	•	Een aanvraag levensonderhoud start de procedure voor het vaststellen van recht op bijstand of soortgelijke ondersteuning en kan digitaal of schriftelijk worden ingediend.";"";"";"";"";"";"";"";"Inkomen > Reden aanvraag";"";"09072026-00:43:48"
"282";"";"Diensttype";"";"EAID_07F494EF_DD9B_36A7_4EE0_281C33030C21";"";"class";"";"";"Het resultaat of effect van een afgeronde inspanning die een overheidsorgaan op basis van wettelijke taken levert en waarmee in een behoefte van een burger (of bedrijf) wordt voorzien. De daadwerkelijke levering van een dienst, meestal in de vorm van een financiële betaling.";"";"";"";"";"";"";"";"";"";"Inkomen > Diensten";"";"09072026-00:43:48"
"283";"Dienstverband";"Dienstverband";"a3e45dca-c075-4ba9-9df2-d286b47f73ab";"EAID_63FF86E2_1BB0_48f6_8D95_3D82E8D2FA06";"business-object";"class";"business-object";"De rechtsbetrekking tussen werkgever en werknemer zoals vastgelegd in een arbeidsovereenkomst.";"De rechtsbetrekking tussen werkgever en werknemer zoals vastgelegd in een arbeidsovereenkomst.";"";"";"";"";"";"";"https://gemmaonline.nl/index.php/GEMMA/id-a3e45dca-c075-4ba9-9df2-d286b47f73ab";"";"Arbeidsovereenkomst voor onbepaalde tijd, Arbeidsovereenkomst voor bepaalde tijd, Project-arbeidsovereenkomst, Oproepovereenkomst";"9 Interne Organisatie > HR";"";"09072026-00:43:48"
"284";"";"DigitaalBestand";"";"EAID_FEFE9DBE_921F_4cc4_99C5_972A9C5F4C6E";"";"class";"";"";"Bestand dat uitsluitend met behulp van besturingsprogrammatuur of toepassingsprogrammatuur geraadpleegd kunnen worden";"";"";"";"";"";"";"";"";"";"Erfgoed > Archief";"";"09072026-00:43:48"
"285";"";"Diplomawaardering";"";"EAID_950DD620_01C0_4594_875F_AE23C9154826";"";"class";"";"";"Een Diplomawaardering is de beoordeling van een buitenlands diploma, certificaat of graad door het Informatiecentrum Diplomawaardering (IDW), met als doel het vaststellen van het Nederlandse opleidingsniveau waarmee dit diploma vergelijkbaar is.";"";"";"";"";"";"";"";"";"";"6 Sociaal Domein > Inburgering";"";"09072026-00:43:48"
"286";"Disciplinaire Maatregel";"Disciplinaire Maatregel";"fd61984f-002e-465f-90c7-6a68cc692094";"EAID_50F3F931_38F4_4ff0_8CE4_8A51056767E0";"business-object";"class";"business-object";"Een besluit dat wordt opgelegd wanneer een persoon zijn verplichtingen niet of niet op de juiste wijze nakomt, of zich op andere wijze misdraagt.";"Een besluit dat wordt opgelegd wanneer een persoon zijn verplichtingen niet of niet op de juiste wijze nakomt, of zich op andere wijze misdraagt.";"";"";"";"";"";"";"https://gemmaonline.nl/index.php/GEMMA/id-fd61984f-002e-465f-90c7-6a68cc692094";"";"Schriftelijke waarschuwing, Schorsing, Inhouding periodieke verhoging, Ontslag";"9 Interne Organisatie > HR";"";"09072026-00:43:48"
"287";"Document";"Document";"10eaa33f-03bf-42b4-9310-56add2cb5a7b";"EAID_5641C50A_C0FA_4e71_B07B_26C7B1CE94ED";"business-object";"class";"business-object";"Geheel van gegevens met een eigen identiteit ongeacht zijn vorm, met de bijbehorende metadata ontvangen of opgemaakt door een natuurlijke en/of rechtspersoon bij de uitvoering van taken, zijnde een ENKELVOUDIG DOCUMENT of een SAMENGESTELD DOCUMENT.";"Geheel van gegevens met een eigen identiteit ongeacht zijn vorm, met de bijbehorende metadata ontvangen of opgemaakt door een natuurlijke en/of rechtspersoon bij de uitvoering van taken, zijnde een ENKELVOUDIG DOCUMENT of een SAMENGESTELD DOCUMENT.";"";"";"";"";"";"";"https://gemmaonline.nl/index.php/GEMMA/id-10eaa33f-03bf-42b4-9310-56add2cb5a7b";"";"Enkelvoudig document, Samengesteld document";"99 Kern > RGBZPlus";"";"09072026-00:43:48"
"288";"";"Documenttype";"";"EAID_77C7D6B6_44DE_44c0_A662_8E1A0A226EA8";"";"class";"";"";"Aanduiding van de aard van een DOCUMENT zoals gehanteerd door de zaakbehandelende organisatie";"";"";"";"";"";"";"";"";"";"99 Kern > RGBZPlus";"";"09072026-00:43:48"
"289";"";"Doel";"";"EAID_C83708A0_F5E8_4016_BC90_916160CDC918";"";"enumeration";"";"";"";"";"<memo>";"";"";"";"";"";"";"";"6 Sociaal Domein > Inburgering";"";"09072026-00:43:48"
"290";"";"Doel verzoek";"";"EAID_77B7DFE0_3E30_482d_AED9_F08D78E293E5";"";"enumeration";"";"";"";"";"";"";"";"";"";"";"";"";"8 Volkshuisvesting, Leefomgeving en Stedelijke Vernieuwing > Omgevingswet";"";"09072026-00:43:48"
"291";"";"DoelReintegratievoorziening";"";"EAID_2F1FD6B9_AF03_4864_B40C_027155621707";"";"class";"";"";"Het beoogde effect van een ingezette voorziening, bijvoorbeeld toeleiding naar werk, dagbesteding of maatschappelijke participatie.";"";"";"";"";"";"";"";"";"";"6 Sociaal Domein > Werk";"";"09072026-00:43:48"
"292";"Doelgroep";"Doelgroep";"69fbf6d0-3145-4563-950e-2e2f51d837db";"EAID_0598561F_667E_4926_9BF5_66A928358E9F";"business-object";"class";"";"Een groep mensen of klanten die een bedrijf of organisatie wil benaderen om een product, dienst of informatie onder de aandacht te brengen";"Een groep mensen of klanten die een bedrijf of organisatie wil benaderen om een product, dienst of informatie onder de aandacht te brengen";"";"";"";"";"";"";"https://gemmaonline.nl/index.php/GEMMA/id-69fbf6d0-3145-4563-950e-2e2f51d837db";"";"";"5 Sport, Cultuur en Recreatie > Musea";"";"09072026-00:43:48"
"293";"";"Doelgroep";"";"EAID_A9985186_A6B8_4414_8334_A2CA12D5AC94";"";"enumeration";"";"";"";"";"";"";"";"";"";"";"";"";"6 Sociaal Domein > Generiek Jeugd en Wmo";"";"09072026-00:43:48"
"294";"";"Doelgroep";"";"EAID_2D012E2E_4BD5_4465_B7E4_3E4268E43B13";"";"enumeration";"";"";"";"";"<memo>";"";"";"";"";"";"";"";"6 Sociaal Domein > Inburgering";"";"09072026-00:43:48"
"295";"";"Doelgroep";"";"EAID_FF5A6019_C72C_4bcc_ADDF_84811CBDA79B";"";"class";"";"";"Een specifieke groep personen met gedeelde kenmerken (zoals afstand tot de arbeidsmarkt) die in aanmerking komt voor bepaalde voorzieningen of aangepaste begeleiding.";"";"";"";"";"";"";"";"";"";"6 Sociaal Domein > Werk";"";"09072026-00:43:48"
"296";"";"Doelgroepenplaatsen";"";"EAID_F8ADD9AF_76C0_425c_B059_18BB0AA20D28";"";"enumeration";"";"";"";"";"";"";"";"";"";"";"";"";"2 Verkeer, Vervoer en Waterstaat > Parkeren";"";"09072026-00:43:48"
"297";"";"Doelgroepenregister";"";"EAID_B1CD002A_85A3_41db_A905_D9A7512A7307";"";"class";"";"";"Een landelijk register waarin mensen met een afstand tot de arbeidsmarkt worden opgenomen, vaak ten behoeve van loonkostensubsidie of andere voorzieningen.";"";"";"";"";"";"";"";"";"";"6 Sociaal Domein > Werk";"";"09072026-00:43:48"
"298";"Doelstelling";"Doelstelling";"e348516f-ca14-4d0e-8071-b5c318f9201b";"EAID_28C572B5_C147_4b99_B920_00062C843FDE";"business-object";"class";"business-object";"Een op korte of middellange termijn nagestreefde situatie";"Een op korte of middellange termijn nagestreefde situatie";"";"";"";"";"";"";"https://gemmaonline.nl/index.php/GEMMA/id-e348516f-ca14-4d0e-8071-b5c318f9201b";"Doelstelling (Sociale Teams)";"";"6 Sociaal Domein > Sociale Teams";"";"09072026-00:43:48"
"299";"Doelstelling";"Doelstelling";"2bd07fb4-4cfb-4d89-ac99-cb2377decd2d";"EAID_2FFE3BAD_CB0E_43ea_A435_FD693B9255C3";"business-object";"class";"business-object";"Een op korte of middellange termijn nagestreefde situatie";"Een op korte of middellange termijn nagestreefde situatie";"";"";"";"";"";"";"https://gemmaonline.nl/index.php/GEMMA/id-2bd07fb4-4cfb-4d89-ac99-cb2377decd2d";"Doelstelling (Financien)";"";"9 Interne Organisatie > Financien";"";"09072026-00:43:48"
"300";"";"Doelstellingsoort";"";"EAID_79A14AF2_F1F9_43a3_914B_FD04CB609F44";"";"class";"";"";"Typering van een doelstellig";"";"";"";"";"";"";"";"";"";"6 Sociaal Domein > Sociale Teams";"";"09072026-00:43:48"
"301";"";"Domein van zelfredzaamheid";"";"EAID_6BACDBD1_1236_4f4b_B5F6_B6DA30B79D10";"";"enumeration";"";"";"Levensgebied waarop zelfredzaamheid wordt beoordeeld. Voorbeelden: Financi&#235;n, Psychische gezondheid, Dagbesteding.";"";"";"";"";"";"";"";"";"";"6 Sociaal Domein > Werk";"";"09072026-00:43:48"
"302";"DomeinOfTaakveld";"Domein/Taakveld";"a6ea9d59-4ac3-4aca-ba3f-1b52e741b56b";"EAID_BEFEC56A_EF6C_49f0_9368_7E46F75D9562";"business-object";"class";"";"Kennisgebied of activiteit gekarakteriseerd door een verzameling van concepten, begrippen en/of waarden";"Kennisgebied of activiteit gekarakteriseerd door een verzameling van concepten, begrippen en/of waarden";"";"";"";"";"";"";"https://gemmaonline.nl/index.php/GEMMA/id-a6ea9d59-4ac3-4aca-ba3f-1b52e741b56b";"";"";"9 Interne Organisatie > ICT";"";"09072026-00:43:48"
"303";"DoorgeleidingOM";"Doorgeleiding OM";"341c4296-ac61-426e-b1d8-668052c53ea9";"EAID_90E49701_2A06_4669_9199_6FCFDFCA707A";"business-object";"class";"";"";"De overdracht van een leerplichtzaak aan het Openbaar Ministerie voor juridische vervolging.";"";"";"";"";"";"";"https://gemmaonline.nl/index.php/GEMMA/id-341c4296-ac61-426e-b1d8-668052c53ea9";"";"";"4 Onderwijs > Leerplicht en Leerlingenvervoer";"";"09072026-00:43:48"
"304";"";"Doos";"";"EAID_703CAFCF_FDC0_4861_AA76_1692303DE7BE";"";"class";"";"";"Een afsluitbaar object waar iets in wordt opgeborgen of verpakt.";"";"Een doos bestaat meestal uit gevouwen karton, eventueel met lijm of plakband dichtgezet. In deze vorm heeft het vaak de vorm van een balk. Met een doos wordt meestal een grote kartonnen doos bedoeld, met geen andere functie dan verpakking of opslag. Voorb";"";"";"";"";"";"";"";"Erfgoed > Archeologie";"";"09072026-00:43:48"
"305";"Dossier";"Dossier";"1364056c-dc25-4855-a75f-eb523f012b02";"EAID_475E24C9_CC9A_49cc_AB80_8CA0221441E5";"business-object";"class";"";"Samenhangende set gegevens en informatie voor een specifiek doel";"Samenhangende set gegevens en informatie voor een specifiek doel";"";"";"";"";"";"";"https://gemmaonline.nl/index.php/GEMMA/id-1364056c-dc25-4855-a75f-eb523f012b02";"";"";"0 Bestuur, Politiek en Ondersteuning > Griffie";"";"09072026-00:43:48"
"306";"Draagkracht";"Draagkracht";"";"EAID_9e03b696_a4f8_4486_a5d3_52483f259ed2";"";"class";"business-object";"Het gedeelte uit je inkomen of vermogen dat je zelf zou kunnen bijdragen in de kosten (?) voor de bijzondere bijstand(?). De draagkracht is de uitkomst van een ingewikkelde berekening maar wordt voor een jaar vastgesteld en gebruikt.";"Het gedeelte uit je inkomen of vermogen dat je zelf zou kunnen bijdragen in de kosten (?) voor de bijzondere bijstand(?).De draagkracht is de uitkomst van een ingewikkelde berekening maar wordt voor een jaar vastgesteld en gebruikt.Let wel: niet alle gegevens, die nodig zijn om de draagkracht te berekenen, zijn opgenomen in de ontologie inkomen, omdat bepaalde gegevens van buiten het inkomensdomein komen.";"";"";"";"";"";"";"";"";"";"6 Sociaal Domein > Sociaal Domein Generiek";"";"09072026-00:43:48"
"307";"";"Draagkrachtregime";"";"EAID_0de9912b_3c6f_4d8a_b2b1_67de0c81ae16";"";"class";"";"";"Het regime wat van toepassing is op de draagkracht.";"";"";"";"";"";"";"";"";"";"6 Sociaal Domein > Sociaal Domein Generiek";"";"09072026-00:43:48"
"308";"";"Drainageput";"";"EAID_01343EF1_EF8E_4FB1_9A58_8E885304D55";"";"class";"";"";"Put welke toegang geeft naar een poreuze of geperforeerde buisleiding, aangebracht onder de grond om de afwatering van de grond te verbeteren.";"";"";"";"";"";"";"";"";"";"8 Volkshuisvesting, Leefomgeving en Stedelijke Vernieuwing > Beheer Openbare Ruimte";"";"09072026-00:43:48"
"309";"Faunapassage";"Ecoduct";"";"EAID_812B8374_F08E_47F6_881D_309B7D23FD4";"";"class";"business-object";"Wildwissel in de vorm van een viaduct voor passages van dieren over een weg of spoorweg. IMGeo Synoniemen: Natuurbrug, Faunabrug, Ecobrug, Ecopassage, Natuurpassage Toelichting: Opheffen van barriÃ¨res en de migratie van fauna mogelijk maken tussen of binnen leefgebieden en populaties.";"Wildwissel in de vorm van een viaduct voor passages van dieren over een weg of spoorweg. IMGeo
Synoniemen: Natuurbrug, Faunabrug, Ecobrug, Ecopassage, Natuurpassage
Toelichting: Opheffen van barriÃ¨res en de migratie van fauna mogelijk maken tussen of binnen leefgebieden en populaties.";"";"";"";"";"";"";"";"";"";"8 Volkshuisvesting, Leefomgeving en Stedelijke Vernieuwing > Beheer Openbare Ruimte";"";"09072026-00:43:48"
"310";"";"Educatie";"";"EAID_8C5FEEDF_1AE5_44a6_8A13_53A70F06DBBC";"";"class";"";"";"Educatie betreft het formele en non-formele onderwijsaanbod dat gericht is op het vergroten van basisvaardigheden, zoals taalvaardigheid, rekenen en digitale vaardigheden, ter ondersteuning van participatie en zelfredzaamheid van (laagopgeleide) volwassenen, waaronder inburgeringsplichtigen.";"";"";"";"";"";"";"";"";"";"6 Sociaal Domein > Inburgering";"";"09072026-00:43:48"
"311";"";"Eenheid";"";"EAID_838B4669_4F50_4835_ABA8_03E3FCE48184";"";"enumeration";"";"";"";"";"";"";"";"";"";"";"";"";"6 Sociaal Domein > Generiek Jeugd en Wmo";"";"09072026-00:43:48"
"312";"";"Eigen bedrijf";"";"EAID_1FB8E23E_DC06_2C59_6AED_293A6F67508F";"";"class";"";"";"Een persoon kan inkomsten hebben uit eigen bedrijf.";"";"";"";"";"";"";"";"";"";"6 Sociaal Domein > Sociaal Domein Generiek";"";"09072026-00:43:48"
"313";"Eigen bijdrage";"Eigen bijdrage";"";"EAID_87acd5ea_3ed9_40d8_96b0_8c29ce9296da";"";"class";"business-object";"Financiële bijdrage die een cliënt verschuldigd is voor Wmo-voorzieningen, vastgesteld door het CAK op basis van gemeentelijke gegevens.";"Eigen bijdrage bijvoorbeeld voor CAK of kinderopvang";"";"";"";"";"";"";"";"";"";"6 Sociaal Domein > Sociaal Domein Generiek";"";"09072026-00:43:48"
"314";"Eigenaar";"Eigenaar";"06ee795e-36b8-4e13-991d-02a5d91ef015";"EAID_5E06339C_13EE_44ca_BC40_0FC4B9DC8349";"business-object";"class";"business-role";"De hoedanigheid van rechthebbende op een gebouw of stuk grond.";"Eigenaar is een persoon die de eigenaar is van een gebouw of stuk grond en ook alle rechten daarvan bezit.";"";"";"";"";"";"";"https://gemmaonline.nl/index.php/GEMMA/id-06ee795e-36b8-4e13-991d-02a5d91ef015";"";"";"9 Interne Organisatie > Vastgoed";"";"09072026-00:43:48"
"315";"";"EindoordeelVrijstelling";"";"EAID_2A5627B6_B527_45ed_9B6D_BEF9C7309E32";"";"enumeration";"";"";"";"";"<memo>";"";"";"";"";"";"";"";"6 Sociaal Domein > Inburgering";"";"09072026-00:43:48"
"316";"";"Energielabel";"";"EAID_CC21861B_1CE6_4271_AF0C_CA68FEF0C880";"";"enumeration";"";"";"";"";"";"";"";"";"";"";"";"";"8 Volkshuisvesting, Leefomgeving en Stedelijke Vernieuwing > Beheer Openbare Ruimte";"";"09072026-00:43:48"
"317";"";"Energielabel Gebouwen";"";"EAID_808592B6_401F_48c7_BD2A_2A3D77E846A4";"";"enumeration";"";"";"";"";"";"";"";"";"";"";"";"";"9 Interne Organisatie > Vastgoed";"";"09072026-00:43:48"
"318";"";"EnkelvoudigDocument";"";"EAID_547FD48D_F885_4816_BCFA_4048995C8D83";"";"class";"";"";"Een DOCUMENT waarvan aard, omvang en/of vorm aanleiding geven het als één geheel te behandelen en te beheren.";"";"";"";"";"";"";"";"";"";"99 Kern > RGBZPlus";"";"09072026-00:43:48"
"319";"Entreekaart";"Entreekaart";"f4766721-5a96-40f7-8441-9f21f18a9167";"EAID_E46CB962_A2BC_4656_A0C1_D7DBCCA0C528";"business-object";"class";"";"Bewijs van toegang tot een gebouw of voorstelling";"Bewijs van toegang tot een gebouw of voorstelling";"";"";"Toegangsbewijs";"Toegangsbewijs";"";"";"https://gemmaonline.nl/index.php/GEMMA/id-f4766721-5a96-40f7-8441-9f21f18a9167";"";"";"5 Sport, Cultuur en Recreatie > Musea";"";"09072026-00:43:48"
"320";"";"Enum Sociale Groep";"";"EAID_B0D22469_0013_4e43_BACF_4A55A35A8696";"";"enumeration";"";"";"";"";"";"";"";"";"";"";"";"";"6 Sociaal Domein > Jeugdbescherming en reclassering";"";"09072026-00:43:48"
"321";"";"Enum Sociale Relatie";"";"EAID_7BFE745C_388E_4b4f_A420_1F59372F8CD6";"";"enumeration";"";"";"";"";"";"";"";"";"";"";"";"";"6 Sociaal Domein > Jeugdbescherming en reclassering";"";"09072026-00:43:48"
"322";"";"EnumBegeleidingssoort";"";"EAID_D13E7356_94A7_41ed_B9B0_945D7F7975AD";"";"enumeration";"";"";"Lijst met alle soorten begeleiding die worden onderkend.";"";"<memo>";"";"";"";"";"";"";"";"Schulden > Schuldhulpverlening";"";"09072026-00:43:48"
"323";"";"EnumBeschikkingssoort";"";"EAID_C0C5D6A5_1937_460b_A243_90172A345B91";"";"enumeration";"";"";"Lijst met alle soorten beschikkingen die worden onderkend.";"";"<memo>";"";"";"";"";"";"";"";"Schulden > Schuldhulpverlening";"";"09072026-00:43:48"
"324";"";"EnumContactsoort";"";"EAID_7BA37694_65C5_4cfb_8804_D7EB6CE344FB";"";"enumeration";"";"";"Enumeratie met daarin de soorten onderscheiden contactsoorten bij een contactpoging.";"";"<memo>";"";"";"";"";"";"";"";"Schulden > Vroegsignalering";"";"09072026-00:43:48"
"325";"";"EnumDagdeel";"";"EAID_3860D42A_481D_42cd_86F9_79B5D6230A58";"";"enumeration";"";"";"";"";"<memo>";"";"";"";"";"";"";"";"Schulden > Vroegsignalering";"";"09072026-00:43:48"
"326";"";"EnumEindresultaat";"";"EAID_B78A9A0E_65B0_4c4b_AA01_99CFA196D740";"";"enumeration";"";"";"Enumeratie met de soorten Eindresultaten van een Vroegsignaalzaak.";"";"<memo>";"";"";"";"";"";"";"";"Schulden > Vroegsignalering";"";"09072026-00:43:48"
"327";"";"EnumHuishoudenssoort";"";"EAID_76676076_DDDA_4427_8ECB_46565F915F49";"";"enumeration";"";"";"Lijst met alle soorten huishoudens die worden onderkend.";"";"<memo>";"";"";"";"";"";"";"";"Schulden > Schuldhulpverlening";"";"09072026-00:43:48"
"328";"";"EnumOplossingssoort";"";"EAID_540A2D4C_EF40_457a_A7DD_C8E81DB692A6";"";"enumeration";"";"";"Lijst met alle soorten oplossingen in het kader van schuldhulpverleniung die worden onderkend.";"";"<memo>";"";"";"";"";"";"";"";"Schulden > Schuldhulpverlening";"";"09072026-00:43:48"
"329";"";"EnumSchuldensoort";"";"EAID_D34DF6F1_CC5C_42c8_A013_D59698E9F530";"";"enumeration";"";"";"Lijst met alle cattegori&#235;n van soorten schulden die worden onderkend in het kader van schuldhulpverlening.";"";"<memo>";"";"";"";"";"";"";"";"Schulden > Schuldhulpverlening";"";"09072026-00:43:48"
"330";"";"EnumSignaalpartner";"";"EAID_ACE0EA25_898C_4de3_8196_49AD3AE5481F";"";"enumeration";"";"";"Enumeratie met de soorten te onderscheiden Signaalpartners.";"";"<memo>";"";"";"";"";"";"";"";"Schulden > Vroegsignalering";"";"09072026-00:43:48"
"331";"";"EnumSignaalstatus";"";"EAID_568499A3_3FE7_4342_B1B4_36A01AEAC1C9";"";"enumeration";"";"";"";"";"";"";"";"";"";"";"";"";"Schulden > Vroegsignalering";"";"09072026-00:43:48"
"332";"";"EnumUitstroomreden";"";"EAID_82A3029A_D39E_46e6_AF4B_1909FA0045EF";"";"enumeration";"";"";"Lijst met alle soorten uitstroom die bij schuldhulptrajecten worden onderkend.";"";"<memo>";"";"";"";"";"";"";"";"Schulden > Schuldhulpverlening";"";"09072026-00:43:48"
"333";"";"EnumWoningbezit";"";"EAID_702C2D3B_5E5F_4e2d_990E_7618C2FA4FCA";"";"enumeration";"";"";"Lijst met alle soorten woningbezit die in het kader van schuldhulpverlening worden onderkend.";"";"<memo>";"";"";"";"";"";"";"";"Schulden > Schuldhulpverlening";"";"09072026-00:43:48"
"334";"ErfgoedObject";"Erfgoed Object";"9d218c7e-64e5-45e1-9bac-ec9f27d50fe3";"EAID_71A5C565_C2CC_495f_910A_76C199C6AF0E";"business-object";"class";"";"Uit het verleden geërfde materiële en immateriële objecten";"Uit het verleden geërfde materiële en immateriële objecten";"In de loop van de tijd tot stand gebracht door de mens of ontstaan uit de wisselwerking tussen mens en omgeving, die mensen, onafhankelijk van het bezit ervan, identificeren als een weerspiegeling en uitdrukking van zich voortdurend ontwikkelende waarden,";"In de loop van de tijd tot stand gebracht door de mens of ontstaan uit de wisselwerking tussen mens en omgeving, die mensen, onafhankelijk van het bezit ervan, identificeren als een weerspiegeling en uitdrukking van zich voortdurend ontwikkelende waarden,";"";"";"";"";"https://gemmaonline.nl/index.php/GEMMA/id-9d218c7e-64e5-45e1-9bac-ec9f27d50fe3";"";"";"Erfgoed > Generieke Entiteiten Erfgoed";"";"09072026-00:43:48"
"335";"Examen";"Examen";"ccce5500-2140-4928-9716-0132a31e9686";"EAID_DCE46ABA_613D_4204_86F4_35F517FF680F";"business-object";"class";"business-object";"Formele toets waarmee een inburgeraar aantoont te voldoen aan de eisen van de Wet inburgering.";"Een Examen in de context van onderwijs is een formele toetsingsactiviteit waarmee de kennis, vaardigheden en competenties van een leerling of student worden beoordeeld ten opzichte van vooraf vastgestelde leerdoelen of eindtermen. Het examen kan schriftelijk, mondeling, digitaal of praktijkgericht zijn en vormt doorgaans een afsluiting van een cursus, module of opleiding. Het behalen van een examen kan leiden tot het verkrijgen van een diploma, certificaat of overgangsbewijs en is bedoeld om de voortgang en geschiktheid voor verdere studie of beroep te waarborgen.";"";"";"";"";"";"";"https://gemmaonline.nl/index.php/GEMMA/id-ccce5500-2140-4928-9716-0132a31e9686";"";"";"6 Sociaal Domein > Inburgering";"";"09072026-00:43:48"
"336";"";"Examenonderdeel";"";"EAID_D41DCE2D_4AD5_45b8_9527_EC416F4A4CC7";"";"class";"";"";"Een Examenonderdeel in de context van onderwijs is een specifieke, afgebakende component van een examen waarin een deelaspect van de leerdoelen of eindtermen wordt getoetst. Het kan betrekking hebben op een specifiek vak, thema of vaardigheid en kan bestaan uit verschillende toetsvormen, zoals meerkeuzevragen, essays, praktijkopdrachten of mondelinge presentaties. Het examenonderdeel draagt bij aan de totaalscore of het eindresultaat van het examen en kan afzonderlijk beoordeeld en gewaardeerd worden.";"";"";"";"";"";"";"";"";"";"6 Sociaal Domein > Inburgering";"";"09072026-00:43:48"
"337";"ExterneBron";"Externe Bron";"c8645fb0-cd62-4940-9e68-306579d7dfd0";"EAID_144D1047_35BB_4926_9472_895D89DC2E0C";"business-object";"class";"";"Bron buiten de eigen organisatie";"Bron buiten de eigen organisatie";"";"";"";"";"";"";"https://gemmaonline.nl/index.php/GEMMA/id-c8645fb0-cd62-4940-9e68-306579d7dfd0";"";"";"9 Interne Organisatie > ICT";"";"09072026-00:43:48"
"338";"";"ExterneBron";"";"EAID_841FC453_80B3_4389_A91F_9498FDC629CF";"";"class";"";"";"Bron buiten de eigen organisatie";"";"";"";"";"";"";"";"";"";"10 Dienstverlening";"";"09072026-00:43:48"
"339";"Factuur";"Factuur";"e3c92496-53d2-473e-9643-9774cdda2891";"EAID_E1DA56C3_6ECA_4ec9_8CF4_FC57E1C43102";"business-object";"class";"business-object";"Schriftelijke rekening of nota voor de geleverde zaken of verrichte diensten.";"Schriftelijke rekening of nota voor de geleverde zaken of verrichte diensten.";"";"";"";"";"";"";"https://gemmaonline.nl/index.php/GEMMA/id-e3c92496-53d2-473e-9643-9774cdda2891";"";"";"9 Interne Organisatie > Financien";"";"09072026-00:43:48"
"340";"";"Factuurregel";"";"EAID_65E960EA_CC92_4af1_AF2B_B4625FA6AEA0";"";"class";"";"";"Een item op de factuur";"";"";"";"";"";"";"";"";"";"9 Interne Organisatie > Financien";"";"09072026-00:43:48"
"341";"";"Fase/Oplevering";"";"EAID_7FA358CC_1160_490b_A543_D5ED69A558D2";"";"class";"";"";"";"";"";"";"";"";"";"";"";"";"8 Volkshuisvesting, Leefomgeving en Stedelijke Vernieuwing > Beheer Openbare Ruimte";"";"09072026-00:43:48"
"342";"";"Fietsparkeervoorziening";"";"EAID_CA558CCA_4DF7_458A_B8BF_AEA0E428489";"";"class";"";"";"Een duurzaam verankerd rek in de openbare ruimte voor het stallen van fietsen";"";"";"";"";"";"";"";"";"";"8 Volkshuisvesting, Leefomgeving en Stedelijke Vernieuwing > Beheer Openbare Ruimte";"";"09072026-00:43:48"
"343";"";"Fietsregistratie";"";"EAID_FF9A4A36_6674_4590_BC33_7B6DC5256490";"";"class";"";"";"Adminstreren van fietsen";"";"";"";"";"";"";"";"";"";"1 Veiligheid en Vergunningen";"";"09072026-00:43:48"
"344";"";"Filterput";"";"EAID_6E949D6F_0A40_4BB7_B655_5EF4B8BBA4D";"";"class";"";"";"Put met een filterconstructie voor het onttrekken van grondwater. Kan ook beschouwd worden als een soort drainagevoorziening.";"";"";"";"";"";"";"";"";"";"8 Volkshuisvesting, Leefomgeving en Stedelijke Vernieuwing > Beheer Openbare Ruimte";"";"09072026-00:43:48"
"345";"";"Flexibliteit";"";"EAID_E7BC941E_A54D_49e1_8F77_1D8D7CE8EBD7";"";"class";"";"";"De mate waarin een persoon flexibel inzetbaar is qua werktijden, werkplek of werkzaamheden.";"";"";"";"";"";"";"";"";"";"6 Sociaal Domein > Werk";"";"09072026-00:43:48"
"346";"";"Flyover";"";"EAID_12F592F4_8E38_49B7_8DEF_F9B84A874BB";"";"class";"";"";"Kunstwerk in de vorm van een viaduct dat deel uitmaakt van een verkeersbaan en waarmee een verkeersstroom over twee of meer ongelijkvloerse verkeersstromen wordt geleid.";"";"";"";"";"";"";"";"";"";"8 Volkshuisvesting, Leefomgeving en Stedelijke Vernieuwing > Beheer Openbare Ruimte";"";"09072026-00:43:48"
"347";"Formatieplaats";"Formatieplaats";"bd504191-10c0-436a-b0e0-fd4858a7b67d";"EAID_81EFBDCE_E500_4090_A37A_D3F799517866";"business-object";"class";"business-object";"Uitgangspunt is het vastgestelde formatieplan, dus niet de werkelijke bezetting.";"Uitgangspunt is het vastgestelde formatieplan, dus niet de werkelijke bezetting. Het gaat hier om de toegestane formatie in fte van het ambtelijk apparaat van uw organisatie voor het begrotingsjaar";"";"";"";"";"";"";"https://gemmaonline.nl/index.php/GEMMA/id-bd504191-10c0-436a-b0e0-fd4858a7b67d";"";"";"9 Interne Organisatie > HR";"";"09072026-00:43:48"
"348";"";"FormeleHistorie";"";"EAID_BB4E5922_F0E8_40bb_8BB6_9B0DC648DD85";"";"class";"";"";"Indicatie of de formele historie van de attribuutsoort te bevragen is. Formele historie geeft aan wanneer in de administratie een verandering is verwerkt van de attribuutwaarde (wanneer was de verandering bekend en is deze verwerkt)";"";"";"";"";"";"";"";"";"";"99 Kern > RGBZPlus";"";"09072026-00:43:48"
"349";"";"FormulierInhuur";"";"EAID_B598FF22_CDD0_486f_B528_99421D0FA608";"";"class";"";"";"Formulier ten behoeve van inhuur personeel";"";"";"";"";"";"";"";"";"";"9 Interne Organisatie > Inkoop";"";"09072026-00:43:48"
"350";"";"FormulierVerlengingInhuur";"";"EAID_1D87490A_9F07_424f_BE6F_5E9C11376B05";"";"class";"";"";"Formulier ten behoeve van verlenging inhuur personeel";"";"";"";"";"";"";"";"";"";"9 Interne Organisatie > Inkoop";"";"09072026-00:43:48"
"351";"";"Formuliersoort";"";"EAID_0567826D_81EE_4bbd_8D62_3073B74CDF11";"";"class";"";"";"Bron: GEM_FORM
ID: FORM_ID";"";"";"";"";"";"";"";"";"";"10 Dienstverlening";"";"09072026-00:43:48"
"352";"";"Formuliersoortveld";"";"EAID_E512AEFD_85FB_4b57_82FE_709221307861";"";"class";"";"";"Bron: GEM_VELD
ID: FORM_ID en VELD_NAAM";"";"";"";"";"";"";"";"";"";"10 Dienstverlening";"";"09072026-00:43:48"
"353";"Foto";"Foto";"b285df90-a239-4757-b78e-a281744f89cb";"EAID_7FE4B466_B051_4068_9ED1_6E60C3B2DBAD";"business-object";"class";"";"Afbeelding op een plat vlak vervaardigd door middel van fotografie";"Afbeelding op een plat vlak vervaardigd door middel van fotografie";"";"";"";"";"";"";"https://gemmaonline.nl/index.php/GEMMA/id-b285df90-a239-4757-b78e-a281744f89cb";"";"";"99 Kern";"";"09072026-00:43:48"
"354";"Grondstofstroom";"Fractie";"5b29c1f2-feeb-4e72-9b70-7a0a8bb374cc";"EAID_80A7D18F_7C7E_4ee6_9F07_055559BCEF9F";"business-object";"class";"business-object";"Afzonderlijke afval- of grondstofstroom met eigen inzamel- en verwerkingsstrategie.";"Onderdeel, deeltje";"";"";"";"";"";"";"https://gemmaonline.nl/index.php/GEMMA/id-5b29c1f2-feeb-4e72-9b70-7a0a8bb374cc";"";"";"7 Volksgezondheid en Milieu > Afval";"";"09072026-00:43:48"
"355";"";"Frequentie";"";"EAID_8640ED99_341B_4f10_A335_9324459F19B3";"";"enumeration";"";"";"";"";"";"";"";"";"";"";"";"";"6 Sociaal Domein > Generiek Jeugd en Wmo";"";"09072026-00:43:48"
"356";"";"Functie";"";"EAID_3BDD29C7_FBCD_4c90_A520_8187E2D9BD57";"";"class";"";"";"Een samenhangende verzameling van rollen";"";"Voorbeeld: centrumgebied, bedrijventerrein. In spreektaal: een gebied heeft een functie. Informatiekundig: een functie is een zelfstandig informatieobject dat via een verwijzing een gebied aanwijst. De functie is niet de regel zelf. De regel beschrijft wa";"";"";"";"";"";"";"";"8 Volkshuisvesting, Leefomgeving en Stedelijke Vernieuwing > Omgevingswet";"";"09072026-00:43:48"
"357";"Arbeidsfunctie";"Functie";"1f07a048-a6c6-4f10-be33-49327c1d37ec";"EAID_F29C11C1_477C_4b90_985C_43F94D08230A";"business-object";"class";"business-object";"Een samenhangende verzameling van rollen. Een functie kan worden gedefinieerd als het samenstel van feitelijk opgedragen taken en werkzaamheden.";"Een samenhangende verzameling van rollen. Een functie kan worden gedefinieerd als het samenstel van feitelijk opgedragen taken en werkzaamheden";"";"";"";"";"";"";"https://gemmaonline.nl/index.php/GEMMA/id-1f07a048-a6c6-4f10-be33-49327c1d37ec";"";"";"9 Interne Organisatie > HR";"";"09072026-00:43:48"
"358";"Functiehuis";"Functiehuis";"b7ad73b1-bea5-48e8-acaa-d6031c3078ce";"EAID_D69EE16A_390C_4d6f_BC01_2B13FB3B22F1";"business-object";"class";"";"Model waarin functies van een organisatie worden beschreven.";"Model waarin functies van een organisatie worden beschreven.";"";"";"";"";"";"";"https://gemmaonline.nl/index.php/GEMMA/id-b7ad73b1-bea5-48e8-acaa-d6031c3078ce";"";"";"9 Interne Organisatie > HR";"";"09072026-00:43:48"
"359";"FunctioneelGebied";"FunctioneelGebied";"b47ab76c-8207-47ee-a1fa-eac8a16b1960";"EAID_43DD67FD_75F0_4FE0_90F0_DB49048F14C";"business-object";"class";"";"Begrensd en benoemd gebied dat door een functionele eenheid beschreven wordt.   (bron: definities.geostandaarden.nl)";"Begrensd en benoemd gebied dat door een functionele eenheid beschreven wordt.   (bron: definities.geostandaarden.nl)";"";"";"";"";"";"";"https://gemmaonline.nl/index.php/GEMMA/id-b47ab76c-8207-47ee-a1fa-eac8a16b1960";"";"";"8 Volkshuisvesting, Leefomgeving en Stedelijke Vernieuwing > Beheer Openbare Ruimte";"";"09072026-00:43:48"
"360";"";"FunctioneelGebied";"";"EAID_B8F44180_1F2A_4bbc_8E17_6C472111A92B";"";"class";"";"";"Begrensd en benoemd gebied dat door een functionele eenheid beschreven wordt.";"";"";"";"";"";"";"";"";"";"99 Kern > RSGBPlus";"";"09072026-00:43:48"
"361";"";"Gebied";"";"EAID_0303A7A4_EF51_4262_AEE0_642FA5064807";"";"class";"";"";"Een aaneengesloten gedeelte van een wijk, waarvan de grenzen zo veel mogelijk gebaseerd zijn op topografische elementen.";"";"";"";"";"";"";"";"";"";"99 Kern";"";"09072026-00:43:48"
"362";"";"Gebied";"";"EAID_5835F691_4452_44de_A1E9_07088AC16D69";"";"class";"";"";"Een aaneengesloten gedeelte van een wijk, waarvan de grenzen zo veel mogelijk gebaseerd zijn op topografische elementen.";"";"";"";"";"";"";"";"";"";"99 Kern > RSGBPlus";"";"09072026-00:43:48"
"363";"";"Gebiedengroep";"";"EAID_85E3996B_578D_4313_B078_2773F98412D9";"";"class";"";"";"Verzameling van gebieden";"";"";"";"";"";"";"";"";"";"99 Kern";"";"09072026-00:43:48"
"364";"Gebiedsaanwijzing";"Gebiedsaanwijzing";"8ffff080-afa5-43cf-a1dc-1ab2052f20ac";"EAID_503BD06E_E063_46f2_8B43_BF75A143D6C4";"business-object";"class";"business-object";"Aanwijzing van een specifiek gebied in het omgevingsplan met een type, naam en locatie die aangeeft hoe het gebied beschouwd wordt vanuit de bijbehorende regels.";"Functie of een Beperkingengebied, met een verwijzing naar locatie, veelal een gebied, waarbij aangegeven wordt hoe het gebied beschouwd wordt vanuit de bijbehorende regels.";"Voorbeeld: bebouwde kom. In spreektaal: dit gebied is aangewezen als bebouwde kom en dit is de functie van dit gebied. Informatiekundig: een aangewezen gebied met de naam bebouwde kom heeft een locatieaanduiding naar een locatie/gebied. Deze locatieaandui";"Voorbeeld: bebouwde kom. In spreektaal: dit gebied is aangewezen als bebouwde kom en dit is de functie van dit gebied. Informatiekundig: een aangewezen gebied met de naam bebouwde kom heeft een locatieaanduiding naar een locatie/gebied. Deze locatieaandui";"";"";"";"";"https://gemmaonline.nl/index.php/GEMMA/id-8ffff080-afa5-43cf-a1dc-1ab2052f20ac";"";"";"8 Volkshuisvesting, Leefomgeving en Stedelijke Vernieuwing > Omgevingswet";"";"09072026-00:43:48"
"365";"Voorschriftengebied";"Gebiedsaanwijzing";"8ffff080-afa5-43cf-a1dc-1ab2052f20ac";"EAID_503BD06E_E063_46f2_8B43_BF75A143D6C4";"business-object";"class";"business-object";"Functie of een Beperkingengebied, met een verwijzing naar locatie, veelal een gebied, waarbij aangegeven wordt hoe het gebied beschouwd wordt vanuit de bijbehorende regels.";"Functie of een Beperkingengebied, met een verwijzing naar locatie, veelal een gebied, waarbij aangegeven wordt hoe het gebied beschouwd wordt vanuit de bijbehorende regels.";"Voorbeeld: bebouwde kom. In spreektaal: dit gebied is aangewezen als bebouwde kom en dit is de functie van dit gebied. Informatiekundig: een aangewezen gebied met de naam bebouwde kom heeft een locatieaanduiding naar een locatie/gebied. Deze locatieaandui";"Voorbeeld: bebouwde kom. In spreektaal: dit gebied is aangewezen als bebouwde kom en dit is de functie van dit gebied. Informatiekundig: een aangewezen gebied met de naam bebouwde kom heeft een locatieaanduiding naar een locatie/gebied. Deze locatieaandui";"";"";"";"";"https://gemmaonline.nl/index.php/GEMMA/id-8ffff080-afa5-43cf-a1dc-1ab2052f20ac";"";"";"8 Volkshuisvesting, Leefomgeving en Stedelijke Vernieuwing > Omgevingswet";"";"09072026-00:43:48"
"366";"Aandachtsgebied";"Gebiedsaanwijzing";"8ffff080-afa5-43cf-a1dc-1ab2052f20ac";"EAID_503BD06E_E063_46f2_8B43_BF75A143D6C4";"business-object";"class";"business-object";"Functie of een Beperkingengebied, met een verwijzing naar locatie, veelal een gebied, waarbij aangegeven wordt hoe het gebied beschouwd wordt vanuit de bijbehorende regels.";"Functie of een Beperkingengebied, met een verwijzing naar locatie, veelal een gebied, waarbij aangegeven wordt hoe het gebied beschouwd wordt vanuit de bijbehorende regels.";"Voorbeeld: bebouwde kom. In spreektaal: dit gebied is aangewezen als bebouwde kom en dit is de functie van dit gebied. Informatiekundig: een aangewezen gebied met de naam bebouwde kom heeft een locatieaanduiding naar een locatie/gebied. Deze locatieaandui";"Voorbeeld: bebouwde kom. In spreektaal: dit gebied is aangewezen als bebouwde kom en dit is de functie van dit gebied. Informatiekundig: een aangewezen gebied met de naam bebouwde kom heeft een locatieaanduiding naar een locatie/gebied. Deze locatieaandui";"";"";"";"";"https://gemmaonline.nl/index.php/GEMMA/id-8ffff080-afa5-43cf-a1dc-1ab2052f20ac";"";"";"8 Volkshuisvesting, Leefomgeving en Stedelijke Vernieuwing > Omgevingswet";"";"09072026-00:43:48"
"367";"";"GeboorteIngeschrevenNatuurlijkPersoon";"";"EAID_C9DD308F_7EA7_4c1a_BC7D_68077692C113";"";"class";"";"";"Gegevens over de geboorte van de INGESCHREVEN NATUURLIJK PERSOON.";"";"";"";"";"";"";"";"";"";"99 Kern > RSGBPlus";"";"09072026-00:43:48"
"368";"";"GeboorteIngeschrevenPersoon";"";"EAID_4904DACB_3C13_43c1_BA00_137D9BFA3856";"";"class";"";"";"Gegevens over de geboorte van de ingeschreven persoon.";"";"";"";"";"";"";"";"";"";"99 Kern > RSGBPlus";"";"09072026-00:43:48"
"369";"Woning";"Gebouw";"69e60d64-7165-488f-a392-0e75eb4e99fb";"EAID_681DB26F_D779_4796_B467_576E5A25F581";"business-object";"class";"business-object";"Een complex van ruimten uitsluitend bedoeld voor de huisvesting van een afzonderlijk huishouden";"Een complex van ruimten uitsluitend bedoeld voor de huisvesting van een afzonderlijk huishouden";"";"";"";"";"";"";"https://gemmaonline.nl/index.php/GEMMA/id-69e60d64-7165-488f-a392-0e75eb4e99fb";"";"Sociale huurwoning, Middenhuurwoning, Betaalbare koopwoning, Studentenwoning";"8 Volkshuisvesting, Leefomgeving en Stedelijke Vernieuwing > Bouwen en Wonen";"";"09072026-00:43:48"
"370";"GebouwdObject";"GebouwdObject";"f048185d-8eb4-447b-ade2-6160df1dedb3";"EAID_752621CC_D5CA_4f4c_A937_AF6C84E6ADED";"business-object";"class";"";"Een VERBLIJFSOBJECT of een OVERIG GEBOUWD OBJECT";"Een VERBLIJFSOBJECT of een OVERIG GEBOUWD OBJECT";"";"Een gebouwd object is de groepering van de authentieke verblijfsobjecten en de overige bouwwerken en modelleert daarmee de gebouwde omgeving op het niveau van het verblijfsobject en daarmee vergelijkbare objecten voor zover dat door de gemeente als relevant wordt gezien. Het gaat daarbij primair om objecten met een verblijfsfunctie, naar analogie van de verblijfsobjecten, zijnde geen verblijfsobjecten en waarvan de vindbaarheid in het maatschappelijk verkeer op basis van een officieel adres dringend gewenst is.
De minimale verzameling is die van de verblijfsobjecten; een gemeente kan daaraan toevoegen andere (overige) bouwwerken.
Een GEBOUWD OBJECT is een specialisatie van BENOEMD OBJECT.";"";"";"Door KING toegevoegd objecttype (maakt geen deel uit van enige basisregistratie).";"Door KING toegevoegd objecttype (maakt geen deel uit van enige basisregistratie).";"https://gemmaonline.nl/index.php/GEMMA/id-f048185d-8eb4-447b-ade2-6160df1dedb3";"";"";"99 Kern > RSGBPlus";"";"09072026-00:43:48"
"371";"";"Gebouwinstallatie";"";"EAID_6FDC646C_F9E2_4610_8FFE_1ECFA99FFBD7";"";"class";"";"";"Een component aan de buitenzijde van een gebouw, die het aanzicht van het gebouw mede bepaalt.";"";"";"";"";"";"";"";"";"";"99 Kern > RSGBPlus";"";"09072026-00:43:48"
"372";"";"Gebruikerrol";"";"EAID_262A7A23_0CBB_4991_A1B2_D5D3E509549C";"";"enumeration";"";"";"";"";"";"";"";"";"";"";"";"";"9 Interne Organisatie > ICT";"";"09072026-00:43:48"
"373";"Gebruiksdoel";"Gebruiksdoel";"507292ba-1a0c-4ebf-b696-fc2c5ce1910e";"EAID_A5975EF7_558A_44fa_A656_AB43580D8C35";"business-object";"class";"";"Een aanduiding va alle waarden waarmee het gebruiksdoel van een object kan worden verbijzonderd.";"Een aanduiding va alle waarden waarmee het gebruiksdoel van een object kan worden verbijzonderd.";"";"";"";"";"";"";"https://gemmaonline.nl/index.php/GEMMA/id-507292ba-1a0c-4ebf-b696-fc2c5ce1910e";"";"";"9 Interne Organisatie > Vastgoed";"";"09072026-00:43:48"
"374";"Gegeven";"Gegeven";"38d8e66f-29f5-4387-b12f-1291ee266080";"EAID_E846CC36_DF4A_4398_AE4C_122CAFEBAEAA";"business-object";"class";"";"";"bekend feit waaruit je gevolgtrekkingen kunt maken";"";"";"";"";"";"";"https://gemmaonline.nl/index.php/GEMMA/id-38d8e66f-29f5-4387-b12f-1291ee266080";"";"";"9 Interne Organisatie > ICT";"";"09072026-00:43:48"
"375";"Geluidscherm";"Geluidsscherm";"";"EAID_DD64F32C_3273_4E23_9A61_FCC8EC93977";"";"class";"business-object";"Een scheiding bedoeld om geluidshinder in de buitenlucht te verminderen. (IMGeo)";"Een scheiding bedoeld om geluidshinder in de buitenlucht te verminderen. (IMGeo)";"";"";"";"";"";"";"";"";"";"8 Volkshuisvesting, Leefomgeving en Stedelijke Vernieuwing > Beheer Openbare Ruimte";"";"09072026-00:43:48"
"376";"Gemaal";"Gemaal";"";"EAID_5D70E69A_2A35_4088_886E_32C0B07275C";"";"class";"business-object";"Constructie voor het verpompen van afvalwater, hemelwater of oppervlaktewater binnen het gemeentelijk rioleringssysteem.";"Een constructie ten behoeve van het verplaatsen van water";"";"";"";"";"";"";"";"";"";"8 Volkshuisvesting, Leefomgeving en Stedelijke Vernieuwing > Beheer Openbare Ruimte";"";"09072026-00:43:48"
"377";"Gemachtigde";"Gemachtigde";"c3a7596c-2303-4354-9f02-aa999d7fca47";"EAID_02BDED5E_9106_4aed_94C2_513689353284";"business-object";"class";"";"Een Natuurlijk Persoon of een Niet Natuurlijk Persoon die als vertegenwoordiger van een Initiatiefnemer optreedt.";"Een Natuurlijk Persoon of een Niet Natuurlijk Persoon die als vertegenwoordiger van een Initiatiefnemer optreedt.";"";"";"";"";"";"";"https://gemmaonline.nl/index.php/GEMMA/id-c3a7596c-2303-4354-9f02-aa999d7fca47";"";"";"8 Volkshuisvesting, Leefomgeving en Stedelijke Vernieuwing > Omgevingswet";"";"09072026-00:43:48"
"378";"Gemeente";"Gemeente";"f830bbc9-38d5-4f61-be23-79091f18282e";"EAID_EA6F820F_C458_4b24_8055_5C2CC76F5904";"business-object";"class";"business-object";"Een gedeelte van het grondgebied van Nederland, ingesteld op basis van artikel 123 van de Grondwet.";"Een gedeelte van het grondgebied van Nederland, ingesteld op basis van artikel 123 van de Grondwet.";"";"";"";"";"Door KING toegevoegd objecttype,ontleend aan het GFO BG (maakt geen deel uit van enige basisregistratie).";"Door KING toegevoegd objecttype,ontleend aan het GFO BG (maakt geen deel uit van enige basisregistratie).";"https://gemmaonline.nl/index.php/GEMMA/id-f830bbc9-38d5-4f61-be23-79091f18282e";"GEMEENTE (BAG)";"";"99 Kern > BAG";"";"09072026-00:43:48"
"379";"Gemeente";"Gemeente";"9f1ea854-eb45-47a0-98f4-4043b4a69be0";"EAID_B0D9792B_46E7_4b88_B267_C72691616733";"business-object";"class";"business-object";"Een gedeelte van het grondgebied van Nederland, ingesteld op basis van artikel 123 van de Grondwet.";"Een gedeelte van het grondgebied van Nederland, ingesteld op basis van artikel 123 van de Grondwet.";"";"";"";"";"Door KING toegevoegd objecttype, ontleend aan het GFO BG (maakt geen deel uit van enige basisregistratie).";"Door KING toegevoegd objecttype, ontleend aan het GFO BG (maakt geen deel uit van enige basisregistratie).";"https://gemmaonline.nl/index.php/GEMMA/id-9f1ea854-eb45-47a0-98f4-4043b4a69be0";"Gemeente (RSGB Model)";"";"99 Kern > RSGBPlus";"";"09072026-00:43:48"
"380";"Gemeentebegrafenis";"Gemeentebegrafenis";"a0f96391-4935-4c7a-be2b-2fa1b00da57f";"EAID_F2DBE01F_7535_4f26_9DF2_081EF8632F36";"business-object";"class";"business-object";"Uitvaart die de gemeente verzorgt wanneer niemand anders in de lijkbezorging voorziet, op grond van artikel 21 van de Wet op de lijkbezorging.";"Teraardebestelling onder verantwoordelijjkheid van de gemeente.";"";"";"";"";"";"";"https://gemmaonline.nl/index.php/GEMMA/id-a0f96391-4935-4c7a-be2b-2fa1b00da57f";"";"";"6 Sociaal Domein > Gemeentebegrafenissen";"";"09072026-00:43:48"
"381";"";"Generalisatie";"";"EAID_0CF1C34D_8AD5_4ac5_8538_87252E66A8C8";"";"class";"";"";"De typering van het hiërarchische verband tussen een meer generiek object van een objecttype en een meer specifiek object van een ander objecttype waarbij het laatstgenoemde object eigenschappen van het eerstgenoemde object overerft.
Toelichting
Een generalisatierelatie geeft aan dat bepaalde eigenschappen van een objecttype (vaak attribuutsoorten en/of relatiesoorten) ook gelden voor de gerelateerde objecttypen, én dat deze qua semantiek, structuur en syntax gelijk zijn. We spreken dan van een supertype met subtypen. De modelelementen die generiek gelden worden in een generiek objecttype, het supertype, gemodelleerd en deze worden overerft door elk subtype (minimaal twee) die de generalisatie relatie legt naar dit generieke objecttype.
Voorbeeld: PERCEEL is specialisatie van KADASTRAAL ONROERENDE ZAAK, APPARTEMENTSRECHT is specialisatie van KADASTRAAL ONROERENDE ZAAK. PERCEEL en APPARTEMENTSRECHT hebben beide ‘Kadastrale aanduiding’ en een ‘relatie met ONROERENDE ZAAK FILIATIE’.";"";"Een generalisatierelatie geeft aan dat bepaalde eigenschappen van een objecttype (vaak attribuutsoorten en/of relatiesoorten) ook gelden voor de gerelateerde objecttypen, én dat deze qua semantiek, structuur en syntax gelijk zijn. We spreken dan van een s";"";"";"";"";"";"";"";"9 Interne Organisatie > ICT";"";"09072026-00:43:48"
"382";"";"GenotenOpleiding";"";"EAID_261363C5_1E00_4b6a_B570_2129DC044010";"";"class";"";"";"Afgeronde opleiding, een samenhangend geheel van vakken, gericht op de verwezenlijking van welomschreven doelstellingen op het gebied van kennis, inzicht en vaardigheden";"";"";"";"";"";"";"";"";"";"9 Interne Organisatie > HR";"";"09072026-00:43:48"
"383";"GEOObject";"Geo-Object";"f5de1e41-5207-4d9e-a4f8-7889b5c1e2b1";"EAID_05B355EF_39EA_4bfb_B1F3_AB31841C986E";"business-object";"class";"";"Abstractie van een fenomeen in de werkelijkheid, dat direct of indirect is geassocieerd met een locatie relatief ten opzichte van de aarde. [NEN 3610:2011]";"Abstractie van een fenomeen in de werkelijkheid, dat direct of indirect is geassocieerd met een locatie relatief ten opzichte van de aarde. [NEN 3610:2011]";"Bevat een aantal basisgegevens die in alle geo-objecten terugkomen.";"Bevat een aantal basisgegevens die in alle geo-objecten terugkomen.";"";"";"";"";"https://gemmaonline.nl/index.php/GEMMA/id-f5de1e41-5207-4d9e-a4f8-7889b5c1e2b1";"";"";"8 Volkshuisvesting, Leefomgeving en Stedelijke Vernieuwing > Beheer Openbare Ruimte";"";"09072026-00:43:48"
"384";"";"Gerechtelijke uitspraak";"";"EAID_28BCD751_DDE7_42b6_9E6B_579B382BC84A";"";"class";"";"";"Een gerechtelijke uitspraak is een formele beslissing van een rechter of gerechtshof in een juridische procedure. Deze uitspraak bevat de beoordeling van de feiten, de toepassing van het recht en de uiteindelijke beslissing over het geschil dat aan de rechter is voorgelegd. Een gerechtelijke uitspraak kan verschillende vormen aannemen, zoals een vonnis, arrest, beschikking of een kortgedingbeslissing, afhankelijk van de aard van de procedure. Het doel van een gerechtelijke uitspraak is om een bindende oplossing te bieden voor het conflict tussen partijen, en het kan zowel betrekking hebben op civiele, strafrechtelijke, bestuursrechtelijke als andere juridische kwesties.";"";"";"";"";"";"";"";"";"";"6 Sociaal Domein > Sociaal Domein Generiek";"";"09072026-00:43:48"
"385";"";"Geslachtsaanduiding MEDEWERKER";"";"EAID_1A398341_6C0F_43b2_9A22_9DF3CF68EDF0";"";"enumeration";"";"";"";"";"";"";"";"";"";"";"";"";"99 Kern > RGBZPlus";"";"09072026-00:43:48"
"386";"";"Gestopt betaald werk";"";"EAID_16333246_B1C9_E9E9_D5B6_2791C02E05CB";"";"class";"";"";"*Gestopt betaald werk* is de situatie waarin iemand **zijn of haar betaalde arbeidsrelatie heeft beëindigd**, waardoor het reguliere inkomen uit werk is komen te vervallen en dit relevant is voor de beoordeling van een uitkeringsaanvraag of inkomenssituatie.";"";"Binnen gemeentelijke inkomens- en bijstandsadministraties (zoals onder de Participatiewet) speelt de situatie *gestopt betaald werk* een rol bij de vaststelling van rechten en verplichtingen. Het duidt op het moment waarop een persoon niet langer in dienst is en geen loon meer ontvangt, bijvoorbeeld door ontslag, beëindiging van een tijdelijk contract, eigen vertrek of einde arbeidsovereenkomst. Dit kan bepalend zijn voor het recht op bijstand of andere inkomensondersteuning en voor de vaststelling van de startdatum van de uitkering. In de Participatiewet staat het stimuleren van deelname aan reguliere arbeid centraal, maar als iemand stopt met betaald werk zonder voldoende inkomen volgt mogelijk een aanvraag voor bijstand.";"";"";"";"";"";"";"";"Inkomen > Reden aanvraag";"";"09072026-00:43:48"
"387";"";"Gestopt of verkocht eigen bedrijf";"";"EAID_0B7F7AD1_661C_8F1C_4F9A_2791C1C74BAB";"";"class";"";"";"*Gestopt of verkocht eigen bedrijf* is de situatie waarin een persoon zijn of haar **bedrijf volledig beëindigt of overdraagt/verkoopt**, waardoor de zelfstandige activiteit ophoudt en de reguliere inkomsten uit de onderneming verdwijnen.";"";"Deze aanduiding wordt gebruikt in inkomens- of uitkeringsadministraties om aan te geven dat iemand **niet langer actief is als ondernemer** doordat het bedrijf is gestopt (bijvoorbeeld definitieve beëindiging van de bedrijfsactiviteiten en uitschrijving bij de Kamer van Koophandel) of is verkocht aan een andere partij. Dit kan relevant zijn voor de beoordeling van **recht op een uitkering** (zoals bijstand of BBZ-ondersteuning) omdat de beëindiging of overdracht van de onderneming leidt tot het wegvallen van bedrijfsinkomen en daarmee invloed heeft op de inkomenssituatie. Stoppen met het bedrijf kan ook voorwaarden uitlokken voor regelingen zoals het **Besluit bijstandverlening zelfstandigen (Bbz)** of reguliere bijstand als laatste vangnet.";"";"";"";"";"";"";"";"Inkomen > Reden aanvraag";"";"09072026-00:43:48"
"388";"";"Gestopte bijstanduitkering";"";"EAID_15ABBF00_EC46_89CA_680B_2791C070D8E5";"";"class";"";"";"*Gestopte bijstandsuitkering* is een reden van aanvraag binnen de GBI-Ontologie die aanduidt dat een cliënt een inkomensdienst aanvraagt omdat **een eerder ontvangen bijstandsuitkering is beëindigd**.";"";"Binnen het GBI-model voor *Reden aanvraag* fungeert *Gestopte bijstandsuitkering* als een specifieke **categorie van terugkerende instroomreden**. Het beschrijft de situatie waarin een persoon **weer inkomensondersteuning aanvraagt** nadat een bijstandsuitkering eerder is gestopt—bijvoorbeeld omdat het recht op die uitkering is geëindigd (omdat er inkomen uit werk was, verhuizing, wijziging in omstandigheden, etc.). Deze aanduiding helpt administraties te structureren **waarom een nieuwe aanvraag plaatsvindt** en komt in de GBI-semantiek voor onder de Reden aanvraag.";"";"";"";"";"";"";"";"Inkomen > Reden aanvraag";"";"09072026-00:43:48"
"389";"";"Gestopte detentie";"";"EAID_16F72E30_A6E2_CEC4_6AB8_2791C1C8CC09";"";"class";"";"";"*Gestopte detentie* is een reden van aanvraag binnen het GBI-model die aangeeft dat een persoon **vrij is gekomen uit detentie**, waardoor de detentie-periode is beëindigd en dit relevant is voor de beoordeling van een nieuwe aanvraag of wijziging in de ondersteuningsbehoefte.";"";"Binnen het GBI-Ontologiemodel (bijv. *Reden aanvraag* of *Reden instroom*) geeft *Gestopte detentie* aan dat de vorige situatie van detentie **afgelopen is** en dat dit de aanleiding vormt voor een nieuwe aanvraag, bijvoorbeeld voor inkomensondersteuning of het vaststellen van begeleiding na vrijlating. Het markeert een specifieke overgangssituatie waarbij de cliënt niet langer in detentie verblijft en daarom opnieuw door de gemeente beoordeeld wordt voor passende diensten of ondersteuning. Deze aanduiding helpt administraties te structureren **waarom een aanvraag wordt gedaan** in relatie tot de beëindiging van een detentieperiode.";"";"";"";"";"";"";"";"Inkomen > Reden aanvraag";"";"09072026-00:43:48"
"390";"";"Gestopte of verlaagde alimentatie";"";"EAID_1632E282_377B_77CF_BF11_2791C070C097";"";"class";"";"";"*Gestopte of verlaagde alimentatie* is een reden van aanvraag binnen het GBI-Ontologiemodel die aangeeft dat een persoon een inkomensdienst aanvraagt omdat **alimentatiebetalingen zijn gestopt of verlaagd**, waardoor het reguliere ondersteuningsinkomen is verminderd.";"";"Binnen het GBI-model *Reden aanvraag* fungeert *Gestopte of verlaagde alimentatie* als een **specifieke instroomreden** voor inkomensondersteuning (zoals bijstand). Het duidt op een situatie waarin alimentatie — bijvoorbeeld partneralimentatie of kinderalimentatie — **niet langer wordt ontvangen of structureel is verlaagd**, wat kan leiden tot een tekort aan middelen voor levensonderhoud. Dit kan voortkomen uit gewijzigde omstandigheden achter de alimentatie (bijv. rechterlijke herziening, verandering van draagkracht of einde van de onderhoudsplicht). Het begrip wordt in het model gebruikt om administratief vast te leggen **waarom een nieuwe aanvraag voor ondersteuning wordt gedaan**.";"";"";"";"";"";"";"";"Inkomen > Reden aanvraag";"";"09072026-00:43:48"
"391";"";"Gestopte studiefinanciering";"";"EAID_1F0AACC8_0CDE_849C_C1CC_2791C070CCF8";"";"class";"";"";"*Gestopte studiefinanciering* is een reden van aanvraag binnen de GBI-Ontologie die aangeeft dat een persoon een inkomensdienst aanvraagt omdat **de studiefinanciering is beëindigd of gestopt**, waardoor het (studie)inkomen wegvalt en inkomensondersteuning nodig kan zijn.";"";"Binnen het **GBI-model ‘Reden aanvraag’** functioneert *Gestopte studiefinanciering* als een **specifieke subtype-reden** voor het aanvragen van een gemeentelijke inkomensvoorziening (zoals bijstand of andere ondersteuning). De term duidt op de situatie waarin een betrokkene niet langer recht heeft op studiefinanciering — bijvoorbeeld omdat de opleiding is beëindigd, de student is uitgeschreven of de financieringsvoorwaarden niet meer zijn vervuld — waardoor een tekort aan middelen ontstaat dat kan leiden tot een nieuwe aanvraag voor inkomensondersteuning. Het begrip wordt gebruikt om **de reden van instroom in een inkomensdienst gestructureerd vast te leggen**.";"";"";"";"";"";"";"";"Inkomen > Reden aanvraag";"";"09072026-00:43:48"
"392";"";"Gestopte uitkering";"";"EAID_1BDF5AAF_EDC4_87BC_16F2_2791C06DC1FA";"";"class";"";"";"*Gestopte uitkering* is een subtype van **Reden aanvraag** binnen het GBI-Ontologiemodel dat aangeeft dat een cliënt een inkomensdienst aanvraagt omdat **een eerdere uitkering is beëindigd**, waardoor opnieuw inkomensondersteuning nodig is.";"";"In het GBI-model *Reden aanvraag* worden meerdere specifieke **aanvraagredenen** onderscheiden om te registreren waarom iemand een inkomensvoorziening aanvraagt. *Gestopte uitkering* duidt op de situatie waarin een vorige uitkering (bijv. bijstand, WW, arbeidsongeschiktheidsuitkering) **is stopgezet of geëindigd**, en dit verlies van inkomen aanleiding geeft voor een nieuwe aanvraag van ondersteuning. Deze reden helpt gemeenten om administratief vast te leggen wat de achterliggende oorzaak is van de aanvraag.";"";"";"";"";"";"";"";"Inkomen > Reden aanvraag";"";"09072026-00:43:48"
"393";"Geweldsincident";"Geweldsincident";"fddeb5c4-571e-45ec-8bde-86cc9702ff18";"EAID_41AFF74F_ADBE_4f3f_AB2F_25027A70E573";"business-object";"class";"";"Een gebeurtenis met betrekking tot agressie en omvat het veroorzaken van verwondingen of schade bij mensen, dieren, of voorwerpen.";"Een gebeurtenis met betrekking tot agressie en omvat het veroorzaken van verwondingen of schade bij mensen, dieren, of voorwerpen.";"";"";"";"";"";"";"https://gemmaonline.nl/index.php/GEMMA/id-fddeb5c4-571e-45ec-8bde-86cc9702ff18";"";"";"9 Interne Organisatie > HR";"";"09072026-00:43:48"
"394";"";"Gezagsverhouding";"";"EAID_C18BB25F_536F_4b80_BC7C_7855DF2D7389";"";"class";"";"";"Een gezagsverhouding is een juridische of feitelijke relatie tussen twee partijen, waarbij de ene partij (de gezagsdrager) bevoegd is om instructies of richtlijnen te geven, en de andere partij (de ondergeschikte) verplicht is deze op te volgen. Deze verhouding speelt een belangrijke rol in verschillende contexten, zoals arbeidsrelaties, waarbij een werkgever zeggenschap heeft over een werknemer, of familierecht, waar ouders gezag uitoefenen over hun minderjarige kinderen. Een gezagsverhouding impliceert doorgaans een zekere mate van hiërarchie en verantwoordelijkheid, waarbij de gezagsdrager verplicht is om zijn bevoegdheden zorgvuldig en in het belang van de ondergeschikte uit te oefenen.";"";"";"";"";"";"";"";"";"";"6 Sociaal Domein > Sociaal Domein Generiek";"";"09072026-00:43:48"
"395";"Gezinsmigrant";"Gezinsmigrant en Overige migrant";"";"EAID_526489DC_4D57_4e6d_8338_5F7C898162F6";"business-object";"class";"business-object";"Inburgeringsplichtige die verblijf heeft op grond van gezinshereniging of andere migratiereden, niet zijnde asiel.";"Object Inburgeraar is gespecialiseerd in Asielstatushouder en Gezinsmigrant en Overige Migrant.

Gezinsmigrant en Overige Migrant heeft geen kenmerken en is bedoeld om relaties te leggen met objecten die alleen van toepassing zijn voor Gezinsmigrant en Overige Migrant zoals bijvoorbeeld: object Aanvraag Sociale Lening. Hetzelfde geldt ook voor object Asielstatushouder, deze heeft overigens wel kenmerken.";"";"";"";"";"";"";"https://gemmaonline.nl/index.php/GEMMA/id-61601c33-5b61-4bab-9191-e7eb1b1bca07";"";"";"6 Sociaal Domein > Inburgering";"";"09072026-00:43:48"
"396";"";"Gezinsrelatie";"";"EAID_8F83BD4F_86BF_459d_89EF_6E7CE6DCA385";"";"enumeration";"";"";"";"";"";"";"";"";"";"";"";"";"99 Kern > RSGBPlus";"";"09072026-00:43:48"
"397";"Groenobject";"Groenobject";"360b8000-41ce-453f-bed8-b0cc7fa21164";"EAID_B4935E75_46CA_414D_949D_30A8B801FD5";"business-object";"class";"business-object";"Kleinste functioneel onafhankelijk stukje van een terrein dat er binnen het objecttype Terrein van NEN 3610 wordt onderscheiden, met aaneengesloten vegetatie.";"Kleinste functioneel onafhankelijk stukje van een terrein dat er binnen het objecttype Terrein van NEN 3610 wordt onderscheiden, met aaneengesloten vegetatie.";"";"";"";"";"";"";"https://gemmaonline.nl/index.php/GEMMA/id-360b8000-41ce-453f-bed8-b0cc7fa21164";"";"";"8 Volkshuisvesting, Leefomgeving en Stedelijke Vernieuwing > Beheer Openbare Ruimte";"";"09072026-00:43:48"
"398";"Grondbeheerder";"Grondbeheerder";"cd7b6b9c-3bf7-4c3a-bbde-e72f38d76fe0";"EAID_B53EC85A_C731_4fb6_8379_7D11802273B2";"business-object";"class";"business-role";"De verantwoordelijkheid voor het beheer van gronden.";"Beheerder van grondgrondbeheer., oplossing voor duurzaam landbeheer en voedselproductie";"";"";"";"";"";"";"https://gemmaonline.nl/index.php/GEMMA/id-cd7b6b9c-3bf7-4c3a-bbde-e72f38d76fe0";"";"";"8 Volkshuisvesting, Leefomgeving en Stedelijke Vernieuwing > Beheer Openbare Ruimte";"";"09072026-00:43:48"
"399";"";"Grondslag";"";"EAID_94E2B19A_6942_4164_8A52_3C0BBDE45808";"";"class";"";"";"Een *grondslag* is de juridische of normatieve basis waarop een besluit, handeling of rechtspraak steunt; het is hetgeen zijn **basis vindt in wetgeving of andere geldende rechtsregels**.";"";"In (bestuurs)recht en regelgeving verwijst *grondslag* naar de **wet, regel of rechtsbron** waarop een besluit of maatregel is gebaseerd. Het duidt op de formele reden waarom een bestuursorgaan, rechter of andere instantie bevoegd is om tot een maatregel, besluit of ingreep over te gaan. Voor besluiten moet de grondslag helder zijn zodat duidelijk is **welke wettelijke bepaling, artikel of norm** de basis vormt voor het genomen besluit";"";"";"";"";"";"";"";"1 Veiligheid en Vergunningen";"";"09072026-00:43:48"
"400";"Gunning";"Gunning";"70e40543-6a99-433d-8a01-f4273e308410";"EAID_3FB9B466_D147_42d7_99D1_2D14A007D16C";"business-object";"class";"business-object";"Formeel besluit waarmee de gemeente een opdracht toewijst aan een ondernemer op basis van een aanbestedingsprocedure.";"Gunning van een (enkel of meervoudige) onderhandse aanbesteding, of een nationale of Europese aanbesteding 
Of voor levering personeel";"";"";"";"";"";"";"https://gemmaonline.nl/index.php/GEMMA/id-70e40543-6a99-433d-8a01-f4273e308410";"";"";"9 Interne Organisatie > Inkoop";"";"09072026-00:43:48"
"401";"HALTVerwijzing";"HALT-verwijzing";"1bd77fef-f3da-40cc-b94f-e325b0781719";"EAID_70E3C6AF_1117_4cfc_B61F_0D168010FFB9";"business-object";"class";"";"Jongeren van 12 tot 18 jaar die strafbare feiten plegen, zoals bijvoorbeeld: winkeldiefstal, vernieling, openbaar dronkenschap of oplichting kunnen naar Halt worden verwezen. In sommige gevallen is daarvoor toestemming nodig van het Openbaar Ministerie.";"Jongeren van 12 tot 18 jaar die strafbare feiten plegen, zoals bijvoorbeeld: winkeldiefstal, vernieling, openbaar dronkenschap of oplichting kunnen naar Halt worden verwezen. In sommige gevallen is daarvoor toestemming nodig van het Openbaar Ministerie.";"Halt heeft de wettelijke taak om strafbaar gedrag onder jongeren van 12 tot 23 jaar aan te pakken, zonder dat jongere een strafblad krijgt. Halt legt een maatregel op aan jongeren die een strafbaar licht vergrijp hebben gepleegd. Dit is de zogeheten Halt-";"Halt heeft de wettelijke taak om strafbaar gedrag onder jongeren van 12 tot 23 jaar aan te pakken, zonder dat jongere een strafblad krijgt. Halt legt een maatregel op aan jongeren die een strafbaar licht vergrijp hebben gepleegd. Dit is de zogeheten Halt-";"";"";"";"";"https://gemmaonline.nl/index.php/GEMMA/id-1bd77fef-f3da-40cc-b94f-e325b0781719";"";"";"4 Onderwijs > Leerplicht en Leerlingenvervoer";"";"09072026-00:43:48"
"402";"";"HandelsnamenMaatschappelijkeActiviteit";"";"EAID_EAF23F0A_1175_465d_A889_7396B2E18967";"";"class";"";"";"{nog niet in NHR uitgewerkt}";"";"";"";"";"";"";"";"";"";"99 Kern > RSGBPlus";"";"09072026-00:43:48"
"403";"";"HandelsnamenVestiging";"";"EAID_FDD9A2C7_930E_4646_B1FE_81060430DC55";"";"class";"";"";"{nog niet in NHR uitgewerkt}";"";"";"";"";"";"";"";"";"";"99 Kern > RSGBPlus";"";"09072026-00:43:48"
"404";"Hardware";"Hardware";"acbda3e0-9767-49bb-8d4c-2b5ea0160056";"EAID_6C92F0F8_BC92_428c_B729_1A10D515DAEF";"business-object";"class";"business-object";"Fysieke IT-componenten of onderdelen die in een computer of netwerk een rol spelen.";"Alle fysieke componenten of onderdelen die in een computer een rol spelen.";"";"";"";"";"";"";"https://gemmaonline.nl/index.php/GEMMA/id-acbda3e0-9767-49bb-8d4c-2b5ea0160056";"";"";"9 Interne Organisatie > ICT";"";"09072026-00:43:48"
"405";"Heffing";"Heffing";"ff9366e3-dd65-48ce-9051-9d6b01b2c6db";"EAID_B3371695_97AD_49d2_9AF1_15591B422007";"business-object";"class";"business-object";"Individuele vaststelling van het belastingbedrag door de heffingsambtenaar, resulterend in een betalingsverplichting.";"Een door de overheid opgelegde verplichting tot betaling";"";"";"";"";"";"";"https://gemmaonline.nl/index.php/GEMMA/id-ff9366e3-dd65-48ce-9051-9d6b01b2c6db";"";"";"99 Kern > RGBZPlus";"";"09072026-00:43:48"
"406";"Heffinggrondslag";"Heffinggrondslag";"654000c4-9d8b-4453-b3e8-4f77fb1b15a2";"EAID_3D2D5426_653C_485c_A99C_8AD933E76D78";"business-object";"class";"business-object";"De maatstaf waarop een belasting is gebaseerd, het bedrag op basis waarvan een bepaalde belasting wordt geheven of de premie voor sociale zekerheid wordt vastgesteld.";"De maatstaf waarop een belasting is gebaseerd, het bedrag op basis waarvan een bepaalde belasting wordt geheven of de premie voor sociale zekerheid wordt vastgesteld.";"";"";"";"";"";"";"https://gemmaonline.nl/index.php/GEMMA2/0.9/id-654000c4-9d8b-4453-b3e8-4f77fb1b15a2";"";"";"1 Veiligheid en Vergunningen";"";"09072026-00:43:48"
"407";"";"Heffingskorting";"";"EAID_1075821F_E399_53E2_3994_293A6EAD14DA";"";"class";"";"";"Een persoon kan inkomsten hebben uit heffingskorting.";"";"";"";"";"";"";"";"";"";"6 Sociaal Domein > Sociaal Domein Generiek";"";"09072026-00:43:48"
"408";"";"Heffingsoort";"";"EAID_356C8F59_3721_46d0_BCD0_C17B0130035C";"";"enumeration";"";"";"";"";"";"";"";"";"";"";"";"";"1 Veiligheid en Vergunningen";"";"09072026-00:43:48"
"409";"Heffingsverordening";"Heffingsverordening";"f94b299a-c9eb-4bdb-82e7-5752360494cd";"EAID_C29CCD49_04E2_44b4_A6B0_AD8B10552628";"business-object";"class";"business-object";"Een heffingsverordening is een door de gemeenteraad vastgestelde verordening die de heffing en invordering van gemeentelijke belastingen en rechten regelt, zoals afvalstoffenheffing, precariobelasting of marktgelden.";"Een *heffingsverordening* is een door de gemeenteraad vastgestelde verordening die de **heffing en invordering van gemeentelijke belastingen en rechten** regelt, zoals afvalstoffenheffing, precariobelasting of marktgelden.";"";"Gemeenten mogen alleen heffingen vaststellen binnen de kaders die de wet hen geeft. Een heffingsverordening bevat de regels over **welke belastingen of rechten worden geheven, wie belastingplichtig is, wat de maatstaf en tarieven zijn, en hoe invordering plaatsvindt**. Dit is de lokale juridische basis voor het innen van gemeentelijke heffingen waarvoor de gemeenteraad een verordening opstelt.";"";"";"";"";"https://gemmaonline.nl/index.php/GEMMA2/0.9/id-f94b299a-c9eb-4bdb-82e7-5752360494cd";"";"";"1 Veiligheid en Vergunningen";"";"09072026-00:43:48"
"410";"";"Hindercategorie";"";"EAID_A1A8B6C1_3607_4c64_92CC_364470368C3E";"";"enumeration";"";"";"";"";"";"";"";"";"";"";"";"";"2 Verkeer, Vervoer en Waterstaat > Mobiliteit";"";"09072026-00:43:48"
"411";"";"Hinderklasse";"";"EAID_9387D652_A431_4f4c_9F35_4DB0A102B1EF";"";"enumeration";"";"";"";"";"";"";"";"";"";"";"";"";"2 Verkeer, Vervoer en Waterstaat > Mobiliteit";"";"09072026-00:43:48"
"412";"HistorischPersoon";"Historisch Persoon";"36e81522-45dc-4859-a86a-92f9d1d879ba";"EAID_3BBB3264_592A_4d8c_A741_C2A3C38E3932";"business-object";"class";"";"Natuurlijk persoon waarvan informatie beschikbaar is uit het verleden.";"Natuurlijk persoon waarvan informatie beschikbaar is uit het verleden.";"";"";"";"";"";"";"https://gemmaonline.nl/index.php/GEMMA/id-36e81522-45dc-4859-a86a-92f9d1d879ba";"";"";"Erfgoed > Generieke Entiteiten Erfgoed";"";"09072026-00:43:48"
"413";"";"Hobby";"";"EAID_1D176A0D_B1C8_BCD5_8439_293A705AA468";"";"class";"";"";"Een persoon kan inkomsten hebben uit hobbies.";"";"";"";"";"";"";"";"";"";"6 Sociaal Domein > Sociaal Domein Generiek";"";"09072026-00:43:48"
"414";"";"Hoofddoel";"";"EAID_CEAAEBFB_9CB8_4c5e_98F7_11791C0A21D2";"";"class";"";"";"Het Hoofddoel is de door de gemeente vastgestelde eindbestemming van het inburgeringstraject, waarin wordt vastgelegd of de inburgeringsplichtige wordt begeleid richting werk, onderwijs of (maatschappelijke) participatie, op basis van de brede intake en het leerrouteadvies.";"";"•	Het hoofddoel geeft richting aan de inrichting van het persoonlijk plan inburgering en participatie (PIP), zoals bedoeld in artikel 17 van de Wet inburgering 2021.
	•	De gemeente stelt het hoofddoel vast in samenspraak met de inburgeringsplichtige en op basis van onder meer de leerbaarheidstoets, diplomawaardering en arbeidsmarktkansen.
	•	Voorbeelden van hoofddoelen zijn: uitstroom naar betaald werk, instroom in een opleiding (zoals mbo of hbo), of duurzame maatschappelijke participatie (bijvoorbeeld via vrijwilligerswerk).
	•	Het hoofddoel is bepalend voor de keuze en inrichting van de leerroute (B1-route, Z-route, Onderwijsroute).";"";"";"";"";"";"";"";"6 Sociaal Domein > Inburgering";"";"09072026-00:43:48"
"415";"Hoofdrekening";"Hoofdrekening";"126b246a-a292-49cb-a609-3ffa5898210e";"EAID_0EEAF579_3F47_4551_B9F9_7367280EB3EB";"business-object";"class";"";"is kostensoort";"is kostensoort";"";"";"";"";"";"";"https://gemmaonline.nl/index.php/GEMMA/id-126b246a-a292-49cb-a609-3ffa5898210e";"";"";"9 Interne Organisatie > Financien";"";"09072026-00:43:48"
"416";"Hoofdstuk";"Hoofdstuk";"24693ea2-5032-4c71-a9c7-945b3ac90530";"EAID_FFAA30D3_91C2_44aa_B52D_B21C51DB0326";"business-object";"class";"";"Onderdeel van een langere tekst.";"Onderdeel van een langere tekst.";"";"";"";"";"";"";"https://gemmaonline.nl/index.php/GEMMA/id-24693ea2-5032-4c71-a9c7-945b3ac90530";"";"";"9 Interne Organisatie > Financien";"";"09072026-00:43:48"
"417";"Hotel";"Hotel";"4b2cc303-de99-49c4-968f-836a71825814";"EAID_5805FA72_C0CE_43c1_A53F_B81166AEFDD4";"business-object";"class";"business-object";"Verblijfsaccommodatie waar gasten tegen betaling kunnen overnachten, gereguleerd via de beleidsregel hotels met typeringen naar concept, doelgroep en omvang.";"Gebouw waar je tegen betaling kunt logeren.";"";"";"";"";"";"";"https://gemmaonline.nl/index.php/GEMMA/id-4b2cc303-de99-49c4-968f-836a71825814";"";"";"3 Economie";"";"09072026-00:43:48"
"418";"Hotelbezoek";"Hotelbezoek";"b8e61a1f-ed19-4cd3-b873-0fe7d85beb9b";"EAID_669000E9_25D6_4346_B718_516CDB8B88B7";"business-object";"class";"";"Verblijf in een hotel";"Verblijf in een hotel";"";"";"";"";"";"";"https://gemmaonline.nl/index.php/GEMMA/id-b8e61a1f-ed19-4cd3-b873-0fe7d85beb9b";"";"";"3 Economie";"";"09072026-00:43:48"
"419";"Huishouden";"Huishouden";"ffca91bc-ed2b-4885-9e04-7a459fd67cad";"EAID_F0467610_553B_47cd_A9F7_3B1D20CC425E";"business-object";"class";"";"persoon of groep personen die een huishouden voert waarbij sprake is van een onderlinge verbondenheid en continu√Øteit in de samenstelling ervan, die binnen een woning gebruik maakt van dezelfde voorzieningen";"Persoon of groep personen die een huishouden voert waarbij sprake is van een onderlinge verbondenheid en continu&#239;teit in de samenstelling ervan, die binnen een woning duurzaam gebruik maakt van dezelfde voorzieningen.";"";"";"";"";"";"";"https://gemmaonline.nl/index.php/GEMMA/id-ffca91bc-ed2b-4885-9e04-7a459fd67cad";"Huishouden (Generiek Jeugd en Wmo)";"";"6 Sociaal Domein > Sociaal Domein Generiek";"";"09072026-00:43:48"
"420";"Huishouden";"Huishouden";"2515abf4-dea2-44eb-8886-c90c1ab42069";"EAID_6FB0A5B7_7B5F_437f_A462_4B1EADB964E4";"business-object";"class";"";"Een duurzame samenlevingsvorm van een of meer natuurlijke personen binnen een VERBLIJFSOBJECT, STANDPLAATS of LIGPLAATS.";"Een duurzame samenlevingsvorm van een of meer natuurlijke personen binnen een VERBLIJFSOBJECT, STANDPLAATS of LIGPLAATS.";"";"";"";"";"";"";"https://gemmaonline.nl/index.php/GEMMA/id-2515abf4-dea2-44eb-8886-c90c1ab42069";"Huishouden (RSGB Model)";"";"99 Kern > RSGBPlus";"";"09072026-00:43:48"
"421";"";"Huishoudensoort";"";"EAID_593847E0_1DB5_4db9_89D0_BDBAA608A143";"";"enumeration";"";"";"";"";"";"";"";"";"";"";"";"";"99 Kern > RSGBPlus";"";"09072026-00:43:48"
"422";"";"Huisvestingsoort";"";"EAID_8D999BE8_96AB_8418_B94F_289754CE1336";"";"class";"";"";"Als de dienst een uitkering betreft die periodiek wordt uitgekeerd, kan om redenen de betaling worden geblokkeerd. Reden toevoeging: Geeft de reden van blokkering van de uitkering aan. Als de dienst een uitkering betreft, die periodiek wordt uitgekeerd, kan om redenen de betaling worden geblokkeerd. De betalingsblokkade wordt opgenomen bij de dienst, die wordt genoten door de client en partner van de client. Nodig voor diepere analyse van stand van uitkeringen. Hoeveel uitkleringen hebben we geblokkeerd op dit moment omdat we de uitkering gaan beindigen.";"";"";"";"";"";"";"";"";"";"Inkomen > Model Inkomen";"";"09072026-00:43:48"
"423";"";"Hulp aanwezig";"";"EAID_00A0566C_D23C_4139_9CA7_73ACFC055821";"";"enumeration";"";"";"Geeft aan of er op een domein hulp wordt ontvangen. Waarden zijn: ja, nee, onbekend.";"";"";"";"";"";"";"";"";"";"6 Sociaal Domein > Werk";"";"09072026-00:43:48"
"424";"Huurder";"Huurder";"b64affbe-e43f-4f32-acce-8900b6f409e8";"EAID_B75EE7EF_DC1F_47da_A95C_B9662075684D";"business-object";"class";"business-role";"De hoedanigheid van de partij die een zaak in gebruik heeft gekregen tegen een tegenprestatie.";"Een partij die een zaak of een gedeelte daarvan in gebruik verstrekt heeft gekregen en zich heeft verbonden tot een tegenprestatie.";"";"";"";"";"";"";"https://gemmaonline.nl/index.php/GEMMA/id-b64affbe-e43f-4f32-acce-8900b6f409e8";"";"";"9 Interne Organisatie > Vastgoed";"";"09072026-00:43:48"
"425";"";"Huurwoningen";"";"EAID_E0F7D3A0_46C8_4e70_AA10_3888B60D14C0";"";"class";"";"";"Wen woning die de bewoner huurt van de eigenaar, veelal een woningcorporatie of een particulier.";"";"";"";"";"";"";"";"";"";"8 Volkshuisvesting, Leefomgeving en Stedelijke Vernieuwing > Bouwen en Wonen";"";"09072026-00:43:48"
"426";"";"Hypotheek";"";"EAID_ea276d3a_268a_4fd6_b14e_65ebe5b00fd1";"";"class";"";"";"Een hypotheek is een lening waarbij een onroerend goed, zoals een woning, dient als onderpand voor de schuld. Het wordt doorgaans verstrekt door een financiële instelling, zoals een bank, en stelt de lener in staat om een woning te kopen of te bouwen. De lening wordt over een afgesproken periode terugbetaald, inclusief rente. Als de lener niet aan de betalingsverplichtingen voldoet, heeft de kredietverstrekker het recht om het onderpand te verkopen om de openstaande schuld te vereffenen. Een hypotheek is daarmee zowel een financieringsvorm als een juridische zekerheid voor de kredietverstrekker.";"";"";"";"";"";"";"";"";"";"6 Sociaal Domein > Sociaal Domein Generiek";"";"09072026-00:43:48"
"427";"";"ICT-Vaardigheid";"";"EAID_1095BF0E_087F_4341_8B3C_E0DD4C9AF269";"";"class";"";"";"ICT-vaardigheid betreft het vermogen van de inburgeringsplichtige om digitale middelen en toepassingen zelfstandig en doelgericht te gebruiken voor communicatie, informatieverwerking en deelname aan de samenleving.";"";"";"";"";"";"";"";"";"";"6 Sociaal Domein > Inburgering";"";"09072026-00:43:48"
"428";"Idealisatie";"Idealisatie";"2e1ef581-f4f8-4212-9784-5927c5a8993d";"EAID_4942AB0A_804B_4043_BD3C_7F65E2D697E0";"business-object";"class";"";"Vastlegging van de manier de begrenzing van Locatie voor deze Juridische regel ge√Ønterpreteerd moet worden en door het bevoegd gezag bedoeld is.";"Vastlegging van de manier de begrenzing van Locatie voor deze Juridische regel ge&#239;nterpreteerd moet worden en door het bevoegd gezag bedoeld is.";"Voorbeeld: exact, indicatief. Indicatief kan gebruikt worden wanneer een grens berekend is en mogelijk niet overal geheel rekening houdt met de fysieke situatie ter plaatse.";"Voorbeeld: exact, indicatief. Indicatief kan gebruikt worden wanneer een grens berekend is en mogelijk niet overal geheel rekening houdt met de fysieke situatie ter plaatse.";"";"";"";"";"https://gemmaonline.nl/index.php/GEMMA/id-2e1ef581-f4f8-4212-9784-5927c5a8993d";"";"";"8 Volkshuisvesting, Leefomgeving en Stedelijke Vernieuwing > Omgevingswet";"";"09072026-00:43:48"
"429";"";"Identificatiekenmerk";"";"EAID_D73AFAEC_3BF1_4309_93FE_5354EF26DA51";"";"class";"";"";"Nodig voor archivering om verschillende typen identificatie te kunnen onderscheiden:";"";"";"";"";"";"";"";"";"";"99 Kern > RGBZPlus";"";"09072026-00:43:48"
"430";"";"InOnderzoek";"";"EAID_E4DA500D_AB53_4e8a_B1A5_411F354F4AD2";"";"class";"";"";"De indicatie of te bevragen is dat er twijfel is of is geweest aan de juistheid van de attribuutwaarde en dat een onderzoek wordt of is uitgevoerd naar de juistheid van de attribuutwaarde.";"";"";"";"";"";"";"";"";"";"99 Kern > RGBZPlus";"";"09072026-00:43:48"
"431";"Inburgeraar";"Inburgeraar";"b0cd75ba-28f2-4950-bb79-6ceb662eb6fa";"EAID_EE5472C2_193E_4432_B175_78D6DF1D357B";"business-object";"class";"";"De gemeente gaat inburgeringsplichtige nieuwkomers begeleiden bij hun inburgering. Voor asielstatushouders doen zij dit vanaf het moment van koppeling  aan een gemeente";"De gemeente gaat inburgeringsplichtige nieuwkomers begeleiden bij hun inburgering. Voor asielstatushouders doen zij dit vanaf het moment van koppeling  aan een gemeente";"";"";"";"";"";"";"https://gemmaonline.nl/index.php/GEMMA/id-b0cd75ba-28f2-4950-bb79-6ceb662eb6fa";"";"";"6 Sociaal Domein > Inburgering";"";"09072026-00:43:48"
"432";"Inburgeringsaanbod";"InburgeringsAanbod";"";"EAID_D9FAEFEC_2B8E_48dc_A1E8_E134754E9943";"";"class";"business-object";"Het Inburgeringsaanbod is het geheel van activiteiten, voorzieningen en ondersteuning dat door de gemeente wordt aangeboden aan de inburgeringsplichtige om de inburgeringsdoelen te behalen, zoals vastgelegd in het persoonlijk plan inburgering en participatie (PIP).";"Het Inburgeringsaanbod is het geheel van activiteiten, voorzieningen en ondersteuning dat door de gemeente wordt aangeboden aan de inburgeringsplichtige om de inburgeringsdoelen te behalen, zoals vastgelegd in het persoonlijk plan inburgering en participatie (PIP).";"";"";"";"";"";"";"";"";"";"6 Sociaal Domein > Inburgering";"";"09072026-00:43:48"
"433";"Inburgeringsplicht";"Inburgeringsplicht";"";"EAID_E2C66E88_930E_460f_93F8_8CD160DCEE15";"";"class";"business-object";"De formele wettelijke verplichting van een inburgeraar om binnen de gestelde termijn te voldoen aan de eisen van de Wet inburgering 2021.";"Bevat de uitkomst Leerbaarheidstoets dat een groot deel van de leerroutes bepaalt. Bevat mogelijk ook de Examenresultaten (nog toe te voegen als Ja). Dit zijn DUO berichten (Opvragen en per API beschikbaar stellen aan deze Entiteit/Attributen.";"";"";"";"";"";"";"";"";"";"6 Sociaal Domein > Inburgering";"";"09072026-00:43:48"
"434";"Inburgeringstermijn";"Inburgeringstermijn";"";"EAID_E07490AD_C5DE_4665_8540_92B19656A027";"";"class";"business-object";"De Inburgeringstermijn is de wettelijke periode waarbinnen een inburgeringsplichtige moet voldoen aan de inburgeringsplicht, gerekend vanaf de startdatum van de verplichting zoals vastgesteld door DUO of de gemeente.";"De Inburgeringstermijn is de wettelijke periode waarbinnen een inburgeringsplichtige moet voldoen aan de inburgeringsplicht, gerekend vanaf de startdatum van de verplichting zoals vastgesteld door DUO of de gemeente.";"";"";"";"";"";"";"";"";"";"6 Sociaal Domein > Inburgering";"";"09072026-00:43:48"
"435";"Inburgeringstraject";"Inburgeringstraject";"e1620918-61a7-4cef-b0e2-6b8e206608c8";"EAID_F9B2A863_63C8_4229_906A_D0891BB4F021";"business-object";"class";"business-object";"Een Inburgeringstraject in de context van inburgering bij gemeenten is een persoonlijk begeleidingstraject dat nieuwkomers ondersteunt bij het leren van de Nederlandse taal, het begrijpen van de samenleving, en het ontwikkelen van vaardigheden om zelfstandig te participeren in de Nederlandse maatschappij.";"Een Inburgeringstraject in de context van inburgering bij gemeenten is een persoonlijk begeleidingstraject dat nieuwkomers ondersteunt bij het leren van de Nederlandse taal, het begrijpen van de samenleving, en het ontwikkelen van vaardigheden om zelfstandig te participeren in de Nederlandse maatschappij. Het traject omvat doorgaans onderdelen zoals taallessen (NT2), kennis van de Nederlandse maatschappij (KNM), en participatieactiviteiten, zoals vrijwilligerswerk of een werkstage. Het inburgeringstraject wordt afgestemd op de behoeften, achtergrond en mogelijkheden van de nieuwkomer en heeft als doel hen te begeleiden naar maatschappelijke zelfredzaamheid en een actieve rol in de samenleving.";"";"";"";"";"";"";"https://gemmaonline.nl/index.php/GEMMA/id-e1620918-61a7-4cef-b0e2-6b8e206608c8";"";"";"6 Sociaal Domein > Inburgering";"";"09072026-00:43:48"
"436";"";"Incassokostenvordering";"";"EAID_a19a36c3_66e1_44c2_b674_6f3a3d98c5ea";"";"class";"";"";"AlgemeenEen vordering is een eis op een persoon, zeg debiteur, die een zeker bedrag terug moet betalen aan de gemeente.De oorzaak van een vordering is velerlei, Zie daarvoor de categorie-indeling.Vorderingen kunnen uit meerdere componenten bestaan.Vorderingen kunnen ook onderling in relatie staan, bijvoorbeeld: Een opgelegde boete wegens het schenden van de inlichtingenplicht heeft een relatie met een verwijtbare vordering.IncassokostenvorderingBij het invorderproces kunnen incassokosten ontstaan bij een bepaalde vordering. Bij incassokosten boven een drempel (instelbare referentiewaarde) kan een incassokostenvordering worden opgevoerd. De incassokostenvordering wordt gerelateerd aan de hoofdvordering. De incassokostenvordering is een zogenaamde accessoire vordering, die zijn titel ontleend aan de hoofdvordering.Dit type vordering is als verbijzondering opgenomen, opdat deze relatie expliciet kan worden gelegd.";"";"";"";"";"";"";"";"";"";"Inkomen > Terug- en invordering";"";"09072026-00:43:48"
"437";"Incident";"Incident";"e9994c3e-e837-40c2-a589-3e1b021c6017";"EAID_CE85A5E9_AD75_40e7_8EBF_A484E4CBEEDC";"business-object";"class";"";"Niet-gepland(e) gebeurtenis die of voorval dat tot schade of verlies leidt";"Niet-gepland(e) gebeurtenis die of voorval dat tot schade of verlies leidt";"";"";"";"";"";"";"https://gemmaonline.nl/index.php/GEMMA/id-e9994c3e-e837-40c2-a589-3e1b021c6017";"";"";"5 Sport, Cultuur en Recreatie > Musea";"";"09072026-00:43:48"
"438";"";"Incident";"";"EAID_418C04F0_F173_4775_9814_D50F5EE79A38";"";"class";"";"";"Een *incident* is een afzonderlijke gebeurtenis of voorval dat plaatsvindt en kan afwijken van de normale gang van zaken, vaak onverwacht of onvoorzien.";"";"Het begrip *incident* duidt op een **feitelijke gebeurtenis of voorval** dat is gebeurd en als een op zichzelf staande situatie kan worden beschreven. In algemene taal- en beleidscontexten wordt het gebruikt voor situaties die onverwacht zijn, ongepland, en soms storend of onverwacht van aard. Het kan betrekking hebben op allerlei domeinen — van openbare orde en veiligheid tot administratieve processen — waarin iets plaatsvindt dat afwijkt van de gewone verwachting of routine. Synoniemen zijn onder andere *voorval*, *gebeurtenis* of *zaakje*.";"";"";"";"";"";"";"";"6 Sociaal Domein > Sociaal Domein Generiek";"";"09072026-00:43:48"
"439";"";"Indeling";"";"EAID_13119DEC_D451_4bec_BB37_7B1944ACCA9D";"";"class";"";"";"Onderwerpen groeperen in samenhangende categorieën.";"";"";"";"Archiefindeling";"";"";"";"";"";"Erfgoed > Archief";"";"09072026-00:43:48"
"440";"";"Index";"";"EAID_C45E0D5D_3B2F_40a7_B12C_B6E910C516FA";"";"class";"";"";"";"";"";"";"";"";"";"";"";"";"Erfgoed > Archief";"";"09072026-00:43:48"
"441";"";"Indicatie doelgroepenregister";"";"EAID_9356C95E_1B27_42c8_8CC5_6CD45E070CF5";"";"enumeration";"";"";"Geeft aan of iemand valt onder het doelgroepregister voor de banenafspraak. Voorbeelden: Wajong, Participatiewet.";"";"";"";"";"";"";"";"";"";"6 Sociaal Domein > Werk";"";"09072026-00:43:48"
"442";"";"Indicatie mate van vaardigheid";"";"EAID_EF6B492C_3C43_4558_BEFC_30685FEBCDE3";"";"enumeration";"";"";"Schatting van het vaardigheidsniveau op een bepaald gebied. Voorbeelden: voldoende, goed.";"";"";"";"";"";"";"";"";"";"6 Sociaal Domein > Werk";"";"09072026-00:43:48"
"443";"Indiener";"Indiener";"6e591734-ef9a-4858-bca1-f924c1aef7b0";"EAID_98CB3C6F_588B_479f_9A2B_F5D5362DD17C";"business-object";"class";"business-role";"De hoedanigheid van degene die een melding of aanvraag doet bij de gemeente.";"Persoon die meldiing of aanvraag doet";"";"";"";"";"";"";"https://gemmaonline.nl/index.php/GEMMA/id-6e591734-ef9a-4858-bca1-f924c1aef7b0";"Indiener (Griffie)";"";"0 Bestuur, Politiek en Ondersteuning > Griffie";"";"09072026-00:43:48"
"444";"Indiener";"Indiener";"d4b0a5ba-7c38-44eb-8856-e3cb971dca37";"EAID_E9AD325A_49CF_48a6_AA9E_7FB57E03E414";"business-object";"class";"business-role";"De hoedanigheid van degene die een melding of aanvraag doet bij de gemeente.";"Persoon die meldiing of aanvraag doet";"";"";"";"";"";"";"https://gemmaonline.nl/index.php/GEMMA2/0.9/id-d4b0a5ba-7c38-44eb-8856-e3cb971dca37";"Indiener (Veiligheid en Vergunningen)";"";"1 Veiligheid en Vergunningen";"";"09072026-00:43:48"
"445";"Indieningsvereisten";"Indieningsvereisten";"c92e9c16-1ec3-46f8-b209-b15a226e9477";"EAID_8587D910_7A9C_46d8_BF27_27433E9B6DAD";"business-object";"class";"";"Dat wat de initiatiefnemer moet aanleveren om het bevoegd gezag een aanvraag te kunnen laten beoordelen. De indieningsvereisten is de set aan informatie (gegevens en / of bijlagen) die aan een aanvraag moet worden toegevoegd voor een bepaalde vergunning o";"Dat wat de initiatiefnemer moet aanleveren om het bevoegd gezag een aanvraag te kunnen laten beoordelen. De indieningsvereisten is de set aan informatie (gegevens en / of bijlagen) die aan een aanvraag moet worden toegevoegd voor een bepaalde vergunning of melding.";"";"";"";"";"";"";"https://gemmaonline.nl/index.php/GEMMA/id-c92e9c16-1ec3-46f8-b209-b15a226e9477";"";"";"8 Volkshuisvesting, Leefomgeving en Stedelijke Vernieuwing > Omgevingswet";"";"09072026-00:43:48"
"446";"IndividueelKeuzebudget";"Individueel Keuzebudget";"3272f8ca-9302-4da5-810b-7b8c4d02d79b";"EAID_B64178F1_7D37_4a77_BEF7_97E8C9DDA4E8";"business-object";"class";"";"Bedrag dat feitelijk beschikbaar gesteld wordt voor een individu om een bepaalde keus te kunnen maken";"Bedrag dat feitelijk beschikbaar gesteld wordt voor een individu om een bepaalde keus te kunnen maken";"";"";"";"";"";"";"https://gemmaonline.nl/index.php/GEMMA/id-3272f8ca-9302-4da5-810b-7b8c4d02d79b";"";"";"9 Interne Organisatie > HR";"";"09072026-00:43:48"
"447";"";"Individuele plicht";"";"EAID_1DF6D7C4_6EAB_C011_5CD9_281C3303C38C";"";"class";"";"";"De individueel bepaalde vooraf gestelde eisen, los van de bij wet genoemde geldende toelatingseisen tot de dienstverlening, die gesteld worden om de dienst te kunnen (blijven) afnemen.";"";"";"";"";"";"";"";"";"";"Inkomen > Diensten";"";"09072026-00:43:48"
"448";"";"Infiltratieput";"";"EAID_D9ACE9BA_F13C_4EEB_8DD8_73A7E0043DB";"";"class";"";"";"Een put met waterdoorlatende wanden bestemd voor de inzameling van hemelwater, waarbij het hemelwater door middel van infiltratie door de wanden kan worden afgevoerd";"";"";"";"";"";"";"";"";"";"8 Volkshuisvesting, Leefomgeving en Stedelijke Vernieuwing > Beheer Openbare Ruimte";"";"09072026-00:43:48"
"449";"";"InformatieEnAdvies";"";"EAID_7CC8C026_91CB_422c_84C6_90401889F260";"";"class";"";"";"Het betreft hier de activiteiten die in het kader van Informatie en advies worden uitgevoerd. Het doel van Informatie en Advies is inwoners zelf in staat te stellen een duurzaam financieel evenwicht te bereiken. Het kan een beroep op uitgebreidere vormen van dienstverlening overbodig maken.";"";"";"";"";"";"https://www.nvvk.nl/kennisbank-detail/2022/04/20/Module-Informatie--Advies?originNode=1401";"";"";"";"Schulden > Schuldhulpverlening";"";"09072026-00:43:48"
"450";"";"Informering";"";"EAID_ACC7A392_9A16_42a8_A58E_1E8E6826B2D0";"";"class";"";"";"";"";"";"";"";"";"";"";"";"";"6 Sociaal Domein > Jeugdbescherming en reclassering";"";"09072026-00:43:48"
"451";"";"Ingang bijstandsuitkering";"";"EAID_0572BF37_A778_273A_32B0_2791C2CC601A";"";"class";"";"";"In de meeste gevallen is de startdatum van een dienst gelijk aan de datum eerste melding (melddatum). Echter, er zijn redenen om hiervan af te wijken. In dat geval wijkt de startdatum af van de melddatum. Ingangsdatum uitkering bevat een Reden afwijkende startdatum om op te nemen met welke reden een afwijkende ingangsdatum gehanteerd wordt.

Ingang bijstandsuitkering kan, zoals de naam al doet vermoeden, alleen van toepassing zijn indien het een aanvraag betreft van het diensttype 'Aanvulling levensonderhoud' (ALO)'.";"";"";"";"";"";"";"";"";"";"Inkomen > Reden aanvraag";"";"09072026-00:43:48"
"452";"IngeschrevenPersoon";"IngeschrevenPersoon";"e1371e07-969e-4a34-be81-0a23ffd541dd";"EAID_AF9534B0_7CBD_4061_9276_A7B6698B383A";"business-object";"class";"";"Een INGEZETENE of NIET-INGEZETENE";"Een INGEZETENE of NIET-INGEZETENE";"";"";"";"";"";"";"https://gemmaonline.nl/index.php/GEMMA/id-e1371e07-969e-4a34-be81-0a23ffd541dd";"";"";"99 Kern > RSGBPlus";"";"09072026-00:43:48"
"453";"Ingeschreven Persoon";"Ingezetene";"c5e5f4f9-5bb6-4a9f-816b-e41abc770e86";"EAID_CA19D17F_3EB7_459d_9883_16F0C0B5D35E";"business-object";"class";"business-object";"Een individueel menselijk wezen, ingeschreven in het Nederlands Bevolkingsregister.";"Een individueel menselijk wezen, ingeschreven in het Nederlands Bevolkingsregister.";"";"";"";"";"";"";"https://gemmaonline.nl/index.php/GEMMA/id-c5e5f4f9-5bb6-4a9f-816b-e41abc770e86";"";"";"99 Kern > RSGBPlus";"";"09072026-00:43:48"
"454";"Initiatiefnemer";"Initiatiefnemer";"fe2e2e4e-228a-46d7-964f-a489ed253d2d";"EAID_E38BEAEF_03C4_439b_8A64_663886C1D6F9";"business-object";"class";"business-role";"De hoedanigheid van degene die het initiatief neemt tot ingrepen in de leefomgeving en daartoe een verzoek bij het bevoegd gezag indient.";"Een Natuurlijk Persoon of een Niet Natuurlijk Persoon die het initiatief neemt tot (fysieke) ingrepen in de (leef)omgeving en daartoe een Verzoek bij het Bevoegd Gezag indient.";"";"";"";"";"";"";"https://gemmaonline.nl/index.php/GEMMA/id-fe2e2e4e-228a-46d7-964f-a489ed253d2d";"";"";"8 Volkshuisvesting, Leefomgeving en Stedelijke Vernieuwing > Omgevingswet";"";"09072026-00:43:48"
"455";"";"Inkomen";"";"EAID_B2A3D4C2_236C_457f_A2C8_8F889C1427E9";"";"class";"";"";"Inkomen dat door een persoon wordt verworven uit verschillende mogelijke inkomstenbronnen: inkomen uit arbeid, inkomen uit eigen onderneming, uitkering inkomensverzekeringen en uitkering sociale voorzieningen (m.u.v. kinderbijslag en kindgebonden budget). Premies inkomensverzekeringen (m.u.v. premies voor volksverzekeringen) zijn hierop in mindering gebracht.";"";"";"";"";"";"";"";"";"";"Schulden > Schuldhulpverlening";"";"09072026-00:43:48"
"456";"Inkomensvoorziening";"Inkomensvoorziening";"id-07784236-3aa6-45e5-8253-7d088c4020b0";"EAID_07784236_3AA6_45e5_8253_7D088C4020B0";"";"class";"business-object";"Een aan een inwoner toegekende financiële regeling die voorziet in inkomen of noodzakelijke kosten, zowel structureel (bijstandsuitkering, individuele inkomenstoeslag) als tijdelijk (energietoeslag, TONK).";"Een regeling die zorg draag voor een inkomen confom de landelijke wetgeving";"";"";"";"";"";"";"";"";"";"Inkomen > Model Inkomen";"";"09072026-00:43:48"
"457";"";"Inkomensvoorzieningsoort";"id-af18e7d3-279d-4323-b785-6c75b4701430";"EAID_AF18E7D3_279D_4323_B785_6C75B4701430";"";"class";"";"";"Typering van een inkomensvoorziening";"";"";"";"";"";"";"";"";"";"Inkomen > Model Inkomen";"";"09072026-00:43:48"
"458";"";"Inkomstencomponent";"";"EAID_2235FE95_D319_96D3_FC70_293A52BBE934";"";"class";"";"";"Een persoon kan vanuit diverse bronnen inkomsten krijgen. Denk bijvoorbeeld aan alimentatie, loon, uitkering of zelfs vergoedingen voor maaltijden, onkosten, vervoer e.d. De inkomstencomponent vormt een deel van de totale inkomsten van een persoon. Hiermee leggen we vast het type inkomste, het bedrag en de periode waarover dat bedrag is ontvangen en de boekingsdatum waarop het bedrag is ontvangen.Dat laatste is belangrijk voor de verschillende perspectieven op inkomsten te onderscheiden naar loon-in en loon-over.Achtergrond hierbij zijn twee regelingenLoon wordt als regel toegerekend aan het tijdvak waarin het aan de werknemer is betaald (loon-in). Onder bepaalde voorwaarden mogen werkgevers het uitbetaalde loon toerekenen aan een verstreken loontijdvak. Dit wordt de 'loon-over-regeling' genoemd. Waarom populair: voor een werknemer kan het verstrekken van een uitkering e.d. niet in het kalenderjaar maar bijvoorbeeld in het jaar daarop, hem fiscaal gezien voordelen geven.Bij loon-over gaat het om twee regelingen:De eerste regeling houdt in dat een werkgever een in de maand januari van het nieuwe jaar gedane inhouding op loon dat de werknemer voor het voorgaande jaar nog toekomt, mag opnemen in de laatste aangifte over het oude jaar. Daarbij wordt de inhouding volgens de tarieven van het voorgaande jaar berekend. Deze regeling is structureel in de wet opgenomen.De tweede regeling houdt in dat de werkgever binnen het kalenderjaar loonbetalingen mag toerekenen aan de verstreken loontijdvakken waarop zij betrekking hebben, zo nodig door het indienen van correctieberichten.";"";"";"";"";"";"";"";"";"";"6 Sociaal Domein > Sociaal Domein Generiek";"";"09072026-00:43:48"
"459";"";"Inkomstencomponenttype";"";"EAID_e92e0ca6_9e22_40f9_a1af_d8a44889963b";"";"enumeration";"";"";"";"";"";"";"";"";"";"";"";"";"6 Sociaal Domein > Sociaal Domein Generiek";"";"09072026-00:43:48"
"460";"";"InkomstensoortAlimentatie";"";"EAID_07E4E120_7D9E_3C43_1D1F_26EBD1635427";"";"enumeration";"";"";"";"";"";"";"";"";"";"";"";"";"6 Sociaal Domein > Sociaal Domein Generiek";"";"09072026-00:43:48"
"461";"";"InkomstensoortBetaaldWerk";"";"EAID_24104FB5_2F1C_EFBF_8AC3_26EBD163D2F4";"";"enumeration";"";"";"";"";"";"";"";"";"";"";"";"";"6 Sociaal Domein > Sociaal Domein Generiek";"";"09072026-00:43:48"
"462";"";"InkomstensoortPensioen";"";"EAID_10635E76_7AF2_1575_DDF8_26EBD163EC4C";"";"enumeration";"";"";"";"";"";"";"";"";"";"";"";"";"6 Sociaal Domein > Sociaal Domein Generiek";"";"09072026-00:43:48"
"463";"";"InkomstensoortStudiefinanciering";"";"EAID_1A0F77A2_EC7C_BFAE_32D3_26EBD1630331";"";"enumeration";"";"";"";"";"";"";"";"";"";"";"";"";"6 Sociaal Domein > Sociaal Domein Generiek";"";"09072026-00:43:48"
"464";"";"Inkomstenverhouding";"";"EAID_0463EA7D_FFD9_AD19_0405_294621AE933F";"";"class";"";"";"Een persoon kan vanuit diverse bronnen inkomsten krijgen. Denk bijvoorbeeld aan alimentatie, loon, uitkering of zelfs vergoedingen voor maaltijden, onkosten, vervoer e.d. Er zijn nu twee gegevensbehoeften:Enerzijds het kunnen vastleggen van de inkomstencomponenten (zie daarvoor het gelijknamige concept)Anderzijds het vastleggen van de inkomstenverhouding.Een voorbeeld van zo'n inkomstenverhouding is een arbeidsverhouding.De inkomstenverhouding geeft per inkomstensoort aan:de partij die de inkomsten verstrekt, hetgeen een organisatie of een persoon kan zijn ende partij die de inkomsten ontvangtVerder zijn we geïnteresseerd in de periode waarin deze inkomstenverhouding bestond en de periodiciteit van de uitbetalingen.Inkomstenverhoudingen worden geadministreerd in het profiel van de klant. De klant is de ontvanger van de inkomsten. Vandaar dat in de inkomstenverhouding zelf geen expliciete verwijzing is opgenomen naar de ontvanger.Ten aanzien van de bekostiger van de inkomsten geldt, dat dit niet voor elke inkomstenverhouding relevant is. Bij uitkeringen, arbeid, studiefinanciering, stage en pensioen bijvoorbeeld wel, maar bij hobbies niet.";"";"";"";"";"";"";"";"";"";"6 Sociaal Domein > Sociaal Domein Generiek";"";"09072026-00:43:48"
"465";"";"Inkomstenvermindering";"";"EAID_0B6D4C44_7D22_03E3_23BC_293A778017DC";"";"class";"";"";"Een persoon kan vermindering van inkomsten hebben.";"";"";"";"";"";"";"";"";"";"6 Sociaal Domein > Sociaal Domein Generiek";"";"09072026-00:43:48"
"466";"Inkooporder";"Inkooporder";"ede48ca8-4854-44b2-b549-0827bebf56ab";"EAID_A91E9C27_C4FA_4e1b_A4FF_8AE74ED9B7EB";"business-object";"class";"business-object";"Een opdracht (gezien vanuit de klant) voor één of meer leveringen door de leverancier aan die klant van een bepaalde hoeveelheid gespecificeerde goederen en/of diensten onder overeengekomen leveringsvoorwaarden en prijzen.";"Een opdracht (gezien vanuit de klant) voor één of meer leveringen door de leverancier aan die klant van een bepaalde hoeveelheid gespecificeerde goederen en/of diensten onder overeengekomen leveringsvoorwaarden en prijzen.";"";"";"";"";"";"";"https://gemmaonline.nl/index.php/GEMMA/id-ede48ca8-4854-44b2-b549-0827bebf56ab";"";"";"9 Interne Organisatie > Financien";"";"09072026-00:43:48"
"467";"Inkooppakket";"Inkooppakket";"";"EAID_170AF8F5_8952_407a_91C4_EAF910DE3304";"";"class";"business-object";"Standaard indeling om de werken, diensten en leveringen die de aanbestedende dienst helpt bij het structureren van haar uitgaven. Samenhangende leveringen, diensten en producten zijn hierin gegroepeerd.";"Standaard indeling om de werken, diensten en leveringen die de aanbestedende dienst helpt bij het structureren van haar uitgaven. Samenhangende leveringen, diensten en producten zijn hierin gegroepeerd.";"";"";"";"";"";"";"";"";"";"9 Interne Organisatie > Inkoop";"";"09072026-00:43:48"
"468";"";"Inkooprol";"";"EAID_2C2791CB_EFCA_444f_A95E_F1EF6EE83594";"";"enumeration";"";"";"";"";"";"";"";"";"";"";"";"";"9 Interne Organisatie > Inkoop";"";"09072026-00:43:48"
"469";"";"Inrichtingselement";"";"EAID_4DA0EB59_963C_4558_B763_44F542BC8D89";"";"class";"";"";"Ruimtelijk object al dan niet ter detaillering dan wel ter inrichting van de
overige benoemde ruimtelijke objecten of een ander inrichtingselement.";"";"";"";"";"";"";"";"";"";"99 Kern > RSGBPlus";"";"09072026-00:43:48"
"470";"Opleidingsinschrijving";"Inschrijving";"5e8930d4-8f06-4075-bf2b-31f45ee86dbc";"EAID_CFFD5F20_5FA9_4d93_AD34_6867D64A58B9";"business-object";"class";"business-object";"Deelname van iemand aan een opleiding bij een onderwijsinstelling.";"Deelname van iemand aan een opleiding bij een onderwijsinstelling.";"";"";"";"";"";"";"https://gemmaonline.nl/index.php/GEMMA/id-5e8930d4-8f06-4075-bf2b-31f45ee86dbc";"Inschrijving (Onderwijs)";"";"4 Onderwijs > Onderwijs";"";"09072026-00:43:48"
"471";"Aanbieding";"Inschrijving";"e1c425c1-a3fe-4144-907d-13da8d9fb5cc";"EAID_2902E8D6_FF16_45d6_A0A4_47E2857D2D19";"business-object";"class";"business-object";"Inschrijving op een nationale of Europese aanbesteding";"Inschrijving op een nationale of Europese aanbesteding";"";"";"";"";"";"";"https://gemmaonline.nl/index.php/GEMMA/id-e1c425c1-a3fe-4144-907d-13da8d9fb5cc";"Inschrijving (Inkoop)";"";"9 Interne Organisatie > Inkoop";"";"09072026-00:43:48"
"472";"Inspectie";"Inspectie";"8922cc29-6d1c-4a9c-abd6-6a53dda41cdf";"EAID_F73901FC_A78E_486f_B6C6_74CFCBE26CAB";"business-object";"class";"business-object";"Het inwinnen, verwerken en interpreteren van informatie met het doel om de momentane toestand van de boezemkade vast te stellen.";"het inwinnen, verwerken en interpreteren van informatie met het doel om de momentane toestand van de boezemkade vast te stellen.";"";"";"";"";"";"";"https://gemmaonline.nl/index.php/GEMMA2/0.9/id-8922cc29-6d1c-4a9c-abd6-6a53dda41cdf";"";"";"1 Veiligheid en Vergunningen";"";"09072026-00:43:48"
"473";"Inspectie";"Inspectie";"";"EAID_C73E52A5_F66E_47f0_8DEA_467A54F64DD2";"";"class";"business-object";"Het inwinnen, verwerken en interpreteren van informatie met het doel om de momentane toestand van de boezemkade vast te stellen.";"het inwinnen, verwerken en interpreteren van informatie met het doel om de momentane toestand van de boezemkade vast te stellen.";"";"";"";"";"";"";"";"";"";"8 Volkshuisvesting, Leefomgeving en Stedelijke Vernieuwing > Beheer Openbare Ruimte";"";"09072026-00:43:48"
"474";"Inspectie";"Inspectie";"441803f5-7428-4554-bcb1-7fdf750e7afd";"EAID_A31C3B5D_EAC5_482d_8816_8B858EC4BE01";"business-object";"class";"business-object";"Het inwinnen, verwerken en interpreteren van informatie met het doel om de momentane toestand van de boezemkade vast te stellen.";"het inwinnen, verwerken en interpreteren van informatie met het doel om de momentane toestand van de boezemkade vast te stellen.";"";"";"";"";"";"";"https://gemmaonline.nl/index.php/GEMMA/id-441803f5-7428-4554-bcb1-7fdf750e7afd";"Inspectie (Vastgoed)";"";"9 Interne Organisatie > Vastgoed";"";"09072026-00:43:48"
"475";"Installatie";"Installatie";"d5b79e05-a743-4c1f-8a37-5e6911701aab";"EAID_A143A97F_28C5_4B56_90F8_4773481A034";"business-object";"class";"";"Samenhangend systeem dat een bepaald doel dient.";"Samenhangend systeem dat een bepaald doel dient.";"";"";"";"";"";"";"https://gemmaonline.nl/index.php/GEMMA/id-d5b79e05-a743-4c1f-8a37-5e6911701aab";"";"";"8 Volkshuisvesting, Leefomgeving en Stedelijke Vernieuwing > Beheer Openbare Ruimte";"";"09072026-00:43:48"
"476";"Instructieregel";"Instructieregel";"367532e8-1d1c-4d6b-8a88-fcae7cae2303";"EAID_A6C71E4C_CB46_41ae_8A61_C8080BB92A55";"business-object";"class";"";"Objecttype Instructieregel
Naam Definitie
Toelichting
Instructieregel
De beschrijving van een juridische regel die een instructie is voor een extern omgevingsdocument of een orgaan.
Het betreft hier juridische regel die instructie geeft aan andere ov";"Objecttype Instructieregel
Naam Definitie
Toelichting
Instructieregel
De beschrijving van een juridische regel die een instructie is voor een extern omgevingsdocument of een orgaan.
Het betreft hier juridische regel die instructie geeft aan andere overheden, gericht op externe omgevingsdocumenten, of een taakuitoefening.
Een ander omgevingsdocument is bijvoorbeeld een Omgevingsplan, Omgevingsverordening en Waterschapsverordening.
Een taakuitoefening is voor bijvoorbeeld een gemeentebestuur of een wildbeheereenheid.
Een instructieregel is alleen gericht op een Omgevingsnorm of een Gebiedsaanduiding, zoals een Functie of een Beperkingengebied (en eventueel meerdere).";"Het betreft hier juridische regel die instructie geeft aan andere overheden, gericht op externe omgevingsdocumenten, of een taakuitoefening. Een ander omgevingsdocument is bijvoorbeeld een Omgevingsplan, Omgevingsverordening en Waterschapsverordening. Een";"Het betreft hier juridische regel die instructie geeft aan andere overheden, gericht op externe omgevingsdocumenten, of een taakuitoefening. Een ander omgevingsdocument is bijvoorbeeld een Omgevingsplan, Omgevingsverordening en Waterschapsverordening. Een";"";"";"";"";"https://gemmaonline.nl/index.php/GEMMA/id-367532e8-1d1c-4d6b-8a88-fcae7cae2303";"";"";"8 Volkshuisvesting, Leefomgeving en Stedelijke Vernieuwing > Omgevingswet";"";"09072026-00:43:48"
"477";"";"Intake";"";"EAID_F20A11B2_0C6F_4a52_95BF_AB73997C3378";"";"class";"";"";"Dit is de fase tussen het eerste gesprek en het Plan van Aanpak. Tijdens de intakefase wordt geinventariseerd welke instrumenten, ondersteuning, activiteiten en gegevens nodig zijn om een duurzaam financieel evenwicht te bereiken.";"";"";"";"";"";"";"";"";"";"Schulden > Schuldhulpverlening";"";"09072026-00:43:48"
"478";"";"Interval opzegtermijn";"";"EAID_8E6192D2_DD00_4322_9970_FB81F3177B43";"";"enumeration";"";"";"De geldende opzegtermijn bij een arbeidsverhouding. Voorbeelden: 1 maand, 2 weken.";"";"";"";"";"";"";"";"";"";"6 Sociaal Domein > Werk";"";"09072026-00:43:48"
"479";"Interventie";"Interventie";"";"EAID_1BCE2533_656D_D59B_6ECD_28FC06D8D601";"";"class";"business-object";"Actie die de gemeente onderneemt om betaling op een openstaande vordering te bewerkstelligen.";"De daadwerkelijke interventie, die wordt ondernomen naar aanleiding van een interventieverzoek.";"";"";"";"";"";"";"";"";"";"Inkomen > Terug- en invordering";"";"09072026-00:43:48"
"480";"";"Interventieverzoek";"";"EAID_0897E8F8_77FF_DE35_D40E_28FC069F6910";"";"class";"";"";"In het geval van monitoring op aflossingsafspraken bij een vordering kan bij ongeregeldheden, zoals het achterwege blijven van aflossingen, een signaal worden gegeven om te interveneren. Dit gebeurt door een interventieverzoek. Interventies geschieden volgens een interventieladder. Altijd kan een medewerker daar gemotiveerd van afwijken, bijvoorbeeld na klantcontact. Dit betekent niet dat het interventieverzoek niet minder dwingend is.";"";"";"";"";"";"";"";"";"";"Inkomen > Terug- en invordering";"";"09072026-00:43:48"
"481";"";"Introductiemodule";"";"EAID_7328FC95_FA03_405d_8EC4_5C4B3D5CF042";"";"class";"";"";"De Introductiemodule is een verplicht onderdeel van het inburgeringstraject waarin de inburgeringsplichtige basisinformatie ontvangt over de Nederlandse samenleving, de inburgeringsplicht en het lokale voorzieningenaanbod, direct na de brede intake.";"";"•	De introductiemodule wordt georganiseerd door de gemeente en dient als startpunt voor het inburgeringstraject (zie artikel 17, tweede lid, van de Wet inburgering 2021).
	•	De module informeert over rechten en plichten, verwachtingen van het inburgeringstraject, gemeentelijke ondersteuning, en praktische zaken zoals onderwijs, werk, zorg en wonen.
	•	De introductiemodule vindt plaats voordat het definitieve Persoonlijk Plan Inburgering en Participatie (PIP) wordt vastgesteld.
	•	Deelname aan de module is verplicht voor iedere inburgeringsplichtige en moet bijdragen aan een realistisch en geïnformeerd leerrouteadvies.";"";"";"";"";"";"";"";"6 Sociaal Domein > Inburgering";"";"09072026-00:43:48"
"482";"Inventaris";"Inventaris";"41cea01b-de1c-4ee5-92c4-776fe8a17753";"EAID_D0AB8CF6_F6CC_4337_BE07_DFE6B3CEFBB3";"business-object";"class";"";"Een inboedel of een opsomming van voorwerpen op een bepaalde plaats, gemaakt volgens een vaste procedure.";"Een inboedel of een opsomming van voorwerpen op een bepaalde plaats, gemaakt volgens een vaste procedure.";"";"";"";"";"";"";"https://gemmaonline.nl/index.php/GEMMA/id-41cea01b-de1c-4ee5-92c4-776fe8a17753";"";"";"9 Interne Organisatie > ICT";"";"09072026-00:43:48"
"483";"";"Invorderingsbasis";"";"EAID_0A9D7FDF_4271_2DBE_58D2_28F9CE6C00A4";"";"class";"";"";"Een invordering is het innen van een schuld of een te veel uitbetaalde uitkeringssom, soms als gevolg van uitkeringsfraude. In de terugvorderingszaak wordt de vordering vastgesteld en beslist. In de invorderingszaak wordt die schuld vervolgens van de debiteur geïnd. Na betaling vervalt de vordering. Bij niet-betaling kan de vordering ook tenietgaan in de volgende situaties:bij verjaring (de verjaringstermijn werd niet op tijd gestuit)bij kwijtscheldingbij verrekeningbij overlijdenIndien geen verhaalsmogelijkheden aanwezig zijn en binnen afzienbare tijd niet te verwachten zijn, wordt de vordering oninbaar geleden. Dit betekent echter niet dat de vordering teniet gaat. Als nadat de vordering oninbaar is geleden verhaalsmogelijkheden bekend worden, kan daarop gewoon verhaal worden gehaald.Indien geen verhaalsmogelijkheden aanwezig en binnen afzienbare tijd niet te verwachten zijn, wordt de vordering oninbaar geleden. Dit betekent echter niet dat de vordering teniet gaat. Als nadat de vordering oninbaar is geleden verhaalsmogelijkheden bekend worden, kan daarop gewoon verhaal worden gehaald.Teruggaven blijven verrekend worden met oninbaar geleden vorderingen, zolang deze nog niet verjaard zijn.Basis voor het invorderen vormen drie grootheden:de invorderingsmogelijkheidde beslagvrije voetde aflossingscapacteit.In de tijd kunnen deze basisvariabelen wijzigen. Per wijziging worden deze basisvariabelen geadministreerd.De invorderingsbasis vormt dus de basis voor invorderen en derhalve voor het maken van de aflossingsafspraken in het aflossingsplan.Omdat de drie hiervoor genoemde grootheden debiteurafhankelijk zijn, is de invorderingsbasis direct gekoppeld aan de debiteur.Let op!Van de invorderingsbasis wordt alleen de actuele situatie geadministreerd. Historie kan worden vastgehouden in de zaak.";"";"";"";"";"";"";"";"";"";"Inkomen > Terug- en invordering";"";"09072026-00:43:48"
"484";"";"Inzet";"";"EAID_532191CA_13CC_4500_93C9_54AB2862F38D";"";"class";"";"";"Uren inzet die gepleegd wordt in een bepaalde periode op een organisatorische eenheid en het percentage dat ook daadwerkelijk wordt uitgevoerd.Dit kan afwijken van de contractuele uren.";"";"";"";"";"";"";"";"";"";"9 Interne Organisatie > HR";"";"09072026-00:43:48"
"485";"";"JsonRuledGroupType";"";"EAID_05A0B109_A778_273A_32B0_28DF727D601A";"";"enumeration";"";"";"";"";"";"";"";"";"";"";"";"";"6 Sociaal Domein > Sociaal Domein Generiek";"";"09072026-00:43:48"
"486";"Juridische Regel";"Juridische Regel";"6f20ada6-28e9-4358-9b66-1575021ee431";"EAID_DDFF98D8_99FF_47b5_82D1_7FF2376750D6";"business-object";"class";"business-object";"Regel met juridische werkingskracht in een omgevingsdocument, die activiteiten, normen, gebiedsaanwijzingen of omgevingswaarden beschrijft.";"De beschrijving van een regel met juridische werkingskracht. Een regel betreft binnen de Omgevingswet veelal activiteiten, en/of normen en/of functies en/of beperkingengebieden.";"https://geonovum.github.io/TPOD/CIMOW/CIMOW_v2.1.0.pdf";"https://geonovum.github.io/TPOD/CIMOW/CIMOW_v2.1.0.pdf";"";"";"";"";"https://gemmaonline.nl/index.php/GEMMA/id-6f20ada6-28e9-4358-9b66-1575021ee431";"";"";"8 Volkshuisvesting, Leefomgeving en Stedelijke Vernieuwing > Omgevingswet";"";"09072026-00:43:48"
"487";"Kaart";"Kaart";"21a5d5b7-69f0-4501-98db-0655c44136b1";"EAID_F28DDE36_7BE4_45f7_A820_FFF0261CAA4E";"business-object";"class";"";"De geografische weergave van een gedeelte van het aardoppervlak";"De geografische weergave van een gedeelte van het aardoppervlak";"";"";"";"";"";"";"https://gemmaonline.nl/index.php/GEMMA/id-21a5d5b7-69f0-4501-98db-0655c44136b1";"";"";"Erfgoed > Archeologie";"";"09072026-00:43:48"
"488";"Kadastraal Perceel";"KadastraalPerceel";"0fd3695d-aa71-4f35-a8bf-7886c70e0ed8";"EAID_172AFD36_B400_4660_BFAC_4BBC1077D666";"business-object";"class";"business-object";"Een KADASTRALE ONROERENDE ZAAK dat een kadastraal geïdentificeerd en met kadastrale grenzen begrensd deel van het Nederlands grondgebied betreft (art. 1 lid 1 Kadasterwet).";"Een KADASTRALE ONROERENDE ZAAK dat een kadastraal geïdentificeerd en met kadastrale grenzen begrensd deel van het Nederlands grondgebied betreft (art. 1 lid 1 Kadasterwet).";"";"Een KADASTRAAL PERCEEL behoort tezamen met het APPARTEMENTSRECHT tot de generalisatie KADASTRALE ONROERENDE ZAAK.

Percelen worden cartografisch gerepresenteerd door een tweedimensionale vlakbegrenzing. Tussen alle kadastrale percelen in Nederland geldt een topologische relatie (opdelende vlakstructuur), d.w.z. dat naburige perceelsvlakken naadloos moeten aansluiten en elkaar niet mogen overlappen.";"";"";"BRK.";"";"https://gemmaonline.nl/index.php/GEMMA/id-0fd3695d-aa71-4f35-a8bf-7886c70e0ed8";"";"";"99 Kern > RSGBPlus";"";"09072026-00:43:48"
"489";"KadastraleGemeente";"KadastraleGemeente";"c7c60998-7075-40c7-b9d0-14febabaad96";"EAID_51BA37A4_2E1D_4704_9153_02759084D5E2";"business-object";"class";"";"De mogelijke onderscheiden gedeeltes van het grondgebied van Nederland, volgens de Dienst Kadaster en de Openbare Registers, zoals nader omschreven in het Kadasterbesluit";"De mogelijke onderscheiden gedeeltes van het grondgebied van Nederland, volgens de Dienst Kadaster en de Openbare Registers, zoals nader omschreven in het Kadasterbesluit";"";"";"";"";"BRK";"";"https://gemmaonline.nl/index.php/GEMMA/id-c7c60998-7075-40c7-b9d0-14febabaad96";"";"";"99 Kern > RSGBPlus";"";"09072026-00:43:48"
"490";"Kadastralemutatie";"KadastraleMutatie";"4c80e4c9-5e35-43d8-8438-2860c18949f0";"EAID_5DC6EA71_272C_4392_BA5E_5C97DC3CA9D9";"business-object";"class";"";"Wijziging in de kadatrale registratie";"Wijziging in de kadatrale registratie";"";"";"";"";"";"";"https://gemmaonline.nl/index.php/GEMMA/id-4c80e4c9-5e35-43d8-8438-2860c18949f0";"";"";"8 Volkshuisvesting, Leefomgeving en Stedelijke Vernieuwing > Beheer Openbare Ruimte";"";"09072026-00:43:48"
"491";"KadastraleOnroerendeZaak";"KadastraleOnroerendeZaak";"8155eb9b-eb9e-4eec-a850-80c185983a9f";"EAID_9775E778_DBF8_4122_94CE_551466B62F46";"business-object";"class";"";"Een geregistreerd goed waarvoor bij overdracht of vestiging van rechten inschrijving in de openbare registers van het Kadaster is vereist zijnde een KADASTRAAL PERCEEL of een APPARTEMENTSRECHT.";"Een geregistreerd goed waarvoor bij overdracht of vestiging van rechten inschrijving in de openbare registers van het Kadaster is vereist zijnde een KADASTRAAL PERCEEL of een APPARTEMENTSRECHT.";"";"Zie de catalogus BRK. Daarin is sprake van een ‘onroerende zaak’ zijnde een ‘perceel’, ‘appartementsrecht’ of ‘leidingnetwerk’. Geoordeeld is dat alleen de eerste twee objecttypen zodanig van belang zijn voor de gemeentelijke taakuitoefening dat zij deel moeten uit maken van het voorliggende referentiemodel. Zij zijn hierin gezamenlijk gemodelleerd als KADASTRALE ONROERENDE ZAAK.
In de BRK wordt de Kadaster identificatie onroerende zaak (hier: Kadastrale identificatie) als unieke aanduiding beschouwd Aangezien de gegevenslevering door het Kadaster hier nog niet op aangepast is hanteren we vooralsnog de Kadastrale aanduiding als unieke identificatie. 
In de BRK wordt een relatie naar het adresseerbaar object (verblijfsobject, standplaats of ligplaats) onderkend teneinde via een adres (nummeraanduiding) een kadastraal object te kunnen lokaliseren. Vanwege de uitbreiding in dit model naar gebouwde objecten en benoemde terreinen is deze relatie naar deze beide laatstgenoemde objecttypen gelegd.
Niet alle kadastrale objecten komen qua ligging overeen met een gebouwd object of benoemd terrein. In die gevallen opteert de BRK om voor het aanduiden van de globale ligging gebruik te maken van een dichtbijgelegen adres i.c.m. de aanduiding ‘Bij’ of ‘Tegenover’ dan wel een locatieomschrijving met daarin de beschrijving van de locatie, veelal door middel van een woonplaatsnaam en een straatnaam. Beide wijzen van aanduiden van de locatie zijn hier opgenomen in Locatie-omschrijving zodat de relaties naar gebouwde objecten en benoemde terreinen alleen ruimtelijke relaties tussen de objecten betreffen.";"";"";"BRK";"";"https://gemmaonline.nl/index.php/GEMMA/id-8155eb9b-eb9e-4eec-a850-80c185983a9f";"";"";"99 Kern > RSGBPlus";"";"09072026-00:43:48"
"492";"KadastraleOnroerendeZaakAantekening";"KadastraleOnroerendeZaakAantekening";"6c7ed209-0c32-432f-b6cd-32a0a1505a4e";"EAID_0BC18F79_3560_4e43_8154_7CCDC7D67A03";"business-object";"class";"";"Aanduiding van het feit, genoemd in een Stuk, dat betrekking heeft op een onroerende zaak en dat gevolgen kan hebben voor de uitoefening van rechten op de onroerende zaak.";"Aanduiding van het feit, genoemd in een Stuk, dat betrekking heeft op een onroerende zaak en dat gevolgen kan hebben voor de uitoefening van rechten op de onroerende zaak.";"";"Toegevoegd ten opzichte van de BRK is de begindatum. Aangezien een aantekening niet gewijzigd kan worden, bepaalt de begin- en einddatum de materiele historie van alle attribuutsoortensoorten. Deze hebben dan ook materiele historie ‘Nee’ gekregen.
Zie verder de catalogus BRK";"";"";"BRK";"";"https://gemmaonline.nl/index.php/GEMMA/id-6c7ed209-0c32-432f-b6cd-32a0a1505a4e";"";"";"99 Kern > RSGBPlus";"";"09072026-00:43:48"
"493";"";"Kademuur";"";"EAID_22C76A86_D969_464E_87CD_53466BD75FC";"";"class";"";"";"Verticale wand ter scheiding van land en water, opgebouwd uit een muur van gemetselde stenen of gestort beton. (bron: definities.geostandaarden.nl)";"";"";"";"";"";"";"";"";"";"8 Volkshuisvesting, Leefomgeving en Stedelijke Vernieuwing > Beheer Openbare Ruimte";"";"09072026-00:43:48"
"494";"";"Kanaal contactmoment";"";"EAID_362B3FC2_A412_450f_AF4D_CF3A4B149060";"";"enumeration";"";"";"Het gebruikte communicatiekanaal bij een contactmoment. Voorbeelden: telefoon, email, huisbezoek.";"";"";"";"";"";"";"";"";"";"6 Sociaal Domein > Werk";"";"09072026-00:43:48"
"495";"Kandidaat";"Kandidaat";"dc97ebf4-61ee-47f6-a108-af6bb4a276f7";"EAID_75B4E818_5ECD_45c5_98F9_66F57FC6117E";"business-object";"class";"";"Iemand die een bepaalde baan of functie wil";"Iemand die een bepaalde baan of functie wil";"";"";"Gegadigde";"Gegadigde";"";"";"https://gemmaonline.nl/index.php/GEMMA/id-dc97ebf4-61ee-47f6-a108-af6bb4a276f7";"";"";"9 Interne Organisatie > Inkoop";"";"09072026-00:43:48"
"496";"";"Kast";"";"EAID_CA844994_4AAE_417f_82A3_31CA5432237A";"";"class";"";"";"Object met een permanent karakter dat dient om iets in te bergen en te beschermen.";"";"";"";"";"";"";"";"";"";"Erfgoed > Archief";"";"09072026-00:43:48"
"497";"Kast";"Kast";"33174f30-4409-42ef-9167-7288d8474e6e";"EAID_E89ECEBE_796F_4CB7_9E9F_860EBC21B4B";"business-object";"class";"";"Object met een permanent karakter dat dient om iets in te bergen en te beschermen.";"Object met een permanent karakter dat dient om iets in te bergen en te beschermen.";"";"";"";"";"";"";"https://gemmaonline.nl/index.php/GEMMA/id-33174f30-4409-42ef-9167-7288d8474e6e";"";"";"8 Volkshuisvesting, Leefomgeving en Stedelijke Vernieuwing > Beheer Openbare Ruimte";"";"09072026-00:43:48"
"498";"";"Keermuur";"";"EAID_D629609F_088E_4504_99BB_C45F0EA633F";"";"class";"";"";"Muur die door vorm, gewicht en fundering zonder verankering de grond keert, vaak van beton met L-vormige doorsnede.  Een keermuur of keerwand is een stijf, grond- of waterkerend kunstwerk dat door een groot gewicht en een brede voet een grote standzekerheid kan bereiken. Een keermuur is meestal van gewapend beton, maar er kan ook ander materiaal gebruikt worden. (IMGeo)
Synoniemen: Keerwand, klip";"";"";"";"";"";"";"";"";"";"8 Volkshuisvesting, Leefomgeving en Stedelijke Vernieuwing > Beheer Openbare Ruimte";"";"09072026-00:43:48"
"499";"";"KenmerkenZaak";"";"EAID_9E261D63_5143_4aa8_A1DA_554AB3D27025";"";"class";"";"";"Identificatie-gegevens over de zaak in andere administraties";"";"";"";"";"";"";"";"";"";"99 Kern > RGBZPlus";"";"09072026-00:43:48"
"500";"";"KeuzebudgetBesteding";"";"EAID_B9288D01_0B8F_4f8c_BAE1_AFD1B0EF6FDF";"";"class";"";"";"De daadwerkelijk uitgave van een keuzebudget";"";"";"";"";"";"";"";"";"";"9 Interne Organisatie > HR";"";"09072026-00:43:48"
"501";"";"KeuzebudgetBestedingsoort";"";"EAID_A0051651_4772_436d_9553_B432BDCE3A52";"";"class";"";"";"Typering van een keuzebudgetbesteding";"";"";"";"";"";"";"";"";"";"9 Interne Organisatie > HR";"";"09072026-00:43:48"
"502";"KlachtLeerlingenvervoer";"Klacht Leerlingenvervoer";"df24e948-819b-4201-8dde-3c6865c09230";"EAID_07FE66E8_8316_406b_A590_922C2E7B4305";"business-object";"class";"";"Een uiting van ontevredenheid over het vervoer van leerlingen.";"Een uiting van ontevredenheid over het vervoer van leerlingen.";"";"";"";"";"";"";"https://gemmaonline.nl/index.php/GEMMA/id-df24e948-819b-4201-8dde-3c6865c09230";"";"";"4 Onderwijs > Leerplicht en Leerlingenvervoer";"";"09072026-00:43:48"
"503";"";"Klantbeoordeling";"";"EAID_881F95F7_7096_49ab_B1CA_4D9FA93BB4A9";"";"class";"";"";"goed- of afkeurende uitspraak; = mening, opvatting";"";"";"";"";"";"";"";"";"";"10 Dienstverlening";"";"09072026-00:43:48"
"504";"";"Klantbeoordelingreden";"";"EAID_40394EFE_AD3E_4fd9_B9FC_AF73442AF625";"";"class";"";"";"Reden voor de beoordeling";"";"";"";"";"";"";"";"";"";"10 Dienstverlening";"";"09072026-00:43:48"
"505";"Klantcontact";"Klantcontact";"a9cb919f-a224-4ab5-9825-40d54104f90d";"EAID_A3DAD553_0E55_4256_824B_CDB5E12CB545";"business-object";"class";"business-object";"Contactmoment dat werkelijk heeft plaatsgevonden tussen een burger of bedrijf en de gemeente, via balie, telefoon, e-mail of ander kanaal.";"Klantcontacten zijn contactmomenten die werkelijk hebben plaatsgevonden, terwijl Balieafspraken afspraken zijn voor een klantcontact. Dit ongeacht of deze werkelijk heeft plaatsgevonden, soms liggen deze in de toekomst of is iemand niet op komen dagen, of iets anders waardoor het klantcontact nog niet heeft plaatsgevonden.

Hetzelfde geldt voor de telefoontjes, de klantcontacten komen uit levelOneData, dat zijn alle telefoontjes die werkelijk met een medewerker (of een gedelegeerde) hebben plaatsgevonden (soms zelfs meerdere binnen 1 telefoontje).";"";"";"";"";"";"";"https://gemmaonline.nl/index.php/GEMMA/id-a9cb919f-a224-4ab5-9825-40d54104f90d";"";"";"99 Kern > RGBZPlus";"";"09072026-00:43:48"
"506";"";"Klimplant";"";"EAID_ABB1E33A_C934_4123_98B0_2D52349E456";"";"class";"";"";"Plant met buigzame stengels die zich op diverse manieren aan muren, bomen of constructies hecht en zodoende omhoog klimt.
Toelichting: Plant met buigzame stengels die zich op diverse manieren aan muren, bomen of constructies hecht en zodoende omhoog klimt.";"";"";"";"";"";"";"";"";"";"8 Volkshuisvesting, Leefomgeving en Stedelijke Vernieuwing > Beheer Openbare Ruimte";"";"09072026-00:43:48"
"507";"Kolk";"Kolk";"";"EAID_E6AFE8F7_95A7_4A0C_A6E8_F6D2091FB8B";"";"class";"business-object";"Een reservoir bestemd voor de opvang van hemelwater afkomstig van erop aangesloten oppervlakken, het laten bezinken van in dit water meegevoerde bezinkbare stoffen en de afvoer van dit water naar een rioolstelsel of naar de ondergrond. Synoniemen: Afvoerput";"Een reservoir bestemd voor de opvang van hemelwater afkomstig van erop aangesloten oppervlakken, het laten bezinken van in dit water meegevoerde bezinkbare stoffen en de afvoer van dit water naar een rioolstelsel of naar de ondergrond.
Synoniemen: Afvoerput";"";"";"";"";"";"";"";"";"";"8 Volkshuisvesting, Leefomgeving en Stedelijke Vernieuwing > Beheer Openbare Ruimte";"";"09072026-00:43:48"
"508";"";"KoopsomKadastraleOnroerendeZaak";"";"EAID_B1CB6F3A_A1F5_43f2_B077_02AD7441B1E3";"";"class";"";"";"Het in een ter inschrijving aangeboden stuk vermelde bedrag, waarvoor 1 of meer onroerende zaken zijn verkregen.";"";"";"";"";"";"";"";"";"";"99 Kern > RSGBPlus";"";"09072026-00:43:48"
"509";"";"Koopwoningen";"";"EAID_7FECB5B2_E6CB_4637_9FD4_6EBA2CA96BBA";"";"class";"";"";"Een woning die eigendom is van een particulier (in het algemeen de bewoner van de woning).";"";"";"";"";"";"";"";"";"";"8 Volkshuisvesting, Leefomgeving en Stedelijke Vernieuwing > Bouwen en Wonen";"";"09072026-00:43:48"
"510";"Koppeling";"Koppeling";"";"EAID_AB7CF266_388F_413a_92D0_B2FA67C75633";"";"class";"business-object";"Systematiek voor uitwisseling van data tussen systemen binnen of buiten het applicatielandschap.";"Verbinding tussen twee systemen";"";"";"";"";"";"";"";"";"";"9 Interne Organisatie > ICT";"";"09072026-00:43:48"
"511";"Kosten";"Kosten";"b3ca70ae-c2de-4728-ac7d-a144a95c858e";"EAID_0E4A8F94_ED08_43dc_9F78_C9DD17D34690";"business-object";"class";"";"";"*Kosten* zijn de prijs of uitgaven die men moet betalen voor het gebruik, verkrijgen of verbruiken van een product, dienst of middel, doorgaans uitgedrukt in geld.";"";"Het begrip *kosten* verwijst naar wat iemand moet **betalen of besteden** om iets te verkrijgen, te gebruiken of te laten uitvoeren. Kosten kunnen betrekking hebben op directe betalingen, zoals de aanschafprijs van een product of dienst, maar ook op bredere uitgaven die met het gebruik of verbruik samenhangen. In bredere economische of administratieve contexten kunnen kosten ook betrekking hebben op de waarde van middelen die zijn ingezet binnen een bepaalde periode, functie of activiteit.";"";"";"";"";"https://gemmaonline.nl/index.php/GEMMA2/0.9/id-b3ca70ae-c2de-4728-ac7d-a144a95c858e";"";"";"1 Veiligheid en Vergunningen";"";"09072026-00:43:48"
"512";"";"Kostencomponent";"";"EAID_98746714_07f9_4942_b7d1_096f9631f90f";"";"class";"";"";"Noodzakelijke kosten voor het bestaan welke leiden tot een lager (berekend) inkomen.";"";"";"";"";"";"";"";"";"";"6 Sociaal Domein > Sociaal Domein Generiek";"";"09072026-00:43:48"
"513";"Kostenplaats";"Kostenplaats";"126c564a-16fa-4e61-b52d-3af4968904d8";"EAID_D90E822D_7EF8_4ea6_AF5C_4A4362577941";"business-object";"class";"business-object";"Rekening waaraan boekingen in een financiële administratie samen worden toegeschreven.";"Rekening waaraan boekingen in een financiële administratie samen worden toegeschreven.";"";"";"";"";"";"";"https://gemmaonline.nl/index.php/GEMMA/id-126c564a-16fa-4e61-b52d-3af4968904d8";"";"";"9 Interne Organisatie > Financien";"";"09072026-00:43:48"
"514";"";"KpBetrokkenBij";"";"EAID_D46DA88A_F3EB_4c72_85DA_C0C4239289E2";"";"class";"";"";"";"";"";"";"";"";"";"";"";"";"9 Interne Organisatie > Vastgoed";"";"09072026-00:43:48"
"515";"";"KpOnstaanUit";"";"EAID_DCF0623A_694F_4b82_B615_F499F169C19A";"";"class";"";"";"";"";"";"";"";"";"";"";"";"";"9 Interne Organisatie > Vastgoed";"";"09072026-00:43:48"
"516";"";"Krediethypotheek";"";"EAID_d3335b08_9b4b_4e55_b507_0e1d481f1409";"";"class";"";"";"AlgemeenAls de bijstandsuitkering aan u geleend wordt, kan de gemeente u verplichten een hypotheek op de woning te vestigen. Dit wordt een krediethypotheek genoemd. Gemeenten doen dit om zekerheid te hebben dat de lening in de toekomst wordt afgelost. Bent u eigenaar van een woonwagen of een niet-geregistreerd woonschip? Dan kan de gemeente u verplichten een pandrecht te vestigen. Als de hypotheek of het pandrecht is gevestigd, kunt u gewoon in uw woning blijven wonen.De gemeente kan zelf bepalen of en wanneer zij overgaat tot het vestigen van pandrecht of hypotheek op uw huis, woonschip of woonwagen.Gevolgen krediethypotheekDoor het vestigen van een krediethypotheek gebruikt u de overwaarde van uw woning als onderpand voor uw leenbijstand. Onderpand wil zeggen dat de gemeente uw woning mag verkopen als u uw betalingsverplichtingen niet nakomt. Als u uw rente- en aflossingsverplichtingen niet nakomt, dan kan de gemeente uw woning verkopen en van de opbrengst uw rente– en aflossingsverplichtingen betalen. Als u zelf besluit om uw woning te verkopen, dan moet u (een deel van) de opbrengst gebruiken om uw leenbijstand af te lossen.Kosten krediethypotheekVoor de kosten die u eventueel maakt in verband met de taxatie van de woning en het vestigen van een krediethypotheek kunt u bijzondere bijstand ontvangen. U moet dan wel aan de voorwaarden voor het recht op bijzondere bijstand voldoen.Aflossing leningHieronder worden de situaties beschreven wanneer de lening moet worden afgelost.U stroomt uit de bijstand omdat u werk heeft gevonden. Als u uit de bijstand stroomt omdat u werk heeft gevonden moet u in principe de lening gaan aflossen. Wanneer dat het geval is, is afhankelijk van het gemeentelijke beleid.U moet opnieuw bijstand aanvragen. Is uw bijstand in de vorm van een geldlening geëindigd, maar doet u binnen een bepaalde periode opnieuw een beroep op bijstand? Dan kunt u mogelijk opnieuw bijstand in de vorm van een geldlening ontvangen. Informeer bij de gemeente.U verkoopt de woning. Verkoopt u de woning? Dan moet de lening meestal worden terugbetaald, mits de verkoop voldoende heeft opgebracht.U overlijdt. Als u overlijdt valt de woning in uw nalatenschap. Uw erfgenamen zullen de geldlening dan moeten terugbetalen uit de nalatenschap. De gemeente zal hierover met de erven corresponderen.OverzichtKrediethypotheek leidt dus niet meteen tot een vordering. Toch wordt een krediethypotheek gemeld aan Terug- en Invorderen. Met deze informatie kan beter maatwerk worden geleverd bij het bepalen van de aflossingsafspraken. Hetzelfde geldt voor de leenbijstand.";"";"";"";"";"";"";"";"";"";"Inkomen > Terug- en invordering";"";"09072026-00:43:48"
"517";"";"Krediethypotheekvordering";"";"EAID_0238113B_1577_D45C_C5E9_293122B2568D";"";"class";"";"";"AlgemeenEen vordering is een eis op een persoon, zeg debiteur, die een zeker bedrag terug moet betalen aan de gemeente.De oorzaak van een vordering is velerlei, Zie daarvoor de categorie-indeling.Vorderingen kunnen uit meerdere componenten bestaan.Relaties tussen vorderingenVorderingen kunnen ook onderling in relatie staan, bijvoorbeeld:Een opgelegde boete wegens het schenden van de inlichtingenplicht heeft een relatie met een verwijtbare vorderingIncassokostenvordering voor als er in het kader van een vordering incassokosten zijn gemaakt, die verhaald worden.Rentevordering als bij leningen of kredieten rente in rekening wordt gebracht.Al deze vorderingen zijn zelfstandige vorderingen gerelateerd aan de originele vordering. Zij verkrijgen automatisch dezelfde titel als de originele vordering.InterventieladderBij een terugvordering vanwege het aflossen op een krediethypotheek moet in de interventieladder na een aanmaning een grosse gehaald worden bij de rechter. Vervolgens kan pas doorgeescaleerd worden naar dwangbevel.";"";"";"";"";"";"";"";"";"";"Inkomen > Terug- en invordering";"";"09072026-00:43:48"
"518";"Kunstwerk";"Kunstwerk";"0e1bf1cd-7cce-4904-8470-40cb9d6a5bb6";"EAID_71BCDE9D_88C2_4519_8105_028E40898AB";"business-object";"class";"business-object";"Civiel-technisch werk voor de infrastructuur van wegen, water, spoorbanen, waterkeringen en/of leidingen en niet bedoeld voor permanent menselijk verblijf.";"Civiel-technisch werk voor de infrastructuur van wegen, water, spoorbanen, waterkeringen en/of leidingen en niet bedoeld voor permanent menselijk verblijf. http://definities.geostandaarden.nl";"";"";"";"";"";"";"https://gemmaonline.nl/index.php/GEMMA/id-0e1bf1cd-7cce-4904-8470-40cb9d6a5bb6";"";"Brug, Viaduct, Flyover, Kademuur, Keermuur, Sluis";"8 Volkshuisvesting, Leefomgeving en Stedelijke Vernieuwing > Beheer Openbare Ruimte";"";"09072026-00:43:48"
"519";"";"Kunstwerkdeel";"";"EAID_2EC96974_F21E_4bdb_AF4D_30D7091F5645";"";"class";"";"";"Onderdeel van een civiel-technisch werk voor de infrastructuur van wegen, water, spoorbanen, waterkeringen en/of leidingen.";"";"";"";"";"";"";"";"";"";"99 Kern > RSGBPlus";"";"09072026-00:43:48"
"520";"";"Kwalificatie";"";"EAID_AB2AED85_D2B0_45cf_9B1F_C6005E894494";"";"class";"";"";"Kwalifificatie voor een nationale of europese aanbesteding";"";"";"";"";"";"";"";"";"";"9 Interne Organisatie > Inkoop";"";"09072026-00:43:48"
"521";"KwaliteitscatalogusOpenbareRuimte";"Kwaliteitscatalogus Openbare Ruimte";"d9f93ca7-e915-4c2d-93b8-821e8e2bcae2";"EAID_2C6C809D_28B0_4037_BBFA_3E438A2DF81D";"business-object";"class";"";"zie https://www.raw.nl/zoeken?tag=kwaliteitscatalogus%20openbare%20ruimte";"zie https://www.crow.nl/publicaties/kwaliteitscatalogus-openbare-ruimte-2018";"";"";"";"";"";"";"https://gemmaonline.nl/index.php/GEMMA/id-d9f93ca7-e915-4c2d-93b8-821e8e2bcae2";"";"";"8 Volkshuisvesting, Leefomgeving en Stedelijke Vernieuwing > Beheer Openbare Ruimte";"";"09072026-00:43:48"
"522";"Kwaliteitskenmerken";"Kwaliteitskenmerken";"0b0d8f74-8a70-4fb9-adbd-77233740ddc3";"EAID_0754CC1D_48C7_4275_B909_BFB747BCFCD8";"business-object";"class";"";"Aanduiding van de hoedanigheid van uitvoering, bewerking en representativiteit van een meting, volgens een overeengekomen waarderingsschaal.";"Aanduiding van de hoedanigheid van uitvoering, bewerking en representativiteit van een meting, volgens een overeengekomen waarderingsschaal.";"";"";"";"";"";"";"https://gemmaonline.nl/index.php/GEMMA/id-0b0d8f74-8a70-4fb9-adbd-77233740ddc3";"";"";"8 Volkshuisvesting, Leefomgeving en Stedelijke Vernieuwing > Beheer Openbare Ruimte";"";"09072026-00:43:48"
"523";"Kwijtschelding";"Kwijtschelding";"";"EAID_1127D07A_473D_2912_29AE_2ABDF0E8A586";"";"class";"business-object";"Het kwijtschelden van het restant van de vordering.";"Het kwijtschelden van het restant van de vordering.RedenenDit kan om diverse redenen gebeuren, waaronder redenen uit het beleid.Als een debiteur zijn 36 maanden lang houdt aan de betaalafspraken, dan komt de debiteur in aanmerking voor kwijtschelding. Enkele noties hierbij:Het gaat hier om het houden van de afspraken.Hieronder vallen ook afspraken om tijdelijk niet af te lossen.In principe zal een enkele maand opschorten vanwege een maand niet betalen niet de betaaldiscipline verbreken, omdat de gemeente niet heeft ingegrepen via een interventie.Als de debiteur ineens de helft of meer aflost op de vordering.BedragHet bedrag in de kwijtschelding heeft die hoogte dat de totale restant van de vordering op nul komt.";"";"";"";"";"";"";"";"";"";"Inkomen > Terug- en invordering";"";"09072026-00:43:48"
"524";"Land";"Land";"a039d1c4-86b3-4d98-a564-1690f14759cd";"EAID_4B2CCD18_9004_4253_B72E_9243F3330F02";"business-object";"class";"";"Een gedeelte van de wereld met een eigen bestuur, waarvan de soevereiniteit in ieder geval door Nederland is erkend.";"Een gedeelte van de wereld met een eigen bestuur, waarvan de soevereiniteit in ieder geval door Nederland is erkend.";"";"";"";"";"";"";"https://gemmaonline.nl/index.php/GEMMA/id-a039d1c4-86b3-4d98-a564-1690f14759cd";"";"";"99 Kern > RSGBPlus";"";"09072026-00:43:48"
"525";"LandOfGebied";"LandOfgebied";"36cbdfbe-4b70-489c-9668-f42f9c1dbfaf";"EAID_A17A01A9_2A4F_46e8_A55A_2B151F8ED46E";"business-object";"class";"";"Een gedeelte van de wereld met een eigen bestuur, waarvan de soevereiniteit in ieder geval door Nederland is erkend.";"Een gedeelte van de wereld met een eigen bestuur, waarvan de soevereiniteit in ieder geval door Nederland is erkend.";"";"";"";"";"GFO BG";"";"https://gemmaonline.nl/index.php/GEMMA/id-36cbdfbe-4b70-489c-9668-f42f9c1dbfaf";"";"";"99 Kern > RSGBPlus";"";"09072026-00:43:48"
"526";"Leefgebied";"Leefgebied";"c80348b6-b173-41ab-9bf6-3a1a780d0fb3";"EAID_C55180D9_A5C3_4859_BD88_7686F5384157";"business-object";"class";"";"Gebied waarin alle activiteiten van een inwoner zich kunnen afspelen";"Gebied waarin alle activiteiten van een inwoner zich kunnen afspelen";"";"";"";"";"";"";"https://gemmaonline.nl/index.php/GEMMA/id-c80348b6-b173-41ab-9bf6-3a1a780d0fb3";"";"";"6 Sociaal Domein > Generiek Jeugd en Wmo";"";"09072026-00:43:48"
"527";"";"Leefgebied";"";"EAID_B061E420_187A_49dd_B8DA_2AF3FC5D860F";"";"class";"";"";"Een Leefgebied in het kader van jeugdbescherming verwijst naar een specifiek domein binnen het leven van een kind of jongere waarin factoren van invloed zijn op diens veiligheid, welzijn en ontwikkeling. Voorbeelden van leefgebieden zijn gezinssituatie, onderwijs, sociale relaties, gezondheid, vrije tijd en financiën. Bij jeugdbescherming wordt elk leefgebied onderzocht om risico’s en beschermende factoren te identificeren, zodat er een integraal plan kan worden opgesteld om de veiligheid en het welzijn van het kind of de jongere te waarborgen. Leefgebieden vormen daarmee een leidraad voor een holistische benadering in de ondersteuning en interventies.";"";"";"";"";"";"";"";"";"";"6 Sociaal Domein > Jeugdbescherming en reclassering";"";"09072026-00:43:48"
"528";"";"Leefsituatie";"id-5cc59215-5a63-4ef8-9d64-c4fac0619121";"EAID_5CC59215_5A63_4ef8_9D64_C4FAC0619121";"";"class";"";"";"Leefsituatie is de combinatie van factoren zoals schulden, ondernemerschap, aanwezigheid van een partner, en inkomen, die samen de sociale en economische omstandigheden van een individu bepalen. Deze wordt in het kader van schuldhulpverlening gebruikt om alle relevante zaken van clienten aan te koppelen.";"";"";"";"";"";"";"";"";"";"Schulden > Schuldhulpverlening";"";"09072026-00:43:48"
"529";"";"Leenbijstand";"";"EAID_18090A2C_CED1_0A51_0DFD_294370D99076";"";"class";"";"";"AlgemeenLeenbijstand is een lening aan de burger, die in termijnen moet worden terugbetaald.TerugbetalingAflossingen op leningen bedragen standaard 5% van de toepasselijke maandnorm inclusief vakantietoeslag (VT);De lening wordt in maximaal 36 termijnen terugbetaald. Het restant wordt afgeschreven. De gemeente vordert terug als iemand zich niet aan de verplichtingen van de leenovereenkomst houdt.Leenbijstand worden gemeld aan Terug- en Invorderen voor een 360-graden view op de debiteur. Dan kan hiermee rekening worden gehouden bij het maken van aflossingsafspraken.Leenbijstand wordt verrekend met de uitkering en zal in dergelijke gevallen niet leiden tot terugvorderenPas als de persoon uit de bijstand gaat, zal het voorliggende proces een terugvorderingsverzoek doen bij Terug- en Invorderen.De totaal gegeven leenbijstand wordt teruggevorderd. Hier is een CBS-categorie voor.Mogelijke gevallen (illustratief)Leenbijstand (in de vorm van Bijzondere Bijstand) is onder andere mogelijk in de volgende situaties:U moet een waarborgsom betalen bij het huren van een huis;U wacht op geld waarvan u kunt leven. Het is bijvoorbeeld mogelijk dat u lange tijd moet wachten op de uitbetaling van een erfenis;U moet door eigen toedoen bijstand aanvragen of eerder aanvragen dan nodig was;U hebt een koophuis, u hebt (redelijk) veel eigen vermogen in het huis zitten en geen of weinig inkomsten;U bent zelfstandige of u bent net gestart met uw eigen bedrijf of beroep.NB: U moet een lening altijd weer terugbetalen.";"";"";"";"";"";"";"";"";"";"Inkomen > Terug- en invordering";"";"09072026-00:43:48"
"530";"";"Leenbijstandvordering";"";"EAID_ed7f7a0f_bef9_4532_94ad_f36418629141";"";"class";"";"";"AlgemeenLeenbijstand is een lening aan de burger, die in termijnen moet worden terugbetaald. Zie: Leenbijstand.TerugbetalingAflossingen op leningen bedragen standaard 5% van de toepasselijke maandnorm inclusief vakantietoeslag (VT);De lening wordt in maximaal 36 termijnen terugbetaald. Het restant wordt afgeschreven. De gemeente vordert terug als iemand zich niet aan de verplichtingen van de leenovereenkomst houdt.Leenbijstand wordt verrekend met de uitkering en zal in dergelijke gevallen niet leiden tot terugvorderenPas als de persoon uit de bijstand gaat, zal het voorliggende proces een terugvorderingsverzoek doen bij Terug- en Invorderen.De totaal gegeven leenbijstand wordt teruggevorderd. Hier is een CBS-categorie voor.";"";"";"";"";"";"";"";"";"";"Inkomen > Terug- en invordering";"";"09072026-00:43:48"
"531";"Leerjaar";"Leerjaar";"33e656c4-9a9a-4127-a52a-6f804d0a3ce9";"EAID_D7ECEB92_BE50_4e30_9F27_54A008BC75DF";"business-object";"class";"";"Is de codering van het jaar of het niveau waarin de leerling onderwijs volgt.";"Is de codering van het jaar of het niveau waarin de leerling onderwijs volgt.";"";"";"";"";"";"";"https://gemmaonline.nl/index.php/GEMMA/id-33e656c4-9a9a-4127-a52a-6f804d0a3ce9";"";"";"4 Onderwijs > Onderwijs";"";"09072026-00:43:48"
"532";"Leerling";"Leerling";"e2ea124f-56ce-4614-9e32-0f13371a5ede";"EAID_266057AF_58BD_42e1_B4D5_16EB266B9B7A";"business-object";"class";"business-object";"Kind of jongere dat onderwijs volgt aan een school in de gemeente.";"Mens die een opleiding volgt, heeft gevolgd of gaat volgen of opgaat of is opgegaan voor een toets. (Bron: KOI)";"";"";"Onderwijsvolger";"Onderwijsvolger";"";"";"https://gemmaonline.nl/index.php/GEMMA/id-e2ea124f-56ce-4614-9e32-0f13371a5ede";"";"";"4 Onderwijs > Onderwijs";"";"09072026-00:43:48"
"533";"Leerplichtambtenaar";"Leerplichtambtenaar";"eb5a2808-d438-4299-b803-4495b819396b";"EAID_B369B374_F560_4ea6_9A8B_DBBCB4961EFF";"business-object";"class";"business-role";"De ambtelijke verantwoordelijkheid voor het toezicht op de uitvoering van de Leerplichtwet.";"Ambtenaar die toezicht houdt op de uitvoering van de leerplichtwet.";"";"";"";"";"";"";"https://gemmaonline.nl/index.php/GEMMA/id-eb5a2808-d438-4299-b803-4495b819396b";"";"";"4 Onderwijs > Leerplicht en Leerlingenvervoer";"";"09072026-00:43:48"
"534";"Leerroute";"Leerroute";"ab441c2e-d5a6-4546-b1b8-a08d3bee1c07";"EAID_51285531_9529_4b2d_9EC6_B6BAEA729D9A";"business-object";"class";"business-object";"Een Leerroute is het door de gemeente vastgestelde traject dat een inburgeringsplichtige volgt om te voldoen aan de inburgeringsplicht, bestaande uit taallessen, participatieactiviteiten en aanvullende modules, afgestemd op het leervermogen en het hoofddoel van de inburgeraar.";"Een Leerroute is het door de gemeente vastgestelde traject dat een inburgeringsplichtige volgt om te voldoen aan de inburgeringsplicht, bestaande uit taallessen, participatieactiviteiten en aanvullende modules, afgestemd op het leervermogen en het hoofddoel van de inburgeraar.";"";"•	De leerroute wordt bepaald op basis van de brede intake en de leerbaarheidstoets, zoals vastgelegd in artikelen 15 en 16 van de Wet inburgering 2021.";"";"";"";"";"https://gemmaonline.nl/index.php/GEMMA2/0.9/id-ab441c2e-d5a6-4546-b1b8-a08d3bee1c07";"";"";"6 Sociaal Domein > Inburgering";"";"09072026-00:43:48"
"535";"Leges_Grondslag";"Leges_Grondslag";"ce320796-17d5-4134-ade8-7b87211272dd";"EAID_7F9392E5_6E43_4880_AF14_819E32A86204";"business-object";"class";"";"";"*Leges_Grondslag* is de basis of maatstaf waarop de heffing van leges wordt berekend, zoals de omvang van de werkzaamheden, bouwkosten of andere relevante parameters die in de legesverordening zijn vastgelegd.";"";"In een *legesverordening* van een gemeente of provincie staat welke diensten leges plegen te worden geheven en **op welke grondslagen** dat gebeurt. De grondslag bepaalt de **maatstaf voor de berekening van het legesbedrag** (bijvoorbeeld een vast bedrag, oppervlakte, bouwkosten of andere objectieve gegevens die de hoogte van de leges bepalen). De aanvrager moet deze grondslag vaak opgeven (zoals bouwkosten bij een omgevingsvergunning) en de gemeente toetst deze op juistheid; onjuiste opgave kan leiden tot bijstelling van de leges.";"";"";"";"";"https://gemmaonline.nl/index.php/GEMMA2/0.9/id-ce320796-17d5-4134-ade8-7b87211272dd";"";"";"1 Veiligheid en Vergunningen";"";"09072026-00:43:48"
"536";"Rioolleiding";"Leiding";"b2bdb817-4007-4c1b-ad24-43929884e0eb";"EAID_4223240C_8786_4D44_889E_9F54BA39A83";"business-object";"class";"business-object";"Buisinfrastructuur voor transport van afval- en/of hemelwater in het gemeentelijk rioleringssysteem.";"Een geheel van geleiders welke voorzien zijn van één ommanteling en bestemd is voor transport van materie";"";"";"";"";"";"";"https://gemmaonline.nl/index.php/GEMMA/id-b2bdb817-4007-4c1b-ad24-43929884e0eb";"";"";"8 Volkshuisvesting, Leefomgeving en Stedelijke Vernieuwing > Beheer Openbare Ruimte";"";"09072026-00:43:48"
"537";"Leidingelement";"Leidingelement";"41acc666-99e4-4b10-ab75-a3a24550354e";"EAID_4C52CC53_82F2_4B54_AA5F_B75FA00E9FF";"business-object";"class";"";"Een object dat bij een leiding behoort.";"Een object dat bij een leiding behoort.";"";"";"";"";"";"";"https://gemmaonline.nl/index.php/GEMMA/id-41acc666-99e4-4b10-ab75-a3a24550354e";"";"";"8 Volkshuisvesting, Leefomgeving en Stedelijke Vernieuwing > Beheer Openbare Ruimte";"";"09072026-00:43:48"
"538";"Lener";"Lener";"40c57f7c-2356-4c05-b22d-a2a8466dfebd";"EAID_68C42EEA_6985_483e_99E6_E0F1FB71D622";"business-object";"class";"";"Iemand die iets te leen krijgt, met name iemand die boeken, digitale bestanden of apparatuur leent bij een museum, bibliotheek, mediatheek of een andere uitleeninstantie";"Iemand die iets te leen krijgt, met name iemand die boeken, digitale bestanden of apparatuur leent bij een museum, bibliotheek, mediatheek of een andere uitleeninstantie";"";"";"";"";"";"";"https://gemmaonline.nl/index.php/GEMMA/id-40c57f7c-2356-4c05-b22d-a2a8466dfebd";"";"";"5 Sport, Cultuur en Recreatie > Musea";"";"09072026-00:43:48"
"539";"";"Levenssituatie::Levenssituatie";"";"EAID_4B7F5B5B_CCC7_465e_9908_E83620EEAE89";"";"class";"";"";"De levenssituatie is de kwaliteit van de omgeving en omstandigheden waarin een persoon leeft en functioneert op een bepaald moment.";"";"•	Levenssituatie beschrijft de samenhang van persoonlijke omstandigheden zoals inkomen, woonomgeving, gezinssituatie, gezondheid, werk en sociale relaties die samen de leefwereld van een individu bepalen.
	•	Het begrip wordt gebruikt in beleid, statistiek en sociale analyses om te duiden hoe iemands omstandigheden de mogelijkheden en het welzijn beïnvloeden.
	•	In sociale contexten kan een instabiele of kwetsbare levenssituatie aanleiding zijn voor (extra) ondersteuning of interventies door gemeenten en andere instanties.";"";"";"";"";"";"";"";"Inkomen > Reden aanvraag";"";"09072026-00:43:48"
"540";"Leverancier";"Leverancier";"";"EAID_51A266C7_3BDA_457c_9A32_CD1B166CA5BF";"";"class";"business-object";"Een niet-natuurlijk persoon die een product of dienst levert aan de organisatie";"Een niet-natuurlijk persoon die een product of dienst levert aan de organisatie";"";"";"";"";"";"";"";"";"";"6 Sociaal Domein > Sociaal Domein Generiek";"";"09072026-00:43:48"
"541";"Leverancier";"Leverancier";"113af80a-7e3e-41f6-8f79-8d0d48c4c257";"EAID_EA7FE08E_34F7_45d2_BE2E_E4E3B8333BF3";"business-object";"class";"business-object";"Een niet-natuurlijk persoon die een product of dienst levert aan de organisatie";"Een niet-natuurlijk persoon die een product of dienst levert aan de organisatie";"";"";"";"";"";"";"https://gemmaonline.nl/index.php/GEMMA/id-113af80a-7e3e-41f6-8f79-8d0d48c4c257";"";"";"9 Interne Organisatie > Inkoop";"";"09072026-00:43:48"
"542";"Levering";"Levering";"cc667191-bb35-45a0-a231-504b663b70f1";"EAID_F0CE97B6_3004_4424_A0AA_5034BC0144D1";"business-object";"class";"business-object";"Levering van zorg door leverancier.";"Levering van zorg door leverancier. Is in het geval van resultaatverplichting steeds: 1 stuk

In PxQ uren maal tarief";"";"";"";"";"";"";"https://gemmaonline.nl/index.php/GEMMA/id-cc667191-bb35-45a0-a231-504b663b70f1";"";"";"6 Sociaal Domein > Generiek Jeugd en Wmo";"";"09072026-00:43:48"
"543";"";"Leveringscomponent";"";"EAID_117A52E7_D317_92C3_C4DB_281C33034B40";"";"class";"";"";"Een samenstellend deel van een Dienst. Bijvoorbeeld een gezinsnorm, een maatregel op de uitkering of bij een fysiek product: een koelkast.Nadat het recht is bepaald, wordt de levering gespecificeerd. Bij een financieel product is dat de hoogte van het bedrag. De hoogte van het bedrag is opgebouwd uit componenten waarvan de relevantie weer wordt bepaald door het recht en de situatie. Hoe het ook zij, de specificatie van de levering wordt in haar componenten vastgelegd als Leveringscomponent.";"";"";"";"";"";"";"";"";"";"Inkomen > Diensten";"";"09072026-00:43:48"
"544";"";"Leveringscomponenttype";"";"EAID_23F6E69F_CA5F_A12B_BCE4_281C3303F966";"";"class";"";"";"Een samenstellend deel van het product dat word geleverd, bijvoorbeeld in het geval van een fysieke product:Product = huisraadDeelproduct 1= bankstel,Deelproduct 2 = eettafel, etc.Of in het geval van een financieel product Product = IITIIT-norm alleenstaande";"";"";"";"";"";"";"";"";"";"Inkomen > Diensten";"";"09072026-00:43:48"
"545";"";"Leveringsopdracht";"";"EAID_1CDDED16_888E_945B_4A20_28EA07CB4D4C";"";"class";"";"";"Een informatieobject dat wordt uitgewisseld tussen twee bedrijfsfuncties, waarvan de één de inhoudelijke afhandeling heeft gedaan en de ander de uitvoering moet verrichten. De leveringsopdracht bevat de nodige gegevens om de levering te kunnen uitvoeren.De daadwerkelijke levering van de dienst, hetzij in natura, hetzij in uitkering, wordt door een andere bedrijfsfunctie uitgevoerd. Hiertoe moet een leveringsopdracht worden opgesteld. Dit bedrijfsobject is meer een koppelvlakbeschrijving over gegevens uit het behandelproces, dan een uit te werken concept in de ontologie.";"";"";"";"";"";"";"";"";"";"Inkomen > Diensten";"";"09072026-00:43:48"
"546";"";"Leveringsspecificatie";"";"EAID_0EFDD70A_7D69_27D9_7976_2912C31741DC";"";"class";"";"";"De specificatie van de te leveren dienst.Nadat het recht is bepaald, wordt de levering gespecificeerd. Bij een financieel product is dat de hoogte van het bedrag. De hoogte van het bedrag is opgebouwd uit componenten waarvan de relevantie weer wordt bepaald door het recht en de situatie. Hoe het ook zij, de Leveringsspecificatie wordt in haar Leveringscomponenten vastgelegd.";"";"";"";"";"";"";"";"";"";"Inkomen > Diensten";"";"09072026-00:43:48"
"547";"";"Leveringsvorm";"";"EAID_F35DA519_FA0C_48ae_9EFC_C4EBEC4BF144";"";"class";"";"";"Zorg die onder de Wlz, de Zvw-Wijkverpleging of de Wmo 2015 valt, kan aan personen als zorg in natura (zin) worden geleverd of bekostigd worden uit een persoonsgebonden budget (pgb).";"";"";"";"";"";"";"";"";"";"6 Sociaal Domein > Generiek Jeugd en Wmo";"";"09072026-00:43:48"
"548";"";"Leveringsvorm";"";"EAID_DC1D1F90_E28B_4fb7_A5E1_C2F76132BE12";"";"enumeration";"";"";"";"";"";"";"";"";"";"";"";"";"6 Sociaal Domein > Generiek Jeugd en Wmo";"";"09072026-00:43:48"
"549";"Licentie";"Licentie";"764e6fdf-299f-4867-8257-7532f1e56ebf";"EAID_2E5F9AF9_D1BA_4dc0_9621_4101D24B8ABD";"business-object";"class";"business-object";"Gebruiksrecht op grond waarvan de gemeente bevoegd is een ICT-product of -dienst te gebruiken binnen overeengekomen voorwaarden.";"Een gebruiksrecht en autorisatie om van een product of dienst gebruik te maken binnen bepaalde voorwaarden";"";"";"";"";"";"";"https://gemmaonline.nl/index.php/GEMMA/id-764e6fdf-299f-4867-8257-7532f1e56ebf";"";"";"9 Interne Organisatie > ICT";"";"09072026-00:43:48"
"550";"Ligplaats";"Ligplaats";"";"EAID_785E3B69_19DA_4952_84A8_592965B9229A";"";"class";"business-object";"Een ligplaats is een door het bevoegde gemeentelijke orgaan als zodanig aangewezen plaats in het water al dan niet aangevuld met een op de oever aanwezig terrein of een gedeelte daarvan, die bestemd is voor het permanent afmeren van een voor woon-, bedrijfsmatige of recreatieve doeleinden geschikt drijvend object.";"Definitie Een ligplaats is een door het bevoegde gemeentelijke orgaan als zodanig aangewezen plaats in het water al dan niet aangevuld met een op de oever aanwezig terrein of een gedeelte daarvan, die bestemd is voor het permanent afmeren van een voor woon-, bedrijfsmatige of recreatieve doeleinden geschikt drijvend object Beschrijving Een plaats in het water met soms ook een (deel van een) terrein op de oever. Deze plaats moet kunnen worden gebruikt door een drijvend object dat langere tijd daar wordt vastgemaakt. Het drijvende object moet geschikt zijn om in te wonen, om een bedrijf in te hebben of om voor plezier in te verblijven. Bijvoorbeeld een woonboot. De gemeente mag zeggen of er voor de BAG ergens een ligplaats komt.";"";"";"";"";"";"";"";"";"Reserveligplaats";"99 Kern > BAG";"";"09072026-00:43:48"
"551";"Ligplaats";"Ligplaats";"";"EAID_F4978264_32A5_4e70_97A8_D142B64400A8";"";"class";"business-object";"Een ligplaats is een door het bevoegde gemeentelijke orgaan als zodanig aangewezen plaats in het water al dan niet aangevuld met een op de oever aanwezig terrein of een gedeelte daarvan, die bestemd is voor het permanent afmeren van een voor woon-, bedrijfsmatige of recreatieve doeleinden geschikt drijvend object.";"Definitie
Een ligplaats is een door het bevoegde gemeentelijke orgaan als zodanig aangewezen plaats in het water al dan niet aangevuld met een op de oever aanwezig terrein of een gedeelte daarvan, die bestemd is voor het permanent afmeren van een voor woon-, bedrijfsmatige of recreatieve doeleinden geschikt drijvend object

Beschrijving
Een plaats in het water met soms ook een (deel van een) terrein op de oever. Deze plaats moet kunnen worden gebruikt door een drijvend object dat langere tijd daar wordt vastgemaakt. Het drijvende object moet geschikt zijn om in te wonen, om een bedrijf in te hebben of om voor plezier in te verblijven. Bijvoorbeeld een woonboot. De gemeente mag zeggen of er voor de BAG ergens een ligplaats komt.";"";"";"";"";"";"";"";"";"Reserveligplaats";"99 Kern > RSGBPlus";"";"09072026-00:43:48"
"552";"Ligplaatsontheffing";"Ligplaatsontheffing";"8bdfd1d2-6e07-40d4-9696-881968048f6f";"EAID_872A0342_EA75_418e_9455_E51875BFD771";"business-object";"class";"";"Tijdelijke toestemming voor het innemen van een ligplaats op een locatie in een gebied met een verbod op ligplaatsen.";"Tijdelijke toestemming voor het innemen van een ligplaats op een locatie in een gebied met een verbod op ligplaatsen.";"";"";"";"";"";"";"https://gemmaonline.nl/index.php/GEMMA2/0.9/id-8bdfd1d2-6e07-40d4-9696-881968048f6f";"";"";"1 Veiligheid en Vergunningen";"";"09072026-00:43:48"
"553";"";"Lijn";"";"EAID_FAB83AD1_DC8C_4f78_B54F_33466EB9B139";"";"class";"";"";"Denkbeeldige streep op de aardoppervlakte";"";"";"";"";"";"";"";"";"";"99 Kern";"";"09072026-00:43:48"
"554";"";"Lijnengroep";"";"EAID_CD06432A_B69D_4ab2_A5B0_C4C3092835A0";"";"class";"";"";"Verzameling van lijnen";"";"";"";"";"";"";"";"";"";"99 Kern";"";"09072026-00:43:48"
"555";"LinkbaarCMDBItem";"Linkbaar CMDB-item";"5003634c-22b1-4f9a-bf73-8cdb4c42a8b4";"EAID_C0F1A08E_C6CD_4524_A2E0_0E5CA483DCFD";"business-object";"class";"";"Niet opnemen";"Niet opnemen";"";"";"";"";"";"";"https://gemmaonline.nl/index.php/GEMMA/id-5003634c-22b1-4f9a-bf73-8cdb4c42a8b4";"";"";"9 Interne Organisatie > ICT";"";"09072026-00:43:48"
"556";"";"Locatie";"";"EAID_3119A4DB_BB23_4adc_98BD_82F2D7996C6B";"";"class";"";"";"De locatie beschrijft middels co&#246;rdinaten de ruimtelijke dimensie of ruimtelijke afbakening van een regel of van een objecttype die in de regel beschreven wordt. (CIMOW)";"";"";"";"";"";"";"";"";"";"4 Onderwijs > Onderwijs";"";"09072026-00:43:48"
"557";"Locatie";"Locatie";"71b8f8f4-9789-4cab-9828-d508607188bf";"EAID_7F4E17A3_0EC2_4bee_B4E0_BFA26D653EB9";"business-object";"class";"";"Locaties die worden aangedaan tijdens het rijden van een route. Dit kunnen adressen zijn en/of GML-punten met een x- en y-coordinaat. Avalex hanteert op het moment van schrijven alleen adressen, ook voor de containers.";"Locaties die worden aangedaan tijdens het rijden van een route. Dit kunnen adressen zijn en/of GML-punten met een x- en y-coordinaat. Avalex hanteert op het moment van schrijven alleen adressen, ook voor de containers.";"";"";"";"";"";"";"https://gemmaonline.nl/index.php/GEMMA/id-71b8f8f4-9789-4cab-9828-d508607188bf";"Locatie (Afval)";"";"7 Volksgezondheid en Milieu > Afval";"";"09072026-00:43:48"
"558";"Locatie";"Locatie";"f1220c91-e576-4a25-9cdb-0a2b991ae362";"EAID_79284529_B817_4e3f_BE51_AEAFC60BDE44";"business-object";"class";"";"De locatie beschrijft middels co√∂rdinaten de ruimtelijke dimensie of ruimtelijke afbakening van een regel of van een objecttype die in de regel beschreven wordt. (CIMOW)";"De locatie beschrijft middels co√∂rdinaten de ruimtelijke dimensie of ruimtelijke afbakening van een regel of van een objecttype die in de regel beschreven wordt. (CIMOW)";"";"";"";"";"";"";"https://gemmaonline.nl/index.php/GEMMA/id-f1220c91-e576-4a25-9cdb-0a2b991ae362";"Locatie (Generiek)";"";"99 Kern";"";"09072026-00:43:48"
"559";"";"LocatieKadastraleOnroerendeZaak";"";"EAID_1ECAEB3C_EBE2_4afb_8D34_6AFEEFDF3FCA";"";"class";"";"";"Deze wordt gebruikt om één of meer locatieaanduiding(en) van een onroerende zaak weer te geven.";"";"";"";"";"";"";"";"";"";"99 Kern > RSGBPlus";"";"09072026-00:43:48"
"560";"";"LocatieaanduidingAdresWOZObject";"";"EAID_DF81069D_CBE4_433e_AB7C_CB06170275C9";"";"class";"";"";"Nadere aanduiding van het WOZ-object middels een locatieomschrijving van ADRESSEERBAAR OBJECT AANDUIDING.";"";"";"";"";"";"";"";"";"";"99 Kern > RSGBPlus";"";"09072026-00:43:48"
"561";"LocatieaanduidingWOZObject";"LocatieaanduidingWozObject";"9155e64f-138f-4269-bd68-46f217cb33c3";"EAID_0B3F8A89_F21E_4bea_9620_8D6713AB632C";"business-object";"class";"";"Nadere aanduiding van het WOZ-object";"Nadere aanduiding van het WOZ-object";"";"";"";"";"";"";"https://gemmaonline.nl/index.php/GEMMA/id-9155e64f-138f-4269-bd68-46f217cb33c3";"";"";"9 Interne Organisatie > Vastgoed";"";"09072026-00:43:48"
"562";"";"Locatieonroerendezaak";"";"EAID_049E7FD0_D515_4057_9C87_A09980C5DE6A";"";"class";"";"";"Locatie van een geregistreerd goed";"";"";"";"";"";"";"";"";"";"9 Interne Organisatie > Vastgoed";"";"09072026-00:43:48"
"563";"Log";"Log";"faf0976b-5000-4eb1-976d-10a3d7edf2c5";"EAID_5492ED6D_608E_465e_B975_BCADAAA3EE7F";"business-object";"class";"";"Registratie van gegevens.";"Registratie van gegevens.";"";"";"";"";"";"";"https://gemmaonline.nl/index.php/GEMMA/id-faf0976b-5000-4eb1-976d-10a3d7edf2c5";"";"";"9 Interne Organisatie > ICT";"";"09072026-00:43:48"
"564";"Logboek";"Logboek";"5547cc2e-c193-4d41-a6e2-8f04b5e3cd92";"EAID_B1D48EFB_81E7_420d_A080_5B4C01798FFB";"business-object";"class";"";"Registratie waarin gebeurtenissen worden bijgehouden.";"Registratie waarin gebeurtenissen worden bijgehouden.";"";"";"";"";"";"";"https://gemmaonline.nl/index.php/GEMMA/id-5547cc2e-c193-4d41-a6e2-8f04b5e3cd92";"";"";"8 Volkshuisvesting, Leefomgeving en Stedelijke Vernieuwing > Beheer Openbare Ruimte";"";"09072026-00:43:48"
"565";"";"Loonbeslag";"";"EAID_08266C73_A8CD_3503_F3FB_293A7989FC40";"";"class";"";"";"Een persoon kan vermindering van inkomsten hebben door loonbeslag.";"";"";"";"";"";"";"";"";"";"6 Sociaal Domein > Sociaal Domein Generiek";"";"09072026-00:43:48"
"566";"";"Loonbeslagafspraak";"";"EAID_1a6b9a31_c4c7_4b46_92ef_0dd7e31613ed";"";"class";"";"";"Een loonbeslagafspraak is een aflossingsafspraak.Tevens is het een afspraak tussen twee partijen (organisaties) om voor het aflossen van vorderingen. Hierbij zal de ene partij - de werkgever van de debiteur - een afgesproken bedrag in houden op het loon van de debiteur en het ingehouden bedrag overmaken naar crediteur.Aangezien Loonbeslag een Inkomstencomponent is (zie het inkomstenmodel) ligt er een impliciete relatie tussen de Loonbeslagafspraak en het Loonbeslag.";"";"";"";"";"";"";"";"";"";"Inkomen > Terug- en invordering";"";"09072026-00:43:48"
"567";"Loonkostensubsidie";"Loonkostensubsidie";"";"EAID_F600A89B_EE8E_4b86_949E_F15E9328EB83";"";"class";"business-object";"Een tegemoetkoming aan een werkgever voor het in dienst nemen van een werknemer met verminderde loonwaarde.";"Een tegemoetkoming aan een werkgever voor het in dienst nemen van een werknemer met verminderde loonwaarde.";"";"";"";"";"";"";"";"";"";"6 Sociaal Domein > Werk";"";"09072026-00:43:48"
"568";"Loopbaanstap";"Loopbaanstap";"a397db5a-35ee-436d-b358-d04415b3d61b";"EAID_0E3DE26B_C535_4a03_98A4_8D36DC3D5297";"business-object";"class";"";"Een logische en ook uitdagende stap naar een volgende functie binnen dezelfde functiefamilie of een andere, op hetzelfde schaalniveau of op een schaalniveau hoger.";"Een logische en ook uitdagende stap naar een volgende functie binnen dezelfde functiefamilie of een andere, op hetzelfde schaalniveau of op een schaalniveau hoger.";"";"";"";"";"";"";"https://gemmaonline.nl/index.php/GEMMA/id-a397db5a-35ee-436d-b358-d04415b3d61b";"";"";"4 Onderwijs > Onderwijs";"";"09072026-00:43:48"
"569";"MAP";"MAP";"25fe4f05-5edf-451d-9c67-1dd286a162af";"EAID_2177E7F0_0F76_41b7_B5CA_5FE182355E94";"business-object";"class";"";"";"De Module Arbeidsmarkt en Participatie (MAP) is een verplicht onderdeel van het inburgeringstraject waarin de inburgeringsplichtige wordt voorbereid op deelname aan de Nederlandse arbeidsmarkt, door middel van voorlichting, ori&#235;ntatie en arbeidsmarktgerichte activiteiten.";"";"•	De MAP is opgenomen in het Besluit inburgering 2021, artikel 24, en geldt voor alle leerroutes, met aanpassingen naar gelang het leervermogen en het einddoel.";"";"";"";"";"https://gemmaonline.nl/index.php/GEMMA/id-25fe4f05-5edf-451d-9c67-1dd286a162af";"";"";"6 Sociaal Domein > Inburgering";"";"09072026-00:43:48"
"570";"";"MIMDomein";"";"EAID_BBDC4FAF_298A_4e72_9A1C_95271E2ADB03";"";"class";"";"";"";"";"";"";"";"";"";"";"";"";"9 Interne Organisatie > ICT";"";"09072026-00:43:48"
"571";"MJOP";"MJOP";"e1be07bf-e9fb-488e-9b03-785b44167e43";"EAID_A110896B_0CAD_46cf_9226_840DEE3328F0";"business-object";"class";"business-object";"Dynamisch planningsdocument per vastgoedobject dat het verwachte onderhoud over een periode van 15 jaar beschrijft, gevoed door inspecties.";"Meerjaren Onderhoudsplanning";"";"";"";"";"";"";"https://gemmaonline.nl/index.php/GEMMA/id-e1be07bf-e9fb-488e-9b03-785b44167e43";"";"";"9 Interne Organisatie > Vastgoed";"";"09072026-00:43:48"
"572";"";"MJOP-Item";"";"EAID_54697170_4C4D_40f6_9E08_35DF1970B8C6";"";"class";"";"";"Onderdeel van een MJOP";"";"";"";"";"";"";"";"";"";"9 Interne Organisatie > Vastgoed";"";"09072026-00:43:48"
"573";"MOORMelding";"MOOR-melding";"4e149a77-4fcc-4f4a-ac18-b6655848b5c1";"EAID_30D5F6E6_DE8D_46b6_AC8A_6CA1391ADFF7";"business-object";"class";"";"Meldingsproces rondom werkzaamheden aan kabels en leidingen.";"Meldingsproces rondom werkzaamheden aan kabels en leidingen.";"";"";"";"";"";"";"https://gemmaonline.nl/index.php/GEMMA/id-4e149a77-4fcc-4f4a-ac18-b6655848b5c1";"";"";"8 Volkshuisvesting, Leefomgeving en Stedelijke Vernieuwing > Beheer Openbare Ruimte";"";"09072026-00:43:48"
"574";"";"MOR-AanvraagOfMelding";"";"EAID_A9B89FF7_BCED_49fc_97A4_2A98BCED5B17";"";"class";"";"";"Bericht van een inwoner over een gebrek of opvallendheid in de openbare ruimte";"";"";"";"";"";"";"";"";"";"10 Dienstverlening";"";"09072026-00:43:48"
"575";"MORAanvraagOfMelding";"MORAanvraagOfMelding";"51d717fc-7e1e-466e-92eb-58c3d8b225d7";"EAID_80F23226_8DD8_4926_B8F1_F2A3C01A29BF";"business-object";"class";"";"";"*MORAanvraagOfMelding* is een aanvraag of melding die een burger of organisatie doet bij de gemeente om een **situatie in de openbare ruimte te melden of te laten beoordelen**, zoals schade, overlast, gevaarlijke situaties of onderhoudsproblemen.";"";"In gemeenten wordt met *MORA* (Melding Openbare Ruimte, soms ook Melding Openbare Ruimte Amsterdam) een dienst aangeduid waarbij inwoners, organisaties of bedrijven kunnen doorgeven wat er in de openbare ruimte **niet in orde is** of **om beoordeling vraagt** (bijv. kapotte bestrating, zwerfafval, vernieling, openbare verlichting of onveilige situaties). De melding wordt door de gemeente verwerkt en kan leiden tot actie of doorverwijzing naar de juiste afdeling voor herstel of handhaving. De toepassing kan verschillen per gemeente, maar het hoofddoel is het **verbeteren van leefbaarheid en veiligheid** in de openbare ruimte.";"";"";"";"";"https://gemmaonline.nl/index.php/GEMMA2/0.9/id-51d717fc-7e1e-466e-92eb-58c3d8b225d7";"";"";"1 Veiligheid en Vergunningen";"";"09072026-00:43:48"
"576";"";"Maaltijdvergoeding";"";"EAID_02F81CCD_E82B_4A54_E9C5_293A778069AE";"";"class";"";"";"Een persoon kan inkomsten hebben uit maaltijdvergoeding.";"";"";"";"";"";"";"";"";"";"6 Sociaal Domein > Sociaal Domein Generiek";"";"09072026-00:43:48"
"577";"";"Maatregel";"";"EAID_0B63B508_9F69_A5D7_4387_2632D2C24782";"";"class";"";"";"Een *maatregel* is een besluit of handeling waarmee een bestuursorgaan of rechter ingrijpt om een doel te bereiken, een probleem op te lossen of een regel te handhaven.";"";"In (bestuurs)recht en beleid duidt *maatregel* op een actie, handeling of besluit van een overheid of instantie dat gericht is op het beïnvloeden van gedrag, de toepassing van regels of de situatie van betrokkenen. Dit kan variëren van een administratieve beslissing in een individuele zaak tot een ingreep die een persoon, organisatie of situatie raakt. Een maatregel kan ook in een strafrechtelijke context worden opgelegd ter bescherming van de maatschappij, zoals een maatregel in plaats van of naast een straf.";"";"";"";"";"";"";"";"Inkomen > Normafwijking";"";"09072026-00:43:48"
"578";"";"Maatregel op uitkering";"";"EAID_032C6459_3922_4AEF_0D73_262C4A138E25";"";"class";"";"";"Een *maatregel op uitkering* is een sanctie van een uitvoerend orgaan (zoals een gemeente) waarbij de hoogte van een uitkering tijdelijk wordt verlaagd of aangepast omdat de uitkeringsgerechtigde niet heeft voldaan aan de aan de uitkering verbonden verplichtingen.";"";"In het kader van bijstandsuitkeringen (Participatiewet/Wet werk en bijstand) kan een maatregel worden toegepast als iemand bijvoorbeeld niet of onvoldoende meewerkt aan verplichtingen zoals het zoeken naar werk of het voldoen aan informatieverplichtingen. De maatregel bestaat doorgaans uit een **verlaging van de uitkering met een bepaald percentage voor één of meerdere maanden**, afgestemd op de ernst van de gedraging en de mate van verwijtbaarheid. Gemeenten leggen deze maatregelen vast in een maatregelenverordening.";"";"";"";"";"";"";"";"Inkomen > Normafwijking";"";"09072026-00:43:48"
"579";"Maatregelen";"Maatregelen";"c87f39a5-c4b4-4c82-bf23-f9fc521ad0aa";"EAID_45591365_C55F_4735_9533_D3BBB0AB6571";"business-object";"class";"";"Beschrijft welke handelingen iemand moet uitvoeren om aan Voorschriften te kunnen voldoen.";"Beschrijft welke handelingen iemand moet uitvoeren om aan Voorschriften te kunnen voldoen.";"";"";"";"";"";"";"https://gemmaonline.nl/index.php/GEMMA/id-c87f39a5-c4b4-4c82-bf23-f9fc521ad0aa";"";"";"8 Volkshuisvesting, Leefomgeving en Stedelijke Vernieuwing > Omgevingswet";"";"09072026-00:43:48"
"580";"Maatschappelijke Activiteit";"MaatschappelijkeActiviteit";"82773f8d-3aa1-4e1f-b6de-9284a1851960";"EAID_3DC85114_5C3F_4930_B98B_6EB6ED71FC2E";"business-object";"class";"business-object";"Een verband tussen één of meer personen met voldoende mate van zelfstandigheid, inbreng van arbeid of middelen, winstoogmerk en extern optreden (i.g.v. een onderneming) dan wel een in een organisatorisch verband, dat toebehoort aan een niet-natuurlijk persoon welke registratieplichtig is, uitgeoefende activiteit die niet valt onder de criteria voor onderneming of bedrijfsmatigheid welke adresseerbaar is middels ofwel een vestiging ofwel het adres van een bepaalde vertegenwoordiger (i.g.v. een niet-ondernemings-activiteit).";"Een verband tussen één of meer personen met voldoende mate van zelfstandigheid, inbreng van arbeid of middelen, winstoogmerk en extern optreden (i.g.v. een onderneming) dan wel een in een organisatorisch verband, dat toebehoort aan een niet-natuurlijk persoon welke registratieplichtig is, uitgeoefende activiteit die niet valt onder de criteria voor onderneming of bedrijfsmatigheid welke adresseerbaar is middels ofwel een vestiging ofwel het adres van een bepaalde vertegenwoordiger (i.g.v. een niet-ondernemings-activiteit).";"";"";"";"";"NHR";"";"https://gemmaonline.nl/index.php/GEMMA/id-82773f8d-3aa1-4e1f-b6de-9284a1851960";"";"";"99 Kern > RSGBPlus";"";"09072026-00:43:48"
"581";"Magazijnlocatie";"Magazijnlocatie";"ba16f72b-26d0-4f28-be3d-68a3155dca65";"EAID_4C1543FD_250B_4291_9B23_BC9D3D9C0C4A";"business-object";"class";"";"Locatie van een magazijn";"Locatie van een magazijn";"";"";"";"";"";"";"https://gemmaonline.nl/index.php/GEMMA/id-ba16f72b-26d0-4f28-be3d-68a3155dca65";"";"";"Erfgoed > Archeologie";"";"09072026-00:43:48"
"582";"MagazijnPlaatsing";"Magazijnplaatsing";"b46a7928-928b-4ad4-9c27-f3d112073ea0";"EAID_F954FB72_AE88_4a0e_A3D8_555FCF8D9C9F";"business-object";"class";"";"Het ergens neerzetten van een object in een magazijn.";"Het ergens neerzetten van een object in een magazijn.";"";"";"";"";"";"";"https://gemmaonline.nl/index.php/GEMMA/id-b46a7928-928b-4ad4-9c27-f3d112073ea0";"";"";"Erfgoed > Archeologie";"";"09072026-00:43:48"
"583";"Mailing";"Mailing";"e2fc8a77-696d-4f3d-9fe3-9f7611ca70ae";"EAID_48BCF2C2_609C_4e4c_991E_8BDA80E0C7C7";"business-object";"class";"";"Per post verstuurde inhoud";"Per post verstuurde inhoud";"";"";"";"";"";"";"https://gemmaonline.nl/index.php/GEMMA/id-e2fc8a77-696d-4f3d-9fe3-9f7611ca70ae";"";"";"5 Sport, Cultuur en Recreatie > Musea";"";"09072026-00:43:48"
"584";"Mast";"Mast";"b3edfde2-4da1-47f8-96a0-54bc77c9900f";"EAID_CDF116D4_B5B9_4D01_8A5B_4FFB08CEE00";"business-object";"class";"";"Draagconstructie, bestaande uit een verticale buispaal, die wordt gebruikt om iets op hoogte te brengen.";"Draagconstructie, bestaande uit een verticale buispaal, die wordt gebruikt om iets op hoogte te brengen.";"";"";"";"";"";"";"https://gemmaonline.nl/index.php/GEMMA/id-b3edfde2-4da1-47f8-96a0-54bc77c9900f";"";"";"8 Volkshuisvesting, Leefomgeving en Stedelijke Vernieuwing > Beheer Openbare Ruimte";"";"09072026-00:43:48"
"585";"";"MaterieleHistorie";"";"EAID_3D63DBCE_3FD5_4988_81D5_93A2D01A9D99";"";"class";"";"";"Indicatie of de materiële historie van de attribuutsoort te bevragen is. Materiële historie geeft aan wanneer een verandering is opgetreden in de werkelijkheid die heeft geleid tot veranderjng van de attribuutwaarde.";"";"";"";"";"";"";"";"";"";"99 Kern > RGBZPlus";"";"09072026-00:43:48"
"586";"Medewerker";"Medewerker";"6cc6afe6-e4c6-4e2b-a359-f278b23700db";"EAID_16EB3936_03CB_4854_9CD8_9F0911EEA51B";"business-object";"class";"business-object";"Een medewerker van de gemeentelijke organisatie die zaken behandelt uit hoofde van zijn of haar functie binnen een organisatorische eenheid.";"Een medewerker van de organisatie die zaken behandelt uit hoofde van zijn of haar functie binnen een ORGANISATORISCHE EENHEID.";"";"";"";"";"";"";"https://gemmaonline.nl/index.php/GEMMA/id-6cc6afe6-e4c6-4e2b-a359-f278b23700db";"";"";"99 Kern > RGBZPlus";"";"09072026-00:43:48"
"587";"Medewerker";"Medewerker";"6cc6afe6-e4c6-4e2b-a359-f278b23700db";"EAID_16EB3936_03CB_4854_9CD8_9F0911EEA51B";"business-object";"class";"business-actor";"De persoon binnen de gemeentelijke organisatie die uit hoofde van zijn of haar functie zaken behandelt en klantcontacten voert.";"Een medewerker van de organisatie die zaken behandelt uit hoofde van zijn of haar functie binnen een ORGANISATORISCHE EENHEID.";"";"";"";"";"";"";"https://gemmaonline.nl/index.php/GEMMA/id-6cc6afe6-e4c6-4e2b-a359-f278b23700db";"";"";"99 Kern > RGBZPlus";"";"09072026-00:43:48"
"588";"Melding";"Melding";"e1029618-919b-4889-9989-e7f6ca9a16ea";"EAID_8A02DCF5_E568_4d45_96A2_FD4FB53F414C";"business-object";"class";"";"De betekenisvolle formulering van een waargenomen feit, waaraan een waarde kan worden toegekend";"De betekenisvolle formulering van een waargenomen feit, waaraan een waarde kan worden toegekend";"";"";"";"";"";"";"https://gemmaonline.nl/index.php/GEMMA/id-e1029618-919b-4889-9989-e7f6ca9a16ea";"Melding (Afval)";"";"7 Volksgezondheid en Milieu > Afval";"";"09072026-00:43:48"
"589";"Melding";"Melding";"1a89112a-e13c-4c87-a862-e8ec66c01588";"EAID_C6094F79_D8EA_4763_90DF_4E30EFABA1FA";"business-object";"class";"";"De betekenisvolle formulering van een waargenomen feit, waaraan een waarde kan worden toegekend";"De betekenisvolle formulering van een waargenomen feit, waaraan een waarde kan worden toegekend";"";"";"";"";"";"";"https://gemmaonline.nl/index.php/GEMMA/id-1a89112a-e13c-4c87-a862-e8ec66c01588";"Melding (Beheer Openbare Ruimte)";"";"8 Volkshuisvesting, Leefomgeving en Stedelijke Vernieuwing > Beheer Openbare Ruimte";"";"09072026-00:43:48"
"590";"Melding";"Melding";"fadba6bd-b55a-4d68-8136-096db8f3df5e";"EAID_6100B3C7_FBCE_434d_BA48_E067B9CF84A7";"business-object";"class";"";"De betekenisvolle formulering van een waargenomen feit, waaraan een waarde kan worden toegekend";"De betekenisvolle formulering van een waargenomen feit, waaraan een waarde kan worden toegekend";"";"";"Datapunt";"Datapunt";"";"";"https://gemmaonline.nl/index.php/GEMMA/id-fadba6bd-b55a-4d68-8136-096db8f3df5e";"Melding (ICT)";"";"9 Interne Organisatie > ICT";"";"09072026-00:43:48"
"591";"MeldingEigenBijdrage";"Melding Eigen bijdrage";"57035c38-5be2-432e-88aa-ba59029c984c";"EAID_A9D093FB_B3D1_46e5_B263_6C4D61F0C5D1";"business-object";"class";"";"Aangifte van de evetuele eigen bijdrage";"Aangifte van de evetuele eigen bijdrage";"";"";"";"";"";"";"https://gemmaonline.nl/index.php/GEMMA/id-57035c38-5be2-432e-88aa-ba59029c984c";"";"";"6 Sociaal Domein > Generiek Jeugd en Wmo";"";"09072026-00:43:48"
"592";"";"MeldingOngeval";"";"EAID_A888F22C_45E9_4494_BA66_533FB1F6C37E";"";"class";"";"";"Aangifte vna een ongeval";"";"";"";"";"";"";"";"";"";"8 Volkshuisvesting, Leefomgeving en Stedelijke Vernieuwing > Beheer Openbare Ruimte";"";"09072026-00:43:48"
"593";"Meubilair";"Meubilair";"7b309467-9314-472e-a8ec-f4d44da63412";"EAID_61526934_9D0C_4A07_8C5D_17F60E1A467";"business-object";"class";"";"De verzameling van ruimtelijke objecten ter inrichting van de openbare ruimte of terreinen.
Een ruimtelijk object ter inrichting van de openbare ruimte.";"De verzameling van ruimtelijke objecten ter inrichting van de openbare ruimte of terreinen.
Een ruimtelijk object ter inrichting van de openbare ruimte.";"";"";"";"";"";"";"https://gemmaonline.nl/index.php/GEMMA/id-7b309467-9314-472e-a8ec-f4d44da63412";"";"";"8 Volkshuisvesting, Leefomgeving en Stedelijke Vernieuwing > Beheer Openbare Ruimte";"";"09072026-00:43:48"
"594";"";"MigratieIngeschrevenNatuurlijkPersoon";"";"EAID_21BC7953_0237_44c7_ACA5_8A8BC7AE96AD";"";"class";"";"";"Om gegevens vast te leggen over immigratie en emigratie.";"";"";"";"";"";"";"";"";"";"99 Kern > RSGBPlus";"";"09072026-00:43:48"
"595";"Milieustraat";"Milieustraat";"0310645e-6873-4cb3-93ec-734f0ac3323e";"EAID_1638F2AF_F1E8_4360_BA47_D975F2135168";"business-object";"class";"business-object";"Een locatie die specifiek bestemd is voor het brengen van gescheiden huishoudelijk afval en grofvuil.";"Een locatie die specifiek bestemd is voor het brengen van gescheiden huishoudelijk afval en grofvuil.";"";"";"";"";"";"";"https://gemmaonline.nl/index.php/GEMMA/id-0310645e-6873-4cb3-93ec-734f0ac3323e";"";"";"7 Volksgezondheid en Milieu > Afval";"";"09072026-00:43:48"
"596";"";"Mobiliteit";"";"EAID_8C8FAE2D_5F4D_4e3b_8EA3_43FF544775F2";"";"class";"";"";"De bereikbaarheid van werkplekken voor een persoon, afhankelijk van vervoermiddel, rijbewijs en fysieke mogelijkheden.";"";"";"";"";"";"";"";"";"";"6 Sociaal Domein > Werk";"";"09072026-00:43:48"
"597";"";"Model Vroegsignalering";"";"EAID_7DB7BC6B_DEB8_41d4_B5B2_F2DB9ABAFBF7";"";"class";"";"";"";"";"";"";"";"";"";"";"";"";"Schulden > Schuldhulpverlening";"";"09072026-00:43:48"
"598";"";"Model Vroegsignalering";"";"EAID_F7F703E0_DBD6_413f_B79E_EC27AC667131";"";"class";"";"";"";"";"";"";"";"";"";"";"";"";"Schulden > Vroegsignalering";"";"09072026-00:43:48"
"599";"";"Monumenttypering";"";"EAID_764193B9_F588_46a2_A230_4B9D29B8CF44";"";"enumeration";"";"";"";"";"";"";"";"";"";"";"";"";"9 Interne Organisatie > Vastgoed";"";"09072026-00:43:48"
"600";"Moratorium";"Moratorium";"";"EAID_5FC12BE5_75F0_4dd9_8DA7_993C03F3700A";"";"class";"business-object";"Verzoek aan de rechter om schuldeisers tijdelijk te blokkeren tijdens een lopende aanvraag voor een minnelijke schuldregeling.";"Het gaat hier om de datum waarop een verzoek tot een moratorium (ex art. 287 b Fw) is ingediend bij de rechter.

Er kan een verzoek tot een moratorium bij de rechter worden gedaan om te voorkomen dat een schuldeiser zijn specifieke inningsmogelijkheden gebruikt, terwijl een aanvraag voor een minnelijke schuldregeling in behandeling is. Het moratorium is bedoeld om het minnelijke traject te kunnen voortzetten.

Het moratorium kan in de volgende situaties worden ingezet:
- gedwongen woningontruiming;
- be&#235;indiging van de levering van gas, water elektriciteit of stadsverwarming;
- opzegging dan wel ontbinding van de zorgverzekering.

Het moratorium duurt maximaal zes maanden.";"";"";"";"";"";"";"";"";"";"Schulden > Schuldhulpverlening";"";"09072026-00:43:48"
"601";"";"Motorvoertuig";"";"EAID_22B75B20_9449_DC93_CF41_2775EC76C492";"";"class";"";"";"Een motorvoertuig is een voertuig dat is uitgerust met een motor als krachtbron en bedoeld is voor het vervoer van personen, goederen of het uitvoeren van specifieke taken. Het kan zich zelfstandig voortbewegen zonder de directe fysieke inspanning van een bestuurder of passagier. Voorbeelden van motorvoertuigen zijn auto’s, vrachtwagens, motorfietsen en bussen. Motorvoertuigen zijn doorgaans voorzien van wielen en rijden op de weg, en het gebruik ervan is vaak gebonden aan wettelijke regels, zoals registratie, verzekering en rijbewijsvereisten.";"";"";"";"";"";"";"";"";"";"6 Sociaal Domein > Sociaal Domein Generiek";"";"09072026-00:43:48"
"602";"MulderFeit";"MulderFeit";"";"EAID_4EA4D754_FAD7_4caf_8060_342689EC16FE";"";"class";"business-object";"Een administratieve overtreding met betrekking tot parkeren, zoals bepaald onder de Wet administratiefrechtelijke handhaving verkeersvoorschriften (WAHV), ook wel bekend als de Mulderwet.";"Een administratieve overtreding met betrekking tot parkeren, zoals bepaald onder de Wet administratiefrechtelijke handhaving verkeersvoorschriften (WAHV), ook wel bekend als de Mulderwet.";"";"";"";"";"";"";"";"";"";"2 Verkeer, Vervoer en Waterstaat > Parkeren";"";"09072026-00:43:48"
"603";"Museumobject";"Museumobject";"e963434a-50be-4619-b041-58689adc00de";"EAID_BBCF9DBE_70AD_431c_B698_7F0D69D07050";"business-object";"class";"business-object";"Object met cultuurhistorische waarde dat deel uitmaakt van een museale collectie, beheerd door de gemeente of een gemeentelijk museum.";"Beschrijving van een fenomeen in de werkelijkheid met een zekere cultuurhistorische waarde die deel uitmaakt van de culthuurhistorisch object index. Een museum object kan gedifiniëerd worden als een object met betrekking tot gebouwd, archeologisch, roerend of cultuurlandschappelijk erfgoed. Denk hierbij bijvoorbeeld aan een gebouwd of archeologisch rijksmonument, een schilderij of een beschermd stads- of dorpsgezicht.";"";"";"";"";"";"";"https://gemmaonline.nl/index.php/GEMMA/id-e963434a-50be-4619-b041-58689adc00de";"";"";"5 Sport, Cultuur en Recreatie > Musea";"";"09072026-00:43:48"
"604";"Museumrelatie";"Museumrelatie";"baedc106-49fc-4fdc-9af2-cd5116319468";"EAID_C73389B7_7BCD_4496_888B_6ABEE9DE01FB";"business-object";"class";"";"Betrekking waarin het museum en personen tot elkaar staan";"Betrekking waarin het museum en personen tot elkaar staan";"";"";"";"";"";"";"https://gemmaonline.nl/index.php/GEMMA/id-baedc106-49fc-4fdc-9af2-cd5116319468";"";"";"5 Sport, Cultuur en Recreatie > Musea";"";"09072026-00:43:48"
"605";"Mutatie";"Mutatie";"ab96da46-ed16-412b-8022-4233ce20e311";"EAID_CB0A6B53_D263_459e_8C28_AD97E5552FFF";"business-object";"class";"";"Wijziging van een situatie";"Wijziging van een situatie";"Dit kan naast getoonde mutaties nog diverse andere soorten mutaties betreffen, die handmatig worden ingevoerd, of via batches of facturen lopen: * Verkoop tot ontvangst * Inkoop tot betaling * BTW-compensatie * Vaste activa * Urenadministratie uit TIM";"Dit kan naast getoonde mutaties nog diverse andere soorten mutaties betreffen, die handmatig worden ingevoerd, of via batches of facturen lopen: * Verkoop tot ontvangst * Inkoop tot betaling * BTW-compensatie * Vaste activa * Urenadministratie uit TIM";"";"";"";"";"https://gemmaonline.nl/index.php/GEMMA/id-ab96da46-ed16-412b-8022-4233ce20e311";"";"";"9 Interne Organisatie > Financien";"";"09072026-00:43:48"
"606";"";"NADAanvullingBRP";"";"EAID_46386087_923F_402e_BB6B_6DE39D73349A";"";"class";"";"";"";"";"";"";"";"";"";"";"";"";"9 Interne Organisatie > Vastgoed";"";"09072026-00:43:48"
"607";"";"NEN2767 Conditiescore";"";"EAID_81CA4474_4D1E_485d_94F9_1243FA00B1FE";"";"enumeration";"";"";"";"";"";"";"";"";"";"";"";"";"9 Interne Organisatie > Vastgoed";"";"09072026-00:43:48"
"608";"";"NaamAanschrijvingNatuurlijkPersoon";"";"EAID_1F5046AA_A7C3_4146_9C7C_E80AC8F7A2FF";"";"class";"";"";"De naamgegevens waarmee de persoon heeft aangegeven aangeschreven te willen worden";"";"";"";"";"";"";"";"";"";"99 Kern > RSGBPlus";"";"09072026-00:43:48"
"609";"";"NaamNatuurlijkPersoon";"";"EAID_47AEC100_56C6_4450_B6A2_02C7E420D5EC";"";"class";"";"";"Gegevens over de naam van de natuurlijk persoon";"";"";"";"";"";"";"";"";"";"99 Kern > RSGBPlus";"";"09072026-00:43:48"
"610";"";"NaamgebruikNatuurlijkPersoon";"";"EAID_02601AC0_9F85_47e3_82AF_7E8D860559F7";"";"class";"";"";"De naamgegevens waarmee de persoon heeft aangegeven aangeschreven te willen worden";"";"";"";"";"";"";"";"";"";"99 Kern > RSGBPlus";"";"09072026-00:43:48"
"611";"NadereToegang";"Nadere Toegang";"b4652813-e293-416c-9ff0-c254fcd6fd83";"EAID_7A080605_07C5_4947_9B35_BC6EBE2041FA";"business-object";"class";"";"De bevoegdheid om gegevens te raadplegen, bepaalde plaatsen te betreden of een bepaalde taak uit te oefenen.";"De bevoegdheid om gegevens te raadplegen, bepaalde plaatsen te betreden of een bepaalde taak uit te oefenen.";"";"";"";"";"";"";"https://gemmaonline.nl/index.php/GEMMA/id-b4652813-e293-416c-9ff0-c254fcd6fd83";"";"";"Erfgoed > Archief";"";"09072026-00:43:48"
"612";"Naheffing";"Naheffing";"d10d2101-2e16-4f56-bcce-43783fd256be";"EAID_4957AC99_3F36_4959_A210_9EC6759B87F8";"business-object";"class";"business-object";"Het achteraf vorderen van te weinig betaalde belasting";"Het achteraf vorderen van te weinig betaalde belasting";"";"";"Navordering";"Navordering";"";"";"https://gemmaonline.nl/index.php/GEMMA/id-d10d2101-2e16-4f56-bcce-43783fd256be";"";"";"2 Verkeer, Vervoer en Waterstaat > Parkeren";"";"09072026-00:43:48"
"613";"";"Nationaliteit";"";"EAID_69B41CDD_C3F1_449b_92B4_8F7657840646";"";"class";"";"";"De hoedanigheid van tot een bepaalde natie te behoren.
Het wettelijk onderdaan zijn van een bepaalde staat (staatsburgerschap).
Nationale oorsprong.
De rechtsverhouding tussen de betrokkene en de staat.";"";"";"";"";"";"";"";"";"";"99 Kern > RSGBPlus";"";"09072026-00:43:48"
"614";"Nationaliteit";"Nationaliteit";"307ed7bc-827c-4151-8ea3-df45444862f8";"EAID_71B3BE0D_2BF9_4740_9597_A0EEC75AFE9B";"business-object";"class";"";"De hoedanigheid van tot een bepaalde natie te behoren.";"De hoedanigheid van tot een bepaalde natie te behoren.";"";"";"";"";"";"";"https://gemmaonline.nl/index.php/GEMMA/id-307ed7bc-827c-4151-8ea3-df45444862f8";"";"";"99 Kern > RSGBPlus";"";"09072026-00:43:48"
"615";"";"NationaliteitIngeschrevenNatuurlijkPersoon";"";"EAID_261B509E_6879_4475_B5F8_77E8428816CE";"";"class";"";"";"Gegevens over de nationaliteit.";"";"<memo>";"";"";"";"";"";"";"";"99 Kern > RSGBPlus";"";"09072026-00:43:48"
"616";"NatuurlijkPersoon";"NatuurlijkPersoon";"cd27cd50-1721-4870-a292-ea0f24d1ada4";"EAID_9F4E12E4_B228_4931_AC83_1B1F60958A89";"business-object";"class";"";"Een INGESCHREVEN PERSOON of ANDER NATUURLIJK PERSOON";"Een INGESCHREVEN PERSOON of ANDER NATUURLIJK PERSOON";"";"";"";"";"";"";"https://gemmaonline.nl/index.php/GEMMA/id-cd27cd50-1721-4870-a292-ea0f24d1ada4";"";"";"99 Kern > RSGBPlus";"";"09072026-00:43:48"
"617";"";"Nazorg";"";"EAID_551A527B_A2E2_4409_968B_D1BE4612EB3C";"";"class";"";"";"Ondersteuning die een persoon ontvangt n&#225; een schuldhulptraject, om zo bij de start van een schuldenvrij leven zelfredzaamheid verder te bevorderen &#233;n recidive (terugval) te voorkomen.";"";"";"";"";"";"";"";"";"";"Schulden > Schuldhulpverlening";"";"09072026-00:43:48"
"618";"";"NederlandseNationaliteitIngeschrevenPersoon";"";"EAID_BA5F2281_466D_4c69_9EB8_D10614C5CD8E";"";"class";"";"";"Gegevens over de nationaliteit.";"";"";"";"";"";"";"";"";"";"99 Kern > RSGBPlus";"";"09072026-00:43:48"
"619";"Netwerkcomponent";"Nertwerkcomponent";"6a2e72c3-94f8-4dfd-a68c-03aab1279c75";"EAID_DD277E82_0CA5_4460_918F_9178B5F01886";"business-object";"class";"business-object";"Hardware- of softwareonderdeel dat een specifieke functie vervult binnen een netwerk voor communicatie en gegevensuitwisseling.";"Een *netwerkcomponent* is een hardware- of softwareonderdeel dat een **specifieke functie vervult binnen een netwerk** om communicatie, gegevensuitwisseling of het beheer van netwerkverkeer mogelijk te maken.";"";"Een netwerk bestaat uit meerdere onderdelen die samenwerken om **gegevens tussen apparaten te versturen, te ontvangen en te beheren**. Dit kunnen fysieke apparaten zijn zoals routers, switches, netwerkkaarten en access points, maar ook software- of protocolonderdelen die nodig zijn voor de werking van het netwerk zelf. Deze componenten dragen bij aan het opzetten, **onderhouden, sturen of beveiligen van de communicatie** tussen verschillende netwerkdeelnemers.";"";"";"";"";"https://gemmaonline.nl/index.php/GEMMA/id-6a2e72c3-94f8-4dfd-a68c-03aab1279c75";"";"";"9 Interne Organisatie > ICT";"";"09072026-00:43:48"
"620";"Niet-Natuurlijk Persoon";"NietNatuurlijkPersoon";"6eaed538-bcc5-4648-b0f2-4c5095b9f514";"EAID_3D5CCB29_91E4_458e_8BCD_6741198E45B8";"business-object";"class";"business-object";"Organisatie of samenwerkingsverband met rechtspersoonlijkheid, geregistreerd in het Handelsregister.";"Een INGESCHREVEN NIET-NATUURLIJK PERSOON of een ANDER BUITENLANDS NIET-NATUURLIJK PERSOON";"";"";"";"";"";"";"https://gemmaonline.nl/index.php/GEMMA/id-6eaed538-bcc5-4648-b0f2-4c5095b9f514";"";"";"99 Kern > RSGBPlus";"";"09072026-00:43:48"
"621";"Norm";"Norm";"71c5f929-bbab-484f-96c0-cc7a57c9dcf1";"EAID_081F7413_A4D0_49e7_98E2_E0F3F4299750";"business-object";"class";"";"Omgevingswaarde of een omgevingsnorm, met een normatief karakter, die beschreven worden middels normwaarden. Een normwaarde kan kwalitatief of kwantitatief zijn.";"Omgevingswaarde of een omgevingsnorm, met een normatief karakter, die beschreven worden middels normwaarden. Een normwaarde kan kwalitatief of kwantitatief zijn.";"Een norm kan bestaan uit meerdere normwaarden, die dan veelal afzonderlijk gelden voor aparte gebieden. Bijvoorbeeld: de norm maximum bouwhoogte bestaat uit twee normwaarden: # maximum bouwhoogte 10 meter geldt voor een aantal locaties; # maximum bouwhoog";"Een norm kan bestaan uit meerdere normwaarden, die dan veelal afzonderlijk gelden voor aparte gebieden. Bijvoorbeeld: de norm maximum bouwhoogte bestaat uit twee normwaarden: # maximum bouwhoogte 10 meter geldt voor een aantal locaties; # maximum bouwhoog";"";"";"";"";"https://gemmaonline.nl/index.php/GEMMA/id-71c5f929-bbab-484f-96c0-cc7a57c9dcf1";"";"";"8 Volkshuisvesting, Leefomgeving en Stedelijke Vernieuwing > Omgevingswet";"";"09072026-00:43:48"
"622";"";"NormProfiel";"";"EAID_E1C6E98B_20B2_43b0_8EC1_5C0905B3A139";"";"class";"";"";"Normprofiel of Normfunctie:nGenerieke functie zoals beschreven in HR21. Een functie kan worden gedefinieerd als het samenstel van feitelijk opgedragen taken en werkzaamheden";"";"";"";"";"";"";"";"";"";"9 Interne Organisatie > HR";"";"09072026-00:43:48"
"623";"";"Normafwijking";"";"EAID_167FF4C9_6B66_EEDA_5189_262C4A139258";"";"class";"";"";"Een *normafwijking* (in het kader van bijstand) is het constateren dat een bijstandsgerechtigde **afwijkt van de normatieve verplichtingen** die verbonden zijn aan het recht op bijstand (bijv. arbeids- of inlichtingenplicht), wat aanleiding kan geven tot toepassing van een maatregel op de uitkering.";"";"In de uitvoering van de Participatiewet moet een bijstandsgerechtigde voldoen aan verschillende normen en verplichtingen (zoals het zoeken naar werk, voldoen aan inlichtingen- en medewerkingsplichten, of andere door de gemeente opgelegde verplichtingen). Wanneer deze verplichtingen niet of onvoldoende worden nagekomen, kan dit worden aangemerkt als een normafwijking die leidt tot **sanctionering via maatregelen op de uitkering** (zoals verlaging van de bijstandsuitkering). Maatregelen worden in gemeentelijke maatregelenverordeningen vastgelegd en zijn verbonden aan de wettelijke kaders van de Participatiewet.";"";"";"";"";"";"";"";"Inkomen > Normafwijking";"";"09072026-00:43:48"
"624";"Normwaarde";"Normwaarde";"17f80cfc-0137-4608-9977-eb645ae88729";"EAID_58656D46_644B_4779_A473_739C5636BA0A";"business-object";"class";"";"Een van de kwantitatieve of kwalitatieve waarden van een norm. De normwaarde geeft aan wat de specifieke kwantitatieve of kwalitatieve eisen zijn, inclusief de toewijzing ervan aan de specifieke locatie(s) waar de normwaarde voor geldt.";"Een van de kwantitatieve of kwalitatieve waarden van een norm. De normwaarde geeft aan wat de specifieke kwantitatieve of kwalitatieve eisen zijn, inclusief de toewijzing ervan aan de specifieke locatie(s) waar de normwaarde voor geldt.";"Een gegevensgroeptype is geen object. Het is een apart type modelelement om een groep van kenmerken in onder te brengen, te weten de beschrijving van de normwaarde, de waarde zelf en de locatie waarvoor deze geldt.";"Een gegevensgroeptype is geen object. Het is een apart type modelelement om een groep van kenmerken in onder te brengen, te weten de beschrijving van de normwaarde, de waarde zelf en de locatie waarvoor deze geldt.";"";"";"";"";"https://gemmaonline.nl/index.php/GEMMA/id-17f80cfc-0137-4608-9977-eb645ae88729";"";"";"8 Volkshuisvesting, Leefomgeving en Stedelijke Vernieuwing > Omgevingswet";"";"09072026-00:43:48"
"625";"Notitie";"Notitie";"ca903c71-96d8-4db2-9aa9-52210dd02c1d";"EAID_354E5545_D067_4b81_9D1D_C5F5FFB532C7";"business-object";"class";"";"Korte, zakelijke uiteenzetting op schrift";"Korte, zakelijke uiteenzetting op schrift";"";"";"";"";"";"";"https://gemmaonline.nl/index.php/GEMMA/id-ca903c71-96d8-4db2-9aa9-52210dd02c1d";"";"";"9 Interne Organisatie > ICT";"";"09072026-00:43:48"
"626";"Nummeraanduiding";"Nummeraanduiding";"f152bdf8-bd60-4c88-b739-e3091afdbf7a";"EAID_32A22BC6_89EC_44af_8D7D_79B12311AE2D";"business-object";"class";"business-object";"Een nummeraanduiding is een door het bevoegde gemeentelijke orgaan als zodanig toegekende aanduiding van een verblijfsobject, een standplaats of een ligplaats.";"Een nummeraanduiding is een door het bevoegde gemeentelijke orgaan als zodanig toegekende aanduiding van een verblijfsobject, een standplaats of een ligplaats.";"";"";"";"";"Door KING toegevoegd objecttype (maakt geen deel uit van enige basisregistratie).";"";"https://gemmaonline.nl/index.php/GEMMA/id-f152bdf8-bd60-4c88-b739-e3091afdbf7a";"NUMMERAANDUIDING (BAG)";"";"99 Kern > BAG";"";"09072026-00:43:48"
"627";"Nummeraanduiding";"Nummeraanduiding";"403c547f-8d7e-4235-99d9-d155063c6085";"EAID_31A87864_6CE0_4e93_A493_ECD0FBDD4461";"business-object";"class";"business-object";"Een nummeraanduiding is een door het bevoegde gemeentelijke orgaan als zodanig toegekende aanduiding van een verblijfsobject, een standplaats of een ligplaats.";"Een door het bevoegde gemeentelijke orgaan als zodanig toegekende aanduiding van een VERBLIJFSOBJECT, een STANDPLAATS of een LIGPLAATS.";"";"Het betreft de verzameling van, tot de BAG behorende, officieel vastgestelde nummeraanduidingen (van verblijfsobjecten, stand- en ligplaatsen, in de BAG gezamenlijk aangeduid als adresseerbare objecten) en overige, eveneens officieel door de gemeente vastgestelde, nummeraanduidingen van overige gebouwde objecten en overige benoemde terreinen. De Adresseerbaar object aanduiding heeft dus betrekking op alle 'benoemde objecten', d.w.z. naast de specialisaties van het Adresseerbaar object (Verblijfsobject, Ligplaats en Standplaats) ook op Overig gebouwd object en op Overig benoemd terrein!
Het betreft een generalisatie van twee objecttypen (de specialisaties) waarbij de attributen en relaties die op beide specialisaties van toepassing zijn, bij dit objecttype worden gespecificeerd.";"";"";"Door KING toegevoegd objecttype (maakt geen deel uit van enige basisregistratie).";"Door KING toegevoegd objecttype (maakt geen deel uit van enige basisregistratie).";"https://gemmaonline.nl/index.php/GEMMA/id-403c547f-8d7e-4235-99d9-d155063c6085";"Nummeraanduiding (RSGB Model)";"";"99 Kern > RSGBPlus";"";"09072026-00:43:48"
"628";"Object";"Object";"f08625cc-cc49-4664-91fa-823b217d333f";"EAID_91F9D39E_0322_42c6_AE7F_5027B36F3EC3";"business-object";"class";"";"Het OBJECT waarop een ZAAK betrekking kan hebben zijnde één of meer voorkomens van de in het RSGB en het RGBZ onderscheiden objecttypen.";"Het OBJECT waarop een ZAAK betrekking kan hebben zijnde één of meer voorkomens van de in het RSGB en het RGBZ onderscheiden objecttypen.";"";"";"";"";"";"";"https://gemmaonline.nl/index.php/GEMMA/id-f08625cc-cc49-4664-91fa-823b217d333f";"";"";"99 Kern > RGBZPlus";"";"09072026-00:43:48"
"629";"";"Objectclassificatie";"";"EAID_65792171_62FA_4c35_930A_8B9C999ADC14";"";"class";"";"";"Systematische identificatie en ordening van objecten in categorieën overeenkomstig logisch gestructureerde conventies, methoden en procedureregels weergegeven in een classificatiesysteem.";"";"";"";"";"";"";"";"";"";"Erfgoed > Generieke Entiteiten Erfgoed";"";"09072026-00:43:48"
"630";"";"Objectrelatie";"";"EAID_3EA09322_144A_407d_86C4_FCC8C041C826";"";"class";"";"";"Relatie tot een object";"";"";"";"";"";"";"";"";"";"9 Interne Organisatie > Vastgoed";"";"09072026-00:43:48"
"631";"";"Objectrelatierol";"";"EAID_0D0C34BC_D054_45b0_BDB6_3F32F65E51CB";"";"enumeration";"";"";"";"";"";"";"";"";"";"";"";"";"9 Interne Organisatie > Vastgoed";"";"09072026-00:43:48"
"632";"";"Objecttype";"";"EAID_A2451674_6C19_4bf9_81F9_57CDE2F60144";"";"class";"";"";"De typering van een groep objecten (in de werkelijkheid) die binnen een domein relevant zijn en als gelijksoortig worden beschouwd.
Toelichting
Jan, Piet en Marie zijn mensen die vanuit het Burgerzaken-domein beschouwd worden als objecten van het type ‘natuurlijk persoon’. In een ander domein, ‘de volksmond’, noemen we dit ‘mens’ wat ook een objecttype is. In weer een ander domein is Jan van het type ‘vergunninghouder’ en Piet en Marie niet, omdat aan hen (nog) nooit een vergunning verleend is. Objecttypen zijn een abstractie van de werkelijkheid oftewel we beogen hiermee de werkelijkheid zo getrouw mogelijk te beschrijven, binnen de context van het domein. Dit staat geheel los van het vastleggen van gegevens over objecten van een type in een registratie. Daartoe is veelal een interpretatie nodig (van die werkelijkheid cq. die objecttypen) naar eenheden die in een registratie vastgelegd kunnen worden (records, entiteiten e.d.) op basis van andere overwegingen.";"";"";"";"";"";"";"";"";"";"9 Interne Organisatie > ICT";"";"09072026-00:43:48"
"633";"";"ObjecttypeA";"";"EAID_AE553F3F_B8B6_4bd2_A6A1_8051145C823B";"";"class";"";"";"";"";"";"";"";"";"";"";"";"";"99 Kern > RSGBPlus";"";"09072026-00:43:48"
"634";"";"ObjecttypeB";"";"EAID_0799B0D1_5067_43e2_8A6F_48FB972225E5";"";"class";"";"";"";"";"";"";"";"";"";"";"";"";"99 Kern > RSGBPlus";"";"09072026-00:43:48"
"635";"";"ObjecttypeC";"";"EAID_889A7DC6_B389_4e02_BB53_CC0B2B5B0D91";"";"class";"";"";"";"";"";"";"";"";"";"";"";"";"99 Kern > RSGBPlus";"";"09072026-00:43:48"
"636";"";"ObjecttypeD";"";"EAID_DE4D6CAB_7798_46cd_AE1B_328684681323";"";"class";"";"";"";"";"";"";"";"";"";"";"";"";"99 Kern > RSGBPlus";"";"09072026-00:43:48"
"637";"";"ObjecttypeE";"";"EAID_EF4E7B58_F178_4a4f_85C5_A5CD93747A36";"";"class";"";"";"";"";"";"";"";"";"";"";"";"";"99 Kern > RSGBPlus";"";"09072026-00:43:48"
"638";"";"ObjecttypeF";"";"EAID_23D170D0_917E_4873_A622_43214405AB3D";"";"class";"";"";"";"";"";"";"";"";"";"";"";"";"99 Kern > RSGBPlus";"";"09072026-00:43:48"
"639";"";"ObjecttypeG";"";"EAID_97EE5348_F06A_44cb_A792_7371CF5D2E53";"";"class";"";"";"";"";"";"";"";"";"";"";"";"";"99 Kern > RSGBPlus";"";"09072026-00:43:48"
"640";"Offerte";"Offerte";"";"EAID_EF55544A_F59B_4411_A3D2_9C1A2BA2663C";"";"class";"business-object";"Aanbod, aanbieding of voorstel van goederen of diensten waarin opgave is gedaan van de prijs.";"Aanbod, aanbieding of voorstel van goederen of diensten waarin opgave is gedaan van de prijs.";"";"";"";"";"";"";"";"";"";"9 Interne Organisatie > Vastgoed";"";"09072026-00:43:48"
"641";"Offerte";"Offerte";"6d31df7d-b7f9-4f50-be9f-eaf05c697f6e";"EAID_BF21FFA3_3EA6_410a_BC65_7BE5547646B6";"business-object";"class";"business-object";"Aanbod, aanbieding of voorstel van goederen of diensten waarin opgave is gedaan van de prijs.";"Aanbod, aanbieding of voorstel van goederen of diensten waarin opgave is gedaan van de prijs.";"";"";"";"";"";"";"https://gemmaonline.nl/index.php/GEMMA/id-6d31df7d-b7f9-4f50-be9f-eaf05c697f6e";"Offerte (Inkoop)";"";"9 Interne Organisatie > Inkoop";"";"09072026-00:43:48"
"642";"Offerte";"Offerte";"5d23eb2c-f115-4526-a1f7-5f2378666ffa";"EAID_B259BE5F_AC3A_4e0f_A149_D1F165277CC2";"business-object";"class";"business-object";"Aanbod, aanbieding of voorstel van goederen of diensten waarin opgave is gedaan van de prijs.";"Aanbod, aanbieding of voorstel van goederen of diensten waarin opgave is gedaan van de prijs.";"";"";"";"";"";"";"https://gemmaonline.nl/index.php/GEMMA/id-5d23eb2c-f115-4526-a1f7-5f2378666ffa";"Offerte (RGBZ Model)";"";"99 Kern > RGBZPlus";"";"09072026-00:43:48"
"643";"Offerteaanvraag";"Offerteaanvraag";"1b3c3c06-c7e9-40c0-8fa1-dbbc3c23152f";"EAID_1EF1AC66_9563_4cdd_AE78_0878D651907A";"business-object";"class";"";"Aanbesteding bij inschrijving";"Aanbesteding bij inschrijving";"";"";"";"";"";"";"https://gemmaonline.nl/index.php/GEMMA/id-1b3c3c06-c7e9-40c0-8fa1-dbbc3c23152f";"";"";"9 Interne Organisatie > Inkoop";"";"09072026-00:43:48"
"644";"Omgevingsdocument";"Omgevingsdocument";"c1559848-25e3-4bd0-bb39-286d0c4f5687";"EAID_F5434F00_CC0F_4d7b_91AE_20CBD3C60DFC";"business-object";"class";"";"In artikel 16.2 van de Omgevingswet aangemerkt instrument te weten: Omgevingsvisie, programma, omgevingsplan, waterschapsverordening, omgevingsverordening, projectbesluit of bij Algemene Maatregel van Bestuur (Omgevingsbesluit) aangewezen ander besluit of";"In artikel 16.2 van de Omgevingswet aangemerkt instrument te weten: Omgevingsvisie, programma, omgevingsplan, waterschapsverordening, omgevingsverordening, projectbesluit of bij Algemene Maatregel van Bestuur (Omgevingsbesluit) aangewezen ander besluit of ander rechtsfiguur.";"";"";"";"";"";"";"https://gemmaonline.nl/index.php/GEMMA/id-c1559848-25e3-4bd0-bb39-286d0c4f5687";"";"";"8 Volkshuisvesting, Leefomgeving en Stedelijke Vernieuwing > Omgevingswet";"";"09072026-00:43:48"
"645";"Omgevingsnorm";"Omgevingsnorm";"bbf6bcce-f2dc-4b8d-95a8-561abd7c1d76";"EAID_F90F8E5E_7402_4c44_AC69_91A4175E5D47";"business-object";"class";"business-object";"Norm in het omgevingsplan die in kwantitatieve of kwalitatieve waarden wordt uitgedrukt als referentiepunt voor activiteiten in de fysieke leefomgeving.";"Een norm over de fysieke leefomgeving die in een kwantitatieve of kwalitatieve waarde wordt uitgedrukt en geen omgevingswaarde is.";"Bijvoorbeeld: maximum bouwhoogte, maximum aantal parkeerplaatsen, maximum geluidbelasting, maximum aantal bezoekers Alle omgevingsnormen hebben als herkomst omgevingsdocumenten. De Omgevingsnorm is niet de regel zelf. De regel beschrijft wat er juridisch";"Bijvoorbeeld: maximum bouwhoogte, maximum aantal parkeerplaatsen, maximum geluidbelasting, maximum aantal bezoekers Alle omgevingsnormen hebben als herkomst omgevingsdocumenten. De Omgevingsnorm is niet de regel zelf. De regel beschrijft wat er juridisch";"";"";"";"";"https://gemmaonline.nl/index.php/GEMMA/id-bbf6bcce-f2dc-4b8d-95a8-561abd7c1d76";"";"";"8 Volkshuisvesting, Leefomgeving en Stedelijke Vernieuwing > Omgevingswet";"";"09072026-00:43:48"
"646";"Omgevingsvergunning";"Omgevingsvergunning";"5bd99108-61d6-4b8f-ab84-dd16011d10db";"EAID_053B594A_5E45_4413_9339_D2D026ECCE20";"business-object";"class";"";"Vergunning als bedoeld in afdeling 5.1 van de Omgevingswet";"Vergunning als bedoeld in afdeling 5.1 van de Omgevingswet";"";"";"";"";"";"";"https://gemmaonline.nl/index.php/GEMMA/id-5bd99108-61d6-4b8f-ab84-dd16011d10db";"";"";"8 Volkshuisvesting, Leefomgeving en Stedelijke Vernieuwing > Beheer Openbare Ruimte";"";"09072026-00:43:48"
"647";"Omgevingswaarde";"Omgevingswaarde";"7685ae20-7bed-4f7e-95fd-3499b35a6ef9";"EAID_6B1F7274_19A7_4349_835E_85CBEFFEE35A";"business-object";"class";"business-object";"Norm in het omgevingsplan die de gewenste staat of kwaliteit van de fysieke leefomgeving als beleidsdoel vastlegt.";"Een norm die voor (een onderdeel van) de fysieke leefomgeving de gewenste staat of kwaliteit, de toelaatbare belasting door activiteiten en/of de toelaatbare concentratie of depositie van stoffen als beleidsdoel vastlegt.";"Bijvoorbeeld: streefwaarden of maximaal toelaatbare waarden voor luchtkwaliteit, kwaliteit van oppervlaktewater, grondwater of zwemwater. Alle omgevingswaarden hebben als herkomst omgevingsdocumenten. Omgevingswaarden worden uitgedrukt in meetbare of bere";"Bijvoorbeeld: streefwaarden of maximaal toelaatbare waarden voor luchtkwaliteit, kwaliteit van oppervlaktewater, grondwater of zwemwater. Alle omgevingswaarden hebben als herkomst omgevingsdocumenten. Omgevingswaarden worden uitgedrukt in meetbare of bere";"";"";"";"";"https://gemmaonline.nl/index.php/GEMMA/id-7685ae20-7bed-4f7e-95fd-3499b35a6ef9";"";"";"8 Volkshuisvesting, Leefomgeving en Stedelijke Vernieuwing > Omgevingswet";"";"09072026-00:43:48"
"648";"Omgevingswaarderegel";"Omgevingswaarderegel";"6ab6802e-9485-43d1-be15-46db4b9c8a0d";"EAID_2FC6C6EB_DF35_49e6_9694_1B8BD53537B0";"business-object";"class";"";"De beschrijving van een juridische regel gericht op een gestelde omgevingswaarde. Het betreft hier een juridische regel die verplichtingen oplegt aan het bevoegd gezag dat deze regel opstelt. Een omgevingswaarderegel is alleen gericht op een Omgevingswaar";"De beschrijving van een juridische regel gericht op een gestelde omgevingswaarde. Het betreft hier een juridische regel die verplichtingen oplegt aan het bevoegd gezag dat deze regel opstelt. Een omgevingswaarderegel is alleen gericht op een Omgevingswaarde (eventueel meerdere).";"Het betreft hier een algemeen geldende regel met directe werking voor eenieder. Anders gezegd, deze regels gelden voor eenieder in Nederland, inclusief voor de bevoegde gezagen zelf.";"Het betreft hier een algemeen geldende regel met directe werking voor eenieder. Anders gezegd, deze regels gelden voor eenieder in Nederland, inclusief voor de bevoegde gezagen zelf.";"";"";"";"";"https://gemmaonline.nl/index.php/GEMMA/id-6ab6802e-9485-43d1-be15-46db4b9c8a0d";"";"";"8 Volkshuisvesting, Leefomgeving en Stedelijke Vernieuwing > Omgevingswet";"";"09072026-00:43:48"
"649";"";"Omzetgroep";"";"EAID_2A7D73D7_87EA_4b61_88BB_F061DDBF52D9";"";"class";"";"";"Artikelen worden gebruikt om omzet te registreren in de shop, de horeca of elders. De omzet wordt vervolgens getotaliseerd op rapportages. Om de artikelen te groeperen moet ieder artikel tot een omzetgroep behoren.";"";"";"";"";"";"";"";"";"";"5 Sport, Cultuur en Recreatie > Musea";"";"09072026-00:43:48"
"650";"";"OnbegroeidTerreindeel";"";"EAID_C32F1546_F793_4f13_91A4_2047E6DE6E91";"";"class";"";"";"Kleinste functioneel onafhankelijk stukje van een terrein, dat er binnen het objecttype Terrein van NEN 3610 wordt onderscheiden, zonder aaneengesloten vegetatie.";"";"";"";"";"";"";"";"";"";"99 Kern > RSGBPlus";"";"09072026-00:43:48"
"651";"OnbestemdAdres";"Onbestemd Adres";"ced72a4a-9aa5-485a-8535-206b97fd494f";"EAID_75E93FC5_3EF8_40b6_B170_ED5A2C36B354";"business-object";"class";"";"";"*Onbestemd Adres* is een adres-aanduiding die officieel door een bevoegde gemeentelijke instantie is vastgelegd, maar waarbij niet kan worden vastgesteld dat het een regulier woon- of verblijfsadres betreft.";"";"In gemeentelijke en basisregistratiecontexten (zoals in het RSGB/GBI-model en de BAG/BRP-administraties) wordt een *Onbestemd Adres* gebruikt voor adressen die wel geregistreerd zijn, maar **niet eenduidig kunnen worden gekoppeld aan een woonadres of een ander specifiek verblijf** van een persoon of object. Dit kan bijvoorbeeld voorkomen bij adressen waar geen vaste bewoning plaatsvindt, waar onduidelijkheid is over de verblijfstatus of bij nummers die in de administratie bestaan maar niet leiden tot een traceerbare bewoning. Het betreft een **officiële adresaanduiding** zoals opgenomen door het bevoegde gemeentelijke orgaan binnen het informatiemodel, zonder dat het direct een vaste woon- of verblijfsfunctie heeft.";"";"";"";"";"https://gemmaonline.nl/index.php/GEMMA/id-ced72a4a-9aa5-485a-8535-206b97fd494f";"";"";"99 Kern > RSGBPlus";"";"09072026-00:43:48"
"652";"";"Onderdeel beschikking";"";"EAID_0962936F_7373_4176_296A_281C33036B9B";"";"class";"";"";"Een beschikking is een voor beroep vatbaar overheidsbesluit. Veelal de op schrift gestelde juridische motivering van de beslissing, met vermelding van de bezwaar en beroepsmogelijkheden. Omdat de aangevraagde dienst uit meerdere onderdelen bestaat en op elk onderdeel wordt beslist, zijn deze beslissingen en hun juridische motivering opgenomen als onderdelen in de beschikking.";"";"";"";"";"";"";"";"";"";"Inkomen > Diensten";"";"09072026-00:43:48"
"653";"";"OnderdeelDienstGevalsrubriek";"";"EAID_1BF2BE80_EDC4_87BC_16F2_27AD4756C1FA";"";"enumeration";"";"";"";"";"";"";"";"";"";"";"";"";"Inkomen > Terug- en invordering";"";"09072026-00:43:48"
"654";"";"OnderdeelDienstTypeRubriek";"";"EAID_13A6000A_69B8_B1FD_2DD8_27AD47D46C44";"";"enumeration";"";"";"";"";"";"";"";"";"";"";"";"";"Inkomen > Diensten";"";"09072026-00:43:48"
"655";"Onderhoud";"Onderhoud";"c25777ae-ed48-4285-b244-66715cd2e299";"EAID_960BB2E0_C17F_4c89_90DD_3006CC5F0F75";"business-object";"class";"";"Maatregelen om de functionele kwaliteit in stand te houden of te herstellen en dus de levensduur van een (object)onderdeel te realiseren c.q. te verlengen.";"Maatregelen om de functionele kwaliteit in stand te houden of te herstellen en dus de levensduur van een (object)onderdeel te realiseren c.q. te verlengen.";"";"";"";"";"";"";"https://gemmaonline.nl/index.php/GEMMA/id-c25777ae-ed48-4285-b244-66715cd2e299";"";"";"8 Volkshuisvesting, Leefomgeving en Stedelijke Vernieuwing > Beheer Openbare Ruimte";"";"09072026-00:43:48"
"656";"Onderhoudskosten";"Onderhoudskosten";"d7fc4b3b-d61d-4fd3-a9dc-15adcb54f861";"EAID_5C8F7563_D1FF_4622_8565_F48A1BCAB9E3";"business-object";"class";"";"Kosten voor het onderhoud van iemand of iets, hetzij om te voorzien in de levensbehoeften van personen, hetzij voor de instandhouding en verzorging van zaken.";"Kosten voor het onderhoud van iemand of iets, hetzij om te voorzien in de levensbehoeften van personen, hetzij voor de instandhouding en verzorging van zaken.";"";"";"";"";"";"";"https://gemmaonline.nl/index.php/GEMMA/id-d7fc4b3b-d61d-4fd3-a9dc-15adcb54f861";"";"";"5 Sport, Cultuur en Recreatie > Sport";"";"09072026-00:43:48"
"657";"";"Onderhoudsplicht";"";"EAID_1DB40092_C231_63A1_27BE_2685FBFA9223";"";"class";"";"";"Onderhoudsplicht is een wettelijke verplichting van iemand om een ander te onderhouden.Echtgenoten en geregistreerde partners hebben een onderhoudsplicht ten opzichte van elkaar. Ouders hebben een onderhoudsplicht voor hun kinderen tot ze 21 jaar zijn (ook al is het met 18 jaar al meerderjarig). Ex-partners hebben een onderhoudsplicht als een van de partners te weinig inkomen heeft om van te leven. Het in sommige gevallen moeten betalen van alimentatie is ook op de onderhoudsplicht gebaseerd. De inkomsten uit alimentatie zijn in het model zelf een inkomstencomponent.De onderhoudsplicht van ouders om hun kind te onderhouden staat geschreven als artikel: 395a van Boek 1 van het Nederlandse Burgerlijk Wetboek.Dit houdt in ieder geval in dat ouders ervoor moeten zorgen dat het kind de meest basale dingen krijgt, zoals onderdak, kleding, voeding, scholing en medische hulp.Het niet nakomen van de onderhoudsplicht, hetzij wel of niet bij vonnis gesteld, kan strafrechtelijke gevolgen hebben. Dit is strafbaar gesteld in artikel 255 van het Wetboek van Strafrecht.Het betreft hier een verhouding tussen een partij, zijnde een persoon of een organisatie, en de burger, waarbij de onderhoudsplichtige partij de betreffende burger onderhoudt in zijn bestaan.NB: Onderhoudsplicht en onderhoudsplichtverhouding leggen we vast als de onderhoudsplichtige (na verhaal) de onderhoudsplicht voldoet aan de gemeente. In alle gevallen dat een onderhoudsplichtige een onderhoudsbijdrage betaalt aan de onderhoudsgerechtigde spreken we van alimentatie. Dit is opgenomen als inkomstencomponent onder een inkomstenverhouding.";"";"";"";"";"";"";"";"";"";"6 Sociaal Domein > Sociaal Domein Generiek";"";"09072026-00:43:48"
"658";"";"Onderhoudsplichttype";"";"EAID_b4380c62_69ef_4b52_8585_5cccdc9c5d72";"";"enumeration";"";"";"";"";"";"";"";"";"";"";"";"";"6 Sociaal Domein > Sociaal Domein Generiek";"";"09072026-00:43:48"
"659";"";"Onderhoudsverhouding";"";"EAID_01CD1BE5_E952_7DA0_ABA1_2685FBDC10DA";"";"class";"";"";"Onderhoudsplicht is een wettelijke verplichting van iemand om een ander te onderhouden. In de onderhoudsplichtverhouding wordt vastgelegd wie de onderhoudsplicht heeft. Omdat de onderhoudsplichtverhouding in het profiel van de klant is opgenomen, wordt de onderhoudsgerechtigde in deze verhouding niet opgenomen. De klant is de onderhoudsgerechtigde.NB:Onderhoudsplicht en onderhoudsplichtverhouding leggen we vast als de onderhoudsplichtige (na verhaal) de onderhoudsplicht voldoet aan de gemeente. In alle gevallen dat een onderhoudsplichtige een onderhoudsbijdrage betaalt aan de onderhoudsgerechtigde spreken we van alimentatie. Alimentatie is opgenomen als inkomstencomponent onder een inkomstenverhouding.Onderhoudsplicht kan gelden voor de ex-partner en/of voor kinderen.";"";"";"";"";"";"";"";"";"";"6 Sociaal Domein > Sociaal Domein Generiek";"";"09072026-00:43:48"
"660";"Ondernemer";"Ondernemer";"";"EAID_AA004853_3565_4634_A434_BD7F36ED0B1A";"";"class";"business-actor";"Individu dat goederen of diensten levert aan anderen om winst te maken.";"Een ondernemer is een individu die die goederen of diensten levert aan anderen om winst te maken.";"";"";"";"";"";"";"";"";"";"Schulden > Schuldhulpverlening";"";"09072026-00:43:48"
"661";"";"OndersteunendWaterdeel";"";"EAID_7B92809F_CFAE_4be8_BE3A_4E4B94E83F52";"";"class";"";"";"Object dat in het kader van de waterhuishouding periodiek gedeeltelijk of geheel met water is bedekt.";"";"";"";"";"";"";"";"";"";"99 Kern > RSGBPlus";"";"09072026-00:43:48"
"662";"";"OndersteunendWegdeel";"";"EAID_F55A5977_7E3B_4cf4_B8D1_CFCEECA0DEA1";"";"class";"";"";"Een deel van de weg dat niet primair bedoeld is voor gebruik door het verkeer.";"";"";"";"";"";"";"";"";"";"99 Kern > RSGBPlus";"";"09072026-00:43:48"
"663";"";"Onderwerp";"";"EAID_2AA9DB3B_D79C_490d_8776_DA1CB25E9B09";"";"class";"";"";"Op de meest karakteristieke elementen gebaseerde en in woord of eenvoudige zinstructuur samengevatte aanduiding van de inhoud van een document";"";"";"";"";"";"";"";"";"";"9 Interne Organisatie > ICT";"";"09072026-00:43:48"
"664";"Onderwerp";"Onderwerp";"bc793405-f822-4a23-a8dc-74206f1d45df";"EAID_8D758F67_6085_4ac7_BFDC_8D97AB632A93";"business-object";"class";"";"Bron: GEM_VJV_ONDERWERP
ID: ONDERWERP_ID";"Bron: GEM_VJV_ONDERWERP
ID: ONDERWERP_ID";"";"";"";"";"";"";"https://gemmaonline.nl/index.php/GEMMA/id-bc793405-f822-4a23-a8dc-74206f1d45df";"";"";"10 Dienstverlening";"";"09072026-00:43:48"
"665";"Onderwijsinstituut";"Onderwijsinstituut";"85452d63-8236-431f-9dde-cebfc88112b0";"EAID_59F3063A_13A6_4cbc_A387_045A6B126746";"business-object";"class";"";"Een instituut waar onderwijs wordt gegeven.";"Een instituut waar onderwijs wordt gegeven.";"";"";"Onderwijsinstelling";"Onderwijsinstelling";"";"";"https://gemmaonline.nl/index.php/GEMMA/id-85452d63-8236-431f-9dde-cebfc88112b0";"";"";"9 Interne Organisatie > HR";"";"09072026-00:43:48"
"666";"Onderwijsloopbaan";"Onderwijsloopbaan";"153ea543-3a96-4878-b661-f7c3d0f07d20";"EAID_F47ACE79_C476_479f_A3A3_729E65AF3D32";"business-object";"class";"";"Loopbaan als leerling in het onderwijs; loopbaan als leerling op school; tijd die iemand als leerling heeft doorgebracht op school, vaak met de bijgedachte aan de daarbij opgedane kennis en ervaring; tijd die men schoolgegaan heeft; onderwijscarri√®re; sc";"Loopbaan als leerling in het onderwijs; loopbaan als leerling op school; tijd die iemand als leerling heeft doorgebracht op school, vaak met de bijgedachte aan de daarbij opgedane kennis en ervaring; tijd die men schoolgegaan heeft; onderwijscarri&#232;re; schoolloopbaan; schoolcarri&#232;re; schooltijd; de schooljaren";"";"";"";"";"";"";"https://gemmaonline.nl/index.php/GEMMA/id-153ea543-3a96-4878-b661-f7c3d0f07d20";"";"";"4 Onderwijs > Onderwijs";"";"09072026-00:43:48"
"667";"Onderwijsniveau";"Onderwijsniveau";"bffa3b38-9484-468b-9152-8cc6dac76229";"EAID_96AB51D0_52E5_4515_B21F_98B30C4B9C42";"business-object";"class";"";"De hoogte van een soort onderwijs in relatie tot andere soorten onderwijs";"De hoogte van een soort onderwijs in relatie tot andere soorten onderwijs";"";"";"";"";"";"";"https://gemmaonline.nl/index.php/GEMMA/id-bffa3b38-9484-468b-9152-8cc6dac76229";"";"";"4 Onderwijs > Onderwijs";"";"09072026-00:43:48"
"668";"";"Onderwijssoort";"";"EAID_8AF9FAE6_13D8_484d_97F5_2A3839BC8618";"";"class";"";"";"Typologie voor onderwijs";"";"";"";"";"";"";"";"";"";"4 Onderwijs > Onderwijs";"";"09072026-00:43:48"
"669";"";"Onderwijstype";"";"EAID_354AA899_00C3_4c36_93F7_0B364D331C93";"";"enumeration";"";"";"";"";"";"";"";"";"";"";"";"";"4 Onderwijs > Onderwijs";"";"09072026-00:43:48"
"670";"";"Onderzoek";"";"EAID_5DB3AE05_D225_403e_B376_F163CD463ECF";"";"class";"";"";"Basisinformatie zet een kenmerk, waarvan een formele terugmelding of correctieverzoek niet binnen twee werkdagen is afgehandeld, in de Basisregistratie adressen en gebouwen in onderzoek.";"";"";"";"";"";"";"";"";"";"99 Kern > BAG";"";"09072026-00:43:48"
"671";"";"Onkostenvergoeding";"";"EAID_21A42BF6_C12B_F23F_093F_293A7780B58A";"";"class";"";"";"Een persoon kan inkomsten hebben uit onkostenvergoeding.";"";"";"";"";"";"";"";"";"";"6 Sociaal Domein > Sociaal Domein Generiek";"";"09072026-00:43:48"
"672";"";"Onroerend goed";"";"EAID_bed1faca_3a71_4ca5_b9f7_85f766a1c118";"";"class";"";"";"Onroerend goed is een juridische term die verwijst naar fysieke objecten die duurzaam met de grond zijn verbonden en niet zonder schade kunnen worden verplaatst. Dit omvat gronden, gebouwen, woningen en andere constructies die vast met de grond zijn verbonden, zoals bruggen of schuren. Onroerend goed wordt vaak onderscheiden van roerende zaken, die wel verplaatsbaar zijn. Het eigendom en de overdracht van onroerend goed zijn gebonden aan specifieke wettelijke regels, zoals registratie in openbare registers en het opstellen van notariële akten.";"";"";"";"";"";"";"";"";"";"6 Sociaal Domein > Sociaal Domein Generiek";"";"09072026-00:43:48"
"673";"";"OntbindingHuwelijk/geregistreerdPartnerschap";"";"EAID_10E7F112_407D_4099_9CC7_F6B53DD094BF";"";"class";"";"";"Gegevens over het ontbonden huwelijk of geregistreerd partnerschap.";"";"";"";"";"";"";"";"";"";"99 Kern > RSGBPlus";"";"09072026-00:43:48"
"674";"Ontheffing";"Ontheffing";"";"EAID_3F5932BD_C721_402d_8154_74A1CE097825";"";"class";"business-object";"Formeel besluit waarbij een inburgeringsplichtige geheel of gedeeltelijk wordt ontheven van de inburgeringsplicht op grond van medische of bijzondere individuele omstandigheden.";"Een Ontheffing is een formeel besluit van de gemeente of van DUO waarbij een inburgeringsplichtige geheel of gedeeltelijk wordt vrijgesteld van onderdelen van de inburgeringsplicht, op grond van persoonlijke omstandigheden zoals medische beperkingen, psychische problematiek of aantoonbare inspanning.";"";"•	Er zijn verschillende typen ontheffingen binnen de Wet inburgering 2021, onder andere:
	•	Medische ontheffing (artikel 7.4): bij fysieke of psychische belemmeringen;
	•	Ontheffing wegens aantoonbare inspanning (artikel 7.5): als iemand ondanks serieuze inspanning de doelen niet haalt;
	•	Ontheffing voor specifieke onderdelen, zoals het Participatieverklaringstraject.
	•	Een ontheffing kan tijdelijk of definitief zijn, en geldt voor (delen van) de leerroute of exameneisen.
	•	De beoordeling gebeurt op basis van bewijsstukken, eventueel met advies van een arts of deskundige.
	•	De beslissing tot ontheffing wordt vastgelegd in een formeel besluit met motivering.";"";"";"";"";"";"";"";"6 Sociaal Domein > Inburgering";"";"09072026-00:43:48"
"675";"Ontheffing";"Ontheffing";"";"EAID_8EE515EA_11F9_4f56_B9AA_F7B0904B39E7";"";"class";"business-object";"Formeel besluit waarbij een inburgeringsplichtige geheel of gedeeltelijk wordt ontheven van de inburgeringsplicht op grond van medische of bijzondere individuele omstandigheden.";"Een formele vrijstelling van verplichtingen rond arbeidsparticipatie, zoals beschikbaarheid of tegenprestatie, op basis van persoonlijke of juridische gronden.";"";"";"";"";"";"";"";"";"";"6 Sociaal Domein > Werk";"";"09072026-00:43:48"
"676";"";"Ontheffingsverplichting";"";"EAID_4198974E_B813_4707_9C29_2AAAAF86F9DA";"";"enumeration";"";"";"Geeft aan of een persoon verplicht is tot arbeidsparticipatie. Voorbeelden: geen ontheffing, medische gronden.";"";"";"";"";"";"";"";"";"";"6 Sociaal Domein > Werk";"";"09072026-00:43:48"
"677";"";"Ontwikkelwens";"";"EAID_AE33D54A_A105_4fac_B378_D5651B66F0F0";"";"class";"";"";"Een Ontwikkelwens is een door de inburgeringsplichtige geuite persoonlijke ambitie of leerdoel die richting kan geven aan het inburgeringstraject, en wordt meegenomen bij het opstellen van het Persoonlijk Plan Inburgering en Participatie (PIP).";"";"";"";"";"";"";"";"";"";"6 Sociaal Domein > Inburgering";"";"09072026-00:43:48"
"678";"";"Ontwikkelwens";"";"EAID_2FCD9A74_460D_4042_A207_FF78590CEBE6";"";"enumeration";"";"";"";"";"<memo>";"";"";"";"";"";"";"";"6 Sociaal Domein > Inburgering";"";"09072026-00:43:48"
"679";"";"OorspronkelijkeFunctie";"";"EAID_49993EF9_ED8B_49e0_B8F7_FC7C8C28669D";"";"class";"";"";"De functie van een object na bouw of oplevering";"";"";"";"";"";"";"";"";"";"Erfgoed > Monumenten";"";"09072026-00:43:48"
"680";"Opbreking";"Opbreking";"5b02590d-3c1e-416c-ad2b-9edbef005ba5";"EAID_1EBA6DEB_268D_4339_86C9_7C1BA218A7A0";"business-object";"class";"";"Vorm van wegwerkzaamheid";"Vorm van wegwerkzaamheid";"";"";"";"";"";"";"https://gemmaonline.nl/index.php/GEMMA/id-5b02590d-3c1e-416c-ad2b-9edbef005ba5";"";"";"8 Volkshuisvesting, Leefomgeving en Stedelijke Vernieuwing > Beheer Openbare Ruimte";"";"09072026-00:43:48"
"681";"";"Opdrachtcategorie";"";"EAID_87322382_E60F_4d0e_93B0_6628D3CC964B";"";"enumeration";"";"";"";"";"";"";"";"";"";"";"";"";"9 Interne Organisatie > Inkoop";"";"09072026-00:43:48"
"682";"Opdrachtgever";"Opdrachtgever";"7979016d-19cb-493e-904e-c7363a7930aa";"EAID_C2520FC3_622B_4edf_B911_C661B0D710FE";"business-object";"class";"business-object";"Persoon die een opdracht verstrekt.";"Persoon die een opdracht verstrekt.";"";"";"";"";"";"";"https://gemmaonline.nl/index.php/GEMMA/id-7979016d-19cb-493e-904e-c7363a7930aa";"";"";"9 Interne Organisatie > Financien";"";"09072026-00:43:48"
"683";"Opdrachtgever";"Opdrachtgever";"7979016d-19cb-493e-904e-c7363a7930aa";"EAID_C2520FC3_622B_4edf_B911_C661B0D710FE";"business-object";"class";"business-role";"De hoedanigheid van degene die een opdracht verstrekt.";"Persoon die een opdracht verstrekt.";"";"";"";"";"";"";"https://gemmaonline.nl/index.php/GEMMA/id-7979016d-19cb-493e-904e-c7363a7930aa";"";"";"9 Interne Organisatie > Financien";"";"09072026-00:43:48"
"684";"Opdrachtnemer";"Opdrachtnemer";"be336327-21c4-4d8a-9088-e04b4411204a";"EAID_9ABE303F_1E8D_407c_BBB8_E7DAC383E0C3";"business-object";"class";"business-object";"Partij die een opdracht aanvaardt.";"Partij die een opdracht aanvaardt.";"";"";"";"";"";"";"https://gemmaonline.nl/index.php/GEMMA/id-be336327-21c4-4d8a-9088-e04b4411204a";"";"";"9 Interne Organisatie > Financien";"";"09072026-00:43:48"
"685";"Opdrachtnemer";"Opdrachtnemer";"be336327-21c4-4d8a-9088-e04b4411204a";"EAID_9ABE303F_1E8D_407c_BBB8_E7DAC383E0C3";"business-object";"class";"business-role";"De hoedanigheid van de partij die een opdracht aanvaardt.";"Partij die een opdracht aanvaardt.";"";"";"";"";"";"";"https://gemmaonline.nl/index.php/GEMMA/id-be336327-21c4-4d8a-9088-e04b4411204a";"";"";"9 Interne Organisatie > Financien";"";"09072026-00:43:48"
"686";"";"Opdrachtsoort";"";"EAID_5D6461E2_0D66_4039_BBF4_B413322EF194";"";"enumeration";"";"";"";"";"";"";"";"";"";"";"";"";"9 Interne Organisatie > Inkoop";"";"09072026-00:43:48"
"687";"Evenement";"OpenbareActiviteit";"9ffbd7f6-a815-4edd-9252-5ed7e873c6a0";"EAID_B2B423C3_B9C9_4b4f_A47D_85D29417B9B4";"business-object";"class";"business-object";"Activiteit in het publieke domein";"Activiteit in het publieke domein";"";"";"";"";"";"";"https://gemmaonline.nl/index.php/GEMMA2/0.9/id-9ffbd7f6-a815-4edd-9252-5ed7e873c6a0";"";"";"1 Veiligheid en Vergunningen";"";"09072026-00:43:48"
"688";"Openbare Ruimte";"OpenbareRuimte";"d2f8867b-fce6-4932-8b1a-ec8b9392f0d5";"EAID_BFE30E32_8CB9_4272_A559_9FB3FD74DACC";"business-object";"class";"business-object";"Een openbare ruimte is een door het bevoegde gemeentelijke orgaan als zodanig aangewezen en van een naam voorziene buitenruimte die binnen één woonplaats is gelegen.";"Een openbare ruimte is een door het bevoegde gemeentelijke orgaan als zodanig aangewezen en van een naam voorziene buitenruimte die binnen &#233;&#233;n woonplaats is gelegen. Beschrijving: Een buitenruimte die door de gemeente als openbare ruimte is aangewezen en waaraan de gemeente een naam heeft gegeven. Een openbare ruimte ligt binnen 1 woonplaats. De BAG kent 7 soorten openbare ruimten: weg, water, spoorbaan, terrein, kunstwerk, landschappelijk gebied en administratief gebied. Een openbare ruimte is meestal een straat(naam).";"";"";"";"";"IMBAG";"";"https://gemmaonline.nl/index.php/GEMMA/id-d2f8867b-fce6-4932-8b1a-ec8b9392f0d5";"";"";"99 Kern > BAG";"";"09072026-00:43:48"
"689";"Openbare Ruimte";"OpenbareRuimte";"bb6b6dd2-7b6a-4146-afc0-c5647256ef11";"EAID_FB13857C_C695_4b53_8060_BACFA0E16950";"business-object";"class";"business-object";"Een openbare ruimte is een door het bevoegde gemeentelijke orgaan als zodanig aangewezen en van een naam voorziene buitenruimte die binnen één woonplaats is gelegen.";"Een door het bevoegde gemeentelijke orgaan als zodanig aangewezen en van een naam voorziene buitenruimte die binnen één woonplaats is gelegen";"";"";"";"";"BAG";"";"https://gemmaonline.nl/index.php/GEMMA/id-bb6b6dd2-7b6a-4146-afc0-c5647256ef11";"";"";"99 Kern > RSGBPlus";"";"09072026-00:43:48"
"690";"Ophaalmoment";"Ophaalmoment";"21e043b1-6d0c-4fd0-ac07-fd854ed8b9df";"EAID_9079F098_1084_4484_ACCC_6C6C07043193";"business-object";"class";"";"Een stop die een vuilniswagen maakt tijdens het doen van een rit. Bijgehouden wordt de gewichtstoename van de lading";"Een stop die een vuilniswagen maakt tijdens het doen van een rit. Bijgehouden wordt de gewichtstoename van de lading";"";"";"";"";"";"";"https://gemmaonline.nl/index.php/GEMMA/id-21e043b1-6d0c-4fd0-ac07-fd854ed8b9df";"";"";"7 Volksgezondheid en Milieu > Afval";"";"09072026-00:43:48"
"691";"";"Opleiding";"";"EAID_E250F980_18C3_4666_8022_302ACDC18A56";"";"class";"";"";"Een formeel of informeel leertraject dat een persoon heeft gevolgd met als doel het verwerven van kennis, vaardigheden of competenties.";"";"";"";"";"";"";"";"";"";"6 Sociaal Domein > Werk";"";"09072026-00:43:48"
"692";"Opleiding";"Opleiding";"affa85b2-1e80-4642-bb30-335dd9677094";"EAID_E07D60DE_CD26_4cef_A18B_6F72CC76C1B6";"business-object";"class";"";"Een samenhangend geheel van vakken, gericht op de verwezenlijking van welomschreven doelstellingen op het gebied van kennis, inzicht en vaardigheden.";"Een samenhangend geheel van vakken, gericht op de verwezenlijking van welomschreven doelstellingen op het gebied van kennis, inzicht en vaardigheden.";"";"";"";"";"";"";"https://gemmaonline.nl/index.php/GEMMA/id-affa85b2-1e80-4642-bb30-335dd9677094";"";"";"9 Interne Organisatie > HR";"";"09072026-00:43:48"
"693";"";"Opleidingsnaam";"";"EAID_DD9C65D4_0B47_4623_9BE4_6CE711DB846E";"";"class";"";"";"De naam waarmee een gevolgde opleiding aangeduid wordt. Dit kan een offici&#235;le (gecodeerde) of vrije tekst zijn.";"";"";"";"";"";"";"";"";"";"6 Sociaal Domein > Werk";"";"09072026-00:43:48"
"694";"";"OpleidingsnaamGecodeerd";"";"EAID_E194EC08_CD47_4429_9598_FDA0AF9E3C2A";"";"class";"";"";"Een OpleidingsnaamGecodeerd is een versleutelde/coderende aanduiding van de naam van een opleiding zoals vastgelegd in onderwijs-microdata, bedoeld om de opleiding te identificeren zonder de volledige tekstuele naam direct in de dataset op te nemen.";"";"•	Deze variabele representeert de opleidingsnaam in gecodeerde vorm, waarbij de feitelijke naam van de opleiding niet als open tekst in het microdata bestand staat.
	•	De gecodeerde naam wordt gebruikt om consistent te koppelen met referentietabellen (zoals opleidingsnummer-referentieboeken) waarin de opleiding met bijbehorende kenmerken (zoals niveau, richting, sector) volledig beschreven staat.
	•	Door gebruik te maken van gecodeerde namen kan CBS data publiceren of beschikbaar stellen zonder direct herleidbare tekstuele beschrijvingen te delen, wat zowel de datakwaliteit als privacy waarborgt.";"";"";"";"";"";"";"";"6 Sociaal Domein > Werk";"";"09072026-00:43:48"
"695";"";"OpleidingsnaamOngecodeerd";"";"EAID_5CA681BF_8AC1_4161_921F_F5F78C9DB65F";"";"class";"";"";"*OpleidingsnaamOngecodeerd* is de tekstuele naam van een opleiding zoals geregistreerd in CBS-onderwijsdata, weergegeven zonder codering om de opleidingsidentificatie leesbaar te maken.";"";"In CBS-microdata-bestanden over onderwijs worden opleidingskenmerken vaak vastgelegd via referentietabellen met een opleidingsnummer (bijv. OPLNR) dat gekoppeld kan worden aan meerdere beschrijvende variabelen:  
- *OpleidingsnaamOngecodeerd* geeft de **onomcodeerde opleidingsnaam**; dit is de begrijpelijke, tekstuele benaming van de opleiding.  
- Dit staat in contrast met variabelen als *OpleidingsnaamGecodeerd*, waarin dezelfde opleiding wordt aangeduid via een code om privacy en koppeling met referentietabellen te waarborgen.  
- De tekstuele naam maakt het eenvoudiger om zonder extra referentietabel te begrijpen om welke opleiding het gaat in analyses en publicaties.";"";"";"";"";"";"";"";"6 Sociaal Domein > Werk";"";"09072026-00:43:48"
"696";"";"Opleidingsniveau";"";"EAID_6828324F_D2D9_4d4b_8337_606BF522C8CC";"";"enumeration";"";"";"";"";"<memo>";"";"";"";"";"";"";"";"6 Sociaal Domein > Inburgering";"";"09072026-00:43:48"
"697";"";"Opleidingsniveau";"";"EAID_FBDF2AE8_AC88_4288_9B40_5B26C450FC20";"";"class";"";"";"Het abstractieniveau waarop de opleiding is ingeschaald, vaak gebaseerd op landelijke of Europese onderwijsclassificaties.";"";"";"";"";"";"";"";"";"";"6 Sociaal Domein > Werk";"";"09072026-00:43:48"
"698";"";"Opleidingsrichting";"";"EAID_39A87FE7_2240_4193_A5CC_3A23AA13357B";"";"enumeration";"";"";"Het vakgebied waarop een opleiding betrekking heeft.";"";"";"";"";"";"";"";"";"";"6 Sociaal Domein > Werk";"";"09072026-00:43:48"
"699";"";"Oplossing";"";"EAID_7E274EE0_FB77_43ef_ABCB_91ACF0ACD469";"";"class";"";"";"In de schuldhulpverlening verwijst een “oplossing” naar een regeling waarbij schulden op een beheersbare manier worden afgelost of kwijtgescholden, met als doel de financi&#235;le situatie van de schuldenaar te stabiliseren. Er worden verschillende oplossingsvormen onderscheiden, waaronder saneringskrediet, schuldbemiddeling, herfinanciering, betalingsregelingen en schuldregelingen zonder afloscapaciteit. Bij een saneringskrediet ontvangt de schuldenaar een lening om alle schuldeisers in &#233;&#233;n keer af te betalen, waarna hij deze lening aflost aan de kredietverstrekker. Schuldbemiddeling houdt in dat de schuldenaar gedurende een afgesproken periode periodiek bedragen aflost aan de schuldeisers. Herfinanciering betreft het vervangen van bestaande schulden door een nieuwe lening met gunstigere voorwaarden. Een betalingsregeling is een afspraak tussen schuldenaar en schuldeiser om de schuld in termijnen af te lossen. Bij een schuldregeling zonder afloscapaciteit wordt vastgesteld dat de schuldenaar geen financi&#235;le ruimte heeft om af te lossen, wat kan leiden tot kwijtschelding van de schuld. Deze oplossingsvormen worden ingezet afhankelijk van de specifieke situatie van de schuldenaar en zijn gericht op een duurzame oplossing van de schuldenproblematiek.";"";"";"";"";"";"";"";"";"";"Schulden > Schuldhulpverlening";"";"09072026-00:43:48"
"700";"";"Oplossingssoort";"";"EAID_677992F0_3C05_43b6_82C7_4A7EA57EDFED";"";"class";"";"";"De soort oplossing in het kader van Schuldhulpverlening";"";"";"";"";"";"";"";"";"";"Schulden > Schuldhulpverlening";"";"09072026-00:43:48"
"701";"";"Opname instelling";"";"EAID_1ac5aa8f_eb60_4683_acb8_ca3308da1c3d";"";"class";"";"";"*Opname instelling* is een reden van aanvraag binnen de GBI-Ontologie die aangeeft dat een persoon een inkomensdienst aanvraagt omdat hij of zij **(net) is opgenomen in of vrijgekomen uit een instelling**, wat financiële gevolgen heeft voor de inkomenssituatie.";"";"Binnen het GBI-model *Reden aanvraag* functioneert *Opname instelling* als een specifieke categorie om vast te leggen dat de aanvraag voor een inkomensvoorziening voortkomt uit een situatie rond verblijf in een **instelling** (bijvoorbeeld een justitiële inrichting, psychiatrische inrichting, zorginstelling of andere langdurige opname). Het geeft aan dat de eerdere situatie — bijvoorbeeld geen woon- en leefkosten buiten de instelling — is geëindigd of juist begonnen, waardoor iemand inkomen nodig heeft of opnieuw beoordeeld moet worden voor inkomensondersteuning. Door deze reden op te nemen in de gegevensregistratie kunnen gemeenten administratief expliciet vastleggen dat de oorzaak van de aanvraag samenhangt met een (beëindigde) opname in een instelling.";"";"";"";"";"";"";"";"Inkomen > Reden aanvraag";"";"09072026-00:43:48"
"702";"";"Oppervlakte Woning";"";"EAID_5110C4A5_4771_4283_ADAB_04F9CB2D27BF";"";"enumeration";"";"";"";"";"";"";"";"";"";"";"";"";"8 Volkshuisvesting, Leefomgeving en Stedelijke Vernieuwing > Beheer Openbare Ruimte";"";"09072026-00:43:48"
"703";"";"OpschortingZaak";"";"EAID_8EF0E043_5575_42fe_B2E7_81D8F12ADC77";"";"class";"";"";"Gegevens omtrent het tijdelijk opschorten van de behandeling van de ZAAK";"";"";"";"";"";"";"";"";"";"99 Kern > RGBZPlus";"";"09072026-00:43:48"
"704";"";"Ordeningsschema";"";"EAID_B61986A2_B8E7_4e69_AD55_E61771FDEEB4";"";"class";"";"";"Ordening om archief en collecties beter vindbaar en bruikbaar voor betrokkenen.";"";"";"";"";"";"";"";"";"";"Erfgoed > Archief";"";"09072026-00:43:48"
"705";"";"OrganisatieSoort";"";"EAID_19312057_291D_E81A_5E9F_27CBD31AD09D";"";"enumeration";"";"";"";"";"";"";"";"";"";"";"";"";"Inkomen > Terug- en invordering";"";"09072026-00:43:48"
"706";"Organisatorische eenheid";"OrganisatorischeEenheid";"02f66265-00ae-418d-8d0e-dcbaf36652bb";"EAID_936A4E8B_3E5A_44b6_8A5D_EFB39F83FB6D";"business-object";"class";"business-object";"Functioneel afgebakend onderdeel binnen de gemeentelijke organisatie dat verantwoordelijk is voor de behandeling van zaken.";"Het deel van een functioneel afgebakend onderdeel binnen de organisatie dat haar activiteiten uitvoert binnen een VESTIGING VAN ZAAKBEHANDELENDE ORGANISATIE en die verantwoordelijk is voor de behandeling van zaken.";"";"";"";"";"";"";"https://gemmaonline.nl/index.php/GEMMA/id-02f66265-00ae-418d-8d0e-dcbaf36652bb";"";"";"99 Kern > RGBZPlus";"";"09072026-00:43:48"
"707";"Organisatorische eenheid";"OrganisatorischeEenheid";"02f66265-00ae-418d-8d0e-dcbaf36652bb";"EAID_936A4E8B_3E5A_44b6_8A5D_EFB39F83FB6D";"business-object";"class";"business-actor";"Het functioneel afgebakende onderdeel van de gemeentelijke organisatie dat verantwoordelijk is voor de behandeling van zaken.";"Het deel van een functioneel afgebakend onderdeel binnen de organisatie dat haar activiteiten uitvoert binnen een VESTIGING VAN ZAAKBEHANDELENDE ORGANISATIE en die verantwoordelijk is voor de behandeling van zaken.";"";"";"";"";"";"";"https://gemmaonline.nl/index.php/GEMMA/id-02f66265-00ae-418d-8d0e-dcbaf36652bb";"";"";"99 Kern > RGBZPlus";"";"09072026-00:43:48"
"708";"";"OrganisatorischeEenheidHR";"";"EAID_53B0C49F_1BDE_4fee_BB0B_0D82517177CC";"";"class";"";"";"Specialisatie van de Organisatorische eenheid uit het RGBZ voor het HR domein.";"";"";"";"";"";"";"";"";"";"9 Interne Organisatie > HR";"";"09072026-00:43:48"
"709";"Ouder Of Verzorger";"Ouder Of Verzorger";"91982611-d658-4c52-8869-0bbf87b487d3";"EAID_51C8E3DF_FFF4_4a20_9CB2_AA5FA50579E2";"business-object";"class";"business-object";"Een persoon die wettelijk verantwoordelijk is voor de zorg en opvoeding van een kind.";"Een persoon die wettelijk verantwoordelijk is voor de zorg en opvoeding van een kind.";"";"";"";"";"";"";"https://gemmaonline.nl/index.php/GEMMA/id-91982611-d658-4c52-8869-0bbf87b487d3";"";"";"4 Onderwijs > Onderwijs";"";"09072026-00:43:48"
"710";"";"Overbruggingsdeel";"";"EAID_2E45A5F3_A685_48c5_98D4_794BE382891E";"";"class";"";"";"Onderdeel van een beweegbare of vaste verbinding tussen twee punten, die door water, een weg of anderszins gescheiden zijn, dat essentieel is voor de constructie.";"";"";"";"";"";"";"";"";"";"99 Kern > RSGBPlus";"";"09072026-00:43:48"
"711";"Overbruggingsobject";"Overbruggingsobject";"e292e9aa-974b-4299-b814-ed5bb50925ef";"EAID_6B907CEB_2CBE_4886_9D3E_215F5D7E00A";"business-object";"class";"";"Onderdeel van een beweegbare of vaste verbinding tussen twee punten, die door water, een weg of anderszins gescheiden zijn, dat essentieel is voor de constructie .";"Onderdeel van een beweegbare of vaste verbinding tussen twee punten, die door water, een weg of anderszins gescheiden zijn, dat essentieel is voor de constructie .";"";"";"";"";"";"";"https://gemmaonline.nl/index.php/GEMMA/id-e292e9aa-974b-4299-b814-ed5bb50925ef";"";"";"8 Volkshuisvesting, Leefomgeving en Stedelijke Vernieuwing > Beheer Openbare Ruimte";"";"09072026-00:43:48"
"712";"";"OverigBenoemdTerrein";"";"EAID_CFA3D54E_C8E0_4559_9475_29D31AF2DECD";"";"class";"";"";"Een door het bevoegde gemeentelijke orgaan als zodanig aangewezen onbebouwd terrein of een gedeelte daarvan, geen standplaats of gedeelte van een ligplaats zijnde, dat bestemd is voor het gedurende langere tijd verrichten van een maatschappelijke activiteit.";"";"";"";"";"";"Door KING toegevoegd objecttype (maakt geen deel uit van enige basisregistratie).";"";"";"";"99 Kern > RSGBPlus";"";"09072026-00:43:48"
"713";"";"OverigBouwwerk";"";"EAID_1DA7BC25_CF02_4161_B9A2_DE0BE27C5254";"";"class";"";"";"Met de aarde verbonden duurzaam bouwwerk, dat niet valt onder de definities van een pand of kunstwerk.";"";"";"";"";"";"";"";"";"";"99 Kern > RSGBPlus";"";"09072026-00:43:48"
"714";"";"OverigGebouwdObject";"";"EAID_7CDF37D9_26D7_46a5_9CF3_392601BDCECA";"";"class";"";"";"De kleinste eenheid van gebruik, geen verblijfsobject zijnde, binnen een bij de totstandkoming functioneel en bouwkundig constructief zelfstandige eenheid die direct en duurzaam met de aarde is verbonden.";"";"";"";"";"";"";"";"";"";"99 Kern > RSGBPlus";"";"09072026-00:43:48"
"715";"";"OverigImgeo";"";"EAID_E34C7512_03C1_443a_8716_E05BBAB8E873";"";"class";"";"";"";"";"";"";"";"";"";"";"";"";"99 Kern > RSGBPlus";"";"09072026-00:43:48"
"716";"OverigeAdresseerbaarObjectAanduiding";"OverigeAdresseerbaarObjectAanduiding";"900a1db0-0009-453f-a000-4d382bcc367d";"EAID_7B33EB93_BAD8_4b36_90A1_B3909415EDC3";"business-object";"class";"";"Een door de gemeenteraad als zodanig toegekende aanduiding van een overig gebouwd object of een overig benoemd terrein.";"Een door de gemeenteraad als zodanig toegekende aanduiding van een overig gebouwd object of een overig benoemd terrein.";"";"Het betreft alle gegevens en relaties van een officieel vastgesteld adres (van een overig gebouwd object of een overig benoemd terrein) zijnde geen NUMMERAANDUIDING zoals deze in de BAG gedefinieerd is. OVERIGE ADRESSEERBAAR OBJECT AANDUIDING is gemodelleerd als een specialisatie van ADRESSEERBAAR OBJECT AANDUIDING. Daar bij NUMMERAANDUIDINGen deels vergelijkbare gegevens en relaties van toepassing zijn, zijn desbetreffende gegevens en relaties gemodelleerd bij ADRESSEERBAAR OBJECT AANDUIDING, de verzameling van nummeraanduidingen en overige adressen. Het OVERIGE ADRESSEERBAAR OBJECT AANDUIDING heeft dientengevolge geen specifieke gegevens, wel is er sprake van specifieke relaties. Van belang is verder dat een specifiek overig adres slechts een adres kan zijn van of een overig gebouwd object of een overig benoemd terrein.";"";"";"Door KING toegevoegd objecttype (maakt geen deel uit van enige basisregistratie).";"Door KING toegevoegd objecttype (maakt geen deel uit van enige basisregistratie).";"https://gemmaonline.nl/index.php/GEMMA/id-900a1db0-0009-453f-a000-4d382bcc367d";"";"";"99 Kern > RSGBPlus";"";"09072026-00:43:48"
"717";"";"OverigeGeoObjecten";"";"EAID_91CCBFAB_A25F_4758_9C19_ACE5E0327CE0";"";"class";"";"";"";"";"";"";"";"";"";"";"";"";"99 Kern > RSGBPlus";"";"09072026-00:43:48"
"718";"";"OverigeScheiding";"";"EAID_EC57B722_D4B4_42d2_AF3C_31E085C63EBB";"";"class";"";"";"Kunstmatig, meestal lineair obstakel met een werende functie, met kleinere afmetingen dan toegestaan voor opname in de BGT.";"";"";"";"";"";"";"";"";"";"99 Kern > RSGBPlus";"";"09072026-00:43:48"
"719";"";"Overleden partner";"";"EAID_201D0432_BDE5_700A_13F6_2791C071691F";"";"class";"";"";"*Overleden partner* is een subtype van **Reden aanvraag** binnen het GBI-Ontologiemodel dat aangeeft dat een persoon een inkomensdienst aanvraagt omdat **de partner is overleden**, met als gevolg dat het huishoudinkomen is verminderd.";"";"Binnen het GBI-model *Reden aanvraag* fungeert *Overleden partner* als een specifieke reden voor het aanvragen van een inkomensvoorziening (zoals bijstand of andere ondersteuning). Het duidt op de situatie waarin het overlijden van een partner heeft geleid tot **verlies van inkomen of gewijzigde financiële verantwoordelijkheden**, waardoor een nieuwe aanvraag noodzakelijk wordt. Deze registratie helpt gemeenten om administratief vast te leggen dat de aanvraag verband houdt met de sterfte van een partner en de daaruit voortvloeiende socio-economische impact op de betrokkene.";"";"";"";"";"";"";"";"Inkomen > Reden aanvraag";"";"09072026-00:43:48"
"720";"";"OverlijdenIngeschrevenNatuurlijkPersoon";"";"EAID_26BCBA8B_C96C_4fc1_8CC3_40698E0FB71E";"";"class";"";"";"Gegevens over het overlijden van de ingeschreven natuurlijk persoon.";"";"<memo>";"";"";"";"";"";"";"";"99 Kern > RSGBPlus";"";"09072026-00:43:48"
"721";"";"OverlijdenIngeschrevenPersoon";"";"EAID_E4578F75_847E_48ef_A91F_EF8B53AEDEC5";"";"class";"";"";"Gegevens over het overlijden van de ingeschreven persoon.";"";"";"";"";"";"";"";"";"";"99 Kern > RSGBPlus";"";"09072026-00:43:48"
"722";"Overstortconstructie";"Overstortconstructie";"";"EAID_845EC5C5_7B96_4999_9659_5617436D269";"";"class";"business-object";"Een constructie voorzien van een overstortdrempel met een ontworpen drempelbreedte en -hoogte.";"Een constructie voorzien van een overstortdrempel met een ontworpen drempelbreedte en -hoogte.";"";"";"";"";"";"";"";"";"";"8 Volkshuisvesting, Leefomgeving en Stedelijke Vernieuwing > Beheer Openbare Ruimte";"";"09072026-00:43:48"
"723";"PGB-Toekenning";"PGB-Toekenning";"2cc8ad38-97f9-4462-83af-cb5556bffd88";"EAID_84FE9B56_158D_4b65_BCC1_5FE29D071FCC";"business-object";"class";"business-object";"Toekenning van een persoonsgebonden budget aan een cliënt voor inkoop van eigen zorg of ondersteuning.";"Betreft alleen toegekende voorzieningen met als leveringsvorm PGB
Opgebouwd op basis van het TKB (Toekenninsgbericht) aan het SVB, en het BAB-bericht (budgetafsluiting). zie: https://istandaarden.nl/istandaarden/ipgb";"";"";"";"";"";"";"https://gemmaonline.nl/index.php/GEMMA/id-2cc8ad38-97f9-4462-83af-cb5556bffd88";"";"";"6 Sociaal Domein > Generiek Jeugd en Wmo";"";"09072026-00:43:48"
"724";"PIP";"PIP";"a1f148c2-d310-45c0-aee9-33e2c641ce37";"EAID_94EB7844_F863_4330_A15A_06ED4D1401E0";"business-object";"class";"business-object";"Het Persoonlijk Plan Inburgering en Participatie (PIP) is een individueel plan dat door de gemeente wordt vastgesteld in overleg met de inburgeringsplichtige, waarin het leerrouteadvies, het inburgeringsaanbod, het hoofddoel en de begeleidingsafspraken zijn vastgelegd, met als doel het succesvol afronden van de inburgering binnen de gestelde termijn.";"Het Persoonlijk Plan Inburgering en Participatie (PIP) is een individueel plan dat door de gemeente wordt vastgesteld in overleg met de inburgeringsplichtige, waarin het leerrouteadvies, het inburgeringsaanbod, het hoofddoel en de begeleidingsafspraken zijn vastgelegd, met als doel het succesvol afronden van de inburgering binnen de gestelde termijn.";"";"•	Het PIP wordt opgesteld na de brede intake en op basis van onder meer de leerbaarheidstoets, diplomawaardering en persoonlijke omstandigheden (artikel 17 van de Wet inburgering 2021).";"";"";"";"";"https://gemmaonline.nl/index.php/GEMMA/id-a1f148c2-d310-45c0-aee9-33e2c641ce37";"";"";"6 Sociaal Domein > Inburgering";"";"09072026-00:43:48"
"725";"PVT";"PVT";"b48d2c3e-646e-4858-b98a-b776f949cd8f";"EAID_783B026E_E993_467c_85E0_E90E9E01BAA0";"business-object";"class";"business-object";"Het Participatieverklaringstraject (PVT) is een verplicht onderdeel van het inburgeringstraject waarin de inburgeringsplichtige kennismaakt met de basiswaarden van de Nederlandse samenleving, en deze onderschrijft door het ondertekenen van de participatieverklaring.";"Het Participatieverklaringstraject (PVT) is een verplicht onderdeel van het inburgeringstraject waarin de inburgeringsplichtige kennismaakt met de basiswaarden van de Nederlandse samenleving, en deze onderschrijft door het ondertekenen van de participatieverklaring.";"";"Het PVT is geregeld in artikel 7.6 van de Wet inburgering 2021 en maakt onderdeel uit van het wettelijk verplichte inburgeringspakket.";"";"";"";"";"https://gemmaonline.nl/index.php/GEMMA/id-b48d2c3e-646e-4858-b98a-b776f949cd8f";"";"";"6 Sociaal Domein > Inburgering";"";"09072026-00:43:48"
"726";"Paal";"Paal";"cd399834-5112-4db5-9f37-9af4f8b3ed4e";"EAID_6B8DBBFB_03D7_4FD7_BBAB_3E7FBE60D97";"business-object";"class";"";"Langwerpig stuk hout, ijzer, steen enz., dat in de grond staat.";"Langwerpig stuk hout, ijzer, steen enz., dat in de grond staat.";"";"";"";"";"";"";"https://gemmaonline.nl/index.php/GEMMA/id-cd399834-5112-4db5-9f37-9af4f8b3ed4e";"";"";"8 Volkshuisvesting, Leefomgeving en Stedelijke Vernieuwing > Beheer Openbare Ruimte";"";"09072026-00:43:48"
"727";"Pachter";"Pachter";"eb838412-7041-4a22-a50d-fdd255391bc1";"EAID_EDC8B01F_4802_4562_BC41_C2CAD76880B6";"business-object";"class";"";"Een persoon die een pachtovereenkomst heeft met de eigenaar van een perceel voor het gebruik als landbouwgrond.";"Een persoon die een pachtovereenkomst heeft met de eigenaar van een perceel voor het gebruik als landbouwgrond.";"";"";"";"";"";"";"https://gemmaonline.nl/index.php/GEMMA/id-eb838412-7041-4a22-a50d-fdd255391bc1";"";"";"9 Interne Organisatie > Vastgoed";"";"09072026-00:43:48"
"728";"Package";"Package";"16727428-b97d-498b-9d5a-91b71dd67dc1";"EAID_ACE86CFF_D6D0_4cbd_8395_99BD763F1B37";"business-object";"class";"";"Een samengesteld bestand of een directory die een aantal bestanden bevat, maar welke als één bestand aan de gebruiker getoond word";"Een samengesteld bestand of een directory die een aantal bestanden bevat, maar welke als één bestand aan de gebruiker getoond word";"";"";"";"";"";"";"https://gemmaonline.nl/index.php/GEMMA/id-16727428-b97d-498b-9d5a-91b71dd67dc1";"";"";"9 Interne Organisatie > ICT";"";"09072026-00:43:48"
"729";"";"Packagingstatus";"";"EAID_C0031024_173A_47d6_9BF4_F22941AA7807";"";"enumeration";"";"";"";"";"";"";"";"";"";"";"";"";"9 Interne Organisatie > ICT";"";"09072026-00:43:48"
"730";"Pand";"Pand";"bcdc30f3-c919-4d3a-b768-b62da7bc755e";"EAID_11595AD8_CE67_40dd_BDA9_489DC7D244ED";"business-object";"class";"business-object";"Een pand is een kleinste bij de totstandkoming functioneel en bouwkundig-constructief zelfstandige eenheid die direct en duurzaam met de aarde is verbonden en betreedbaar en afsluitbaar is.";"Een pand is een kleinste bij de totstandkoming functioneel en bouwkundig-constructief zelfstandige eenheid die direct en duurzaam met de aarde is verbonden en betreedbaar en afsluitbaar is. Beschrijving: Een zelfstandig bouwwerk, zowel zelfstandig in de manier hoe het is gebouwd als waarvoor het is bedoeld om te gebruiken. Een pand voldoet ook aan de volgende eisen: een pand is direct en voor lange tijd met de aarde verbonden (een pand is niet makkelijk te verplaatsen) en een pand kun je binnengaan en afsluiten. Een eenheid kan alleen een pand zijn als het voldoet aan alle eisen uit de Catalogus BAG 2018.";"";"";"";"";"IMBAG";"";"https://gemmaonline.nl/index.php/GEMMA/id-bcdc30f3-c919-4d3a-b768-b62da7bc755e";"PAND (BAG)";"";"99 Kern > BAG";"";"09072026-00:43:48"
"731";"Pand";"Pand";"1affb298-091d-452a-83bd-29638650afb5";"EAID_26D1113F_F7B3_4bdd_9AAE_EA14CC9F3C3F";"business-object";"class";"business-object";"Een pand is een kleinste bij de totstandkoming functioneel en bouwkundig-constructief zelfstandige eenheid die direct en duurzaam met de aarde is verbonden en betreedbaar en afsluitbaar is.";"De kleinste bij de totstandkoming functioneel en bouwkundig-constructief zelfstandige eenheid die direct en duurzaam met de aarde is verbonden en betreedbaar en afsluitbaar is.";"";"Objecttype PAND  is het equivalent van het city gml objecttype BUILDING PART.";"";"";"BAG";"";"https://gemmaonline.nl/index.php/GEMMA/id-1affb298-091d-452a-83bd-29638650afb5";"Pand (RSGB Model)";"";"99 Kern > RSGBPlus";"";"09072026-00:43:48"
"732";"Parkeergarage";"Parkeergarage";"3aed2196-8ba9-4441-a27f-15a1f76d3fda";"EAID_8F492648_6EF2_4f8a_87C9_2440230D4137";"business-object";"class";"business-object";"Open constructie die geheel of gedeeltelijk in gebruik is als voorziening voor het parkeren van voertuigen";"Open constructie die geheel of gedeeltelijk in gebruik is als voorziening voor het parkeren van voertuigen";"";"";"";"";"";"";"https://gemmaonline.nl/index.php/GEMMA/id-3aed2196-8ba9-4441-a27f-15a1f76d3fda";"";"";"2 Verkeer, Vervoer en Waterstaat > Parkeren";"";"09072026-00:43:48"
"733";"Parkeerrecht";"Parkeerrecht";"ae658af8-46be-4d41-ba95-c5e24cec7598";"EAID_9E0936E5_6B50_4205_BA5D_FEB80486D6F1";"business-object";"class";"business-object";"Het onder bepaalde voorwaarden (zoals betaling parkeerbelasting of parkeergeld) ontstane recht om een voertuig gedurende een bepaalde of onbepaalde periode op een daartoe benoemde parkeerplaats of in/op een daartoe benoemde parkeervoorziening te parkeren.";"Het onder bepaalde voorwaarden (zoals betaling parkeerbelasting of parkeergeld) ontstane recht om een voertuig gedurende een bepaalde of onbepaalde periode op een daartoe benoemde parkeerplaats of in/op een daartoe benoemde parkeervoorziening te parkeren.";"";"";"";"";"";"";"https://gemmaonline.nl/index.php/GEMMA/id-ae658af8-46be-4d41-ba95-c5e24cec7598";"";"";"2 Verkeer, Vervoer en Waterstaat > Parkeren";"";"09072026-00:43:48"
"734";"Parkeerscan";"Parkeerscan";"078d57f3-e8a0-485e-a175-c1b3de49eee0";"EAID_653EEEA7_ED82_427d_BD72_86C847793AD6";"business-object";"class";"business-object";"Waarneming van een parkeeractie door een scanauto";"Waarneming van een parkeeractie door een scanauto";"";"";"";"";"";"";"https://gemmaonline.nl/index.php/GEMMA/id-078d57f3-e8a0-485e-a175-c1b3de49eee0";"";"";"2 Verkeer, Vervoer en Waterstaat > Parkeren";"";"09072026-00:43:48"
"735";"Parkeervergunning";"Parkeervergunning";"1486de79-ad71-4dce-8473-f23f1e9c436c";"EAID_FF448272_AB9D_4ec9_B4BE_E60E2552817A";"business-object";"class";"business-object";"Officiele toestemming dat je op een bepaalde plek mag parkeren";"Officiele toestemming dat je op een bepaalde plek mag parkeren";"";"";"";"";"";"";"https://gemmaonline.nl/index.php/GEMMA/id-1486de79-ad71-4dce-8473-f23f1e9c436c";"";"";"2 Verkeer, Vervoer en Waterstaat > Parkeren";"";"09072026-00:43:48"
"736";"Parkeervlak";"Parkeervlak";"30d7e3ac-081c-4ef6-a09e-90437b5a4349";"EAID_5E5C58AD_1634_4656_A183_EBA00F18F30E";"business-object";"class";"business-object";"Parkeergelegenheid bestemd voor het parkeren van een of meerdere voertuigen direct langs de doorgaande weg gelegen.";"Parkeergelegenheid bestemd voor het parkeren van een of meerdere voertuigen direct langs de doorgaande weg gelegen.";"";"";"";"";"";"";"https://gemmaonline.nl/index.php/GEMMA/id-30d7e3ac-081c-4ef6-a09e-90437b5a4349";"";"";"2 Verkeer, Vervoer en Waterstaat > Parkeren";"";"09072026-00:43:48"
"737";"Parkeerzone";"Parkeerzone";"e5293eea-47b8-4091-8ac3-b28139a17c9f";"EAID_27219A32_3B52_4f54_AA67_A972F4B7D9D0";"business-object";"class";"business-object";"Een afgebakend gebied binnen een gemeente waar specifieke parkeerregels en -voorwaarden van toepassing zijn.";"Een afgebakend gebied binnen een gemeente  waar specifieke parkeerregels en -voorwaarden van toepassing zijn.";"";"";"";"";"";"";"https://gemmaonline.nl/index.php/GEMMA/id-e5293eea-47b8-4091-8ac3-b28139a17c9f";"";"";"2 Verkeer, Vervoer en Waterstaat > Parkeren";"";"09072026-00:43:48"
"738";"";"ParticipatieDeelname";"";"EAID_34632CBF_89DE_496f_9679_6EE3D724EC7F";"";"enumeration";"";"";"";"";"<memo>";"";"";"";"";"";"";"";"6 Sociaal Domein > Inburgering";"";"09072026-00:43:48"
"739";"Partij";"Partij";"fb3651d2-9fe0-4da5-ae5b-3e07bbfa498d";"EAID_0F175713_CEAB_4c6e_8A61_27F93C1FC777";"business-object";"class";"";"Een PARTIJ die bij de centrale voorzieningen van de BRP bekend is.";"Een PARTIJ die bij de centrale voorzieningen van de BRP bekend is.";"";"Het gaat hier om partijen die onder andere verantwoordelijk zijn van de bijhouding van gegevens en gekozen kunnen zijn i.v.m. verstrekkingsbeperkingen.";"";"";"BRP";"";"https://gemmaonline.nl/index.php/GEMMA/id-fb3651d2-9fe0-4da5-ae5b-3e07bbfa498d";"";"";"99 Kern > RSGBPlus";"";"09072026-00:43:48"
"740";"";"Partner";"";"EAID_093B2482_D72E_4f88_931C_75C9DABED007";"";"class";"";"";"Een partner is een persoon met wie iemand een romantische en vaak langdurige relatie heeft, gebaseerd op wederzijdse liefde, steun en commitment.";"";"";"";"";"";"";"";"";"";"Schulden > Schuldhulpverlening";"";"09072026-00:43:48"
"741";"Pas";"Pas";"4f840a95-77ba-47ae-b554-a00db6f905b4";"EAID_F6D7A83B_30BC_44f4_91E2_74C04DCE87AE";"business-object";"class";"";"";"klein kaartje met je naam en soms je foto erop, dat je toegang geeft tot bepaalde diensten";"";"";"";"";"";"";"https://gemmaonline.nl/index.php/GEMMA/id-4f840a95-77ba-47ae-b554-a00db6f905b4";"";"";"7 Volksgezondheid en Milieu > Afval";"";"09072026-00:43:48"
"742";"";"Pensioen";"";"EAID_28CBC627_9980_C06E_492F_293A6E4EE649";"";"class";"";"";"Een persoon kan inkomsten hebben uit pensioen.";"";"";"";"";"";"";"";"";"";"6 Sociaal Domein > Sociaal Domein Generiek";"";"09072026-00:43:48"
"743";"Periode";"Periode";"fd2221c7-0cf4-47e1-a313-ec476a6592da";"EAID_137DECB4_F249_4039_B4F3_787852C4CB11";"business-object";"class";"";"bepaalde tijdsduur.";"bepaalde tijdsduur.";"";"";"";"";"";"";"https://gemmaonline.nl/index.php/GEMMA/id-fd2221c7-0cf4-47e1-a313-ec476a6592da";"";"";"99 Kern";"";"09072026-00:43:48"
"744";"";"Periodiek dienst Bijz. bijstand";"";"EAID_1CE59AFB_AA35_C5DB_C243_2871BD384EF7";"";"class";"";"";"Dit concept is redundant met leveringscomponenten in een leveringsspecificatie.De bijzondere bijstand hier bedoeld moet worden opgevoerd als een apart diensttypeDe kostensoort moet worden opgevoerd als een leveringscomponenttype bij het diensttype Bijzondere bijstandBij recht op de dienst bevat de leveringsspecificatie de relevante kostensoorten als leveringscomponenten met het vastgestelde bedrag.";"";"";"";"";"";"";"";"";"";"Inkomen > Diensten";"";"09072026-00:43:48"
"745";"Woningbouwplan";"Plan";"e5933d4f-02b6-4851-a31e-8bc5b7cbaab6";"EAID_D857E285_1EA3_4ba3_9614_5FACAC8BA133";"business-object";"class";"business-object";"Project waarin woningen worden gerealiseerd";"Project waarin woningen worden gerealiseerd";"";"";"";"";"";"";"https://gemmaonline.nl/index.php/GEMMA/id-e5933d4f-02b6-4851-a31e-8bc5b7cbaab6";"";"";"8 Volkshuisvesting, Leefomgeving en Stedelijke Vernieuwing > Bouwen en Wonen";"";"09072026-00:43:48"
"746";"";"PlanVanAanpak";"";"EAID_7DA4A554_10BF_47d1_ACED_966712B043F4";"";"class";"";"";"Een document waarin in elk geval het volgende staat:
■ de hulpvraag van de persoon;
■ de voorgestelde ondersteuning;
■ eventueel de organisatie(s) waarnaar je hebt doorverwezen;
■ de voorwaarden voor schuldhulpverlening (bijvoorbeeld dat de persoon geen nieuwe schulden mag maken).

De hoogte van beslagvrije voet voor de persoon (zie artikel 4a:5 van de Wgs) moet in acht worden genomen.";"";"";"";"";"";"";"";"";"";"Schulden > Schuldhulpverlening";"";"09072026-00:43:48"
"747";"";"Plank";"";"EAID_D9693C25_0F66_4504_BE2B_4BBF66071026";"";"class";"";"";"Deel, plaat; stuk hout breder dan het dik is en langer dan breed.";"";"";"";"";"";"";"";"";"";"Erfgoed > Archief";"";"09072026-00:43:48"
"748";"";"Pomp";"";"EAID_01E06F2E_E561_4D6E_8625_2D0F284BE88";"";"class";"";"";"Een technische installatie die het (afval) water onder druk transporteert.";"";"";"";"";"";"";"";"";"";"8 Volkshuisvesting, Leefomgeving en Stedelijke Vernieuwing > Beheer Openbare Ruimte";"";"09072026-00:43:48"
"749";"";"Postadres";"";"EAID_990C2EBD_AB9B_4f3f_AFF0_18BA11A552DA";"";"class";"";"";"De gegevens die tezamen een postbusadres of antwoordnummeradres vormen";"";"";"";"";"";"";"";"";"";"99 Kern > RSGBPlus";"";"09072026-00:43:48"
"750";"Precario";"Precario";"01e036d1-b350-4782-b31b-7ac54ea39339";"EAID_13BB343D_A595_43c9_8208_9BC5B05B618C";"business-object";"class";"";"Belasting die specifiek wordt geheven voor het plaatsen van voorwerpen onder, op of boven voor de openbare dienst bestemde gemeentegrond.";"Belasting die specifiek wordt geheven voor het plaatsen van voorwerpen onder, op of boven voor de openbare dienst bestemde gemeentegrond.";"";"";"";"";"";"";"https://gemmaonline.nl/index.php/GEMMA2/0.9/id-01e036d1-b350-4782-b31b-7ac54ea39339";"";"";"1 Veiligheid en Vergunningen";"";"09072026-00:43:48"
"751";"";"Predicaat";"";"EAID_231CC1D3_9912_6C4E_A5C8_26EBD1638FD6";"";"enumeration";"";"";"";"";"";"";"";"";"";"";"";"";"Inkomen > Normafwijking";"";"09072026-00:43:48"
"752";"";"PresentieTaalles";"";"EAID_E6674A80_A87E_4b1e_B223_707C45E091A0";"";"enumeration";"";"";"";"";"<memo>";"";"";"";"";"";"";"";"6 Sociaal Domein > Inburgering";"";"09072026-00:43:48"
"753";"Prijs";"Prijs";"eab684dd-ef28-42f6-adcc-f9b513859a0d";"EAID_BF7BAB5F_7025_4792_8288_47F5B1C53E95";"business-object";"class";"";"De te betalen hoeveelheid geld";"De te betalen hoeveelheid geld";"";"";"";"";"";"";"https://gemmaonline.nl/index.php/GEMMA/id-eab684dd-ef28-42f6-adcc-f9b513859a0d";"";"";"5 Sport, Cultuur en Recreatie > Musea";"";"09072026-00:43:48"
"754";"Afvalstoffenheffing";"Prijsafspraak";"343e027e-16c9-43d7-8b90-891aaf9c4b70";"EAID_21BBA828_AAE0_4785_9E44_45C1B866C882";"business-object";"class";"business-object";"Gemeentelijke bestemmingsbelasting ter dekking van de kosten voor huishoudelijk afvalbeheer.";"Overeenkomst tussen concurrenten met betrekking tot de prijs van goederen of diensten.";"";"";"";"";"";"";"https://gemmaonline.nl/index.php/GEMMA/id-343e027e-16c9-43d7-8b90-891aaf9c4b70";"";"";"7 Volksgezondheid en Milieu > Afval";"";"09072026-00:43:48"
"755";"";"Prijsregel";"";"EAID_E79C6C20_3D05_49fb_96ED_105B5CD0ABA5";"";"class";"";"";"Een *prijsregel* is een **regel die aangeeft hoe de prijs van een product, dienst of prestatie wordt vastgesteld of toegepast**, bijvoorbeeld binnen een declaratie- of tariefstructuur.";"";"In administratieve en financiële systemen geeft een *prijsregel* aan **welke tarieven of prijsinstellingen** gehanteerd moeten worden voor het berekenen van het te factureren bedrag bij een levering of prestatie. Het kan bijvoorbeeld de manier beschrijven waarop een tarief wordt bepaald binnen een declaratiesysteem (zoals in de zorg waar prestaties aan specifieke tarieven zijn gekoppeld) of hoe prijzen worden berekend op basis van volume-, tijds- of productcriteria. Prijsregels worden gebruikt om consistent en systematisch te kunnen berekenen wat er in rekening gebracht mag worden voor een geleverde prestatie.";"";"";"";"";"";"";"";"7 Volksgezondheid en Milieu > Afval";"";"09072026-00:43:48"
"756";"";"Prijzenboek";"";"EAID_F1489610_1E50_4328_8CD8_F41E9CE0C0D8";"";"class";"";"";"Beschrijving van gangbare onderhoudsactiviteiten met de bijbehorende, actuele prijzen en normen voor de uitvoering.";"";"";"";"";"";"";"";"";"";"9 Interne Organisatie > ICT";"";"09072026-00:43:48"
"757";"";"Prijzenboekitem";"";"EAID_697512E4_0C8E_4be8_8E95_9E2E4BD50F85";"";"class";"";"";"Onderdeel van een prijzenboek";"";"";"";"";"";"";"";"";"";"9 Interne Organisatie > Vastgoed";"";"09072026-00:43:48"
"758";"";"Primair inkomstencomponent";"";"EAID_e0a328b0_21ff_469d_912e_63465279b5a1";"";"class";"";"";"Een persoon kan vanuit diverse bronnen inkomsten krijgen. Denk bijvoorbeeld aan alimentatie, loon, uitkering of zelfs vergoedingen voor maaltijden, onkosten, vervoer e.d. De inkomstencomponent vormt een deel van de totale inkomsten van een persoon. Hiermee leggen we vast het type inkomste, het bedrag en de periode waarover dat bedrag is ontvangen en de boekingsdatum waarop het bedrag is ontvangen.Dat laatste is belangrijk voor de verschillende perspectieven op inkomsten te onderscheiden naar loon-in en loon-over.Achtergrond hierbij zijn twee regelingenLoon wordt als regel toegerekend aan het tijdvak waarin het aan de werknemer is betaald (loon-in). Onder bepaalde voorwaarden mogen werkgevers het uitbetaalde loon toerekenen aan een verstreken loontijdvak. Dit wordt de 'loon-over-regeling' genoemd. Waarom populair: voor een werknemer kan het verstrekken van een uitkering e.d. niet in het kalenderjaar maar bijvoorbeeld in het jaar daarop, hem fiscaal gezien voordelen geven.Bij loon-over gaat het om twee regelingen:De eerste regeling houdt in dat een werkgever een in de maand januari van het nieuwe jaar gedane inhouding op loon dat de werknemer voor het voorgaande jaar nog toekomt, mag opnemen in de laatste aangifte over het oude jaar. Daarbij wordt de inhouding volgens de tarieven van het voorgaande jaar berekend. Deze regeling is structureel in de wet opgenomen.De tweede regeling houdt in dat de werkgever binnen het kalenderjaar loonbetalingen mag toerekenen aan de verstreken loontijdvakken waarop zij betrekking hebben, zo nodig door het indienen van correctieberichten.";"";"";"";"";"";"";"";"";"";"6 Sociaal Domein > Sociaal Domein Generiek";"";"09072026-00:43:48"
"759";"ProcesVerbaalMoorMelding";"Proces-verbaal-MOOR-melding";"48bc7e60-2a17-4909-b475-b18938e79048";"EAID_2587938E_CF7F_499b_BB21_9CB8BBCC1DD2";"business-object";"class";"";"Officieel op papier gesteld verslag met betrekking tot heen MOOR-melding";"Officieel op papier gesteld verslag met betrekking tot heen MOOR-melding";"";"";"";"";"";"";"https://gemmaonline.nl/index.php/GEMMA/id-48bc7e60-2a17-4909-b475-b18938e79048";"";"";"8 Volkshuisvesting, Leefomgeving en Stedelijke Vernieuwing > Beheer Openbare Ruimte";"";"09072026-00:43:48"
"760";"Procesverbaal Onderwijs";"Procesverbaal Onderwijs";"aa2cb2d9-8482-473c-a5bf-c042cb39352a";"EAID_697F1730_B439_4b35_8799_1B2E9AB04548";"business-object";"class";"business-object";"Een officieel document dat een overtreding van de leerplichtwet vastlegt.";"Een officieel document dat een overtreding van de leerplichtwet vastlegt.";"";"";"";"";"";"";"https://gemmaonline.nl/index.php/GEMMA/id-aa2cb2d9-8482-473c-a5bf-c042cb39352a";"";"";"4 Onderwijs > Leerplicht en Leerlingenvervoer";"";"09072026-00:43:48"
"761";"Product";"Product";"021bf2ce-98b1-4ca5-8785-4cc902b98f10";"EAID_FF566C6B_077B_4914_8AF7_40EB1EDD388A";"business-object";"class";"business-object";"Het resultaat van een proces dat in het economisch verkeer een waarde bezit.";"Het resultaat van een proces dat in het economisch verkeer een waarde bezit.";"";"";"";"";"";"";"https://gemmaonline.nl/index.php/GEMMA/id-021bf2ce-98b1-4ca5-8785-4cc902b98f10";"Product (Museum)";"";"5 Sport, Cultuur en Recreatie > Musea";"";"09072026-00:43:48"
"762";"Product";"Product";"3b8b01b0-7870-48fb-b4a7-6a5a593e4ea3";"EAID_D5DD2F67_6A1F_46b0_972E_795ECC4B2E4F";"business-object";"class";"business-object";"Het resultaat van een proces dat in het economisch verkeer een waarde bezit.";"Het resultaat van een proces dat in het economisch verkeer een waarde bezit.";"";"";"";"";"";"";"https://gemmaonline.nl/index.php/GEMMA/id-3b8b01b0-7870-48fb-b4a7-6a5a593e4ea3";"Product (ICT)";"";"9 Interne Organisatie > ICT";"";"09072026-00:43:48"
"763";"Product";"Product";"d7ab242e-b050-4af7-a400-d87ce1eceb43";"EAID_04439F81_75DB_45cf_BE7A_352A54A95D73";"business-object";"class";"business-object";"Het resultaat van een proces dat in het economisch verkeer een waarde bezit.";"Het resultaat van een proces dat in het economisch verkeer een waarde bezit.";"";"";"";"";"";"";"https://gemmaonline.nl/index.php/GEMMA/id-d7ab242e-b050-4af7-a400-d87ce1eceb43";"Product (Financien)";"";"9 Interne Organisatie > Financien";"";"09072026-00:43:48"
"764";"Product of dienst";"ProductOfDienst";"724f019e-158f-4404-8b57-3e1eae109fec";"EAID_4B871112_CB41_4bfb_BD43_117C63D31BB4";"business-object";"class";"product";"Bron: QP_CALENDAR. CFM_SERVICES";"Bron: QP_CALENDAR.CFM_SERVICES";"";"";"";"";"";"";"https://gemmaonline.nl/index.php/GEMMA/id-724f019e-158f-4404-8b57-3e1eae109fec";"";"";"10 Dienstverlening";"";"09072026-00:43:48"
"765";"";"Productgroep";"";"EAID_209ACADD_34C7_4dc8_90AD_C6B3E092FBFD";"";"class";"";"";"Groepering van producten";"";"";"";"";"";"";"";"";"";"2 Verkeer, Vervoer en Waterstaat > Parkeren";"";"09072026-00:43:48"
"766";"";"Productgroep";"";"EAID_42EBA101_3E51_46d5_A234_EC7BA991D3AF";"";"class";"";"";"Groepering van producten";"";"";"";"";"";"";"";"";"";"5 Sport, Cultuur en Recreatie > Musea";"";"09072026-00:43:48"
"767";"ProductieEenheid";"Productie-eenheid";"15fbcddb-67b4-48a7-b2a6-1c11c514130b";"EAID_D3EF17C3_8100_4a61_9E67_F20924C15CEA";"business-object";"class";"";"Een (deel van een) productiemiddel, dat zelfstandig (ofwel onafhankelijk van de andere delen van het desbetreffende productiemiddel) kan worden ingezet.";"Een (deel van een) productiemiddel, dat zelfstandig (ofwel onafhankelijk van de andere delen van het desbetreffende productiemiddel) kan worden ingezet.";"";"";"";"";"";"";"https://gemmaonline.nl/index.php/GEMMA/id-15fbcddb-67b4-48a7-b2a6-1c11c514130b";"";"";"5 Sport, Cultuur en Recreatie > Musea";"";"09072026-00:43:48"
"768";"";"Productsoort";"";"EAID_1CB4051D_B78A_48f0_AE3E_A98D997A5612";"";"class";"";"";"Typologie van een product";"";"";"";"";"";"";"";"";"";"2 Verkeer, Vervoer en Waterstaat > Parkeren";"";"09072026-00:43:48"
"769";"";"Producttype";"";"EAID_03B4B3C0_3616_4ea2_A8B1_3D6754325F02";"";"class";"";"";"Een *producttype* is een categorie of variant van producten die dezelfde aard of kenmerken delen, waarmee producten binnen een groep worden ingedeeld op basis van gemeenschappelijke eigenschappen.";"";"Het begrip *producttype* verwijst naar de classificatie van producten binnen een bepaalde groep of categorie. In economische en administratieve contexten wordt dit gebruikt om producten te onderscheiden en te groeperen, bijvoorbeeld verschillende soorten melk binnen de zuivelcategorie (zoals magere melk, volle melk en karnemelk). Binnen data- of productcatalogi fungeert het producttype als **label of sjabloon** dat producten structureel groepeert zodat deze overzichtelijk beheerd en geanalyseerd kunnen worden.";"";"";"";"";"";"";"";"1 Veiligheid en Vergunningen";"";"09072026-00:43:48"
"770";"";"Profiel";"";"EAID_D8F2EAAD_7C80_4164_8171_C632F18A6742";"";"class";"";"";"";"";"";"";"";"";"";"";"";"";"6 Sociaal Domein > Sociaal Domein Generiek";"";"09072026-00:43:48"
"771";"";"Programma";"";"EAID_CA56A59A_F855_4c19_89BE_578B12481EA0";"";"class";"";"";"Een tijdelijke, flexibele organisatiestructuur, die is opgezet om de implementatie van een verzameling met elkaar samenhangende projecten en activiteiten te co&#246;rdineren, te sturen en te controleren teneinde te zorgen voor de realisatie van de eindresultaten en benefits die zijn gerelateerd aan de strategische doelstellingen van de organisatie.";"";"";"";"";"";"";"";"";"";"0 Bestuur, Politiek en Ondersteuning > Griffie";"";"09072026-00:43:48"
"772";"Programma";"Programma";"04bc18ef-7530-4fd3-82e4-2503e9229bbe";"EAID_3B84D5F0_FCA3_47a5_B90C_F0834DAD6EBD";"business-object";"class";"";"Een tijdelijke, flexibele organisatiestructuur, die is opgezet om de implementatie van een verzameling met elkaar samenhangende projecten en activiteiten te co√∂rdineren, te sturen en te controleren teneinde te zorgen voor de realisatie van de eindresulta";"Een tijdelijke, flexibele organisatiestructuur, die is opgezet om de implementatie van een verzameling met elkaar samenhangende projecten en activiteiten te co&#246;rdineren, te sturen en te controleren teneinde te zorgen voor de realisatie van de eindresultaten en benefits die zijn gerelateerd aan de strategische doelstellingen van de organisatie.";"";"";"";"";"";"";"https://gemmaonline.nl/index.php/GEMMA/id-04bc18ef-7530-4fd3-82e4-2503e9229bbe";"Programma (Museum)";"";"5 Sport, Cultuur en Recreatie > Musea";"";"09072026-00:43:48"
"773";"Programma";"Programma";"5c865df8-3c62-4302-9a7b-eb5bd9ba6785";"EAID_0E19C86B_9088_41bd_9DD0_15094426570E";"business-object";"class";"";"Een tijdelijke, flexibele organisatiestructuur, die is opgezet om de implementatie van een verzameling met elkaar samenhangende projecten en activiteiten te co√∂rdineren, te sturen en te controleren teneinde te zorgen voor de realisatie van de eindresulta";"Een tijdelijke, flexibele organisatiestructuur, die is opgezet om de implementatie van een verzameling met elkaar samenhangende projecten en activiteiten te co√∂rdineren, te sturen en te controleren teneinde te zorgen voor de realisatie van de eindresultaten en benefits die zijn gerelateerd aan de strategische doelstellingen van de organisatie.";"";"";"";"";"";"";"https://gemmaonline.nl/index.php/GEMMA/id-5c865df8-3c62-4302-9a7b-eb5bd9ba6785";"Programma (Organisatie)";"";"9 Interne Organisatie > Organisatie-indeling";"";"09072026-00:43:48"
"774";"";"Programmasoort";"";"EAID_43EF5733_B976_4f21_9906_5349FD861BB5";"";"class";"";"";"Typering van een programma";"";"";"";"";"";"";"";"";"";"5 Sport, Cultuur en Recreatie > Musea";"";"09072026-00:43:48"
"775";"Archeologisch onderzoek";"Project";"8d356375-d2fe-4939-8ed7-f1403fa8c96e";"EAID_E42A32F7_262F_4005_9EB9_4674B76E8825";"business-object";"class";"business-object";"Archeologisch onderzoeksproject dat door of in opdracht van de gemeente als bevoegd gezag wordt uitgevoerd, met bijbehorende besluiten, documentatie en vondsten.";"Geheel van activiteiten uitgevoerd in een tijdelijk samenwerkingsverband gericht op het binnen bepaalde randvoorwaarden (bv. tijd, geld) bereiken van een vooraf gedefinieerd resultaat.";"";"";"";"";"";"";"https://gemmaonline.nl/index.php/GEMMA/id-8d356375-d2fe-4939-8ed7-f1403fa8c96e";"Project (Archeologie)";"";"Erfgoed > Archeologie";"";"09072026-00:43:48"
"776";"Archeologisch onderzoek";"Project";"14baf353-fdc5-458c-9a2e-66b3ec04d9d0";"EAID_E1FAE16A_42AE_4b7d_88FC_F429079D1C4D";"business-object";"class";"business-object";"Archeologisch onderzoeksproject dat door of in opdracht van de gemeente als bevoegd gezag wordt uitgevoerd, met bijbehorende besluiten, documentatie en vondsten.";"Geheel van activiteiten uitgevoerd in een tijdelijk samenwerkingsverband gericht op het binnen bepaalde randvoorwaarden (bv. tijd, geld) bereiken van een vooraf gedefinieerd resultaat.";"";"";"";"";"";"";"https://gemmaonline.nl/index.php/GEMMA/id-14baf353-fdc5-458c-9a2e-66b3ec04d9d0";"Project (Omgevingswet)";"";"8 Volkshuisvesting, Leefomgeving en Stedelijke Vernieuwing > Omgevingswet";"";"09072026-00:43:48"
"777";"Archeologisch onderzoek";"Project";"132ee7cb-0cfc-47d1-a50c-dd7e3a656651";"EAID_7087D528_7024_4569_876A_C4605A00546D";"business-object";"class";"business-object";"Archeologisch onderzoeksproject dat door of in opdracht van de gemeente als bevoegd gezag wordt uitgevoerd, met bijbehorende besluiten, documentatie en vondsten.";"Geheel van activiteiten uitgevoerd in een tijdelijk samenwerkingsverband gericht op het binnen bepaalde randvoorwaarden (bv. tijd, geld) bereiken van een vooraf gedefinieerd resultaat.";"";"";"";"";"";"";"https://gemmaonline.nl/index.php/GEMMA/id-132ee7cb-0cfc-47d1-a50c-dd7e3a656651";"Project (Organisatie)";"";"9 Interne Organisatie > Organisatie-indeling";"";"09072026-00:43:48"
"778";"";"Projectactiviteit";"";"EAID_B31B867F_061E_42d4_AB8A_DB5589602969";"";"class";"";"";"Activiteit binnen het project";"";"";"";"";"";"";"";"";"";"8 Volkshuisvesting, Leefomgeving en Stedelijke Vernieuwing > Omgevingswet";"";"09072026-00:43:48"
"779";"Projectleider";"Projectleider";"fa52d5b0-b810-4f70-8e27-180b36fec342";"EAID_888BBB4F_BEBA_4b9a_BB2E_0E1F2A3606DF";"business-object";"class";"";"De persoon die een project aanstuurt";"De persoon die een project aanstuurt";"";"";"";"";"";"";"https://gemmaonline.nl/index.php/GEMMA/id-fa52d5b0-b810-4f70-8e27-180b36fec342";"";"";"8 Volkshuisvesting, Leefomgeving en Stedelijke Vernieuwing > Bouwen en Wonen";"";"09072026-00:43:48"
"780";"Projectlocatie";"Projectlocatie";"f1461f1c-503e-47ba-a1e7-43204103b356";"EAID_D60910E1_6E36_4ebb_9687_2D2B1CE66E0B";"business-object";"class";"";"Fysieke locatie waar een project betrekking op heeft of wordt uitgevoerd.";"Fysieke locatie waar een project betrekking op heeft of wordt uitgevoerd.";"";"";"";"";"";"";"https://gemmaonline.nl/index.php/GEMMA/id-f1461f1c-503e-47ba-a1e7-43204103b356";"";"";"8 Volkshuisvesting, Leefomgeving en Stedelijke Vernieuwing > Omgevingswet";"";"09072026-00:43:48"
"781";"Projectontwikkelaar";"Projectontwikkelaar";"2e6cb8da-90a5-4c57-be64-5a82cfbddb12";"EAID_6BBB2AE0_6F42_4676_8C6C_E727032F5F47";"business-object";"class";"";"Een persoon of een firma die een project ontwikkelt voor financieel gewin.";"Een persoon of een firma die een project ontwikkelt voor financieel gewin.";"";"";"";"";"";"";"https://gemmaonline.nl/index.php/GEMMA/id-2e6cb8da-90a5-4c57-be64-5a82cfbddb12";"";"";"8 Volkshuisvesting, Leefomgeving en Stedelijke Vernieuwing > Bouwen en Wonen";"";"09072026-00:43:48"
"782";"Provincie";"Provincie";"3d323476-1d44-4b8f-87bf-a6157bf888e5";"EAID_5A8F56B7_AE35_4212_B059_DAD064EDBAB8";"business-object";"class";"";"Een gedeelte van de wereld met een eigen bestuur, waarvan de soevereiniteit in ieder geval door Nederland is erkend.";"Een gedeelte van de wereld met een eigen bestuur, waarvan de soevereiniteit in ieder geval door Nederland is erkend.";"";"";"";"";"GFO BG";"";"https://gemmaonline.nl/index.php/GEMMA/id-3d323476-1d44-4b8f-87bf-a6157bf888e5";"";"";"99 Kern > RSGBPlus";"";"09072026-00:43:48"
"783";"";"ProxyConnector";"";"EAID_5E685C97_7E21_492d_BAA7_AC7F5AE05A6D";"";"class";"";"";"";"";"";"";"";"";"";"";"";"";"3 Economie";"";"09072026-00:43:48"
"784";"";"ProxyConnector";"";"EAID_EAE2ABE3_531A_416e_A614_AD288E635512";"";"class";"";"";"";"";"";"";"";"";"";"";"";"";"3 Economie";"";"09072026-00:43:48"
"785";"";"Proxyconnector";"";"EAID_D1725B4A_DD7E_478f_999E_ECFD46D07B00";"";"class";"";"";"";"";"";"";"";"";"";"";"";"";"5 Sport, Cultuur en Recreatie > Musea";"";"09072026-00:43:48"
"786";"";"Proxyconnector";"";"EAID_E98235C8_0A7C_4e6c_B182_4DFBF81CDAF5";"";"class";"";"";"";"";"";"";"";"";"";"";"";"";"5 Sport, Cultuur en Recreatie > Musea";"";"09072026-00:43:48"
"787";"";"Proxyconnector";"";"EAID_0C8A7D1C_78AB_4041_B809_4E623B151AF8";"";"class";"";"";"";"";"";"";"";"";"";"";"";"";"5 Sport, Cultuur en Recreatie > Sport";"";"09072026-00:43:48"
"788";"";"Proxyconnector";"";"EAID_B20318D0_EB2F_4ba1_B2BE_2BDDD4846143";"";"class";"";"";"";"";"";"";"";"";"";"";"";"";"5 Sport, Cultuur en Recreatie > Sport";"";"09072026-00:43:48"
"789";"";"Proxyconnector";"";"EAID_BADEA7EB_6D8A_4897_8652_562D161CB303";"";"class";"";"";"";"";"";"";"";"";"";"";"";"";"5 Sport, Cultuur en Recreatie > Sport";"";"09072026-00:43:48"
"790";"";"Proxyconnector";"";"EAID_D41DFD6D_FEF0_4180_8ED2_9A95418AA939";"";"class";"";"";"";"";"";"";"";"";"";"";"";"";"5 Sport, Cultuur en Recreatie > Sport";"";"09072026-00:43:48"
"791";"";"Punt";"";"EAID_20437683_6777_4c7b_B44B_1E3A216239AA";"";"class";"";"";"Plaats in de ruimte";"";"";"";"";"";"";"";"";"";"99 Kern";"";"09072026-00:43:48"
"792";"";"Puntengroep";"";"EAID_4C0C5DDB_E5BA_42a0_BA5B_65E2D433B16C";"";"class";"";"";"Verzameling van punten";"";"";"";"";"";"";"";"";"";"99 Kern";"";"09072026-00:43:48"
"793";"Put";"Put";"6ace770c-ac42-4d79-bd84-145f77968360";"EAID_17286CE1_21F2_454b_95A6_3E4C0C6E2453";"business-object";"class";"business-object";"Verticale waterdichte constructie, toegepast om leidingen aan te sluiten, van richting of niveau te veranderen, om toegang te verschaffen aan personeel en/of apparatuur voor inspectie en onderhoud, en om beluchting en ventilatie mogelijk te maken";"Grondspoor, veelal verstevigd en gefundeerd aangelegd, bedoeld voor de tijdelijke opslag van danwel water (waterput) danwel uitwerpselen en afval (beerput).";"";"";"";"";"";"";"https://gemmaonline.nl/index.php/GEMMA/id-6ace770c-ac42-4d79-bd84-145f77968360";"Put (Archeologie)";"Drainageput, Filterput, Infiltratieput, Rioolput";"Erfgoed > Archeologie";"";"09072026-00:43:48"
"794";"Put";"Put";"1208ebe7-a18a-40fc-bb6e-87dd2dd7de2a";"EAID_B7168388_9EB9_4C95_B35E_1BA2660849E";"business-object";"class";"business-object";"Verticale waterdichte constructie, toegepast om leidingen aan te sluiten, van richting of niveau te veranderen, om toegang te verschaffen aan personeel en/of apparatuur voor inspectie en onderhoud, en om beluchting en ventilatie mogelijk te maken";"Verticale waterdichte constructie, toegepast om leidingen aan te sluiten, van richting of niveau te veranderen, om toegang te verschaffen aan personeel en/of apparatuur voor inspectie en onderhoud, en om beluchting en ventilatie mogelijk te maken";"";"";"";"";"";"";"https://gemmaonline.nl/index.php/GEMMA/id-1208ebe7-a18a-40fc-bb6e-87dd2dd7de2a";"Put (Beheer Openbare Ruimte)";"Drainageput, Filterput, Infiltratieput, Rioolput";"8 Volkshuisvesting, Leefomgeving en Stedelijke Vernieuwing > Beheer Openbare Ruimte";"";"09072026-00:43:48"
"795";"";"Putdeksel";"";"EAID_F111E740_26A6_477B_935D_CA5570D4FC8";"";"class";"";"";"Deksel met als functie het afdekken van een put (GWSW). Dekt meestal de opening van een rioolput af, is meestal rond,  van zwaar metaal, soms van kunststof.";"";"";"";"";"";"";"";"";"";"8 Volkshuisvesting, Leefomgeving en Stedelijke Vernieuwing > Beheer Openbare Ruimte";"";"09072026-00:43:48"
"796";"";"RSGB";"";"EAID_47012752_161F_4b30_BB79_4F4F04B9C734";"";"class";"";"";"";"";"";"";"";"";"";"";"";"";"99 Kern > RGBZPlus";"";"09072026-00:43:48"
"797";"";"RSGB";"";"EAID_1C092D44_571B_4903_BE7C_274931EB1A80";"";"class";"";"";"";"";"";"";"";"";"";"";"";"";"99 Kern > RGBZPlus";"";"09072026-00:43:48"
"798";"Raadscommissie";"Raadscommissie";"62126697-6498-4c0a-a84e-2275138c2eaa";"EAID_CB27D699_F82B_45ad_823A_B2B51BCAECBA";"business-object";"class";"";"Een raadscommissie binnen de Nederlandse gemeenteraad is een groep raadsleden die zich buigt over specifieke thema's of beleidsonderwerpen om de besluitvorming in de volledige raad voor te bereiden en te ondersteunen.";"Een raadscommissie binnen de Nederlandse gemeenteraad is een groep raadsleden die zich buigt over specifieke thema's of beleidsonderwerpen om de besluitvorming in de volledige raad voor te bereiden en te ondersteunen.";"";"";"";"";"";"";"https://gemmaonline.nl/index.php/GEMMA/id-62126697-6498-4c0a-a84e-2275138c2eaa";"";"";"0 Bestuur, Politiek en Ondersteuning > Griffie";"";"09072026-00:43:48"
"799";"Raadslid";"Raadslid";"db373678-134a-4333-9d49-e86faf5ce531";"EAID_5772BEBB_97FA_42a9_B70D_DB55EAD6D1EE";"business-object";"class";"business-object";"Iemand die behoort tot de gemeenteraad.";"Iemand die behoort de gemeenteraad";"";"";"";"";"";"";"https://gemmaonline.nl/index.php/GEMMA/id-db373678-134a-4333-9d49-e86faf5ce531";"";"";"0 Bestuur, Politiek en Ondersteuning > Griffie";"";"09072026-00:43:48"
"800";"Raadslid";"Raadslid";"db373678-134a-4333-9d49-e86faf5ce531";"EAID_5772BEBB_97FA_42a9_B70D_DB55EAD6D1EE";"business-object";"class";"business-role";"Het lidmaatschap van de gemeenteraad: de verantwoordelijkheid van volksvertegenwoordiging, kaderstelling en controle, vervuld door een gekozen persoon.";"Iemand die behoort de gemeenteraad";"";"";"";"";"";"";"https://gemmaonline.nl/index.php/GEMMA/id-db373678-134a-4333-9d49-e86faf5ce531";"";"";"0 Bestuur, Politiek en Ondersteuning > Griffie";"";"09072026-00:43:48"
"801";"Raadsstuk";"Raadsstuk";"378dab8d-1135-40b8-9ed5-3591a89c75c2";"EAID_440219A4_C64B_4eac_ADE5_E79ED6AA9BFE";"business-object";"class";"business-object";"Stuk dat door de gemeenteraad wordt behandeld";"Stuk dat door de gemeenteraad wordt behandeld";"";"";"";"";"";"";"https://gemmaonline.nl/index.php/GEMMA/id-378dab8d-1135-40b8-9ed5-3591a89c75c2";"";"";"0 Bestuur, Politiek en Ondersteuning > Griffie";"";"09072026-00:43:48"
"802";"Rapportagemoment";"Rapportagemoment";"0ae46688-6cc8-4553-adc7-04b2ed7b8b8f";"EAID_20CA8283_CE99_455c_BF4D_EAE3DF41AE5B";"business-object";"class";"";"Een vantevoren bepaald tijdstip waarom een gegevensanalyse wordt uitgevoerd";"Een vantevoren bepaald tijdstip waarom een gegevensanalyse wordt uitgevoerd";"";"";"";"";"";"";"https://gemmaonline.nl/index.php/GEMMA/id-0ae46688-6cc8-4553-adc7-04b2ed7b8b8f";"";"";"9 Interne Organisatie > Subsidies";"";"09072026-00:43:48"
"803";"";"Recht";"";"EAID_1CC0F6E1_888E_945B_4A20_28C0FB594D4C";"";"class";"";"";"Het bepaalde recht op het verkrijgen van een dienst. Het recht is opgebouwd uit conclusies op relevante voorwaarden voor het verkrijgen van een dienst.";"";"";"";"";"";"";"";"";"";"Inkomen > Diensten";"";"09072026-00:43:48"
"804";"Rechthebbende";"Rechthebbende";"be17bc1c-f653-4b92-8f97-9e9219502be5";"EAID_9AE5BCE3_AD6D_4241_9651_823400E3745F";"business-object";"class";"business-role";"Een rechthebbende is iemand die rechten heeft op een goed.";"Een rechthebbende is iemand die rechten heeft op een goed.";"";"";"";"";"";"";"https://gemmaonline.nl/index.php/GEMMA/id-be17bc1c-f653-4b92-8f97-9e9219502be5";"";"";"Erfgoed > Archief";"";"09072026-00:43:48"
"805";"";"Rechtmaand";"";"EAID_0DF4970C_7D69_27D9_7976_263C0A6C41DC";"";"class";"";"";"Een vordering in het kader van de bijvoorbeeld de bijstand kan over meerdere kalendermaanden betreffen. In die maanden had de debiteur recht op die bijstand. Zo'n maand onder die vordering noemt men een rechtmaand.Rechtmaanden worden geadministreerd onder een vorderingscomponent bij de vordering. Als de vordering meerdere rechtmaanden bevat die of niet opvolgend zijn of een jaargrens passeren, dan worden die rechtmaanden opgesplitst in reeksen van opvolgende rechtmaanden binnen een jaar. Elke opsplitsing vormt dan een vorderingscomponent.";"";"";"";"";"";"";"";"";"";"Inkomen > Terug- en invordering";"";"09072026-00:43:48"
"806";"Rechtspersoon";"Rechtspersoon";"cad45b80-14d3-4a0c-a906-0c1614dc9570";"EAID_9DF5AC43_3673_4b9a_BB5E_6DCA7BE28835";"business-object";"class";"";"Een NATUURLIJK PERSOON of een NIET-NATUURLIJK PERSOON";"Een NATUURLIJK PERSOON of een NIET-NATUURLIJK PERSOON";"";"";"";"";"";"";"https://gemmaonline.nl/index.php/GEMMA/id-cad45b80-14d3-4a0c-a906-0c1614dc9570";"";"";"99 Kern > RSGBPlus";"";"09072026-00:43:48"
"807";"";"Reden aanvraag";"";"EAID_cac6d8c1_42e6_41cb_9907_3c65c081afba";"";"class";"";"";"Reden waarom dienst wordt aanvraagd bij gemeente.";"";"";"";"";"";"";"";"";"";"Inkomen > Reden aanvraag";"";"09072026-00:43:48"
"808";"";"Reden aanvraag Levensonderhoud";"";"EAID_0BCC5755_9F69_A5D7_4387_2791BFCD4782";"";"class";"";"";"*Reden aanvraag Levensonderhoud* is een categorie binnen het GBI-Ontologiemodel die aangeeft dat een cliënt een inkomensdienst aanvraagt vanwege een situatie waarin **middelen voor levensonderhoud ontbreken of zijn weggevallen**, en deze aanleiding geeft voor ondersteuning.";"";"Binnen het GBI-model *Reden aanvraag* worden verschillende specifieke redenen gegroepeerd onder *Levensonderhoud* om vast te leggen waarom een persoon inkomensondersteuning aanvraagt. Dit omvat situaties waarin het inkomen is weggevallen of onvoldoende is, zoals **gestopt betaald werk, gestopte uitkering, gestopte detentie, verbroken relatie, overleden partner** en andere omstandigheden die direct invloed hebben op het bestaan en de mogelijkheid om in het levensonderhoud te voorzien. Door deze reden te registreren kan een gemeente administratief structureren welke achterliggende situatie de aanvraag voor een inkomensvoorziening — zoals een bijstandsuitkering — verklaart.";"";"";"";"";"";"";"";"Inkomen > Reden aanvraag";"";"09072026-00:43:48"
"809";"";"Reden afwijkende startdatum";"";"EAID_ed8f8dba_b936_40ad_b443_1ee91b8fe046";"";"class";"";"";"*Reden afwijkende startdatum* is een categorie binnen het GBI-Ontologiemodel die aangeeft **waarom de ingangsdatum van een dienst of uitkering afwijkt van de standaard startdatum** (bijv. de datum van eerste melding).";"";"In het **GBI-model *Reden aanvraag*** representeert *Reden afwijkende startdatum* situaties waarin de **startdatum van een dienst (zoals een bijstandsuitkering)** niet samenvalt met de datum van eerste melding of aanvraag. Dit kan bijvoorbeeld voorkomen wanneer iemand **wacht op een beslissing van een instantie**, **opname in een instelling heeft**, of **vertraging ondervindt door zaken zoals het verkrijgen van DigiD**. Door dit als aparte reden te registreren kan de gemeente expliciet documenteren welke omstandigheid heeft geleid tot een afwijking van de standaard startdatum, wat relevant is voor planning, rechtmatigheid en administratieve afhandeling.";"";"";"";"";"";"";"";"Inkomen > Reden aanvraag";"";"09072026-00:43:48"
"810";"";"RedenBlokkering";"";"EAID_88B0A7AB_53E6_4bc1_8D99_9BE896AB8418";"";"class";"";"";"Als de dienst een uitkering betreft die periodiek wordt uitgekeerd, kan om redenen de betaling worden geblokkeerd. Reden toevoeging: Geeft de reden van blokkering van de uitkering aan. Als de dienst een uitkering betreft, die periodiek wordt uitgekeerd, kan om redenen de betaling worden geblokkeerd. De betalingsblokkade wordt opgenomen bij de dienst, die wordt genoten door de client en partner van de client. Nodig voor diepere analyse van stand van uitkeringen. Hoeveel uitkleringen hebben we geblokkeerd op dit moment omdat we de uitkering gaan beindigen.";"";"";"";"";"";"";"";"";"";"Inkomen > Model Inkomen";"";"09072026-00:43:48"
"811";"";"RedenInstroom";"";"EAID_8D999BE8_96AB_8418_99A2_CB86335AFB97";"";"class";"";"";"De reden waarom de persoon de uitkering heeft gekregen. Geeft de reden van aanvraag van uitkering weer. Nodig voor diepere analyse van stand van uitkeringen. Omdat we willen weten waarom mensen nstromen. Bv geen werk meer og geen andere uitkering, verhuizing.";"";"";"";"";"";"";"";"";"";"Inkomen > Model Inkomen";"";"09072026-00:43:48"
"812";"";"RedenKwijtscheldingVordering";"";"EAID_63ede881_e81f_4445_9e93_7180d30a2390";"";"enumeration";"";"";"";"";"";"";"";"";"";"";"";"";"Inkomen > Reden aanvraag";"";"09072026-00:43:48"
"813";"";"RedenUitstroom";"";"EAID_99A2CB86_335A_FB97_9C8F_47170B1699EC";"";"class";"";"";"De reden waarom de uitkering aan een persoon is beeindgd. Reden toevoeging: Geeft de reden van uitstroom aan. Waarom is de uitkering be&#235;indigd. Nodig voor diepere analyse van stand. Meet of je beleid of het lukt om mensen naar werk te laten stromen. van uitkeringen.";"";"";"";"";"";"";"";"";"";"Inkomen > Model Inkomen";"";"09072026-00:43:48"
"814";"RedenVerkrijgingNationaliteit";"RedenVerkrijgingNationaliteit";"bf1e6259-da1b-4781-8b19-77b8b7dbe884";"EAID_61D1E99C_DF5E_48ee_8BAB_4ACA1745BC7C";"business-object";"class";"";"Tabel waarin de redenen staan voor opname van de Nederlandse nationaliteit.";"Tabel waarin de redenen staan voor opname van de Nederlandse nationaliteit.";"";"";"";"";"BRP";"";"https://gemmaonline.nl/index.php/GEMMA/id-bf1e6259-da1b-4781-8b19-77b8b7dbe884";"";"";"99 Kern > RSGBPlus";"";"09072026-00:43:48"
"815";"RedenVerliesNationaliteit";"RedenVerliesNationaliteit";"33943627-02e9-4022-8fd1-5b0b5b17138b";"EAID_7F97B43F_CCA1_4bfc_9824_9BEC8D2A70E6";"business-object";"class";"";"Tabel waarin de redenen staan voor beëindiging van de Nederlandse nationaliteit.";"Tabel waarin de redenen staan voor beëindiging van de Nederlandse nationaliteit.";"";"";"";"";"BRP";"";"https://gemmaonline.nl/index.php/GEMMA/id-33943627-02e9-4022-8fd1-5b0b5b17138b";"";"";"99 Kern > RSGBPlus";"";"09072026-00:43:48"
"816";"";"Referteperiode";"";"EAID_1D0EFA3D_888E_945B_4A20_292F8D894D4C";"";"class";"";"";"De referteperiode bij een dienst is die periode waarover gegevens bij de aanvraag worden verzameld om op basis daarvan tot een beslissing te komen.";"";"";"";"";"";"";"";"";"";"Inkomen > Diensten";"";"09072026-00:43:48"
"817";"";"Referteperiodebepalingtype";"";"EAID_1AAE1224_E645_5723_1E03_292F902A6CEF";"";"enumeration";"";"";"";"";"";"";"";"";"";"";"";"";"Inkomen > Diensten";"";"09072026-00:43:48"
"818";"Regel voor Iedereen";"Regel voor Iedereen";"1c3ee208-9d74-45ba-9836-3f3ea165cd74";"EAID_3D9D2E7B_525E_43d9_B08F_EDE47F8A0C94";"business-object";"class";"";"Een Juridische regel die voor eenieder werking heeft";"Een Juridische regel die voor eenieder werking heeft";"Het betreft hier een algemeen geldende regel met directe werking voor eenieder. Anders gezegd, deze regels gelden voor eenieder in Nederland, inclusief voor de bevoegde gezagen zelf.";"Het betreft hier een algemeen geldende regel met directe werking voor eenieder. Anders gezegd, deze regels gelden voor eenieder in Nederland, inclusief voor de bevoegde gezagen zelf.";"";"";"";"";"https://gemmaonline.nl/index.php/GEMMA/id-1c3ee208-9d74-45ba-9836-3f3ea165cd74";"";"";"8 Volkshuisvesting, Leefomgeving en Stedelijke Vernieuwing > Omgevingswet";"";"09072026-00:43:48"
"819";"";"Regeling";"";"EAID_1E5BDB79_81B9_2C6D_472E_2A2CBF9C1656";"";"class";"";"";"Bijvoorbeeld Participatiewet, IOAW/IOAZ e.d.";"";"";"";"";"";"";"";"";"";"Inkomen > Diensten";"";"09072026-00:43:48"
"820";"";"Regeling";"id-c25455f3-feb0-4c6d-9aa4-3b027718bee3";"EAID_C25455F3_FEB0_4c6d_9AA4_3B027718BEE3";"";"class";"";"";"Een Regeling is gekoppeld aan een ingeschreven persoon (client) en beschrijft de specifieke afspraken of voorwaarden waaronder inkomensondersteuning wordt verleend. Een regeling heeft altijd een relatie met een RegelingSoort, die het type regeling specificeert.";"";"";"";"";"";"";"";"";"";"Inkomen > Model Inkomen";"";"09072026-00:43:48"
"821";"";"Regeling";"";"EAID_1C1DA017_81B9_2C6D_472E_270F04EA1656";"";"enumeration";"";"";"";"";"";"";"";"";"";"";"";"";"Inkomen > Terug- en invordering";"";"09072026-00:43:48"
"822";"";"Regelingsoort";"id-14d3c960-5ef2-433c-8e1c-b493974280e2";"EAID_14D3C960_5EF2_433c_8E1C_B493974280E2";"";"class";"";"";"Typologie van een regeling";"";"";"";"";"";"";"";"";"";"Inkomen > Model Inkomen";"";"09072026-00:43:48"
"823";"";"Regeltekst";"";"EAID_A744FAF8_16B7_4e5d_9C10_203AA8E7C440";"";"class";"";"";"De kleinste zelfstandige eenheid van (een of meer) bij elkaar horende juridische regels: een artikel en lid.";"";"";"";"";"";"";"";"";"";"8 Volkshuisvesting, Leefomgeving en Stedelijke Vernieuwing > Omgevingswet";"";"09072026-00:43:48"
"824";"Re-integratievoorziening";"Reintegratievoorziening";"";"EAID_6B1C7773_77F8_47a5_8C4E_E7E129148ADB";"";"class";"business-object";"Een voorziening of dienst die wordt ingezet om de kansen van een persoon op arbeidsparticipatie te vergroten.";"Een voorziening of dienst die wordt ingezet om de kansen van een persoon op arbeidsparticipatie te vergroten.";"";"";"";"";"";"";"";"";"";"6 Sociaal Domein > Werk";"";"09072026-00:43:48"
"825";"Reisdocument";"Reisdocument";"bd460a48-7720-465d-b12b-c15097ec620c";"EAID_CA9BC1BB_D572_4e47_BECF_17CFD379BD6A";"business-object";"class";"business-object";"Een document dat vereist is voor reizen naar het buitenland";"Een document dat vereist is voor reizen naar het buitenland";"";"";"";"";"BRP";"";"https://gemmaonline.nl/index.php/GEMMA/id-bd460a48-7720-465d-b12b-c15097ec620c";"";"";"99 Kern > RSGBPlus";"";"09072026-00:43:48"
"826";"";"Reisdocumentsoort";"";"EAID_6B9EC881_1112_44bc_B114_203A793A54B1";"";"class";"";"";"Een opsomming van de modellen van de Nederlandse reisdocumenten.";"";"";"";"";"";"";"";"";"";"99 Kern > RSGBPlus";"";"09072026-00:43:48"
"827";"";"Reiskosten naar het werk";"";"EAID_4c49fb46_4d05_49d0_8e99_f5d25c625d91";"";"class";"";"";"Reiskosten naar het werk";"";"";"";"";"";"";"";"";"";"6 Sociaal Domein > Sociaal Domein Generiek";"";"09072026-00:43:48"
"828";"";"Reiskostenvergoeding";"";"EAID_029BA63B_D3DD_B855_6C7A_293A77805B65";"";"class";"";"";"Een persoon kan inkomsten hebben uit reisvergoeding.";"";"";"";"";"";"";"";"";"";"6 Sociaal Domein > Sociaal Domein Generiek";"";"09072026-00:43:48"
"829";"";"Rekeningnummer";"";"EAID_BB4BA421_A7D6_4b33_B64A_49AA82C56242";"";"class";"";"";"De gegevens inzake de bankrekening waarmee het SUBJECT in de regel financieel communiceert.";"";"";"";"";"";"";"";"";"";"99 Kern > RSGBPlus";"";"09072026-00:43:48"
"830";"";"Rekeningtype";"";"EAID_26EDEDFD_5254_4A15_1FCD_27988F6C57B3";"";"enumeration";"";"";"";"";"";"";"";"";"";"";"";"";"Inkomen > Terug- en invordering";"";"09072026-00:43:48"
"831";"Relatie";"Relatie";"5011fe69-8832-47f9-9ba5-c68d53a95ecd";"EAID_3DF01B79_6712_473e_9878_594CB5AE95A7";"business-object";"class";"";"Betrekking waarin personen, zaken, begrippen of grootheden van nature tot elkaar staan.";"Betrekking waarin personen, zaken, begrippen of grootheden van nature tot elkaar staan.";"";"";"";"";"";"";"https://gemmaonline.nl/index.php/GEMMA/id-5011fe69-8832-47f9-9ba5-c68d53a95ecd";"Relatie (Generiek Jeugd en Wmo)";"";"6 Sociaal Domein > Sociaal Domein Generiek";"";"09072026-00:43:48"
"832";"Relatie";"Relatie";"24e40e1f-4e7b-47ad-a1b3-4050e365f68a";"EAID_FE559B58_A6CD_4108_82BE_98E1AEBFD9BD";"business-object";"class";"";"Betrekking waarin personen, zaken, begrippen of grootheden van nature tot elkaar staan.";"Betrekking waarin personen, zaken, begrippen of grootheden van nature tot elkaar staan.";"";"";"";"";"";"";"https://gemmaonline.nl/index.php/GEMMA/id-24e40e1f-4e7b-47ad-a1b3-4050e365f68a";"Relatie (HR)";"";"9 Interne Organisatie > HR";"";"09072026-00:43:48"
"833";"";"Relatiesoort";"";"EAID_F5FAF498_F536_4fb3_9948_73EBCDF61AD5";"";"class";"";"";"De typering van het structurele verband tussen een object van een objecttype en een (ander) object van een ander (of hetzelfde) objecttype.";"";"";"";"";"";"";"";"";"";"6 Sociaal Domein > Sociaal Domein Generiek";"";"09072026-00:43:48"
"834";"";"Relatiesoort";"";"EAID_DFD2814E_7D36_45e2_B082_2ED574A409E1";"";"class";"";"";"De typering van het structurele verband tussen een object van een objecttype en een (ander) object van een ander (of hetzelfde) objecttype.
Toelichting
Objecten hebben eigenschappen die gemodelleerd kunnen worden met attribuutsoorten maar ook met relatiesoorten naar andere objecttypen. Als het voor het desbetreffende domein van belang is om die eigenschap te modelleren als onderdeel van een ander objecttype, dan maakt de relatiesoort die eigenschap beschikbaar voor het eerstgenoemde objecttype. Bijvoorbeeld, een attribuutsoort van het objecttype PERSOON zou kunnen zijn ‘Naam geregistreerd partner’ (naast de attribuutsoort ‘Naam’ van PERSOON). De naam van de geregistreerde partner komt evenwel ook beschikbaar met een relatiesoort van PERSOON naar PERSOON: “heeft geregistreerd partnerschap met”. Zie ook het eerder genoemde voorbeeld van SCHIP en MOTOR.
Voorbeeld: relatiesoorten “VERBLIJFSOBJECT is gelegen in een PAND” en “SUBJECT heeft als correspondentieadres WOONPLAATS”, of korter, “gelegen in”, “postadres”.
Wanneer een relatie (UML-assocation) gebruikt wordt om objecten aan elkaar te verbinden, zonder dat er eigenschappen over deze relatie worden vastgelegd, dan heeft deze het stereotype «Relatiesoort».";"";"Objecten hebben eigenschappen die gemodelleerd kunnen worden met attribuutsoorten maar ook met relatiesoorten naar andere objecttypen. Als het voor het desbetreffende domein van belang is om die eigenschap te modelleren als onderdeel van een ander objectt";"";"";"";"";"";"";"";"9 Interne Organisatie > ICT";"";"09072026-00:43:48"
"835";"";"Rentevordering";"";"EAID_170B4422_37F6_8893_2627_293122D74F28";"";"class";"";"";"AlgemeenEen vordering is een eis op een persoon, zeg debiteur, die een zeker bedrag terug moet betalen aan de gemeente.De oorzaak van een vordering is velerlei, Zie daarvoor de categorie-indeling.Vorderingen kunnen uit meerdere componenten bestaan.Vorderingen kunnen ook onderling in relatie staan, bijvoorbeeld: Een opgelegde boete wegens het schenden van de inlichtingenplicht heeft een relatie met een verwijtbare vordering.RentevorderingBepaalde vorderingen zijn rentedragend. De rente wordt niet als aparte component opgevoerd bij de hoofdvordering, maar als een aparte vordering. De rentevordering wordt gerelateerd aan de hoofdvordering. De rentevordering is een zogenaamde accessoire vordering, die zijn titel ontleend aan de hoofdvordering.Dit type vordering is als verbijzondering opgenomen, opdat deze relatie expliciet kan worden gelegd.";"";"";"";"";"";"";"";"";"";"Inkomen > Terug- en invordering";"";"09072026-00:43:48"
"836";"Reservering";"Reservering";"88554f73-87e4-45e5-999e-4b5d029f15a9";"EAID_11AB7925_5C96_4615_92F6_4055935221A0";"business-object";"class";"";"Het vooraf bespreken van een plaats in een openbare gelegenheid, vervoermiddel, restaurant e.d.";"Het vooraf bespreken van een plaats in een openbare gelegenheid, vervoermiddel, restaurant e.d.";"";"";"";"";"";"";"https://gemmaonline.nl/index.php/GEMMA/id-88554f73-87e4-45e5-999e-4b5d029f15a9";"";"";"5 Sport, Cultuur en Recreatie > Musea";"";"09072026-00:43:48"
"837";"Restitutie";"Restitutie";"";"EAID_167B47ED_CED1_0A51_0DFD_2698932A9076";"";"class";"business-object";"Restitutie is terugbetaling van te veel ontvangen aflossing.";"Restitutie is terugbetaling van te veel ontvangen aflossing. Restituties worden geadministreerd onder de vordering.";"";"";"";"";"";"";"";"";"";"Inkomen > Terug- en invordering";"";"09072026-00:43:48"
"838";"";"Rijbewijs /Certificaat";"";"EAID_40C7DD8D_7F0A_4019_860A_EB59841D1DAF";"";"class";"";"";"Een door een bevoegde instantie afgegeven document dat aangeeft dat een persoon bevoegd is tot het besturen van bepaalde typen voertuigen.";"";"";"";"";"";"";"";"";"";"6 Sociaal Domein > Werk";"";"09072026-00:43:48"
"839";"Rioleringsgebied";"Rioleringsgebied";"";"EAID_3252585C_4FAB_4EC1_9BA6_F51EAFF271D";"";"class";"business-object";"Het gebied waarbinnen één of meerdere inliggende rioolstelsel(s) het afvalwater naar één gemaal of overnamepunt transporteert/teren.";"Het gebied waarbinnen één of meerdere inliggende rioolstelsel(s) het afvalwater naar één gemaal of overnamepunt transporteert/teren. Een rioleringsgebied kan een enkelvoudig gebied zijn, maar kan ook meerdere rioleringsgebieden omvatten. Een gebied is zodanig gekozen dat het voldoende inzicht geeft in de belasting van oppervlaktewater en overnamepunt.
Toelichting: Het gebied waarbinnen één of meerdere inliggende rioolstelsel(s) het afvalwater naar één gemaal of overnamepunt transporteert/teren. Een rioleringsgebied kan een enkelvoudig gebied zijn, maar kan ook meerdere rioleringsgebieden omvatten. Een gebied is zodanig gekozen dat het voldoende inzicht geeft in de belasting van oppervlaktewater en overnamepunt.";"";"";"";"";"";"";"";"";"Bemalingsgebied";"8 Volkshuisvesting, Leefomgeving en Stedelijke Vernieuwing > Beheer Openbare Ruimte";"";"09072026-00:43:48"
"840";"";"Rioolput";"";"EAID_095ECF95_3717_43EC_BC36_8E23E692DEF";"";"class";"";"";"Constructie toegang gevend tot het rioolstelsel";"";"";"";"";"";"";"";"";"";"8 Volkshuisvesting, Leefomgeving en Stedelijke Vernieuwing > Beheer Openbare Ruimte";"";"09072026-00:43:48"
"841";"Rit";"Rit";"892c2a19-8066-404b-8a04-268f9497dd1c";"EAID_832DA9A0_0E64_4d41_8266_38418B095919";"business-object";"class";"";"Verplaatsing van een wegvoertuig over een wegpad";"Verplaatsing van een wegvoertuig over een wegpad";"";"";"";"";"";"";"https://gemmaonline.nl/index.php/GEMMA/id-892c2a19-8066-404b-8a04-268f9497dd1c";"";"";"7 Volksgezondheid en Milieu > Afval";"";"09072026-00:43:48"
"842";"Rol";"Rol";"4adcc34d-9843-4735-9abb-48d9d58eab0c";"EAID_BF424764_453D_46cc_817C_3A7BDC4134A7";"business-object";"class";"";"De rol van de medewerker, zoals afdelingshoofd of manager";"De rol van de medewerker, zoals afdelingshoofd of manager";"";"";"";"";"";"";"https://gemmaonline.nl/index.php/GEMMA/id-4adcc34d-9843-4735-9abb-48d9d58eab0c";"Rol (HR)";"";"9 Interne Organisatie > HR";"";"09072026-00:43:48"
"843";"Rondleiding";"Rondleiding";"3410d2a0-c0ff-4984-a083-a1b27c374178";"EAID_2EE54C3D_0D8B_440e_A4A4_031273313901";"business-object";"class";"";"Bezichtiging met toelichting";"Bezichtiging met toelichting";"";"";"";"";"";"";"https://gemmaonline.nl/index.php/GEMMA/id-3410d2a0-c0ff-4984-a083-a1b27c374178";"";"";"5 Sport, Cultuur en Recreatie > Musea";"";"09072026-00:43:48"
"844";"Route";"Route";"024bb42f-38cf-42ba-859d-184221eff16c";"EAID_55A58838_3877_4e76_B5BF_26C68FAD463D";"business-object";"class";"";"Routes die gereden worden om bepaalde fracties vuilnis op te halen. Routes gaan langs locaties, waar afhankelijk van de routesoort een containers, bepaalde plekken of adressen worden aangedaan.

 huis-aan-huis: er worden locaties met adressen aangedaan";"Routes die gereden worden om bepaalde fracties vuilnis op te halen. Routes gaan langs locaties, waar afhankelijk van de routesoort een containers, bepaalde plekken of adressen worden aangedaan.

 huis-aan-huis: er worden locaties met adressen aangedaan
 illegale dumping, grofvuil: er worden locaties aangedaan (evt met adres)
 containters: er worden locaties met containers aangedaan";"";"";"";"";"";"";"https://gemmaonline.nl/index.php/GEMMA/id-024bb42f-38cf-42ba-859d-184221eff16c";"";"";"7 Volksgezondheid en Milieu > Afval";"";"09072026-00:43:48"
"845";"";"Routesoort";"";"EAID_0121B2BE_F262_4433_8AA5_49FC7866EF68";"";"enumeration";"";"";"";"";"";"";"";"";"";"";"";"";"7 Volksgezondheid en Milieu > Afval";"";"09072026-00:43:48"
"846";"";"SBIActiviteit";"";"EAID_B3F47842_F9C5_4417_BC76_05CA58D4998D";"";"class";"";"";"De hiërarchische indeling van economische activiteiten conform SBI (Standaard Bedrijfsindeling).";"";"";"";"";"";"";"";"";"";"99 Kern > RSGBPlus";"";"09072026-00:43:48"
"847";"";"SBIActiviteitVestiging";"";"EAID_EAD40DDC_9904_4cde_BE9B_2100268E71B7";"";"class";"";"";"Aanduiding van de activiteit (en) van een vestiging  conform de Standaard BedrijfsIndeling";"";"";"";"";"";"";"";"";"";"99 Kern > RSGBPlus";"";"09072026-00:43:48"
"848";"";"SETU job category";"";"EAID_B085E84B_BC20_5199_A56E_86CD393F1542";"";"enumeration";"";"";"Beroepscategorie&#235;n volgens de SETU-standaard. Voorbeelden: Engineering, Healthcare, ICT.";"";"";"";"";"";"";"";"";"";"6 Sociaal Domein > Inburgering";"";"09072026-00:43:48"
"849";"";"SETU job category";"";"EAID_065C201E_2825_4f32_B085_E84BBC205199";"";"enumeration";"";"";"Beroepscategorie&#235;n volgens de SETU-standaard. Voorbeelden: Engineering, Healthcare, ICT.";"";"";"";"";"";"";"";"";"";"6 Sociaal Domein > Werk";"";"09072026-00:43:48"
"850";"";"SamengesteldDocument";"";"EAID_47DA1FC8_F181_41bc_B16A_CE80D2CA13B1";"";"class";"";"";"Een DOCUMENT waarbinnen twee of meer ENKELVOUDIGe DOCUMENTen onderscheiden worden die vanwege gezamenlijke vervaardiging en/of ontvangst en/of vanwege aard en/of omvang als één geheel beschouwd moeten worden dan wel behandeld worden.,";"";"";"";"";"";"";"";"";"";"99 Kern > RGBZPlus";"";"09072026-00:43:48"
"851";"";"SamengesteldeNaamNatuurlijkPersoon";"";"EAID_61321504_DFA1_4b65_853B_88C0581576F9";"";"class";"";"";"Gegevens over de naam van de NATUURLIJK PERSOON";"";"<memo>";"";"";"";"";"";"";"";"99 Kern > RSGBPlus";"";"09072026-00:43:48"
"852";"Samensteller";"Samensteller";"9a4512b0-6081-4f32-bec9-8f2b62e62761";"EAID_E5566AF6_3D43_4b2f_B658_F67F6C1C511D";"business-object";"class";"";"Iemand die stukken informatie samenbrengt in tentoonstelingen, presentaties en naslagwerken.";"Iemand die stukken informatie samenbrengt in tentoonstelingen, presentaties en naslagwerken.";"";"";"";"";"";"";"https://gemmaonline.nl/index.php/GEMMA/id-9a4512b0-6081-4f32-bec9-8f2b62e62761";"";"";"5 Sport, Cultuur en Recreatie > Musea";"";"09072026-00:43:48"
"853";"";"Sanctiesoort";"";"EAID_BA10C3E6_8F44_4f8d_B532_DED61E368F5E";"";"enumeration";"";"";"";"";"";"";"";"";"";"";"";"";"4 Onderwijs > Leerplicht en Leerlingenvervoer";"";"09072026-00:43:48"
"854";"Scheiding";"Scheiding";"0fedc485-b963-412d-b695-9642921b0933";"EAID_C538C222_0FA4_43EE_BF06_9512A484A57";"business-object";"class";"";"Kunstmatig, meestal lineair obstakel met een werende functie.";"Kunstmatig, meestal lineair obstakel met een werende functie.";"";"";"";"";"";"";"https://gemmaonline.nl/index.php/GEMMA/id-0fedc485-b963-412d-b695-9642921b0933";"";"";"8 Volkshuisvesting, Leefomgeving en Stedelijke Vernieuwing > Beheer Openbare Ruimte";"";"09072026-00:43:48"
"855";"";"Scheiding";"";"EAID_A637379F_6E1D_47aa_AE75_3E22FE0DC814";"";"class";"";"";"Kunstmatig, meestal lineair obstakel met een werende functie.";"";"";"";"";"";"";"";"";"";"99 Kern > RSGBPlus";"";"09072026-00:43:48"
"856";"School";"School";"f2c26bb2-4c76-4b03-8ceb-6397b5a12ae8";"EAID_32DFC5DD_79D9_45d5_8F9D_7D5125961817";"business-object";"class";"business-object";"Instelling voor funderend onderwijs waarvoor de gemeente verantwoordelijk is voor de huisvesting.";"Gebouw in gebruik voor basis, middelbaar of hoger onderwijs.";"";"";"";"";"";"";"https://gemmaonline.nl/index.php/GEMMA/id-f2c26bb2-4c76-4b03-8ceb-6397b5a12ae8";"";"PO-school, VO-school, SO/SBO/VSO-school, Buurtschool, Kindcentrum, Multifunctionele accommodatie";"4 Onderwijs > Onderwijs";"";"09072026-00:43:48"
"857";"Schouwronde";"Schouwronde";"0a945e86-b4f2-45b2-855f-ed9fd0b4dca1";"EAID_B011D584_1E66_4a21_A9C4_C922A8763AB2";"business-object";"class";"";"Activiteit om te controleren of de opdrachtnemer aan de afspraken voldoet.";"Activiteit om te controleren of de opdrachtnemer aan de afspraken voldoet.";"";"";"";"";"";"";"https://gemmaonline.nl/index.php/GEMMA/id-0a945e86-b4f2-45b2-855f-ed9fd0b4dca1";"";"";"8 Volkshuisvesting, Leefomgeving en Stedelijke Vernieuwing > Beheer Openbare Ruimte";"";"09072026-00:43:48"
"858";"Schuld";"Schuld";"";"EAID_93E12A3E_71E3_431e_9871_BF6075EAAEF1";"";"class";"business-object";"Financiële verplichting van een inwoner aan een schuldeiser, waaraan de inwoner niet kan voldoen.";"Een schuld is een financi&#235;le verplichting waarbij een persoon nu of in de toekomst een bedrag moet betalen aan een derde. In het kader van schuldhulpverlening wordt over een schuld gesproken als de persoon niet aan deze verplichting kan voldoen. .";"";"";"";"";"";"";"";"";"";"Schulden > Schuldhulpverlening";"";"09072026-00:43:48"
"859";"Schuldeiser";"Schuldeiser";"";"EAID_DCDAD212_479E_4fc3_B886_585AE57D8C21";"";"class";"business-object";"Een schuldeiser is bedrijf of persoon die recht heeft op een prestatie van een ander, de schuldenaar. In de meeste gevallen is de prestatie het betalen van geld.";"Een schuldeiser is bedrijf of persoon die recht heeft op een prestatie van een ander, de schuldenaar. In de meeste gevallen is de prestatie het betalen van geld. Dit geldbedrag is dan de schuld die de schuldenaar aan de schuldeiser moet betalen. De schuld is meestal het gevolg van het niet nakomen van een verplichting uit een overeenkomst tussen de partijen. De schuldeiser kan de schuldenaar dwingen om de schuld te voldoen.";"";"";"";"";"";"";"";"";"";"Schulden > Schuldhulpverlening";"";"09072026-00:43:48"
"860";"Schuldeiser";"Schuldeiser";"";"EAID_DCDAD212_479E_4fc3_B886_585AE57D8C21";"";"class";"business-actor";"Bedrijf of persoon die recht heeft op een prestatie van de schuldenaar en met wie de gemeente namens de inwoner onderhandelt over schuldregelingen.";"Een schuldeiser is bedrijf of persoon die recht heeft op een prestatie van een ander, de schuldenaar. In de meeste gevallen is de prestatie het betalen van geld. Dit geldbedrag is dan de schuld die de schuldenaar aan de schuldeiser moet betalen. De schuld is meestal het gevolg van het niet nakomen van een verplichting uit een overeenkomst tussen de partijen. De schuldeiser kan de schuldenaar dwingen om de schuld te voldoen.";"";"";"";"";"";"";"";"";"";"Schulden > Schuldhulpverlening";"";"09072026-00:43:48"
"861";"";"Schuldhulporganisatie";"";"EAID_A947042E_7CA6_44f8_902A_1C1185A391F6";"";"class";"";"";"Een schuldhulporganisatie is een instantie die individuen en gezinnen helpt met het beheren, verminderen en oplossen van hun schulden door middel van advies, begeleiding en bemiddeling.
Het betreft een gemeenten of een SHV-organisatie die de gemeentelijke schuldhulpverleningstaak vanuit een gemeente gemandateerd of gedelegeerd heeft.";"";"";"";"";"";"";"";"";"";"Schulden > Schuldhulpverlening";"";"09072026-00:43:48"
"862";"Schuldhulptraject";"Schuldhulptraject";"id-839017b2-0f95-42d0-ab2b-e873636340da";"EAID_839017B2_0F95_42d0_AB2B_E873636340DA";"";"class";"business-object";"Samenstel van achtereenvolgens uit te voeren en onderling samenhangende deelhandelingen of van opeenvolgende stadia in een proces, voorgesteld als een route die via opeenvolgende bestemmingen naar de eindbestemming voert.";"Samenstel van achtereenvolgens uit te voeren en onderling samenhangende deelhandelingen of van opeenvolgende stadia in een proces, voorgesteld als een route die via opeenvolgende bestemmingen naar de eindbestemming voert.";"";"";"";"";"";"";"";"";"";"Schulden > Schuldhulpverlening";"";"09072026-00:43:48"
"863";"Schuldregeling";"Schuldregeling";"";"EAID_652A68C3_618E_4050_AD4C_E43469A7558C";"";"class";"business-object";"De schuldregeling heeft als doel een overeenkomst te sluiten tussen iemand met problematische schulden en zijn schuldeisers.";"De schuldregeling heeft als doel een overeenkomst te sluiten tussen iemand met problematische schulden en zijn schuldeisers. Op basis van eventueel ingezet vermogen en de berekende afloscapaciteit (of op andere wijze vastgestelde minimale afdracht) lost de schuldenaar in maximaal 18 maanden zo veel mogelijk van de schuld af. Daarna schelden de schuldeisers de rest van hun vordering kwijt. Voordat de schuldregeling start, sluit je een schuldregelingsovereenkomst met de schuldenaar. Daarin staan de rechten en plichten van beide partijen. Een schuldregeling kan met een saneringskrediet of een schuldbemiddeling gerealiseerd worden. Als een of meer schuldeisers blijven weigeren in te stemmen met de minnelijke schuldregeling, informeer je de schuldenaar over mogelijke vervolgstappen, zoals het aanvragen van een dwangakkoord (artikel 287a Fw) of toelating tot de Wsnp.";"";"";"";"";"";"";"";"";"";"Schulden > Schuldhulpverlening";"";"09072026-00:43:48"
"864";"Score";"Score";"75a56fd7-b2b2-4a08-9b09-8235d4592cae";"EAID_5A367DA9_DE05_4b3b_954D_24271FD4FB76";"business-object";"class";"";"Het aantal behaalde punten";"Het aantal behaalde punten";"";"";"";"";"";"";"https://gemmaonline.nl/index.php/GEMMA/id-75a56fd7-b2b2-4a08-9b09-8235d4592cae";"";"";"6 Sociaal Domein > Generiek Jeugd en Wmo";"";"09072026-00:43:48"
"865";"";"Scoresoort";"";"EAID_653EA248_1547_4f8b_B026_B44FEEC711B2";"";"class";"";"";"Typologie van score";"";"";"";"";"";"";"";"";"";"6 Sociaal Domein > Generiek Jeugd en Wmo";"";"09072026-00:43:48"
"866";"Sector";"Sector";"60596f8e-1454-4ca8-9a31-64e7fc554815";"EAID_DA4F9850_4CA0_4508_9D57_F631BC30B360";"business-object";"class";"";"Sector is de verzameling van werkzaamheden, gericht op de productie van bepaalde goederen en diensten. Het gaat hierbij niet alleen om activiteiten van het bedrijfsleven, maar ook om activiteiten van niet op winst gerichte instellingen en de overheid.";"Sector is de verzameling van werkzaamheden, gericht op de productie van bepaalde goederen en diensten. Het gaat hierbij niet alleen om activiteiten van het bedrijfsleven, maar ook om activiteiten van niet op winst gerichte instellingen en de overheid.";"";"";"";"";"";"";"https://gemmaonline.nl/index.php/GEMMA/id-60596f8e-1454-4ca8-9a31-64e7fc554815";"";"";"9 Interne Organisatie > Subsidies";"";"09072026-00:43:48"
"867";"";"Secundair inkomstencomponent";"";"EAID_4ead37c5_f83b_423d_b51e_92a60e7fa2d9";"";"class";"";"";"Een persoon kan vanuit diverse bronnen inkomsten krijgen. Denk bijvoorbeeld aan alimentatie, loon, uitkering of zelfs vergoedingen voor maaltijden, onkosten, vervoer e.d. De inkomstencomponent vormt een deel van de totale inkomsten van een persoon. Hiermee leggen we vast het type inkomste, het bedrag en de periode waarover dat bedrag is ontvangen en de boekingsdatum waarop het bedrag is ontvangen.Dat laatste is belangrijk voor de verschillende perspectieven op inkomsten te onderscheiden naar loon-in en loon-over.Achtergrond hierbij zijn twee regelingenLoon wordt als regel toegerekend aan het tijdvak waarin het aan de werknemer is betaald (loon-in). Onder bepaalde voorwaarden mogen werkgevers het uitbetaalde loon toerekenen aan een verstreken loontijdvak. Dit wordt de 'loon-over-regeling' genoemd. Waarom populair: voor een werknemer kan het verstrekken van een uitkering e.d. niet in het kalenderjaar maar bijvoorbeeld in het jaar daarop, hem fiscaal gezien voordelen geven.Bij loon-over gaat het om twee regelingen:De eerste regeling houdt in dat een werkgever een in de maand januari van het nieuwe jaar gedane inhouding op loon dat de werknemer voor het voorgaande jaar nog toekomt, mag opnemen in de laatste aangifte over het oude jaar. Daarbij wordt de inhouding volgens de tarieven van het voorgaande jaar berekend. Deze regeling is structureel in de wet opgenomen.De tweede regeling houdt in dat de werkgever binnen het kalenderjaar loonbetalingen mag toerekenen aan de verstreken loontijdvakken waarop zij betrekking hebben, zo nodig door het indienen van correctieberichten.";"";"";"";"";"";"";"";"";"";"6 Sociaal Domein > Sociaal Domein Generiek";"";"09072026-00:43:48"
"868";"";"SelectietabelAanbesteding";"";"EAID_B2BD6C5B_460E_4f2a_9B78_3E101DAD8D6B";"";"class";"";"";"Gebaseerd op het procedureoverzicht inkoop. Hierin kan de tabel met drempelbedragen en bijbehorende procedures worden opgeslagen";"";"";"";"";"";"";"";"";"";"9 Interne Organisatie > Inkoop";"";"09072026-00:43:48"
"869";"Sensor";"Sensor";"1e352a4f-20de-4ef8-9f84-3f237cfe424e";"EAID_4B32C511_77E9_4ABD_8C02_6F9F336A7A9";"business-object";"class";"";"Apparaat voor de meting van een fysieke grootheid (bijv. temperatuur, licht, druk, elektriciteit).";"Apparaat voor de meting van een fysieke grootheid (bijv. temperatuur, licht, druk, elektriciteit).";"";"";"";"";"";"";"https://gemmaonline.nl/index.php/GEMMA/id-1e352a4f-20de-4ef8-9f84-3f237cfe424e";"";"";"8 Volkshuisvesting, Leefomgeving en Stedelijke Vernieuwing > Beheer Openbare Ruimte";"";"09072026-00:43:48"
"870";"Server";"Server";"4694a321-36db-4a54-a7ab-6c3895a4e288";"EAID_3AFD7E5F_8061_4776_A332_334AF4125E7D";"business-object";"class";"business-object";"Computer die in een netwerk een ondersteunende taak vervult.";"Computer die in een netwerk een ondersteunende taak vervult.";"";"";"";"";"";"";"https://gemmaonline.nl/index.php/GEMMA/id-4694a321-36db-4a54-a7ab-6c3895a4e288";"";"";"9 Interne Organisatie > ICT";"";"09072026-00:43:48"
"871";"";"Servertypes";"";"EAID_BA2C3918_278E_49c7_A8C5_423F2D659450";"";"enumeration";"";"";"";"";"";"";"";"";"";"";"";"";"9 Interne Organisatie > ICT";"";"09072026-00:43:48"
"872";"Signaalpartner";"Signaalpartner";"";"EAID_3643CF44_EFAA_4939_9AEB_ACA8D8EE11F9";"";"class";"business-object";"Een signaalpartner is een organisatie die op grond van artikel 2.2.1 van de Wet gemeentelijke schuldhulpverlening (Wgs) bevoegd is om signalen van betalingsachterstanden door te geven aan de gemeente met het doel vroegtijdige hulpverlening bij schulden mogelijk te maken.";"Een signaalpartner is een organisatie die op grond van artikel 2.2.1 van de Wet gemeentelijke schuldhulpverlening (Wgs) bevoegd is om signalen van betalingsachterstanden door te geven aan de gemeente met het doel vroegtijdige hulpverlening bij schulden mogelijk te maken. Signaalpartners zijn dienstverleners met een maatschappelijk belang, zoals zorgverzekeraars, energieleveranciers, drinkwaterbedrijven en woningverhuurders.

Een signaalpartner verstrekt een vroegsignaal aan de gemeente wanneer bij een klant of huurder sprake is van een betalingsachterstand die voldoet aan de wettelijke en/of contractuele criteria voor signalering.";"";"";"";"";"";"";"";"";"";"Schulden > Vroegsignalering";"";"09072026-00:43:48"
"873";"Signaalpartner";"Signaalpartner";"";"EAID_3643CF44_EFAA_4939_9AEB_ACA8D8EE11F9";"";"class";"business-actor";"Organisatie die op grond van artikel 2.2.1 Wgs bevoegd is signalen van betalingsachterstanden door te geven aan de gemeente.";"Een signaalpartner is een organisatie die op grond van artikel 2.2.1 van de Wet gemeentelijke schuldhulpverlening (Wgs) bevoegd is om signalen van betalingsachterstanden door te geven aan de gemeente met het doel vroegtijdige hulpverlening bij schulden mogelijk te maken. Signaalpartners zijn dienstverleners met een maatschappelijk belang, zoals zorgverzekeraars, energieleveranciers, drinkwaterbedrijven en woningverhuurders.

Een signaalpartner verstrekt een vroegsignaal aan de gemeente wanneer bij een klant of huurder sprake is van een betalingsachterstand die voldoet aan de wettelijke en/of contractuele criteria voor signalering.";"";"";"";"";"";"";"";"";"";"Schulden > Vroegsignalering";"";"09072026-00:43:48"
"874";"Huwelijk";"SluitingOfAangaanHuwelijkOfGeregistreerdPartnerschap";"";"EAID_28A0D7C0_DABF_403b_B263_22F424032A28";"";"class";"business-object";"Gegevens over het gesloten huwelijk of het aangegane geregistreerd partnerschap.";"Gegevens over het gesloten huwelijk of het aangegane geregistreerd partnerschap.";"";"";"";"";"";"";"";"";"";"99 Kern > RSGBPlus";"";"09072026-00:43:48"
"875";"SociaalTeamDossier";"SociaalTeamDossier";"276088a8-7dcf-4dd8-9450-bf677c7329ed";"EAID_A22B8038_3C04_44a7_8E75_90A3A5E2615B";"business-object";"class";"business-object";"SociaalTeamDossier is een dossier-entiteit die de geïntegreerde registratie van gegevens over ondersteuning, gesprekken, interventies en casusontwikkeling van een sociaal team voor een inwoner of gezin omvat.";"SociaalTeamDossier* is een dossier-entiteit binnen het Model Sociale Teams dat de **geïntegreerde registratie van gegevens over ondersteuning, gesprekken, interventies en casusontwikkeling van een sociaal team** voor een inwoner of gezin omvat.";"";"In het *Model Sociale Teams* van het gemeentelijke gegevenslandschap representeert *SociaalTeamDossier* het **centrale dossier** dat ontstaat rond een casus die een sociaal team oppakt. Sociale teams — zoals wijkteams of gebiedsteams — bieden integrale ondersteuning en hulp aan inwoners met meervoudige vragen of problemen, gericht op **zelfredzaamheid, participatie en het oplossen van complexe situaties**. Het *SociaalTeamDossier* bundelt relevante informatie zoals meldingen, behandelingen, doelstellingen, bijzonderheden en eventuele acties binnen het traject van begeleiding of ondersteuning. Dit maakt het dossier een kernobject voor het vastleggen van de **loop van het hulp- of ondersteuningsproces** dat een sociaal team uitvoert.";"";"";"";"";"https://gemmaonline.nl/index.php/GEMMA/id-276088a8-7dcf-4dd8-9450-bf677c7329ed";"";"";"6 Sociaal Domein > Sociale Teams";"";"09072026-00:43:48"
"876";"";"SociaalteamDossiersoort";"";"EAID_E81990BA_1B6E_4e2a_9910_1E02CDDD53A6";"";"class";"";"";"*SociaalteamDossiersoort* is de classificatie van een *SociaalTeamDossier* die aangeeft **het type of de categorie van het dossier** binnen de context van sociale ondersteuning en casemanagement in een sociaal team.";"";"In het *Model Sociale Teams* van het gemeentelijke gegevenslandschap wordt *SociaalteamDossiersoort* gebruikt om **dossiers van sociale teams te typeren** naar aard of categorie, bijvoorbeeld om verschillende trajecten of casustypen te onderscheiden (zoals begeleiding, integrale ondersteuning, complexe problematiek of andere dossiercategorieën). Dit maakt het mogelijk om binnen de informatiearchitectuur eenduidig te registreren **om wat voor soort dossier het gaat** en ondersteunt analyses, rapportages en procesvoering binnen de sociale dienstverlening. Het begrip zelf komt als objecttype voor in de lijst met objecttypen van het Model Sociale Teams maar heeft **in de modeldocumentatie geen eigen tekstuele definitie** — de betekenis volgt uit de rol als *soortaanduiding* voor dossiers.";"";"";"";"";"";"";"";"6 Sociaal Domein > Sociale Teams";"";"09072026-00:43:48"
"877";"";"Sociale Groep";"";"EAID_A0D437D2_BE13_45a2_8C8D_1AE953B9404C";"";"class";"";"";"Een sociale groep is een verzameling van twee of meer individuen die met elkaar interacteren, gemeenschappelijke waarden, normen of doelen delen, en een gevoel van saamhorigheid of identiteit hebben. Sociale groepen kunnen variëren in omvang en structuur, van kleine, informele groepen zoals een gezin of vriendengroep tot grote, formele organisaties zoals verenigingen of professionele netwerken. Het lidmaatschap van een sociale groep beïnvloedt vaak het gedrag en de sociale interacties van de leden en speelt een belangrijke rol in de vorming van persoonlijke en sociale identiteiten.";"";"";"";"";"";"";"";"";"";"6 Sociaal Domein > Sociaal Domein Generiek";"";"09072026-00:43:48"
"878";"";"Sociale Relatie";"";"EAID_CD519902_210F_4355_8B24_EAD513F61966";"";"class";"";"";"Een sociale relatie is een duurzame en wederzijdse verbinding tussen twee of meer individuen, gebaseerd op interactie, communicatie en sociale normen. Sociale relaties kunnen verschillende vormen aannemen, zoals persoonlijke (bijvoorbeeld vriendschappen of familiebanden), professionele (zoals collega’s of werkgever-werknemer) of maatschappelijke relaties (bijvoorbeeld tussen buren of leden van een gemeenschap). Ze worden gekenmerkt door wederzijdse verwachtingen en beïnvloeden vaak het gedrag, de gevoelens en de sociale positie van de betrokken personen. Sociale relaties spelen een cruciale rol in het opbouwen van sociale netwerken en het functioneren van samenlevingen.";"";"";"";"";"";"";"";"";"";"6 Sociaal Domein > Sociaal Domein Generiek";"";"09072026-00:43:48"
"879";"Software";"Software";"d35905fd-2aad-49e6-8ee5-5147c253a478";"EAID_0B3C37DD_42A1_4b6b_B534_CD276112FD3B";"business-object";"class";"business-object";"Computerprogrammatuur met bijbehorende data die bewerkingen en taken uitvoert.";"Een geheel van computerprogramma's met bijbehorende data, die bewerkingen en taken uitvoeren";"";"";"";"";"";"";"https://gemmaonline.nl/index.php/GEMMA/id-d35905fd-2aad-49e6-8ee5-5147c253a478";"";"";"9 Interne Organisatie > ICT";"";"09072026-00:43:48"
"880";"";"SolitairePlant";"";"EAID_F349D291_F25B_4258_A008_00082F932BE";"";"class";"";"";"Plant, heester of siergras, te beheren als solitair beplantingselement.";"";"";"";"";"";"";"";"";"";"8 Volkshuisvesting, Leefomgeving en Stedelijke Vernieuwing > Beheer Openbare Ruimte";"";"09072026-00:43:48"
"881";"Sollicitant";"Sollicitant";"ddefe4a6-d89c-432d-b27a-b96cb575b16a";"EAID_131BDD67_2A31_43c5_9125_F12DE2D98D2D";"business-object";"class";"";"Persoon die werk zoekt";"Persoon die werk zoekt";"";"";"";"";"";"";"https://gemmaonline.nl/index.php/GEMMA/id-ddefe4a6-d89c-432d-b27a-b96cb575b16a";"";"";"9 Interne Organisatie > HR";"";"09072026-00:43:48"
"882";"Sollicitatie";"Sollicitatie";"3dbc7681-e73c-46c5-80bc-434afc971eef";"EAID_3BD1368C_23F1_4f42_99DB_C81581A646A0";"business-object";"class";"business-object";"Verzoek om in een functie te worden aangesteld.";"Verzoek om in een functie te worden aangesteld.";"";"";"";"";"";"";"https://gemmaonline.nl/index.php/GEMMA/id-3dbc7681-e73c-46c5-80bc-434afc971eef";"";"";"9 Interne Organisatie > HR";"";"09072026-00:43:48"
"883";"Sollicitatiegesprek";"Sollicitatiegesprek";"565033f9-9a69-4d65-ad37-f1d17ea3e937";"EAID_1D4DA0E6_DA20_4ff7_A415_B937712C6F6D";"business-object";"class";"";"Onderhoud tussen sollicitant en werkgever met betrekking tot een sollicatie";"Onderhoud tussen sollicitant en werkgever met betrekking tot een sollicatie";"";"";"";"";"";"";"https://gemmaonline.nl/index.php/GEMMA/id-565033f9-9a69-4d65-ad37-f1d17ea3e937";"";"";"9 Interne Organisatie > HR";"";"09072026-00:43:48"
"884";"";"Soort Verwijzer";"";"EAID_44194E25_4676_4eb2_9E97_F44196438F4B";"";"enumeration";"";"";"";"";"";"";"";"";"";"";"";"";"6 Sociaal Domein > Generiek Jeugd en Wmo";"";"09072026-00:43:48"
"885";"";"Soort ontheffing";"";"EAID_EEB18D04_9D40_4b51_8AF9_F1B1E104F649";"";"enumeration";"";"";"Het type ontheffing van arbeidsplicht. Voorbeelden: structureel, tijdelijk.";"";"";"";"";"";"";"";"";"";"6 Sociaal Domein > Werk";"";"09072026-00:43:48"
"886";"";"SoortAanvraag";"";"EAID_00313AA4_650D_17D6_54C6_27D27D00CE13";"";"enumeration";"";"";"";"";"";"";"";"";"";"";"";"";"Inkomen > Diensten";"";"09072026-00:43:48"
"887";"";"SoortBetaling";"";"EAID_14492B03_7685_5A7D_67A3_277C9A29450D";"";"enumeration";"";"";"";"";"";"";"";"";"";"";"";"";"Inkomen > Diensten";"";"09072026-00:43:48"
"888";"";"SoortContract";"";"EAID_0C0AD449_ECBB_8C03_B698_26EBD163CD95";"";"enumeration";"";"";"";"";"";"";"";"";"";"";"";"";"6 Sociaal Domein > Sociaal Domein Generiek";"";"09072026-00:43:48"
"889";"";"SoortDisciplinaireMaatregel";"";"EAID_B0747DFC_DFC8_4ef2_8E1E_C2E8606036FC";"";"class";"";"";"Typering van een disciplinaire maatregel";"";"";"";"";"";"";"";"";"";"9 Interne Organisatie > HR";"";"09072026-00:43:48"
"890";"";"SoortFunctioneelGebied";"";"EAID_C2D0F78A_D6FC_4330_B78C_4F4B34EE1349";"";"class";"";"";"Gegevens over het soort functioneel gebied.";"";"";"";"";"";"";"";"";"";"99 Kern > RSGBPlus";"";"09072026-00:43:48"
"891";"";"SoortGrootte";"";"EAID_9D7F05BF_414E_4071_9E78_FAD2AA21D40E";"";"class";"";"";"Een opsomming van de  soorten grootte zoals die kunnen voorkomen in een aktetekst van het Kadaster  en aanduiden op welke wijze de grootte van een perceel is vastgesteld conform de waardelijst SoortGrootte van het Kadaster";"";"";"";"";"";"";"";"";"";"99 Kern > RSGBPlus";"";"09072026-00:43:48"
"892";"";"SoortKunstwerk";"";"EAID_64D33964_B205_4071_9C0F_00E6AFDACC45";"";"class";"";"";"Gegevens over het soort kunstwerk.";"";"";"";"";"";"";"";"";"";"99 Kern > RSGBPlus";"";"09072026-00:43:48"
"893";"";"SoortOverigBouwwerk";"";"EAID_4CB05400_6AE8_44d9_AA8A_5CA84CFB0B6E";"";"class";"";"";"Gegevens over het soort overig bouwwerk.";"";"";"";"";"";"";"";"";"";"99 Kern > RSGBPlus";"";"09072026-00:43:48"
"894";"";"SoortScheiding";"";"EAID_E500F84E_81CE_4984_832E_C3B53D14722A";"";"class";"";"";"Gegevens over de soort scheiding";"";"";"";"";"";"";"";"";"";"99 Kern > RSGBPlus";"";"09072026-00:43:48"
"895";"";"SoortSpoor";"";"EAID_2F658B5B_1B89_437e_8EAD_FD544FD62A0A";"";"class";"";"";"Gegevens over het soort spoor.";"";"";"";"";"";"";"";"";"";"99 Kern > RSGBPlus";"";"09072026-00:43:48"
"896";"";"SoortWOZObject";"";"EAID_3741181A_07D0_4f62_B076_B3318266500F";"";"class";"";"";"De mogelijke codes  waarin een soort object kan worden uitgedrukt conform de uniforme soort objectcodelijst van de Waarderingskamer";"";"";"";"";"";"";"";"";"";"99 Kern > RSGBPlus";"";"09072026-00:43:48"
"897";"";"SoortWerk";"";"EAID_92859227_EB07_3E39_8641_39C5765453D0";"";"enumeration";"";"";"Soorten werkzaamheden die iemand uitvoert of nastreeft. Voorbeelden: maken, helpen, vervoeren.";"";"";"";"";"";"";"";"";"";"6 Sociaal Domein > Inburgering";"";"09072026-00:43:48"
"898";"";"SoortWerk";"";"EAID_C04B989A_CDB8_48e0_9285_9227EB073E39";"";"enumeration";"";"";"Soorten werkzaamheden die iemand uitvoert of nastreeft. Voorbeelden: maken, helpen, vervoeren.";"";"";"";"";"";"";"";"";"";"6 Sociaal Domein > Werk";"";"09072026-00:43:48"
"899";"";"Soorten Klantcontact";"";"EAID_D2F0A41E_E49A_4d27_B0A2_DEF81C612A5B";"";"enumeration";"";"";"";"";"";"";"";"";"";"";"";"";"99 Kern > RGBZPlus";"";"09072026-00:43:48"
"900";"";"Specificatie";"";"EAID_DF63FBD0_DCA2_45bd_81E8_EE5E72D38EDE";"";"class";"";"";"Gesplitste opgave, vermelding van de afzonderlijke onderdelen waaruit een verzameling of een totaal bestaat";"";"";"";"";"";"";"";"";"";"8 Volkshuisvesting, Leefomgeving en Stedelijke Vernieuwing > Omgevingswet";"";"09072026-00:43:48"
"901";"Speelterrein";"Speelterrein";"";"EAID_941A17C1_A2B2_4CD1_8991_08B0EBCF0C2";"";"class";"business-object";"Geheel van begroeiing verharding opstallen en speelwerktuigen bedoeld als speelplaats voor kinderen.";"Geheel van begroeiing verharding opstallen en speelwerktuigen bedoeld als speelplaats voor kinderen.
Synoniemen: Speelplek, Speelgelegenheid";"";"";"";"";"";"";"";"";"Buurtplek, Blokplek, Speelhoekje, Stedelijke sportplek";"8 Volkshuisvesting, Leefomgeving en Stedelijke Vernieuwing > Beheer Openbare Ruimte";"";"09072026-00:43:48"
"902";"Speeltoestel";"Speeltoestel";"";"EAID_4EFB3A19_E491_469F_AA96_DEBED9C1BE4";"";"class";"business-object";"Toestel en structuren, met inbegrip van componenten en constructieve onderdelen, waarmee of waarop kinderen binnen of buiten kunnen spelen, individueel of gezamenlijk, volgens hun eigen spelregels of beweegredenen, die te allen tijde kunnen worden gewijzigd.";"Toestel en structuren, met inbegrip van componenten en constructieve onderdelen, waarmee of waarop kinderen binnen of buiten kunnen spelen, individueel of gezamenlijk, volgens hun eigen spelregels of beweegredenen, die te allen tijde kunnen worden gewijzi
Synoniemen: Speelvoorziening";"";"";"";"";"";"";"";"";"Vast speeltoestel, Sportcontainer, Skatepark/freerunbaan";"8 Volkshuisvesting, Leefomgeving en Stedelijke Vernieuwing > Beheer Openbare Ruimte";"";"09072026-00:43:48"
"903";"";"SplitsingstekeningReferentie";"";"EAID_C97E674B_BCBC_45e8_B60C_1E0C7954D751";"";"class";"";"";"Verwijzing naar de splitsingstekening behorende bij de APPARTEMENTSRECHTSPLITSING";"";"";"";"";"";"";"";"";"";"99 Kern > RSGBPlus";"";"09072026-00:43:48"
"904";"Spoor";"Spoor";"3f6a41fd-293f-4f84-a449-1daa26b8a757";"EAID_14939C33_2DCE_41bf_A2BE_FF1EDD292FE7";"business-object";"class";"";"Een blijk van eerdere aanwezigheid.";"Een blijk van eerdere aanwezigheid.";"In enge zin is het een afdruk in de grond, bijvoorbeeld van schoenen, voeten, poten of banden. Meer algemeen worden ook andere veranderingen op een locatie of route sporen genoemd, en, nog algemener, ook andere aanwijzingen voor te achterhalen informatie.";"In enge zin is het een afdruk in de grond, bijvoorbeeld van schoenen, voeten, poten of banden. Meer algemeen worden ook andere veranderingen op een locatie of route sporen genoemd, en, nog algemener, ook andere aanwijzingen voor te achterhalen informatie.";"Overblijfsel";"Overblijfsel";"";"";"https://gemmaonline.nl/index.php/GEMMA/id-3f6a41fd-293f-4f84-a449-1daa26b8a757";"";"";"Erfgoed > Archeologie";"";"09072026-00:43:48"
"905";"";"Spoor";"";"EAID_B0EA89D8_EE32_410b_B683_8CA937E5009D";"";"class";"";"";"De as van het spoor, dat wil zeggen het midden van twee stalen staven op een onderling vaste afstand, waarover trein, tram, of sneltram rijdt.";"";"";"";"";"";"";"";"";"";"99 Kern > RSGBPlus";"";"09072026-00:43:48"
"906";"Sportlocatie";"Sportlocatie";"a7a350a2-a9aa-4437-b67b-016fec0d048d";"EAID_BE5E10D0_FD83_4b0a_B5D2_4A7EE6B9C53B";"business-object";"class";"business-object";"Locatie waar sportbeoefening plaatsvindt, als overkoepelend begrip voor binnen- en buitensportaccommodaties.";"Locatie waar de betreffende sport plaatsvindt";"";"";"";"";"";"";"https://gemmaonline.nl/index.php/GEMMA/id-a7a350a2-a9aa-4437-b67b-016fec0d048d";"";"";"5 Sport, Cultuur en Recreatie > Sport";"";"09072026-00:43:48"
"907";"Sportmateriaal";"Sportmateriaal";"488958ee-08fd-4818-af8b-2d7ebb73c01f";"EAID_5B64A5F8_64B5_4d1b_BEDD_486ED2C2C493";"business-object";"class";"business-object";"Materieel om sport mee te beoefenen of ter odnersteuning van de sportuitvoering.";"Materieel om sport mee te beoefenen of ter odnersteuning van de sportuitvoering.";"";"";"";"";"";"";"https://gemmaonline.nl/index.php/GEMMA/id-488958ee-08fd-4818-af8b-2d7ebb73c01f";"";"";"5 Sport, Cultuur en Recreatie > Sport";"";"09072026-00:43:48"
"908";"Sportpark";"Sportpark";"ca9df4ee-92e1-4c24-ace3-467d146a320e";"EAID_FE1A2EF2_44FA_46fa_A583_7BAB858E17FD";"business-object";"class";"business-object";"Geheel van terreinen, gebouwen en voorzieningen voor verschillende takken van sport.";"Geheel van terreinen, gebouwen en voorzieningen voor verschillende takken van sport.";"";"";"Sportterrein";"Sportterrein";"";"";"https://gemmaonline.nl/index.php/GEMMA/id-ca9df4ee-92e1-4c24-ace3-467d146a320e";"";"";"5 Sport, Cultuur en Recreatie > Sport";"";"09072026-00:43:48"
"909";"Sportpark";"Sportterrein";"";"EAID_A5A43927_9633_4584_865B_78AE4486E5B";"";"class";"business-object";"Geheel van terreinen, gebouwen en voorzieningen voor verschillende takken van sport.";"Terrein mogelijk met groenvoorziening, verharding en bebouwing bestemd voor sportbeoefening.
Synoniemen: Sportveld";"";"";"";"";"";"";"";"";"";"8 Volkshuisvesting, Leefomgeving en Stedelijke Vernieuwing > Beheer Openbare Ruimte";"";"09072026-00:43:48"
"910";"Sportvereniging";"Sportvereniging";"59d3efaa-a05f-477a-a271-49bac323939f";"EAID_852AD372_B353_49c2_A4E7_F87D8AA96AD7";"business-object";"class";"business-object";"Organisatie waarin sport wordt beoefend en die als primaire gebruiker optreedt van gemeentelijke sportaccommodaties.";"Organisatievorm waarin sport bedreven kan worden";"";"";"";"";"";"";"https://gemmaonline.nl/index.php/GEMMA/id-59d3efaa-a05f-477a-a271-49bac323939f";"";"";"5 Sport, Cultuur en Recreatie > Sport";"";"09072026-00:43:48"
"911";"";"Stabilisatie";"";"EAID_B0384246_6784_4724_B538_CE18197061CD";"";"class";"";"";"Fase van het schuldhulpverleningstraject met als doel de inkomsten en uitgaven van een persoon in evenwicht te brengen. De stabilisatie van inkomen en uitgaven is een resultaat van werkzaamheden uit het plan van aanpak. Als stabilisatie bereikt is kan een betalingsregeling, herfinanciering of schuldregeling worden opgezet. Een belangrijk tweede doel is om de hulpvrager hierbij schuldenrust te bieden: stress wegnemen en tijd maken voor oplossingen naar een schuldenzorgvrije toekomst. 
In de stabilisatiefase kan een schuldhulpverlener andere instrumenten, activiteiten of ondersteuning inzetten, die bijdragen aan de duurzame oplossing van het financi&#235;le probleem, zoals budgetcoaching, budgetbeheer, beschermingsbewind of flankerende hulp.";"";"";"";"";"";"";"";"";"";"Schulden > Schuldhulpverlening";"";"09072026-00:43:48"
"912";"";"Stadspas";"";"EAID_810C273F_0A2B_4e68_A94B_46722FF9E19D";"";"class";"";"";"Te specifiek, voorstel gemeentepas?";"";"";"";"";"";"";"";"";"";"6 Sociaal Domein > Sociaal Domein Generiek";"";"09072026-00:43:48"
"913";"";"Stage";"";"EAID_28FCE4B4_AFCD_AFE7_63A5_293A6F895C47";"";"class";"";"";"Een persoon kan inkomsten hebben uit stage.";"";"";"";"";"";"";"";"";"";"6 Sociaal Domein > Sociaal Domein Generiek";"";"09072026-00:43:48"
"914";"Standplaats";"Standplaats";"c9503a2a-eb9b-450f-954d-e374ac65198e";"EAID_98F3132E_F97A_4f49_B4F5_28618BB693F8";"business-object";"class";"";"vanaf een vaste locatie te koop aanbieden, verkopen of afleveren van goederen of aanbieden van diensten, gebruikmakend van fysieke middelen zoals een kraam, een wagen of een tafel";"vanaf een vaste locatie te koop aanbieden, verkopen of afleveren van goederen of aanbieden van diensten, gebruikmakend van fysieke middelen zoals een kraam, een wagen of een tafel";"";"";"";"";"";"";"https://gemmaonline.nl/index.php/GEMMA/id-c9503a2a-eb9b-450f-954d-e374ac65198e";"";"";"5 Sport, Cultuur en Recreatie > Musea";"";"09072026-00:43:48"
"915";"Standplaats (BAG)";"Standplaats";"";"EAID_86952BDA_ADF6_4ff0_B8C7_BA3AA889A40B";"";"class";"business-object";"Een standplaats is een door het bevoegde gemeentelijke orgaan als zodanig aangewezen terrein of gedeelte daarvan dat bestemd is voor het permanent plaatsen van een niet direct en niet duurzaam met de aarde verbonden en voor woon-, bedrijfsmatige, of recreatieve doeleinden geschikte ruimte.";"Een standplaats is een door het bevoegde gemeentelijke orgaan als zodanig aangewezen terrein of gedeelte daarvan dat bestemd is voor het permanent plaatsen van een niet direct en niet duurzaam met de aarde verbonden en voor woon-, bedrijfsmatige, of recreatieve doeleinden geschikte ruimte. Beschrijving: Een terrein of een deel daarvan dat moet kunnen worden gebruikt om langere tijd een object neer te zetten. Dit object moet geschikt zijn om in te wonen, om een bedrijf in te hebben of om voor plezier in te verblijven. Het moet verplaatsbaar zijn en mag dus niet helemaal vastgemaakt worden aan de grond. Bijvoorbeeld een woonwagen of strandtent. De gemeente mag zeggen of er voor de BAG ergens een standplaats komt.";"";"";"";"";"";"";"";"";"";"99 Kern > BAG";"";"09072026-00:43:48"
"916";"Standplaats (BAG)";"Standplaats";"";"EAID_B1C6CA45_49C9_45f0_8B14_A721AD505C50";"";"class";"business-object";"Een standplaats is een door het bevoegde gemeentelijke orgaan als zodanig aangewezen terrein of gedeelte daarvan dat bestemd is voor het permanent plaatsen van een niet direct en niet duurzaam met de aarde verbonden en voor woon-, bedrijfsmatige, of recreatieve doeleinden geschikte ruimte.";"Een door het bevoegde gemeentelijke orgaan als zodanig aangewezen terrein of gedeelte daarvan dat bestemd is voor het permanent plaatsen van een niet direct en niet duurzaam met de aarde verbonden en voor woon -, bedrijfsmatige, of recreatieve doeleinden geschikte ruimte.";"";"";"";"";"";"";"";"";"";"99 Kern > RSGBPlus";"";"09072026-00:43:48"
"917";"";"StartformulierAanbesteden";"";"EAID_7694A657_22D8_4b00_AAE2_A78EF014B43A";"";"class";"";"";"Formulier voor het starten van een aanbeseding";"";"";"";"";"";"";"";"";"";"9 Interne Organisatie > Inkoop";"";"09072026-00:43:48"
"918";"Startkwalificatie";"Startkwalificatie";"7fd9ee36-f8f5-48a1-ba76-b68030cf07c2";"EAID_E8301577_1A49_43cf_A2CA_0F042584EBB3";"business-object";"class";"";"Diploma van een opleiding als bedoeld in de WEB of een diploma hoger algemeen voortgezet onderwijs of voorbereidend wetenschappelijk onderwijs als bedoeld in de WVO;";"Diploma van een opleiding als bedoeld in de WEB of een diploma hoger algemeen voortgezet onderwijs of voorbereidend wetenschappelijk onderwijs als bedoeld in de WVO;";"";"";"";"";"";"";"https://gemmaonline.nl/index.php/GEMMA/id-7fd9ee36-f8f5-48a1-ba76-b68030cf07c2";"";"";"4 Onderwijs > Onderwijs";"";"09072026-00:43:48"
"919";"";"StatLigplaatsStandplaats";"";"EAID_C27A40AB_D4D2_497b_923F_9C2251708BEF";"";"enumeration";"";"";"";"";"";"";"";"";"";"";"";"";"99 Kern > RSGBPlus";"";"09072026-00:43:48"
"920";"Status";"Status";"138f7a81-f370-4e0c-9254-d6c7727a338c";"EAID_7C975D37_670B_405e_B825_924BCAFA74C7";"business-object";"class";"";"Een aanduiding van de stand van zaken van een zaak op basis van betekenisvol behaald resultaat voor de initiator van de zaak.";"Een aanduiding van de stand van zaken van een zaak op basis van betekenisvol behaald resultaat voor de initiator van de zaak.";"";"";"";"";"";"";"https://gemmaonline.nl/index.php/GEMMA/id-138f7a81-f370-4e0c-9254-d6c7727a338c";"";"";"99 Kern > RGBZPlus";"";"09072026-00:43:48"
"921";"";"StatusOpenbareActiviteit";"";"EAID_A29EE01A_118E_4599_BADD_35B9393A78F4";"";"enumeration";"";"";"";"";"";"";"";"";"";"";"";"";"1 Veiligheid en Vergunningen";"";"09072026-00:43:48"
"922";"";"Statustype";"";"EAID_AA496B7B_913C_40fd_943E_52F1A6E89440";"";"class";"";"";"Generieke aanduiding van de aard van een STATUS";"";"";"";"";"";"";"";"";"";"99 Kern > RGBZPlus";"";"09072026-00:43:48"
"923";"";"StdIndJN";"";"EAID_209C648E_45E7_A357_6812_273ED24FB2BD";"";"enumeration";"";"";"";"";"";"";"";"";"";"";"";"";"Inkomen > Normafwijking";"";"09072026-00:43:48"
"924";"";"Stelling";"";"EAID_382D408F_41A3_49d2_9F66_DFFA6C75590D";"";"class";"";"";"Een systeem om goederen op te slaan die worden vervoerd en opgeslagen op pallets, in bundels of per stuk.(Wikipedia)";"";"";"";"Stellingkast";"";"";"";"";"";"Erfgoed > Archeologie";"";"09072026-00:43:48"
"925";"";"Stelling";"";"EAID_78DA1B42_4AF8_4650_81A0_7F2C3A450B3D";"";"class";"";"";"Een systeem om goederen op te slaan die worden vervoerd en opgeslagen op pallets, in bundels of per stuk.(Wikipedia)";"";"";"";"";"";"";"";"";"";"Erfgoed > Archief";"";"09072026-00:43:48"
"926";"Stemming";"Stemming";"857327b0-3ab3-4578-869d-7b390aa1e3d3";"EAID_331C4A0B_1505_4945_A0B0_DCD8703AB50F";"business-object";"class";"business-object";"Stem (openbaring van iemands mening (voor of tegen)), uitbrengen bij verkiezingen of bij een vergadering";"Stem (openbaring van iemands mening (voor of tegen)),  uitbrengen bij verkiezingen of bij een vergadering";"";"";"";"";"";"";"https://gemmaonline.nl/index.php/GEMMA/id-857327b0-3ab3-4578-869d-7b390aa1e3d3";"";"";"0 Bestuur, Politiek en Ondersteuning > Griffie";"";"09072026-00:43:48"
"927";"";"Stemmingsresultaattype";"";"EAID_0A3A2E20_2A67_4e16_B11E_36C09F94331D";"";"enumeration";"";"";"";"";"";"";"";"";"";"";"";"";"0 Bestuur, Politiek en Ondersteuning > Griffie";"";"09072026-00:43:48"
"928";"";"Stemmingstype";"";"EAID_368EB061_7CF3_4115_BB21_3C618782F205";"";"enumeration";"";"";"";"";"";"";"";"";"";"";"";"";"0 Bestuur, Politiek en Ondersteuning > Griffie";"";"09072026-00:43:48"
"929";"";"Storing";"";"EAID_0EF67A8B_AEBE_4a00_B1EF_2EFD0DCC9F5D";"";"class";"";"";"Verlies van de mogelijkheid om volgens een specificatie te werken of om het vereiste resultaat te leveren.";"";"";"";"";"";"";"";"";"";"8 Volkshuisvesting, Leefomgeving en Stedelijke Vernieuwing > Beheer Openbare Ruimte";"";"09072026-00:43:48"
"930";"Storing (ICT)";"Storing";"ad9da532-d9a3-4c82-858d-e58a61ddf95f";"EAID_4E5F272E_00CA_481c_A51B_7D08B5E6B0A9";"business-object";"class";"business-object";"Verlies van de mogelijkheid van een ICT-component om volgens specificatie te werken of het vereiste resultaat te leveren.";"Verlies van de mogelijkheid om volgens een specificatie te werken of om het vereiste resultaat te leveren.";"";"";"";"";"";"";"https://gemmaonline.nl/index.php/GEMMA/id-ad9da532-d9a3-4c82-858d-e58a61ddf95f";"";"";"9 Interne Organisatie > ICT";"";"09072026-00:43:48"
"931";"Storting";"Storting";"c7dda76d-bcdd-4b63-97dc-9d273b2f9092";"EAID_15910FE7_D323_45ff_AA7F_CE3C636CE953";"business-object";"class";"";"Activiteit, inhoudende a. het zich ontdoen van stoffen";"Activiteit, inhoudende a. het zich ontdoen van stoffen";"";"";"";"";"";"";"https://gemmaonline.nl/index.php/GEMMA/id-c7dda76d-bcdd-4b63-97dc-9d273b2f9092";"";"";"7 Volksgezondheid en Milieu > Afval";"";"09072026-00:43:48"
"932";"";"Straatsectie";"";"EAID_339ACCD5_1D13_4a48_83DE_05A0A4A54C43";"";"class";"";"";"Gedeelte van een straat";"";"";"";"";"";"";"";"";"";"2 Verkeer, Vervoer en Waterstaat > Parkeren";"";"09072026-00:43:48"
"933";"Stremming";"Stremming";"563fd27c-7299-4311-8f40-60a95b9da4b5";"EAID_999725EE_737F_410e_906B_9865EBED3597";"business-object";"class";"business-object";"Situatie waarbij de doorstroming van het (vaar)wegverkeer plaatselijk is geblokkeerd als gevolg van een incident";"Situatie waarbij de doorstroming van het (vaar)wegverkeer plaatselijk is geblokkeerd als gevolg van een incident";"";"";"";"";"";"";"https://gemmaonline.nl/index.php/GEMMA/id-563fd27c-7299-4311-8f40-60a95b9da4b5";"";"";"2 Verkeer, Vervoer en Waterstaat > Mobiliteit";"";"09072026-00:43:48"
"934";"";"Stremmingstatus";"";"EAID_94230A7B_8876_4a0b_B660_424E397045B2";"";"enumeration";"";"";"";"";"";"";"";"";"";"";"";"";"2 Verkeer, Vervoer en Waterstaat > Mobiliteit";"";"09072026-00:43:48"
"935";"";"StrijdigheidOfNietigheid";"";"EAID_85741CBC_594C_43f9_A2B5_C50166F1A461";"";"class";"";"";"De aanduiding of te bevragen is dat de attribuutwaarde strijdig met de openbare orde dan wel nietig is.";"";"";"";"";"";"";"";"";"";"99 Kern > RGBZPlus";"";"09072026-00:43:48"
"936";"";"Strooidag";"";"EAID_E2448A6D_3AE0_4884_AD5C_215A9E7166DE";"";"class";"";"";"Dag waarop op wegen gestrooid wordt ter voorkoming van gladheid";"";"";"";"";"";"";"";"";"";"2 Verkeer, Vervoer en Waterstaat > Mobiliteit";"";"09072026-00:43:48"
"937";"Strooiroute";"Strooiroute";"8d6c2c57-1e18-4257-a894-5f5d751279ea";"EAID_73090FF8_12FD_471e_80FD_DBFB2FF97D7B";"business-object";"class";"business-object";"Traject waarop het strooien plaatsvindt";"Traject waarop het strooien plaatsvindt";"";"";"";"";"";"";"https://gemmaonline.nl/index.php/GEMMA/id-8d6c2c57-1e18-4257-a894-5f5d751279ea";"";"";"2 Verkeer, Vervoer en Waterstaat > Mobiliteit";"";"09072026-00:43:48"
"938";"";"StrooirouteUitvoering";"";"EAID_B825D33A_6DCE_4263_A031_E6E92C4EE86B";"";"class";"";"";"De route die uiteindelijk is gevolgd voor het strooien";"";"";"";"";"";"";"";"";"";"2 Verkeer, Vervoer en Waterstaat > Mobiliteit";"";"09072026-00:43:48"
"939";"";"Studentenwoningen";"";"EAID_98C74EAB_3411_4d1a_8321_FF30567B6877";"";"class";"";"";"Een woning waar uitsluitend (meerdere) studenten (of soms ook werkende jongeren) een woongemeenschap vorme";"";"";"";"Studentenhuis";"";"";"";"";"";"8 Volkshuisvesting, Leefomgeving en Stedelijke Vernieuwing > Bouwen en Wonen";"";"09072026-00:43:48"
"940";"";"Studiefinanciering";"";"EAID_23245F44_F332_6237_D733_293A6E6E621D";"";"class";"";"";"Een persoon kan inkomsten hebben uit studiefinanciering.";"";"";"";"";"";"";"";"";"";"6 Sociaal Domein > Sociaal Domein Generiek";"";"09072026-00:43:48"
"941";"";"Stuwgebied";"";"EAID_CEF4E497_01A1_4B4F_A509_D18945A3311";"";"class";"";"";"Een deelgebied van een bemalingsgebied waarvan de afvoer via een stuwput of stuwriool wordt beperkt.";"";"";"";"";"";"";"";"";"";"8 Volkshuisvesting, Leefomgeving en Stedelijke Vernieuwing > Beheer Openbare Ruimte";"";"09072026-00:43:48"
"942";"";"SubCategorieVordering";"";"EAID_1285F5E6_5076_C254_EF25_275D3054916D";"";"enumeration";"";"";"";"";"";"";"";"";"";"";"";"";"Inkomen > Terug- en invordering";"";"09072026-00:43:48"
"943";"";"SubProducttype";"";"EAID_0DB447E3_B31B_4f07_8E35_7E77D0AAEF80";"";"class";"";"";"*SubProducttype* is een afgeleide of meer specifieke categorie binnen een *Producttype* die producten verder onderscheidt op basis van gedetailleerde kenmerken.";"";"Waar een *Producttype* een groep varianten van een product beschrijft (bijv. melk als producttype met varianten als magere melk, volle melk enz.) kan een *SubProducttype* een **nog fijnmaziger indeling** zijn binnen dat type. SubProducttypes worden gebruikt in gegevens- en productcatalogi om producten te classificeren op een lager niveau van detail, wat helpt bij beheer, filtering en analyse van productdata binnen een hiërarchie van types en subtypes. Dit volgt uit algemene definities van producttypen en subtypes in data-modelbegrippen.";"";"";"";"";"";"";"";"1 Veiligheid en Vergunningen";"";"09072026-00:43:48"
"944";"";"Subdoel Aandachtspunt";"";"EAID_0279048D_E742_400c_9D86_03085E5EF917";"";"class";"";"";"Een Subdoel aandachtspunt is een concreet, afgebakend leer- of begeleidingsdoel dat voortvloeit uit een gesignaleerd aandachtspunt in de persoonlijke situatie van de inburgeringsplichtige, en dat bijdraagt aan het wegnemen van belemmeringen voor het volgen van de leerroute of het behalen van het PIP-doel.";"";"";"";"";"";"";"";"";"";"6 Sociaal Domein > Inburgering";"";"09072026-00:43:48"
"945";"";"Subdoel Financien";"";"EAID_3D53D7B8_F991_419d_9970_7CE4C137C695";"";"enumeration";"";"";"";"";"<memo>";"";"";"";"";"";"";"";"6 Sociaal Domein > Inburgering";"";"09072026-00:43:48"
"946";"";"Subdoel Justitie";"";"EAID_A5E09CFE_E708_40ce_BC9F_20376978B3B9";"";"enumeration";"";"";"";"";"<memo>";"";"";"";"";"";"";"";"6 Sociaal Domein > Inburgering";"";"09072026-00:43:48"
"947";"";"Subdoel Ontwikkelwens";"";"EAID_564CEF80_C5BE_4d74_8BC7_B48BEFDEE655";"";"class";"";"";"Een Subdoel ontwikkelwens is een concreet, haalbaar leer- of ontwikkeldoel dat is afgeleid van een door de inburgeringsplichtige geuite ontwikkelwens, en dat richting geeft aan de invulling van het inburgeringstraject binnen het PIP.";"";"";"";"";"";"";"";"";"";"6 Sociaal Domein > Inburgering";"";"09072026-00:43:48"
"948";"";"Subdoel Taal";"";"EAID_A4EA988A_3DC7_4b76_9363_7692B4A338F1";"";"enumeration";"";"";"";"";"<memo>";"";"";"";"";"";"";"";"6 Sociaal Domein > Inburgering";"";"09072026-00:43:48"
"949";"";"Subdoel Werkervaring opdoen (werkfit worden)";"";"EAID_F45C2D7F_F892_4b00_AA35_478EFB05129D";"";"enumeration";"";"";"";"";"<memo>";"";"";"";"";"";"";"";"6 Sociaal Domein > Inburgering";"";"09072026-00:43:48"
"950";"";"Subdoel Werknemersvaardigheden ontwikkelen (werkfit worden)";"";"EAID_1EFAE495_D46C_459a_ADA6_0215066F7FC7";"";"enumeration";"";"";"";"";"<memo>";"";"";"";"";"";"";"";"6 Sociaal Domein > Inburgering";"";"09072026-00:43:48"
"951";"";"Subdoel betaald werken";"";"EAID_D33B52FA_CEC1_490f_BE5E_ECFA05F544E2";"";"enumeration";"";"";"";"";"<memo>";"";"";"";"";"";"";"";"6 Sociaal Domein > Inburgering";"";"09072026-00:43:48"
"952";"";"Subdoel betaald werken met een opleiding";"";"EAID_BA9C46B9_483E_4ba5_9073_07B354392B84";"";"enumeration";"";"";"";"";"<memo>";"";"";"";"";"";"";"";"6 Sociaal Domein > Inburgering";"";"09072026-00:43:48"
"953";"";"Subdoel betaald werken naar vermogen";"";"EAID_FAAA0B16_6595_49ee_9A77_53A88DFBBC6D";"";"enumeration";"";"";"";"";"<memo>";"";"";"";"";"";"";"";"6 Sociaal Domein > Inburgering";"";"09072026-00:43:48"
"954";"";"Subdoel digitale vaardigheden";"";"EAID_0AD20B37_952E_49c4_B400_16010211AD9D";"";"enumeration";"";"";"";"";"<memo>";"";"";"";"";"";"";"";"6 Sociaal Domein > Inburgering";"";"09072026-00:43:48"
"955";"";"Subdoel eenzaamheid";"";"EAID_66FD4C23_5CC0_4cc1_AF24_3DFA6C1F9D3A";"";"enumeration";"";"";"";"";"<memo>";"";"";"";"";"";"";"";"6 Sociaal Domein > Inburgering";"";"09072026-00:43:48"
"956";"";"Subdoel lichamelijke gezondheid";"";"EAID_012213A5_85A0_4f66_BD45_E62CEBA2F418";"";"enumeration";"";"";"";"";"<memo>";"";"";"";"";"";"";"";"6 Sociaal Domein > Inburgering";"";"09072026-00:43:48"
"957";"";"Subdoel ondernemen";"";"EAID_E206FD3D_D9C6_4c07_AEA5_44BA9925FC89";"";"enumeration";"";"";"";"";"<memo>";"";"";"";"";"";"";"";"6 Sociaal Domein > Inburgering";"";"09072026-00:43:48"
"958";"";"Subdoel opleiding volgen";"";"EAID_9DC1A38B_104E_4219_9259_F1724F729077";"";"enumeration";"";"";"";"";"<memo>";"";"";"";"";"";"";"";"6 Sociaal Domein > Inburgering";"";"09072026-00:43:48"
"959";"";"Subdoel passende dagbesteding hebben (maatschappelijk fit worden)";"";"EAID_0A4EE232_E486_4535_94EC_AC5C81286629";"";"enumeration";"";"";"";"";"<memo>";"";"";"";"";"";"";"";"6 Sociaal Domein > Inburgering";"";"09072026-00:43:48"
"960";"";"Subdoel psychische gezondheid";"";"EAID_DB49A2E8_2201_47aa_94F6_5E3E7554D505";"";"enumeration";"";"";"";"";"<memo>";"";"";"";"";"";"";"";"6 Sociaal Domein > Inburgering";"";"09072026-00:43:48"
"961";"";"Subdoel taalvaardigheden opdoen";"";"EAID_AB7EA982_1495_4875_9660_E9485AD3C7C6";"";"enumeration";"";"";"";"";"<memo>";"";"";"";"";"";"";"";"6 Sociaal Domein > Inburgering";"";"09072026-00:43:48"
"962";"";"Subdoel verslaving";"";"EAID_1795C338_A4B1_495f_A091_51AE710B8AA6";"";"enumeration";"";"";"";"";"<memo>";"";"";"";"";"";"";"";"6 Sociaal Domein > Inburgering";"";"09072026-00:43:48"
"963";"";"Subdoel vrijwilligerswerk doen (maatschappelijk fit worden)";"";"EAID_5C24829E_282B_4e61_8A99_C74033C05221";"";"enumeration";"";"";"";"";"<memo>";"";"";"";"";"";"";"";"6 Sociaal Domein > Inburgering";"";"09072026-00:43:48"
"964";"";"Subdoel woonsituatie";"";"EAID_CD72AB31_CB45_4a79_9464_373847342C1D";"";"enumeration";"";"";"";"";"<memo>";"";"";"";"";"";"";"";"6 Sociaal Domein > Inburgering";"";"09072026-00:43:48"
"965";"";"Subdoel zorgtaken";"";"EAID_32AC2751_F23B_4495_92A2_BD6A49666A26";"";"enumeration";"";"";"";"";"<memo>";"";"";"";"";"";"";"";"6 Sociaal Domein > Inburgering";"";"09072026-00:43:48"
"966";"";"Subrekening";"";"EAID_1EC60172_CB6B_40c9_9818_C7A708C8540E";"";"class";"";"";"Ondergeschikte rekening van een hoofdrekening";"";"";"";"";"";"";"";"";"";"9 Interne Organisatie > Financien";"";"09072026-00:43:48"
"967";"Subsidie";"Subsidie";"1fe5c807-e9a7-4f44-a2b6-816341875d6e";"EAID_FD701A55_6865_44aa_9A73_C46E02481796";"business-object";"class";"";"Aan derden toegekende financiele middelen, bestemd voor het uitvoeren van bepaalde activiteiten";"Aan derden toegekende financiele middelen, bestemd voor het uitvoeren van bepaalde activiteiten";"";"";"";"";"";"";"https://gemmaonline.nl/index.php/GEMMA/id-1fe5c807-e9a7-4f44-a2b6-816341875d6e";"";"";"9 Interne Organisatie > Subsidies";"";"09072026-00:43:48"
"968";"Subsidieaanvraag";"Subsidieaanvraag";"4e5cd8a8-0110-4038-9b91-1f0562401398";"EAID_26C0D33A_B15A_4256_A5BF_5382A4E03539";"business-object";"class";"";"Aanvraag voor een subsidie";"Aanvraag voor een subsidie";"";"";"";"";"";"";"https://gemmaonline.nl/index.php/GEMMA/id-4e5cd8a8-0110-4038-9b91-1f0562401398";"";"";"9 Interne Organisatie > Subsidies";"";"09072026-00:43:48"
"969";"Subsidiebeschikking";"Subsidiebeschikking";"0cbc6488-2932-4634-b226-a741ba030a46";"EAID_F8BD6D83_D3F8_4dd3_B12E_22A991D1A0A2";"business-object";"class";"";"Besluit over het al dan niet toekennen van een subsidie";"Besluit over het al dan niet toekennen van een subsidie";"";"";"";"";"";"";"https://gemmaonline.nl/index.php/GEMMA/id-0cbc6488-2932-4634-b226-a741ba030a46";"";"";"9 Interne Organisatie > Subsidies";"";"09072026-00:43:48"
"970";"";"Subsidiecomponent";"";"EAID_DB093A73_BE89_462b_8FBA_19B2629072ED";"";"class";"";"";"Onderdeel van een subisidie met een eigen kostenplaats.";"";"";"";"";"";"";"";"";"";"9 Interne Organisatie > Subsidies";"";"09072026-00:43:48"
"971";"";"Subsidieniveau";"";"EAID_B4CF1D3E_D000_467d_A9D5_4519704F4A6D";"";"enumeration";"";"";"";"";"";"";"";"";"";"";"";"";"9 Interne Organisatie > Subsidies";"";"09072026-00:43:48"
"972";"Subsidieprogramma";"Subsidieprogramma";"3c8f512f-33ab-4e24-8ea4-820796359003";"EAID_8F1A719D_C89A_4194_8FF4_1F3E0F174D3D";"business-object";"class";"";"Programma waarin meerdere subsidies worden verleend vanuit een bepaalde samenhang";"Programma waarin meerdere subsidies worden verleend vanuit een bepaalde samenhang";"";"";"";"";"";"";"https://gemmaonline.nl/index.php/GEMMA/id-3c8f512f-33ab-4e24-8ea4-820796359003";"";"";"9 Interne Organisatie > Subsidies";"";"09072026-00:43:48"
"973";"";"Taak";"";"EAID_0621D6BE_A680_4aad_890D_78684F2266B0";"";"class";"";"";"Een samenhangende set activiteiten.";"";"";"";"";"";"";"";"";"";"8 Volkshuisvesting, Leefomgeving en Stedelijke Vernieuwing > Beheer Openbare Ruimte";"";"09072026-00:43:48"
"974";"Taak";"Taak";"020a5c18-9065-48d4-9cdd-5500cf5ce9ae";"EAID_156C82B1_2641_40c8_9E99_60031643C29A";"business-object";"class";"";"Een samenhangende set activiteiten in het kader van een subsidie.";"Een samenhangende set activiteiten in het kader van een subsidie.";"";"";"";"";"";"";"https://gemmaonline.nl/index.php/GEMMA/id-020a5c18-9065-48d4-9cdd-5500cf5ce9ae";"";"";"9 Interne Organisatie > Subsidies";"";"09072026-00:43:48"
"975";"Taakveld";"Taakveld";"";"EAID_01E83CEC_D69D_47eb_9BAB_252AABADDD18";"";"class";"business-object";"Een samenhangend geheel van activiteiten en taken en hangt onder een programma.";"Een samenhangend geheel van activiteiten en taken en hangt onder een programma.";"";"";"";"";"";"";"";"";"";"0 Bestuur, Politiek en Ondersteuning > Griffie";"";"09072026-00:43:48"
"976";"Taakveld";"Taakveld";"";"EAID_E81C0FA0_2203_489a_98E9_32F1CB200E75";"";"class";"business-object";"Een samenhangend geheel van activiteiten en taken en hangt onder een programma.";"Een samenhangend geheel van activiteiten en taken en hangt onder een programma.";"";"Een taakveld kan verbonden zijn aan een strategische opgave. Dat betekent dat het budget voor de activiteiten die nodig zijn om de opgave uit te voeren daar te vinden zijn.";"";"";"";"";"";"";"";"9 Interne Organisatie > Financien";"";"09072026-00:43:48"
"977";"";"Taalbeheersing";"";"EAID_AFB7351F_6761_4db2_ACC4_537A1B7C0CAA";"";"class";"";"";"Het Europese of Nederlandse taalniveau (zoals A1 t/m C2) waarop de taalvaardigheid van een persoon is ingeschaald.";"";"";"";"";"";"";"";"";"";"6 Sociaal Domein > Werk";"";"09072026-00:43:48"
"978";"";"TaalbeheersingNederlands";"";"EAID_14E98618_2093_4442_9593_1B15890260A8";"";"class";"";"";"De mate waarin een persoon de Nederlandse taal beheerst, inclusief mondelinge en schriftelijke vaardigheden.";"";"";"";"";"";"";"";"";"";"6 Sociaal Domein > Werk";"";"09072026-00:43:48"
"979";"";"Taalvaardigheid";"";"EAID_0C74C068_BA3A_4394_AA76_16B47FEFC88C";"";"class";"";"";"Taalvaardigheid is het niveau van beheersing van de Nederlandse taal door de inburgeringsplichtige, gemeten op onderdelen zoals luisteren, spreken, lezen en schrijven, overeenkomstig het Europees Referentiekader voor Talen (ERK).";"";"•	De Wet inburgering 2021 vereist dat inburgeringsplichtigen taalvaardigheid verwerven op ten minste niveau B1 (B1-route en Onderwijsroute) of niveau A1/A2 (Z-route), afhankelijk van leervermogen en leerroute (artikel 23 van het Besluit inburgering 2021).
	•	Taalvaardigheid wordt vastgesteld via erkende toetsinstrumenten (zoals de leerbaarheidstoets of examens), en gemonitord gedurende het inburgeringstraject.
	•	Gemeenten gebruiken het niveau van taalvaardigheid als input voor het leerrouteadvies, en als evaluatiecriterium in voortgangsgesprekken en de afsluiting van het traject.
	•	De taalvaardigheid kan per vaardigheid verschillen en wordt vaak als afzonderlijke subniveaus vastgelegd (bijv. A2 lezen, B1 spreken).";"";"";"";"";"";"";"";"6 Sociaal Domein > Inburgering";"";"09072026-00:43:48"
"980";"";"Taalvaardigheid";"";"EAID_1667C22C_75BD_4181_9BA0_27D5A8EDE1B5";"";"enumeration";"";"";"Beheersingsniveau van de Nederlandse taal.";"";"";"";"";"";"";"";"";"";"6 Sociaal Domein > Werk";"";"09072026-00:43:48"
"981";"Tarief";"Tarief";"a842e972-764b-4dd8-ad79-f537d4e68565";"EAID_57F01465_EE56_4c33_9BD9_8DB351A2C530";"business-object";"class";"";"Hoogte van een bedrag voor een bepaald product of dient";"Hoogte van een bedrag voor een bepaald product of dient";"";"";"";"";"";"";"https://gemmaonline.nl/index.php/GEMMA/id-a842e972-764b-4dd8-ad79-f537d4e68565";"";"";"6 Sociaal Domein > Generiek Jeugd en Wmo";"";"09072026-00:43:48"
"982";"";"Te betalen alimentatie";"";"EAID_86ad0007_f0b8_4cc2_8bec_acc4c9f12dec";"";"class";"";"";"Te betalen alimentatie";"";"";"";"";"";"";"";"";"";"6 Sociaal Domein > Sociaal Domein Generiek";"";"09072026-00:43:48"
"983";"Team";"Team";"016ea33a-4ba2-45d7-ae45-616eeedcc567";"EAID_909A4134_4697_481e_9110_6386D0F6CAAD";"business-object";"class";"";"Een groep personen die door middel van samenwerking een gezamenlijk doel nastreeft, waarbij de teamleden afhankelijk van elkaar zijn om het doel te bereiken.";"Een groep personen die door middel van samenwerking een gezamenlijk doel nastreeft, waarbij de teamleden afhankelijk van elkaar zijn om het doel te bereiken.";"";"";"";"";"";"";"https://gemmaonline.nl/index.php/GEMMA/id-016ea33a-4ba2-45d7-ae45-616eeedcc567";"";"";"6 Sociaal Domein > Generiek Jeugd en Wmo";"";"09072026-00:43:48"
"984";"Telefoniegegevens";"Telefoniegegevens";"e63e4e3c-ca45-4690-aa55-c38a1bc73d2c";"EAID_DDD2167F_4A0F_468b_894E_6BB9ED9DA5E0";"business-object";"class";"";"Gegevens die worden bewaard van telefoongesprekken";"Gegevens die worden bewaard van telefoongesprekken";"";"";"";"";"";"";"https://gemmaonline.nl/index.php/GEMMA/id-e63e4e3c-ca45-4690-aa55-c38a1bc73d2c";"";"";"9 Interne Organisatie > ICT";"";"09072026-00:43:48"
"985";"Telefoononderwerp";"Telefoononderwerp";"c604ce01-282e-4d1a-ade9-d1a4c1938f4e";"EAID_48FE13A9_2204_4631_BAEE_E2D3B10E9A2D";"business-object";"class";"";"";"Onderwerp waarover het telefooncontact gaat";"";"";"";"";"";"";"https://gemmaonline.nl/index.php/GEMMA/id-c604ce01-282e-4d1a-ade9-d1a4c1938f4e";"";"";"10 Dienstverlening";"";"09072026-00:43:48"
"986";"";"Telefoonstatus";"";"EAID_D8A82A45_03C3_44d5_AF32_3138A55B2E75";"";"class";"";"";"ABANDONEDALERTING: “Opgehangen tijdens overgaan telefoon”
 DROPPEDCANCELED: “Opgehangen door systeem”
 ABANDONEDQUEUED: “Opgehangen tijdens wachten, zonder boodschap. ”
 CONNECTEDDIRECT: “Direct verbonden”
 CONNECTEDQUEUEDANNOUNCE: “Verbonden na wachtrij met boodschap”
 AbandonedQUEUEDANNOUNCE: “Opgehangen in wachtrij met boodschap”
 DroppedBusy: “Opgehangen door systeem, te druk”
 REJECTED: “Geweigerd door systeem”
 Droppedoverload: “Opgehangen door systeem vanwege overbelasting”";"";"";"";"";"";"";"";"";"";"10 Dienstverlening";"";"09072026-00:43:48"
"987";"Telefoontje";"Telefoontje";"32052c54-e099-47e7-8ded-599537226dfa";"EAID_EEB60E10_C244_4176_AB68_F0E30759269F";"business-object";"class";"";"De telefoontjes zijn alle keren dat iemand naar de gemeente belt en het telefoonsysteem neemt deze telefoontjes aan. Ongeacht of iemand daarna ophangt, door het systeem uit de wachtrij wordt gezet, doorverbonden wordt met een derde partij of er werkelijk";"De telefoontgesprekken zijn alle keren dat iemand naar de gemeente belt en het telefoonsysteem neemt deze telefoongesprekken aan. Ongeacht of iemand daarna ophangt, door het systeem uit de wachtrij wordt gezet, doorverbonden wordt met een derde partij of er werkelijk wordt opgenomen.";"";"";"";"";"";"";"https://gemmaonline.nl/index.php/GEMMA/id-32052c54-e099-47e7-8ded-599537226dfa";"";"";"10 Dienstverlening";"";"09072026-00:43:48"
"988";"Tenaamstelling";"Tenaamstelling";"429cbd2f-a86d-49d9-9c8a-0de67a7e7d3e";"EAID_2651D6E0_6AC8_43a8_A4F6_4706209BAC8E";"business-object";"class";"business-object";"Een TENAAMSTELLING vormt de relatie tussen een Recht en een Persoon en geeft aan welk recht, met uitzondering van hypotheek en beslag, door een Persoon wordt uitgeoefend op een Kadastraal object.";"Een TENAAMSTELLING  vormt de relatie tussen een Recht en een Persoon en geeft aan welk recht, met uitzondering van hypotheek en beslag, door een Persoon wordt uitgeoefend op een Kadastraal object.";"";"Een tenaamstelling heeft betrekking op de eigendom van die Persoon van één Kadastraal object of op een beperkt recht van die Persoon op één Kadastraal object. Met een beperkt recht op een Kadastraal object wordt erfpacht, opstal, e.d. bedoeld, maar ook bijvoorbeeld huur en lease (van Luchtvaartuigen). Ook rechten die zijn verkregen onder ontbindende voorwaarden worden beschouwd als een vorm van recht.";"";"";"BRK";"";"https://gemmaonline.nl/index.php/GEMMA/id-429cbd2f-a86d-49d9-9c8a-0de67a7e7d3e";"";"";"99 Kern > RSGBPlus";"";"09072026-00:43:48"
"989";"Tentoonstelling";"Tentoonstelling";"7be642b3-e95f-4f1a-9415-d95c38346e9f";"EAID_069C9894_5E07_4c95_AC28_EB4A5EBFD165";"business-object";"class";"";"Een uitstalling van voorwerpen om door het grote publiek bekeken te worden.";"Een uitstalling van voorwerpen om door het grote publiek bekeken te worden.";"";"";"";"";"";"";"https://gemmaonline.nl/index.php/GEMMA/id-7be642b3-e95f-4f1a-9415-d95c38346e9f";"";"";"5 Sport, Cultuur en Recreatie > Musea";"";"09072026-00:43:48"
"990";"Terreindeel";"Terreindeel";"9f85d08b-b58f-45eb-ac71-73c808847702";"EAID_E9091F41_09F6_42D6_9295_8FE1CA54198";"business-object";"class";"";"Kleinste functioneel onafhankelijk stukje van een terrein, dat er binnen het objecttype Terrein van NEN 3610 wordt onderscheiden, met of zonder aaneengesloten vegetatie.";"Kleinste functioneel onafhankelijk stukje van een terrein, dat er binnen het objecttype Terrein van NEN 3610 wordt onderscheiden, met of zonder aaneengesloten vegetatie.";"";"";"";"";"";"";"https://gemmaonline.nl/index.php/GEMMA/id-9f85d08b-b58f-45eb-ac71-73c808847702";"";"";"8 Volkshuisvesting, Leefomgeving en Stedelijke Vernieuwing > Beheer Openbare Ruimte";"";"09072026-00:43:48"
"991";"";"Terugvorderingsverzoek";"";"EAID_101157F7_7852_102E_7547_2698B55B6FF8";"";"class";"";"";"Het vorderingsverzoek is de handshake tussen een voorliggend proces en de bedrijfsfunctie Terug- en Invorderen. In het kader van een bepaalde regeling is geconstateerd dat een zeker bedrag terug moet worden gevorderd. Dit wordt her gemakshalve het voorliggende proces genoemd. Het voorliggende proces moet de juiste, noodzakelijke en voldoende gegevens toeleveren aan Terug- en invorderen opdat het verzoek tot terugvorderen in behandeling kan worden genomen.Het vorderingsverzoek start een terugvorderingszaak. Op basis van de voortgang van die zaak kan het verzoekende voorliggende proces op de hoogte worden gehouden van de voortgang via zaakstatusinformatie.";"";"";"";"";"";"";"";"";"";"Inkomen > Terug- en invordering";"";"09072026-00:43:48"
"992";"";"Thema";"";"EAID_55FC829A_906B_4cb7_87D7_5BBAE59E07A8";"";"class";"";"";"Kernachtige weergave van de grondgedachte achter een regel.";"";"";"";"";"";"";"";"";"";"8 Volkshuisvesting, Leefomgeving en Stedelijke Vernieuwing > Omgevingswet";"";"09072026-00:43:48"
"993";"Toegangsmiddel";"Toegangsmiddel";"55c7fd37-4d03-45f4-b374-69aa690d1477";"EAID_D67A4AC2_9A17_4cd0_82D7_732A89018FDA";"business-object";"class";"";"Een middel waarmee men zich toegang tot iets kan verschaffen.";"Een middel waarmee men zich toegang tot iets kan verschaffen.";"";"";"";"";"";"";"https://gemmaonline.nl/index.php/GEMMA/id-55c7fd37-4d03-45f4-b374-69aa690d1477";"";"";"9 Interne Organisatie > ICT";"";"09072026-00:43:48"
"994";"Toepasbare Regel";"Toepasbare Regel";"b2498fa2-f9ff-48dd-946d-8b8ed395da81";"EAID_10C06EB3_F94A_4005_9C66_0DAE61B96192";"business-object";"class";"business-object";"Vertaling van juridische regels naar interactieve vragenbomen waarmee burgers en bedrijven in het DSO kunnen bepalen of zij een vergunning nodig hebben, een melding moeten doen of aan maatregelen moeten voldoen.";"Vanwege de leesbaarheid wordt gewerkt met de term Toepasbare regel ipv regelbeheersobject

Een regelbeheerobject heeft een koppeling met een samenhangende set met regels om een afleiding te kunnen doen. Het regelbeheerobject ‘conclusie gevelaanpassing’ kan een vraag beantwoorden zoals: “Heb ik een vergunning nodig voor het veranderen van een kozijn, kozijninvulling of gevelpaneel”. Het regelbeheerobject ‘melding lozing’ beantwoordt de vraag “Wat moet ik aan informatie (gegevens en documenten) aanleveren als ik ga lozen vanuit particuliere huishoudens”. Het regelbeheerobject “Opslaan van gasolie smeerolie of afgewerkte olie in een bovengrondse opslagtank” geeft aan welke maatregelen genomen dienen te worden.
Het regelbeheerobject is onderdeel van de functionele structuur. De set met regels is gedefinieerd in het Toepasbare regelbestand2.";"";"";"";"";"";"";"https://gemmaonline.nl/index.php/GEMMA/id-b2498fa2-f9ff-48dd-946d-8b8ed395da81";"";"";"8 Volkshuisvesting, Leefomgeving en Stedelijke Vernieuwing > Omgevingswet";"";"09072026-00:43:48"
"995";"";"ToepasbareRegelBestand";"";"EAID_3120D398_95C1_42fe_B10F_4F3B6BF15D1A";"";"class";"";"";"Bestand met aangeleverde toepasbare regels";"";"";"";"";"";"";"";"";"";"8 Volkshuisvesting, Leefomgeving en Stedelijke Vernieuwing > Omgevingswet";"";"09072026-00:43:48"
"996";"Toewijzing";"Toewijzing";"53cc8281-81c1-40c8-901d-2751e34ea367";"EAID_01ECE551_A7B0_4b99_B6E7_F654D6AC15D5";"business-object";"class";"business-object";"Toewijzing die door gemeente aan zorgaanbieder wordt gestuurd.";"Toewijzing die door gemeente aan zorgaanbieder wordt gestuurd. zie https://informatiemodel.istandaarden.nl/2019/views/view_274300.html";"";"";"";"";"";"";"https://gemmaonline.nl/index.php/GEMMA/id-53cc8281-81c1-40c8-901d-2751e34ea367";"";"";"6 Sociaal Domein > Generiek Jeugd en Wmo";"";"09072026-00:43:48"
"997";"";"Training";"";"EAID_88DF555F_9F2F_4274_A1ED_B201EEE0E62E";"";"class";"";"";"Een Training is een gestructureerde leeractiviteit binnen het inburgeringstraject, gericht op het aanleren of versterken van specifieke vaardigheden of kennis ter ondersteuning van taalverwerving, participatie of persoonlijke ontwikkeling.";"";"•	Een training maakt geen verplicht onderdeel uit van het wettelijk minimumaanbod, maar wordt vaak als aanvullende voorziening ingezet door gemeenten, bijvoorbeeld in de Z-route of als maatwerk binnen de B1-route.
	•	Voorbeelden zijn: sollicitatietraining, digitale vaardigheden, omgaan met stress, of training in communicatieve vaardigheden.
	•	Een training kan individueel of in groepsverband worden gevolgd, en wordt verzorgd door gecertificeerde aanbieders of lokale partners.
	•	De deelname aan een training wordt vastgelegd als onderdeel van het PIP of een begeleidings- of ontwikkelplan, met gegevens over inhoud, duur, frequentie en resultaat.
	•	Trainingen dragen bij aan de realisatie van subdoelen die voortkomen uit aandachtspunten of ontwikkelwensen van de inburgeringsplichtige.";"";"";"";"";"";"";"";"6 Sociaal Domein > Inburgering";"";"09072026-00:43:48"
"998";"";"Tunneldeel";"";"EAID_EE07AE43_1825_4377_9984_9636AB015C11";"";"class";"";"";"Onderdeel van een kunstmatig aangelegde, kokervormige onderdoorgang, dat essentieel is voor de constructie.";"";"";"";"";"";"";"";"";"";"99 Kern > RSGBPlus";"";"09072026-00:43:48"
"999";"Tunnelobject";"Tunnelobject";"1759a15a-e759-4abc-9fbb-1bd85bea382c";"EAID_906C9BA6_762D_4B15_94A3_6D8F2D8B922";"business-object";"class";"";"Onderdeel van een kunstmatig aangelegde, kokervormige onderdoorgang dat essentieel is voor de constructie.";"Onderdeel van een kunstmatig aangelegde, kokervormige onderdoorgang dat essentieel is voor de constructie.";"";"";"";"";"";"";"https://gemmaonline.nl/index.php/GEMMA/id-1759a15a-e759-4abc-9fbb-1bd85bea382c";"";"";"8 Volkshuisvesting, Leefomgeving en Stedelijke Vernieuwing > Beheer Openbare Ruimte";"";"09072026-00:43:48"
"1000";"";"Type Verzoek";"";"EAID_AC018290_7C62_49bd_A664_8A578EE97AFE";"";"enumeration";"";"";"";"";"";"";"";"";"";"";"";"";"8 Volkshuisvesting, Leefomgeving en Stedelijke Vernieuwing > Omgevingswet";"";"09072026-00:43:48"
"1001";"";"TypeAdresseerbaarObject";"";"EAID_3DD4320F_CA3A_40c9_BB16_40064717EC8B";"";"enumeration";"";"";"";"";"";"";"";"";"";"";"";"";"9 Interne Organisatie > Vastgoed";"";"09072026-00:43:48"
"1002";"";"TypeAdresseerbaarObject";"";"EAID_8C51DCF1_E81C_4590_88B2_EE5661B15F9A";"";"enumeration";"";"";"";"";"<memo>";"";"";"";"";"";"";"";"99 Kern > BAG";"";"09072026-00:43:48"
"1003";"";"TypeMaatregel";"";"EAID_24C282CF_327C_224C_ED18_26EBD163ADFF";"";"enumeration";"";"";"";"";"";"";"";"";"";"";"";"";"Inkomen > Normafwijking";"";"09072026-00:43:48"
"1004";"";"TypeMonument";"";"EAID_5C808AC9_CB09_4f4d_813E_821829856BA8";"";"enumeration";"";"";"";"";"";"";"";"";"";"";"";"";"Erfgoed > Monumenten";"";"09072026-00:43:48"
"1005";"";"TypeNormafwijking";"";"EAID_0A07D319_79DD_744C_0EAB_26EBD163528A";"";"enumeration";"";"";"";"";"";"";"";"";"";"";"";"";"Inkomen > Normafwijking";"";"09072026-00:43:48"
"1006";"";"Uitbreiding Zorgmelding";"";"EAID_D48AC65E_964F_47dc_A520_9C84326670A6";"";"class";"";"";"";"";"";"";"";"";"";"";"";"";"6 Sociaal Domein > Sociaal Domein Generiek";"";"09072026-00:43:48"
"1007";"Uitgever";"Uitgever";"0d7e9bb5-b865-4599-aa6d-6cac9fd2185b";"EAID_59CF7225_3D61_42e2_A399_7EB13450D97D";"business-object";"class";"business-role";"De hoedanigheid van degene die iets op de markt brengt of uitgeeft.";"Iemand die iets op de markt brengt; iemand die iets uitgeeft";"";"";"";"";"";"";"https://gemmaonline.nl/index.php/GEMMA/id-0d7e9bb5-b865-4599-aa6d-6cac9fd2185b";"";"";"Erfgoed > Archief";"";"09072026-00:43:48"
"1008";"";"Uitkering";"";"EAID_079F0BBE_0EBA_3EFE_32BE_293A6C49F9DC";"";"class";"";"";"Een persoon kan inkomsten hebben uit uitkering.";"";"";"";"";"";"";"";"";"";"6 Sociaal Domein > Sociaal Domein Generiek";"";"09072026-00:43:48"
"1009";"";"UitkeringsRun";"id-f787184d-3aa8-4132-96c4-23a363c3c1b7";"EAID_F787184D_3AA8_4132_96C4_23A363C3C1B7";"";"class";"";"";"Een *UitkeringsRun* is een geautomatiseerde verwerking in een financieel of administratief systeem waarbij **een groep uitkeringen of betalingen tegelijk wordt berekend en uitgevoerd** als onderdeel van een periodieke batch-verwerking.";"";"In financiële systemen en salaris-/uitkeringsadministraties verwijst een *run* naar het **proces van uitvoeren van een set berekeningen en betalingen** op een gepland moment (bijv. maandelijks of wekelijks). Een *uitkeringsrun* omvat normaliter:  
- het verzamelen van de gegevens van de uitkeringsgerechtigden;  
- het toepassen van berekeningsregels (zoals hoogte, inhoudingen en rechten);  
- het genereren van betaalopdrachten of journaling in het financiële systeem;  
- en het klaarmaken of uitvoeren van de daadwerkelijke betaling.  
Dit is vergelijkbaar met **betaling- of payroll runs** in financiële systemen waarmee organisaties periodiek meerdere betalingen bundelen en verwerken.";"";"";"";"";"";"";"";"Inkomen > Model Inkomen";"";"09072026-00:43:48"
"1010";"";"UitkomstLeerbaarheidstoets";"";"EAID_D736A972_6151_47ed_86CD_FBA92F15189A";"";"enumeration";"";"";"";"";"<memo>";"";"";"";"";"";"";"";"6 Sociaal Domein > Inburgering";"";"09072026-00:43:48"
"1011";"";"Uitlaatconstructie";"";"EAID_A5EEDFA7_48FF_4E7F_B5BF_4A809130A3D";"";"class";"";"";"Het eindpunt van een rioolleiding waar uitstroming van afvalwater uit het rioolstelsel naar het oppervlaktewater mogelijk is.";"";"";"";"";"";"";"";"";"";"8 Volkshuisvesting, Leefomgeving en Stedelijke Vernieuwing > Beheer Openbare Ruimte";"";"09072026-00:43:48"
"1012";"Uitnodiging";"Uitnodiging";"16b98915-5c5e-4933-bfc0-9db634c47acb";"EAID_BB182A6F_6935_4702_ABEA_B96E32A40B02";"business-object";"class";"";"Een verzoek om iets bij te wonen.";"Een verzoek om iets bij te wonen.";"";"";"Invitatie";"Invitatie";"";"";"https://gemmaonline.nl/index.php/GEMMA/id-16b98915-5c5e-4933-bfc0-9db634c47acb";"";"";"9 Interne Organisatie > Inkoop";"";"09072026-00:43:48"
"1013";"Uitschrijving";"Uitschrijving";"b83efc57-9184-4405-8c23-fbcabe7577b4";"EAID_133AF611_9FA0_4a09_BF12_74C5FA5F6F60";"business-object";"class";"business-object";"Beeindiging van een inschrijving van een leerling bij een school";"Beeindiging van een inschrijving van een leerling bij een school";"";"";"";"";"";"";"https://gemmaonline.nl/index.php/GEMMA/id-b83efc57-9184-4405-8c23-fbcabe7577b4";"";"";"4 Onderwijs > Onderwijs";"";"09072026-00:43:48"
"1014";"";"Uitsluitingsgrond";"";"EAID_15A983E0_2529_75FE_4ED9_281C3303D234";"";"class";"";"";"Gronden waarop de klant in een situatie verkeert die maakt dat er per definitie geen recht op een dienst c.q. uitkering bestaat. Dit maakt een uitsluitingsgrond een verbijzondering van een voorwaarde.";"";"";"";"";"";"";"";"";"";"Inkomen > Diensten";"";"09072026-00:43:48"
"1015";"";"Uitstel aflossing";"";"EAID_74e47f85_a936_43c0_8ef2_1605bdb5efed";"";"class";"";"";"Er kunnen redenen zijn om het aflossingsplan te pauseren. Zie de opties bij het attribuut Reden uitstel.Het volgende geldt:Uitstel van aflossing grijpt aan op alle afspraken in het aflossingsplan.Uitstel leidt tot termijnbewaking om de medewerker er op te attenderen of het uitstel nog aan de orde zou moeten zijn.De termijn in de termijnbewaking kan verschillen per reden van uitstel.";"";"";"";"";"";"";"";"";"";"Inkomen > Terug- en invordering";"";"09072026-00:43:48"
"1016";"";"Uitstroom";"id-42d33289-422a-4d94-be6b-44b34cc230b5";"EAID_42D33289_422A_4d94_BE6B_44B34CC230B5";"";"class";"";"";"Het betreft hier de gegevens die worden vastgelegd bij uitstroom en dus be&#235;indiging van een schuldhulptraject.";"";"";"";"";"";"";"";"";"";"Schulden > Schuldhulpverlening";"";"09072026-00:43:48"
"1017";"UitvoerderGraafwerkzaamheden";"Uitvoerder Graafwerkzaamheden";"6f57464b-d011-4a75-afe8-a69b543c042b";"EAID_BBE1DC54_1482_4650_BB7F_930DDB823E09";"business-object";"class";"";"Degene die op de bouwlocatie van een project de leiding heeft met betrekking tot de graafwerkzaamheden";"Degene die op de bouwlocatie van een project de leiding heeft met betrekking tot de graafwerkzaamheden";"";"";"";"";"";"";"https://gemmaonline.nl/index.php/GEMMA/id-6f57464b-d011-4a75-afe8-a69b543c042b";"";"";"8 Volkshuisvesting, Leefomgeving en Stedelijke Vernieuwing > Beheer Openbare Ruimte";"";"09072026-00:43:48"
"1018";"UitvoerendeInstantie";"Uitvoerende instantie";"b102f55a-581c-40da-836c-9ce8bdaba245";"EAID_1B3A22D3_E2BA_440a_A2FD_B3D322FB1171";"business-object";"class";"";"Onderdeel van het bevoegd gezag dat uitvoering geeft aan wetten en besluiten";"Onderdeel van het bevoegd gezag dat uitvoering geeft aan wetten en besluiten";"";"";"";"";"";"";"https://gemmaonline.nl/index.php/GEMMA/id-b102f55a-581c-40da-836c-9ce8bdaba245";"";"";"8 Volkshuisvesting, Leefomgeving en Stedelijke Vernieuwing > Omgevingswet";"";"09072026-00:43:48"
"1019";"Uitvoeringsregel";"Uitvoeringsregel";"0833a871-2597-43ea-90e9-a0c4b5f53572";"EAID_1528D03C_4F22_4d6b_A44F_605802C195C4";"business-object";"class";"";"De uitvoeringsregels bepalen hoe de benodigde gegevens (input data) wordt uitgevraagd. Dit kan op verschillende manieren gebeuren zoals een vraag aan een initiatiefnemer of een bevraging van een registratie.";"De uitvoeringsregels bepalen hoe de benodigde gegevens (input data) wordt uitgevraagd. Dit kan op verschillende manieren gebeuren zoals een vraag aan een initiatiefnemer of een bevraging van een registratie.";"";"";"";"";"";"";"https://gemmaonline.nl/index.php/GEMMA/id-0833a871-2597-43ea-90e9-a0c4b5f53572";"";"";"8 Volkshuisvesting, Leefomgeving en Stedelijke Vernieuwing > Omgevingswet";"";"09072026-00:43:48"
"1020";"";"Uren";"";"EAID_93165DEC_ECB7_4225_9484_E1727524A1B5";"";"class";"";"";"Aantal besteedde uren aan een activiteit";"";"";"";"";"";"";"";"";"";"9 Interne Organisatie > HR";"";"09072026-00:43:48"
"1021";"";"VLogInfo";"";"EAID_E4EEBD4D_A41E_4c9d_8099_CDA45BFF0056";"";"class";"";"";"V-log is een open standaard voor datalogging van een verkeersregelinstallatie.";"";"";"";"";"";"";"";"";"";"2 Verkeer, Vervoer en Waterstaat > Mobiliteit";"";"09072026-00:43:48"
"1022";"VOMAanvraagOfMelding";"VOMAanvraagOfMelding";"f10ba880-2051-4fd8-8495-f34f1a617dc0";"EAID_44B26957_BAA4_41c2_ABBF_CC1AC91D30D6";"business-object";"class";"";"VOM staat voor Vergunning, Ontheffing of Melding. Het betreft hier een melding of een aanvraag voor een vergunning of een ontheffing.";"VOM staat voor Vergunning, Ontheffing of Melding. Het betreft hier een melding of een aanvraag voor een vergunning of een ontheffing.";"";"";"";"";"";"";"https://gemmaonline.nl/index.php/GEMMA2/0.9/id-f10ba880-2051-4fd8-8495-f34f1a617dc0";"";"";"1 Veiligheid en Vergunningen";"";"09072026-00:43:48"
"1023";"VTH-Melding";"VTH-Melding";"44f31c7d-6347-4e52-a809-c48563f4b7f1";"EAID_E9AEF0A9_11BC_4d2a_BC48_FB77F04EF9A6";"business-object";"class";"";"Melding met betrekking tot Vergunningen, Toezicht en Handhaving";"Melding met betrekking tot Vergunningen, Toezicht en Handhaving";"";"";"";"";"";"";"https://gemmaonline.nl/index.php/GEMMA2/0.9/id-44f31c7d-6347-4e52-a809-c48563f4b7f1";"";"";"1 Veiligheid en Vergunningen";"";"09072026-00:43:48"
"1024";"";"VTHAanvraagOfMelding";"";"EAID_EAC249B9_13F7_472b_A971_05ED32006F04";"";"class";"";"";"VTH staat voor Vergunning, Toezicht en Handhaving. Het betreft hier een melding of een aanvraag voor een vergunning of een melding voor Toezicht en/of Handhaving.";"";"";"";"";"";"";"";"";"";"1 Veiligheid en Vergunningen";"";"09072026-00:43:48"
"1025";"VTH-zaak";"VTHzaak";"0080f5e8-d0d2-4a34-816d-24c8ec6b185a";"EAID_88AF7A2E_C508_464a_AD22_DD9B156D570D";"business-object";"class";"business-object";"Een VTHzaak is een zaak of dossier binnen de gemeentelijke administratie die betrekking heeft op vergunningverlening, toezicht en handhaving (VTH) van regels en voorschriften in de fysieke leefomgeving.";"Een *VTHzaak* is een zaak of dossier binnen de gemeentelijke administratie die betrekking heeft op **vergunningverlening, toezicht en handhaving (VTH)** van regels en voorschriften in de fysieke leefomgeving.";"";"*VTH* staat voor *Vergunningverlening, Toezicht en Handhaving*, de samenhangende taken waarmee gemeenten (en bevoegde overheden) controleren of activiteiten voldoen aan wettelijke eisen, vergunningen verlenen, toezicht houden en handhavend optreden bij overtredingen van regels. Een *VTHzaak* is het **geautomatiseerde of administratieve traject** waarin een specifieke melding, aanvraag, controle, overtreding of handhavingsactie wordt behandeld en geregistreerd. Dit kan bijvoorbeeld gaan over een omgevingsvergunning, een melding van overtreding, inspectieresultaten of een handhavingsbesluit in het kader van het omgevings-, milieu- of bouwrecht.";"";"";"";"";"https://gemmaonline.nl/index.php/GEMMA2/0.9/id-0080f5e8-d0d2-4a34-816d-24c8ec6b185a";"";"";"1 Veiligheid en Vergunningen";"";"09072026-00:43:48"
"1026";"";"Vaardigheidsvaststelling";"";"EAID_A1912CA8_11EA_4d8a_A5FB_C5F98F521367";"";"class";"";"";"Het proces waarin specifieke vaardigheden van een persoon worden beoordeeld of gemeten, vaak ter ondersteuning van een werkprofiel of plaatsingsbeslissing.";"";"";"";"";"";"";"";"";"";"6 Sociaal Domein > Werk";"";"09072026-00:43:48"
"1027";"Woonboot";"Vaartuig";"3d86eebe-43ff-498e-9f8c-7c77a35f8730";"EAID_D12123D3_D62D_4978_B7D4_8405F00A0D6A";"business-object";"class";"business-object";"Een zee- of binnenvaartuig, tot de vaart gebruikt of bestemd, daaronder begrepen drijvende werktuigen, zoals baggerwerktuigen, kranen, bokken, elevators, alsmede woonschepen, glijboten en ponten.";"Een zee- of binnenvaartuig, tot de vaart gebruikt of bestemd, daaronder begrepen drijvende werktuigen, zoals baggerwerktuigen, kranen, bokken, elevators, alsmede woonschepen, glijboten en ponten.";"";"";"";"";"";"";"https://gemmaonline.nl/index.php/GEMMA2/0.9/id-3d86eebe-43ff-498e-9f8c-7c77a35f8730";"";"Woonark, Varend schip, Historisch schip, Schark";"1 Veiligheid en Vergunningen";"";"09072026-00:43:48"
"1028";"Vacature";"Vacature";"bd6c1561-9387-409b-a16b-99e79492ad3d";"EAID_DC978807_5F36_4148_B816_D6886D026DD8";"business-object";"class";"business-object";"Een arbeidsplaats binnen een bedrijf of organisatie die nog gevuld dient te worden door werkzoekenden.";"Een arbeidsplaats binnen een bedrijf of organisatie die nog gevuld dient te worden door werkzoekenden.";"";"";"";"";"";"";"https://gemmaonline.nl/index.php/GEMMA/id-bd6c1561-9387-409b-a16b-99e79492ad3d";"";"";"9 Interne Organisatie > HR";"";"09072026-00:43:48"
"1029";"";"Vakantiegeld";"";"EAID_24B39342_7142_86B3_3DBD_293A7780A28B";"";"class";"";"";"Een persoon kan inkomsten hebben uit vakantiegeld.";"";"";"";"";"";"";"";"";"";"6 Sociaal Domein > Sociaal Domein Generiek";"";"09072026-00:43:48"
"1030";"";"Valuta";"";"EAID_ABC4F2A1_A1C6_4db4_9227_4D7D63C5F94E";"";"class";"";"";"De hoedanigheid van tot een bepaalde natie te behoren.";"";"";"";"";"";"";"";"";"";"99 Kern > RSGBPlus";"";"09072026-00:43:48"
"1031";"";"Valutasoort";"";"EAID_DC6C8DCB_EE07_4e2b_9087_648BD0D0D473";"";"class";"";"";"De mogelijke munteenheden waarin een geldbedrag kan worden uitgedrukt conform de waardelijst Valutasoort van het Kadaster";"";"";"";"";"";"";"";"";"";"99 Kern > RSGBPlus";"";"09072026-00:43:48"
"1032";"Vastgoedcontract";"Vastgoed Contract";"44e5cb64-556a-4b36-9b4e-a2c8e61345ed";"EAID_1C84E4B6_1BB5_4a0d_A945_FFFDFDFB544B";"business-object";"class";"contract";"Een contract is een afspraak tussen 2 of meer partijen.";"Een contract is een afspraak tussen 2 of meer partijen. Sluit u een contract, dan moet u een bepaalde prestatie leveren of u heeft recht op een prestatie. Een ander woord voor een contract is een overeenkomst. Daarnaast komt de term overeenkomst van opdracht ook voor.";"";"";"";"";"";"";"https://gemmaonline.nl/index.php/GEMMA/id-44e5cb64-556a-4b36-9b4e-a2c8e61345ed";"";"";"9 Interne Organisatie > Vastgoed";"";"09072026-00:43:48"
"1033";"";"Vastgoedcontractregel";"";"EAID_1C25D70B_AE22_4654_9190_2F55272D9BE6";"";"class";"";"";"ONderdeel van een vastgoedcontract";"";"";"";"";"";"";"";"";"";"9 Interne Organisatie > Vastgoed";"";"09072026-00:43:48"
"1034";"Vastgoedobject";"Vastgoedobject";"ac9bd49c-9861-44f3-adff-ffa256a08111";"EAID_28A6F2AC_5AB1_4f25_8876_931152CA28E0";"business-object";"class";"business-object";"Perceel of vastgoed waar de gemeente een zakelijk recht heeft, en optioneel verhuurd, verpacht of anderzinds aan een derde partij.";"Perceel of vastgoed waar de gemeente een zakelijk recht heeft, en optioneel verhuurd, verpacht of anderzinds aan een derde partij.";"";"";"";"";"";"";"https://gemmaonline.nl/index.php/GEMMA/id-ac9bd49c-9861-44f3-adff-ffa256a08111";"";"";"9 Interne Organisatie > Vastgoed";"";"09072026-00:43:48"
"1035";"Vegetatieobject";"Vegetatieobject";"0f538a2f-8478-4b4f-a2f8-50ab28f54ea6";"EAID_761406D1_87BC_4DC1_B1B7_BD3BB7AB54A";"business-object";"class";"";"Verzamelobject van alle vegetatieobjecten - niveau 2";"Verzamelobject van alle vegetatieobjecten - niveau 2";"";"";"";"";"";"";"https://gemmaonline.nl/index.php/GEMMA/id-0f538a2f-8478-4b4f-a2f8-50ab28f54ea6";"";"";"8 Volkshuisvesting, Leefomgeving en Stedelijke Vernieuwing > Beheer Openbare Ruimte";"";"09072026-00:43:48"
"1036";"";"Vegetatieobject";"";"EAID_9980DF6D_0C86_4039_8400_C54DAC77FB79";"";"class";"";"";"Solitair vegetatieobject of lijn- of vlakvormige groep gelijksoortige vegetatieobjecten met een beperkte omvang.";"";"";"";"";"";"";"";"";"";"99 Kern > RSGBPlus";"";"09072026-00:43:48"
"1037";"Veld";"Veld";"0f53081c-01f9-4c0a-b049-77d310a0ea33";"EAID_D1889096_CC76_48a8_A9DF_8151FFF1E0AC";"business-object";"class";"business-object";"Een stuk land dat speciaal voor het bedrijven van een veldsport gereedgemaakt is";"Een stuk land dat speciaal voor het bedrijven van een veldsport gereedgemaakt is";"";"";"";"";"";"";"https://gemmaonline.nl/index.php/GEMMA/id-0f53081c-01f9-4c0a-b049-77d310a0ea33";"";"";"5 Sport, Cultuur en Recreatie > Sport";"";"09072026-00:43:48"
"1038";"";"VerblijfBuitenland";"";"EAID_E3567219_5744_4b70_901D_BAEBD8FF4947";"";"class";"";"";"De gegevens over het verblijf in het buitenland";"";"";"";"";"";"";"";"";"";"99 Kern > RSGBPlus";"";"09072026-00:43:48"
"1039";"";"VerblijfBuitenlandSubject";"";"EAID_19BA2B32_7BC5_41be_A352_21C41423C4B2";"";"class";"";"";"De gegevens over het verblijf in het buitenland";"";"";"";"";"";"";"";"";"";"99 Kern > RSGBPlus";"";"09072026-00:43:48"
"1040";"";"VerblijfadresIngeschrevenNatuurlijkPersoon";"";"EAID_E5E010C2_C1F3_4986_AA9A_C71C19263606";"";"class";"";"";"De gegevens over het verblijf en adres van de INGESCHREVEN NATUURLIJK PERSOON";"";"";"";"";"";"";"";"";"";"99 Kern > RSGBPlus";"";"09072026-00:43:48"
"1041";"";"VerblijfadresIngeschrevenPersoon";"";"EAID_F6DAC299_3F19_45c6_BFFE_EB38C1C51459";"";"class";"";"";"De gegevens over het verblijf en adres van de INGESCHREVEN PERSOON";"";"";"";"";"";"";"";"";"";"99 Kern > RSGBPlus";"";"09072026-00:43:48"
"1042";"Verblijfplaats AZC";"Verblijfplaats AZC";"";"EAID_40C9655E_15CF_4b46_8B59_FD8D4CBC57B5";"business-object";"class";"";"";"Verblijfplaats AZC is de formele verblijfslocatie van een asielgerechtigde of inburgeringsplichtige binnen een Asielzoekerscentrum (AZC), beheerd door het Centraal Orgaan opvang Asielzoekers (COA), voorafgaand aan of tijdens het inburgeringstraject.";"";"•	In het kader van de Wet inburgering 2021 begint de inburgeringsplicht voor statushouders op het moment dat zij worden ingeschreven in de BRP van een gemeente, meestal na uitstroom uit het AZC.";"";"";"";"";"https://gemmaonline.nl/index.php/GEMMA/id-3f04329f-7828-4b5e-b983-85a4d2dcd305";"";"";"6 Sociaal Domein > Inburgering";"";"09072026-00:43:48"
"1043";"Verblijfsobject";"Verblijfsobject";"";"EAID_461EFCF0_E65E_4c7c_B44D_8F36C36FDCE4";"";"class";"business-object";"Kleinste binnen een of meer panden gelegen eenheid van gebruik, ontsloten via een eigen afsluitbare toegang, met een of meer gebruiksdoelen, geregistreerd in de BAG.";"Een verblijfsobject is een kleinste binnen &#233;&#233;n of meer panden gelegen en voor woon-, bedrijfsmatige, of recreatieve doeleinden geschikte eenheid van gebruik die ontsloten wordt via een eigen afsluitbare toegang vanaf de openbare weg, een erf of een gedeelde verkeersruimte, onderwerp kan zijn van goederenrechtelijke rechtshandelingen en in functioneel opzicht zelfstandig is. Beschrijving: Een verblijfsobject is een ruimte in 1 of meer panden en voldoet aan de volgende eisen: kan worden gebruikt om in te wonen, een bedrijf in te hebben of om voor plezier in te verblijven, is bereikbaar via een eigen afsluitbare toegang vanaf de openbare weg, een erf of een gedeelde verkeersruimte, kan worden gekocht en verkocht, kan helemaal zelf worden gebruikt voor het doel dat ervoor is gegeven. Deze eisen voor verblijfsobjecten worden toegelicht in de Catalogus BAG 2018. Een verblijfsobject krijgt een adres.";"";"";"";"";"";"";"";"";"";"99 Kern > BAG";"";"09072026-00:43:48"
"1044";"Verblijfsobject";"Verblijfsobject";"67a1d348-4663-4a34-8b6a-06b3ea888a9d";"EAID_A33151CE_37B2_4026_B0AF_B541687B5B7C";"business-object";"class";"business-object";"Kleinste binnen een of meer panden gelegen eenheid van gebruik, ontsloten via een eigen afsluitbare toegang, met een of meer gebruiksdoelen, geregistreerd in de BAG.";"De kleinste binnen één of meer panden gelegen en voor woon -, bedrijfsmatige, of recreatieve doeleinden geschikte eenheid van gebruik die ontsloten wordt via een eigen afsluitbare toegang vanaf de openbare weg, een erf of een gedeelde verkeersruimte, onderwerp kan zijn van goederenrechtelijke rechtshandelingen en in functioneel opzicht zelfstandig is.";"";"Zie de catalogus BAG.";"";"";"BAG";"";"https://gemmaonline.nl/index.php/GEMMA/id-67a1d348-4663-4a34-8b6a-06b3ea888a9d";"";"";"99 Kern > RSGBPlus";"";"09072026-00:43:48"
"1045";"";"VerblijfsrechtIngeschrevenNatuurlijkPersoon";"";"EAID_0DC6F150_CF59_4376_A5F0_E0B600BE4C53";"";"class";"";"";"De gegevens om het verblijfsrecht vast te leggen.";"";"";"";"";"";"";"";"";"";"99 Kern > RSGBPlus";"";"09072026-00:43:48"
"1046";"Verblijfstitel";"Verblijfstitel";"fd0e38fd-ce78-454e-9d27-268a9e15ca40";"EAID_A660422D_E9ED_47c9_9978_480E57572775";"business-object";"class";"";"Rechtsgrond op basis waarvan men bevoegd is in een land te verblijven.
Opmerkingen obv Key2Burgerzaken:
De verblijfstitel heeft een ingangs- en vervaldatum, datum geldig en een opname datum
RSGB3.0 onderkent alleen Datum einde en Datum ingang. Dat is o";"Rechtsgrond op basis waarvan men bevoegd is in een land te verblijven.
Opmerkingen obv Key2Burgerzaken:
De verblijfstitel heeft een ingangs- en vervaldatum, datum geldig en een opname datum
RSGB3.0 onderkent alleen Datum einde en Datum ingang. Dat is onvoldoende om volgorde en geldigheid in tijd correct te bepalen";"";"";"";"";"";"";"https://gemmaonline.nl/index.php/GEMMA/id-fd0e38fd-ce78-454e-9d27-268a9e15ca40";"";"";"99 Kern > RSGBPlus";"";"09072026-00:43:48"
"1047";"";"Verblijfstitel";"";"EAID_0F51B100_1C60_4d54_9B60_1C9BF9C856A2";"";"class";"";"";"Rechtsgrond op basis waarvan men bevoegd is in een land te verblijven.";"";"";"";"";"";"";"";"";"";"99 Kern > RSGBPlus";"";"09072026-00:43:48"
"1048";"";"Verbroken relatie";"";"EAID_273AA921_78AD_0107_6D04_2791C07149E9";"";"class";"";"";"*Verbroken relatie* is een subtype van **Reden aanvraag** binnen het GBI-Ontologiemodel dat aangeeft dat een persoon een inkomensdienst aanvraagt doordat **de (huwelijkse/samenlevings)relatie is beëindigd**, met financiële gevolgen voor het levensonderhoud.";"";"In het GBI-model *Reden aanvraag* representeert *Verbroken relatie* een specifieke reden waarom iemand inkomensondersteuning aanvraagt, namelijk omdat het beëindigen van een relatie (bijvoorbeeld echtscheiding of einde van een geregistreerd partnerschap/samenwoning) **heeft geleid tot verlies van inkomen of verandering in de huishoudsituatie**. Deze situatie kan het inkomen aanzienlijk verlagen en zo de noodzaak creëren voor een aanvraag van inkomensvoorziening, zoals bijstand. Het begrip wordt administratief gebruikt om **de achtergrond van de aanvraag gestructureerd vast te leggen**.";"";"";"";"";"";"";"";"Inkomen > Reden aanvraag";"";"09072026-00:43:48"
"1049";"Vergadering";"Vergadering";"ea768404-3043-48bc-b0dc-143abc8806d6";"EAID_257F4ABF_7CCD_453f_B2E8_5A6434383A9B";"business-object";"class";"business-object";"Formele bijeenkomst van de gemeenteraad, een raadscommissie of het college, met agenda, registratie van aanwezigheid en besluitenlijst.";"Een bijeenkomst van meerdere mensen (meestal van eenzelfde organisatie) die met elkaar spreken en/of afspraken maken over de gemeenschappelijke toekomst.";"";"";"";"";"";"";"https://gemmaonline.nl/index.php/GEMMA/id-ea768404-3043-48bc-b0dc-143abc8806d6";"";"";"0 Bestuur, Politiek en Ondersteuning > Griffie";"";"09072026-00:43:48"
"1050";"";"Vergoeding";"";"EAID_1FCFBA02_5BAC_6978_BF60_293A629C6FC3";"";"class";"";"";"Een persoon kan inkomsten hebben uit vergoedingen als voor maaltijden, onkosten of reizen";"";"";"";"";"";"";"";"";"";"6 Sociaal Domein > Sociaal Domein Generiek";"";"09072026-00:43:48"
"1051";"";"Vergoeding in natura";"";"EAID_247066AC_FBF9_A511_B717_293A77808921";"";"class";"";"";"Een persoon kan inkomsten hebben uit vergoeding in natura.";"";"";"";"";"";"";"";"";"";"6 Sociaal Domein > Sociaal Domein Generiek";"";"09072026-00:43:48"
"1052";"Verhardingsobject";"Verhardingsobject";"a1a1d3ab-366d-4395-be52-b8d918614585";"EAID_47F12418_C5F8_44E0_8EC6_3D0C5993372";"business-object";"class";"business-object";"Verhard oppervlak in de openbare ruimte — rijbaan, fietspad, voetpad of parkeervak — dat de gemeente beheert en onderhoudt.";"Verharde lagen van een weglichaam, speel- en sportondergronden en onbegroeid terreindelen inclusief de fundering.";"";"";"";"";"";"";"https://gemmaonline.nl/index.php/GEMMA/id-a1a1d3ab-366d-4395-be52-b8d918614585";"";"Rijbaan, Fietspad, Voetpad, Parkeervak, Asfaltverharding, Betonverharding, Elementenverharding";"8 Volkshuisvesting, Leefomgeving en Stedelijke Vernieuwing > Beheer Openbare Ruimte";"";"09072026-00:43:48"
"1053";"Verhuurbare Eenheid";"Verhuurbaar Eenheid";"31dcb0af-e9f1-44e1-8d5a-278f887fa9e7";"EAID_98A7AE65_A061_449a_94CD_6218069CA86A";"business-object";"class";"business-object";"Een Verhuurbare Eenheid (VHE) is een eenheid die individueel verhuurbaar is. Verhuurbaar komt voort uit 'exploitatie'.";"Een Verhuurbare Eenheid (VHE) is een eenheid die individueel verhuurbaar is. Verhuurbaar komt voort uit 'exploitatie'";"";"";"";"";"";"";"https://gemmaonline.nl/index.php/GEMMA/id-31dcb0af-e9f1-44e1-8d5a-278f887fa9e7";"";"";"9 Interne Organisatie > Vastgoed";"";"09072026-00:43:48"
"1054";"Verkeersbesluit";"Verkeersbesluit";"833312cc-f7d8-4b4c-9e79-b21c8e7597cb";"EAID_3F83DAA3_C37F_42b2_8D35_D75B840172F8";"business-object";"class";"business-object";"Een besluit van een wegbeheerder om een bepaald verkeersteken te plaatsen, te wijzigen of in te trekken of een bepaalde fysieke maatregel te treffen.";"Een besluit van een wegbeheerder om een bepaald verkeersteken te plaatsen, te wijzigen of in te trekken of een bepaalde fysieke maatregel te treffen.";"";"";"";"";"";"";"https://gemmaonline.nl/index.php/GEMMA/id-833312cc-f7d8-4b4c-9e79-b21c8e7597cb";"";"";"2 Verkeer, Vervoer en Waterstaat > Mobiliteit";"";"09072026-00:43:48"
"1055";"";"Verkeersdrempel";"";"EAID_D20F86EE_C4B5_497D_BED0_34B7509121E";"";"class";"";"";"Verhoging in de rijbaan, bedoeld om het gemotoriseerde verkeer met een lage(re) snelheid te laten rijden. Toelichting: Sinds ongeveer 2000 beschikt de Nederlandse wegenbouw over technische mogelijkheden om drempels uit te voeren in een doorlopende asfaltverharding en dan zodanig dat deze een specifieke snelheid uitlokken bij circa 80 procent van het gemotoriseerde verkeer.";"";"";"";"";"";"";"";"";"";"8 Volkshuisvesting, Leefomgeving en Stedelijke Vernieuwing > Beheer Openbare Ruimte";"";"09072026-00:43:48"
"1056";"Verkeerslicht";"Verkeerslicht";"";"EAID_620FF102_974C_43a6_A6A0_79BB71E8580D";"";"class";"business-object";"Lichten die aangeven dat je moet stoppen, dat je mag doorrijden, of die je waarschuwen voor gevaar.";"Lichten die aangeven dat je moet stoppen, dat je mag doorrijden, of die je waarschuwen voor gevaar.";"";"";"";"";"";"";"";"";"";"8 Volkshuisvesting, Leefomgeving en Stedelijke Vernieuwing > Beheer Openbare Ruimte";"";"09072026-00:43:48"
"1057";"Verkeerstelling";"Verkeerstelling";"cb656c23-5e43-4f7d-9c06-ff5351911fdb";"EAID_DBE739FD_EBC4_4650_8A2B_714294A63A73";"business-object";"class";"business-object";"Een onderzoek om inzicht te krijgen in het verkeer, in de hoeveelheid verkeer, de verdeling en de gereden snelheid.";"Een onderzoek om inzicht te krijgen in het verkeer, in de hoeveelheid verkeer, de verdeling en de gereden snelheid.";"";"";"";"";"";"";"https://gemmaonline.nl/index.php/GEMMA/id-cb656c23-5e43-4f7d-9c06-ff5351911fdb";"";"";"2 Verkeer, Vervoer en Waterstaat > Mobiliteit";"";"09072026-00:43:48"
"1058";"Verkooppunt";"Verkooppunt";"9f1dd63c-3407-460d-aef7-56cb6c3c20ad";"EAID_8F05E7BA_E7ED_45d1_9626_C8D7FBDB2F1B";"business-object";"class";"";"Locatie waar iets wordt verkocht";"Locatie waar iets wordt verkocht";"";"";"";"";"";"";"https://gemmaonline.nl/index.php/GEMMA/id-9f1dd63c-3407-460d-aef7-56cb6c3c20ad";"";"";"3 Economie";"";"09072026-00:43:48"
"1059";"";"Verlaging door boete";"";"EAID_21BB5EF1_DBEF_1C98_AA4A_293A7780C22E";"";"class";"";"";"Een persoon kan vermindering van inkomsten hebben door boete.";"";"";"";"";"";"";"";"";"";"6 Sociaal Domein > Sociaal Domein Generiek";"";"09072026-00:43:48"
"1060";"";"Verlaging door maatregel";"";"EAID_147DA394_B3B3_61F8_2424_293A778066AE";"";"class";"";"";"Een persoon kan vermindering van inkomsten hebben door maatregel.";"";"";"";"";"";"";"";"";"";"6 Sociaal Domein > Sociaal Domein Generiek";"";"09072026-00:43:48"
"1061";"";"VerlengingZaak";"";"EAID_7014565C_F8AF_459a_A2FD_30E8D7F9F0CC";"";"class";"";"";"Gegevens omtrent het verlengen van de doorlooptijd van de behandeling van de ZAAK";"";"";"";"";"";"";"";"";"";"99 Kern > RGBZPlus";"";"09072026-00:43:48"
"1062";"";"Verlengingsgrond";"";"EAID_951AC549_985D_4bdb_BEE0_65AD3C1ED9E2";"";"class";"";"";"Een Verlengingsgrond is een wettelijk erkende reden op basis waarvan de gemeente de inburgeringstermijn van een inburgeringsplichtige kan verlengen, zoals vastgelegd in artikel 7.3, tweede lid, van de Wet inburgering 2021.";"";"•	De standaard inburgeringstermijn is drie jaar, maar deze kan op verzoek van de inburgeringsplichtige worden verlengd als er sprake is van bijzondere omstandigheden.
	•	Wettelijk geldige verlengingsgronden zijn onder andere:
	•	Zwangerschap of bevalling;
	•	Ernstige ziekte of psychische problematiek;
	•	Mantelzorg of zorgtaken;
	•	Detentie;
	•	Andere aantoonbare belemmeringen buiten de eigen wil.
	•	De verlengingsgrond wordt onderbouwd met bewijsstukken en beoordeeld door het college van burgemeester en wethouders.
	•	De aard en duur van de verlengingsgrond bepalen de omvang van de verlenging, die in principe tijdelijk is.";"";"";"";"";"";"";"";"6 Sociaal Domein > Inburgering";"";"09072026-00:43:48"
"1063";"Verlichtingsobject";"Verlichtingsobject";"95a78138-3227-48e1-8499-4bcbba4ab13c";"EAID_8CD4C799_C403_41B6_B409_06D37398E31";"business-object";"class";"business-object";"Paal of mast waaraan openbare verlichting is bevestigd.";"Paal of mast waaraan openbare verlichting is bevestigd.";"";"";"";"";"";"";"https://gemmaonline.nl/index.php/GEMMA/id-95a78138-3227-48e1-8499-4bcbba4ab13c";"";"Lichtmast, Gevelarmatuur";"8 Volkshuisvesting, Leefomgeving en Stedelijke Vernieuwing > Beheer Openbare Ruimte";"";"09072026-00:43:48"
"1064";"Verlof";"Verlof";"9ba143bc-5214-4998-9041-b3dc1c22fe77";"EAID_D04135BF_C2F0_46dd_B332_F1BE36C358EF";"business-object";"class";"business-object";"Een periode waarin iemand toestemming heeft om iets te doen, in het bijzonder om afwezig te zijn.";"Een periode waarin iemand toestemming heeft om iets te doen, in het bijzonder om afwezig te zijn.";"";"";"";"";"";"";"https://gemmaonline.nl/index.php/GEMMA/id-9ba143bc-5214-4998-9041-b3dc1c22fe77";"";"";"9 Interne Organisatie > HR";"";"09072026-00:43:48"
"1065";"";"Verlofaanvraag";"";"EAID_E9DECE41_F7F5_49f1_94B5_63DE941F6094";"";"class";"";"";"Een verzoek om toestemming te krijgen iets te doen, bijvoorbeeld vakantie of studie";"";"";"";"";"";"";"";"";"";"4 Onderwijs > Leerplicht en Leerlingenvervoer";"";"09072026-00:43:48"
"1066";"";"Verlofsoort";"";"EAID_ED741EE1_E773_40e3_B0E6_8D9886EB792F";"";"class";"";"";"Typering van verlof";"";"";"";"";"";"";"";"";"";"9 Interne Organisatie > HR";"";"09072026-00:43:48"
"1067";"";"Vermindering terugvordering";"";"EAID_1A6E0A2E_9431_0F7A_1EAA_263C1D239DF6";"";"class";"";"";"Vermindering terugvordering is het resultaat van een beslissing de terugvordering te verminderen met een zeker bedrag met zekere motivatie. De vermindering terugvordering wordt geadministreerd onder de vordering.";"";"";"";"";"";"";"";"";"";"Inkomen > Terug- en invordering";"";"09072026-00:43:48"
"1068";"";"Vermogenscomponent";"";"EAID_08000E15_8AA2_AE9A_89F0_262C7C061238";"";"class";"";"";"Een *vermogenscomponent* is een **onderdeel van het totale vermogen** van een persoon of huishouden, dat afzonderlijk wordt weergegeven (zoals spaargeld, beleggingen, eigen woning netto of pensioenvermogen).";"";"In statistische en economische analyses wordt vermogen gezien als het **saldo van bezittingen minus schulden** van een persoon of huishouden. Het totale vermogen kan worden opgesplitst in verschillende componenten — bijvoorbeeld financiële tegoeden, effecten, onroerend goed, pensioenvermogen of schulden — die elk afzonderlijk bijdragen aan het geheel. Zo helpt het beschrijven van afzonderlijke vermogenscomponenten bij het analyseren van **de structuur en verdeling van vermogen** binnen de bevolking.";"";"";"";"";"";"";"";"6 Sociaal Domein > Sociaal Domein Generiek";"";"09072026-00:43:48"
"1069";"Verplichting WMO Jeugd";"Verplichting Wmo Jeugd";"7c5fd54e-88dd-4738-95ec-5164d6c6af35";"EAID_EC0FB9CB_B407_49b4_8FCF_8837E7A72DA9";"business-object";"class";"";"";"*Verplichting Wmo Jeugd* is de wettelijke plicht van gemeenten om inwoners ondersteuning, hulp of zorg te bieden wanneer zij dat nodig hebben op grond van de Wet maatschappelijke ondersteuning (Wmo) en de Jeugdwet.";"";"Onder de **Wmo 2015** zijn gemeenten verplicht om **maatschappelijke ondersteuning en jeugdhulp** te bieden aan inwoners die niet op eigen kracht zelfredzaam zijn of ondersteuning nodig hebben om mee te doen in de samenleving. Voor de **Jeugdwet** geldt dat gemeenten verantwoordelijk zijn voor alle vormen van jeugdhulp voor jeugdigen en hun ouders binnen de wettelijke kaders, inclusief begeleiding, opvoedingsondersteuning en behandeling bij psychische of opgroeiproblemen. Deze **verplichting is wettelijk vastgelegd** en geeft gemeenten de taak om passende ondersteuning te realiseren zodra daar behoefte aan blijkt.";"";"";"";"";"https://gemmaonline.nl/index.php/GEMMA/id-7c5fd54e-88dd-4738-95ec-5164d6c6af35";"";"";"6 Sociaal Domein > Generiek Jeugd en Wmo";"";"09072026-00:43:48"
"1070";"";"Verrekening";"";"EAID_1EA8771B_DB7F_17D8_8AB8_26A1BD8F6A56";"";"class";"";"";"Bij het vaststellen van de vordering wordt gekeken of de debiteur een uitkering geniet. Er zijn twee soorten situaties van verrekening. inkomstenverrekening waar de inkomsten 6 maanden wordt verrekend met de bijstandsuitkeringverrekening alias inhouding op een uitkering (een soort van loonbeslag) / verrekening in de zin van art. 60 lid 3 en 4 PW.Hier wordt de laatste bedoeld.Verrekening op grond van artikel 60 lid 3 en 4 Participatiewet door de gemeente gaat vóór beslag door een derde (artikel 60 lid 7 Participatiewet). Voor de praktijk betekent dit dat:Een lopend beslag wordt opgeschort zodra de gemeente (op grond van hun invorderingsbevoegdheid) een bedrag gaat verrekenen met de bijstandsuitkering. De beslaglegger wordt van de opschorting op de hoogte gesteld.De verrekening ongewijzigd wordt voortgezet indien nadien beslag door een derde wordt gelegd. De beslaglegger wordt medegedeeld dat het beslag niet uitvoerbaar is in verband met verrekening.Voorwaarde voor verrekening op grond van artikel 60 lid 3 en 4 Participatiewet is dat er een terugvorderingsbesluit of boetebesluit is genomen. Bij verstrekking van bijstand in de vorm van een geldlening kunnen echter de vastgestelde aflossingsbedragen direct worden verrekend op grond van artikel 48 lid 4 Participatiewet. Een terugvorderingsbesluit ingevolge artikel 58 lid 2 onderdeel b Participatiewet is dan dus niet noodzakelijk.Pseudo-verrekening gaat niet voor beslag.Pseudo-verrekening zoals bedoeld in artikel 60a Participatiewet gaat niet voor beslag door een derde onder een andere gemeente (of onder het Uitvoeringsinstituut werknemersverzekeringen of de Sociale verzekeringsbank).Een verrekening is verder te behandelen als een vordering, maar juridisch een ander ding.";"";"";"";"";"";"";"";"";"";"Inkomen > Terug- en invordering";"";"09072026-00:43:48"
"1071";"Versie";"Versie";"3d765f43-c4e8-4556-850b-bb886c528d5d";"EAID_39445166_1EAB_43f8_9F5C_89EA606605EE";"business-object";"class";"";"De versie-aanduiding van een object.";"De versie-aanduiding van een object.";"";"";"";"";"";"";"https://gemmaonline.nl/index.php/GEMMA/id-3d765f43-c4e8-4556-850b-bb886c528d5d";"";"";"9 Interne Organisatie > ICT";"";"09072026-00:43:48"
"1072";"";"VerstrekkingsbeperkingPartieelIngeschrevenNatuurlijkPersoon";"";"EAID_8E090A86_8095_458c_B162_B09982158CD5";"";"class";"";"";"Een INGESCHREVEN NATUURLIJK PERSOON kan voor één of meerdere partijen kiezen voor wie een verstrekkingsbeperking geldt.";"";"";"";"";"";"";"";"";"";"99 Kern > RSGBPlus";"";"09072026-00:43:48"
"1073";"";"Verstrekkingsvorm";"";"EAID_1081AC17_59B0_A2F8_A83C_281C3303651D";"";"class";"";"";"De aard van afgifte van het product aan de burger (of bedrijf). Dit kan bijvoorbeeld zijn als gift, als lening, onder verband van hypotheek, …";"";"";"";"";"";"";"";"";"";"Inkomen > Diensten";"";"09072026-00:43:48"
"1074";"";"Vertrek uit asielzoekerscentrum";"";"EAID_109FA03E_8C65_8EF6_C7F0_2791C1C80AFE";"";"class";"";"";"*Vertrek uit asielzoekerscentrum* is een subtype van **Reden aanvraag** in het GBI-Ontologiemodel dat aangeeft dat een persoon een inkomensdienst aanvraagt omdat hij of zij **recentelijk een asielzoekerscentrum heeft verlaten**, waardoor de financiële situatie is veranderd.";"";"Binnen het GBI-model *Reden aanvraag* functioneert *Vertrek uit asielzoekerscentrum* als een specifieke reden voor het aanvragen van inkomensondersteuning (zoals bijstand). Het duidt op de situatie waarin iemand **niet langer verblijft in een asielzoekerscentrum** en daardoor geen (of onvoldoende) opvang- en leefmiddelen meer heeft, wat kan leiden tot behoefte aan een gemeentelijke inkomensdienst. Gemeenten gebruiken deze reden om administratief gestructureerd vast te leggen **dat de aanleiding voor de aanvraag samenhangt met het beëindigen van verblijf in een AZC**, met mogelijke gevolgen voor huisvesting en levensonderhoud binnen de reguliere systemen.";"";"";"";"";"";"";"";"Inkomen > Reden aanvraag";"";"09072026-00:43:48"
"1075";"";"Vertrouwelijk aanduiding DOCUMENT";"";"EAID_6219C450_09BD_4b0d_887B_911F72EDEF1B";"";"enumeration";"";"";"";"";"";"";"";"";"";"";"";"";"99 Kern > RGBZPlus";"";"09072026-00:43:48"
"1076";"";"Vervalreden BESLUIT";"";"EAID_4FEBD2DA_6129_405c_9164_E27591F1DC44";"";"enumeration";"";"";"";"";"";"";"";"";"";"";"";"";"99 Kern > RGBZPlus";"";"09072026-00:43:48"
"1077";"Vervoerder";"Vervoerder";"d3538832-c621-464d-adc3-3fdf7c6745af";"EAID_613E192A_D0F2_4e67_BE73_51C09197EE3D";"business-object";"class";"business-role";"De hoedanigheid van degene die openbaar vervoer of besloten busvervoer verricht (niet als bestuurder).";"Degene die openbaar vervoer of besloten busvervoer verricht, niet in de hoedanigheid van bestuurder van een auto, bus, trein, metro, tram of een via een geleidesysteem voortbewogen voertuig.";"";"";"";"";"";"";"https://gemmaonline.nl/index.php/GEMMA/id-d3538832-c621-464d-adc3-3fdf7c6745af";"";"";"4 Onderwijs > Leerplicht en Leerlingenvervoer";"";"09072026-00:43:48"
"1078";"";"Vervoermiddel";"";"EAID_CA2AC9CB_D807_42a5_AAEC_FB096C23392B";"";"enumeration";"";"";"Beschikbare of gebruikte vervoermiddelen. Voorbeelden: fiets, openbaar vervoer, auto.";"";"";"";"";"";"";"";"";"";"6 Sociaal Domein > Werk";"";"09072026-00:43:48"
"1079";"Vervoersmiddel";"Vervoersmiddel";"92104ecd-beda-441d-b5fd-b6d2296969d0";"EAID_E8C75DAB_F9AE_4fe2_9114_870434F2EA80";"business-object";"class";"";"Een voertuig dat zich over het land verplaatst.";"Een voertuig dat zich over het land verplaatst.";"";"";"Voertuig";"Voertuig";"";"";"https://gemmaonline.nl/index.php/GEMMA/id-92104ecd-beda-441d-b5fd-b6d2296969d0";"";"";"9 Interne Organisatie > ICT";"";"09072026-00:43:48"
"1080";"";"Vervoersmogelijkheden";"";"EAID_4E17ABC6_7138_4f97_B2F0_22095642A089";"";"enumeration";"";"";"Mate waarin iemand zich kan verplaatsen naar werk of activiteiten.";"";"";"";"";"";"";"";"";"";"6 Sociaal Domein > Werk";"";"09072026-00:43:48"
"1081";"";"Verwerkingsstatus";"";"EAID_12208DB6_AB42_0CA7_E004_26EBD163AF49";"";"enumeration";"";"";"";"";"";"";"";"";"";"";"";"";"Inkomen > Terug- en invordering";"";"09072026-00:43:48"
"1082";"";"Verwijtbare vordering";"";"EAID_11F2FF40_D317_92C3_C4DB_2931225D4B40";"";"class";"";"";"Een vordering is een eis op een persoon, zeg debiteur, die een zeker bedrag terug moet betalen aan de gemeente. Het zijn vorderingen die zijn ingesteld vanwege het niet nakomen van de inlichtingen-plicht waardoor de uitkerende instantie ten onrechte heeft uitbetaald . De oorzaak van een vordering is velerlei, Zie daarvoor de categorie-indeling.Vorderingen kunnen uit meerdere componenten bestaan.Vorderingen kunnen ook onderling in relatie staan, bijvoorbeeld: Een opgelegde boete wegens het schenden van de inlichtingenplicht heeft een relatie met een verwijtbare vordering.Deze type vordering zijn als verbijzonderingen opgenomen, opdat deze relaties expliciet kunnen worden gelegd.";"";"";"";"";"";"";"";"";"";"Inkomen > Terug- en invordering";"";"09072026-00:43:48"
"1083";"Verzoek";"Verzoek";"6f0e6db2-3ca2-48db-a370-9aacdfcd4c29";"EAID_B18119D9_5BF8_498f_B9D3_ECCE7A770012";"business-object";"class";"";"Een vraag aan het bevoegd gezag om een speficieke product of dienst te leveren.";"Een vraag aan het bevoegd gezag om een speficieke product of dienst te leveren.";"";"";"";"";"";"";"https://gemmaonline.nl/index.php/GEMMA/id-6f0e6db2-3ca2-48db-a370-9aacdfcd4c29";"";"";"8 Volkshuisvesting, Leefomgeving en Stedelijke Vernieuwing > Omgevingswet";"";"09072026-00:43:48"
"1084";"VerzoekOmToewijzing";"Verzoek om Toewijzing";"e643dc04-a205-421d-ab23-c6da046b1642";"EAID_9F392B0B_1654_4b4e_9261_F0A90DA1F7BD";"business-object";"class";"";"Verzoek tot toewijzing dat vanuit leverancier (via H10-portal) aan de gemeente wordt gestuurd. Zie https://informatiemodel.istandaarden.nl/2019/views/view_274300.html";"Verzoek tot toewijzing dat vanuit leverancier (via H10-portal) aan de gemeente wordt gestuurd. Zie https://informatiemodel.istandaarden.nl/2019/views/view_274300.html";"";"";"";"";"";"";"https://gemmaonline.nl/index.php/GEMMA/id-e643dc04-a205-421d-ab23-c6da046b1642";"";"";"6 Sociaal Domein > Generiek Jeugd en Wmo";"";"09072026-00:43:48"
"1085";"Verzuim";"Verzuim";"c024eb06-53f7-4793-91d6-6e249ee119dc";"EAID_610B18E6_B675_4cc0_A883_BAB9D384C668";"business-object";"class";"business-object";"Een afwezigheid van een werknemer van werk.";"Een afwezigheid van een werknemer van werk.";"";"";"";"";"";"";"https://gemmaonline.nl/index.php/GEMMA/id-c024eb06-53f7-4793-91d6-6e249ee119dc";"";"";"9 Interne Organisatie > HR";"";"09072026-00:43:48"
"1086";"Verzuimmelding";"Verzuimmelding";"e623ef14-c4de-498b-9504-5bb6fa4ce0de";"EAID_252C70B1_4E02_4033_B2B5_86F65496D7AB";"business-object";"class";"business-object";"Melding van een school aan de gemeente dat een leerling niet op school verschijnt.";"Een melding dat een leerling niet op school verschijnt. De school moet actie ondernemen naar de leerling (en zijn ouders). Een school moet het verzuim melden bij de gemeente.";"";"";"";"";"";"";"https://gemmaonline.nl/index.php/GEMMA/id-e623ef14-c4de-498b-9504-5bb6fa4ce0de";"";"";"4 Onderwijs > Leerplicht en Leerlingenvervoer";"";"09072026-00:43:48"
"1087";"";"Verzuimsoort";"";"EAID_0060D931_6BBA_480d_ADCA_0A74908C39A4";"";"enumeration";"";"";"";"";"";"";"";"";"";"";"";"";"4 Onderwijs > Leerplicht en Leerlingenvervoer";"";"09072026-00:43:48"
"1088";"";"Verzuimsoort";"";"EAID_45900108_585D_45ec_A042_BF4928B7F6DC";"";"class";"";"";"Typologie van verzuim";"";"";"";"";"";"";"";"";"";"9 Interne Organisatie > HR";"";"09072026-00:43:48"
"1089";"Vestiging";"Vestiging";"b403d1ab-a0ee-4ca0-befa-01bbc54bf403";"EAID_B60B8EF9_D1C0_4e36_BF9B_1C16F92518DD";"business-object";"class";"business-object";"Locatie waar een onderneming of rechtspersoon duurzaam activiteiten uitoefent, geïdentificeerd met vestigingsnummer.";"Een gebouw of complex van gebouwen waar duurzame uitoefening van de activiteiten van een onderneming of rechtspersoon plaatsvindt.";"";"Ofschoon de definitie in het NHR doet vermoeden dat het hier om een ruimtelijk object gaat, beschouwen we een VESTIGING in het RSGB als een specialisatie van SUBJECT. De toelichting in de catalogus NHR lijkt dit te bevestigen:
“De vestiging van een onderneming of een maatschappelijke activiteit (type niet onderneming) moet men opvatten als een (kleinste eenheid) bundeling van economische activiteiten. De vestiging is een combinatie van activiteiten en locatie. Wisseling van zowel de activiteiten als de locatie maakt dat er sprake is van een nieuwe vestiging. In de toekomstige situatie is er een eenduidige verwijzing naar een adresseerbaar object (een ligplaats, standplaats of verblijfsobject (BAG)) voor het bezoekadres. Als er sprake is van een inschrijfplichtige onderneming maar het adresseerbare object is nog niet bekend, omdat bijv. een bedrijfspand nog gebouwd wordt of er vanuit huis gewerkt wordt, kan als adres het woonadres (van de eigenaar) worden genomen. 
De vestiging kan aldus verhuizen, heeft een bezoekadres en een postadres en een naam. Allemaal zeer ongewone aspecten voor een locatie c.q. gebouwd object. Het lijkt dan ook meer weg te hebben van een subject (die activiteiten uitvoert) in een gebouwd object. Dit wordt versterkt doordat het wenselijk is bij het registreren van de WOZ-belanghebbende of een vergunningaanvraag een contactpersoon vast te leggen: iemand die werkzaam is in een vestiging (een NNP kent geen medewerkers) en voor dat geval optreedt als vertegenwoordiger van de vestiging van de onderneming/NNP.
De definitie beperkt de locaties van VESTIGINGen tot gebouwen, In het RSGB gaan we er van uit dat een VESTIGING haar activiteiten ook kan uitoefenen op een STANDPLAATS, op een LIGPLAATS, op een  OVERIG BENOEMD TERREIN of in een OVERIG GEBOUWD OBJECT. VESTIGING overerft gegevens van de generalisatie SUBJECT. Onder meer zijn dat de Datum begin geldigheid en Datum einde geldigheid voor resp. Datum in gebruikname en Datum beëindiging in het NHR. Ook het buitenlands adres indien een vestiging verplaatst wordt naar het buitenland.";"";"";"NHR";"";"https://gemmaonline.nl/index.php/GEMMA/id-b403d1ab-a0ee-4ca0-befa-01bbc54bf403";"";"";"99 Kern > RSGBPlus";"";"09072026-00:43:48"
"1090";"Horecabedrijf";"Vestiging";"b403d1ab-a0ee-4ca0-befa-01bbc54bf403";"EAID_B60B8EF9_D1C0_4e36_BF9B_1C16F92518DD";"business-object";"class";"business-object";"Een gebouw of complex van gebouwen waar duurzame uitoefening van de activiteiten van een onderneming of rechtspersoon plaatsvindt.";"Een gebouw of complex van gebouwen waar duurzame uitoefening van de activiteiten van een onderneming of rechtspersoon plaatsvindt.";"";"Ofschoon de definitie in het NHR doet vermoeden dat het hier om een ruimtelijk object gaat, beschouwen we een VESTIGING in het RSGB als een specialisatie van SUBJECT. De toelichting in de catalogus NHR lijkt dit te bevestigen:
“De vestiging van een onderneming of een maatschappelijke activiteit (type niet onderneming) moet men opvatten als een (kleinste eenheid) bundeling van economische activiteiten. De vestiging is een combinatie van activiteiten en locatie. Wisseling van zowel de activiteiten als de locatie maakt dat er sprake is van een nieuwe vestiging. In de toekomstige situatie is er een eenduidige verwijzing naar een adresseerbaar object (een ligplaats, standplaats of verblijfsobject (BAG)) voor het bezoekadres. Als er sprake is van een inschrijfplichtige onderneming maar het adresseerbare object is nog niet bekend, omdat bijv. een bedrijfspand nog gebouwd wordt of er vanuit huis gewerkt wordt, kan als adres het woonadres (van de eigenaar) worden genomen. 
De vestiging kan aldus verhuizen, heeft een bezoekadres en een postadres en een naam. Allemaal zeer ongewone aspecten voor een locatie c.q. gebouwd object. Het lijkt dan ook meer weg te hebben van een subject (die activiteiten uitvoert) in een gebouwd object. Dit wordt versterkt doordat het wenselijk is bij het registreren van de WOZ-belanghebbende of een vergunningaanvraag een contactpersoon vast te leggen: iemand die werkzaam is in een vestiging (een NNP kent geen medewerkers) en voor dat geval optreedt als vertegenwoordiger van de vestiging van de onderneming/NNP.
De definitie beperkt de locaties van VESTIGINGen tot gebouwen, In het RSGB gaan we er van uit dat een VESTIGING haar activiteiten ook kan uitoefenen op een STANDPLAATS, op een LIGPLAATS, op een  OVERIG BENOEMD TERREIN of in een OVERIG GEBOUWD OBJECT. VESTIGING overerft gegevens van de generalisatie SUBJECT. Onder meer zijn dat de Datum begin geldigheid en Datum einde geldigheid voor resp. Datum in gebruikname en Datum beëindiging in het NHR. Ook het buitenlands adres indien een vestiging verplaatst wordt naar het buitenland.";"";"";"NHR";"";"https://gemmaonline.nl/index.php/GEMMA/id-b403d1ab-a0ee-4ca0-befa-01bbc54bf403";"";"";"99 Kern > RSGBPlus";"";"09072026-00:43:48"
"1091";"VestigingVanZaakbehandelendeOrganisatie";"VestigingVanZaakbehandelendeOrganisatie";"bb257165-3229-4e5f-a24c-524966c748f5";"EAID_D8142B98_64CB_408e_9941_92423543F08A";"business-object";"class";"";"Een VESTIGING van een onderneming of rechtspersoon zijnde de zaakbehandelende organisatie.";"Een VESTIGING van een onderneming of rechtspersoon zijnde de zaakbehandelende organisatie.";"";"";"";"";"";"";"https://gemmaonline.nl/index.php/GEMMA/id-bb257165-3229-4e5f-a24c-524966c748f5";"";"";"99 Kern > RGBZPlus";"";"09072026-00:43:48"
"1092";"";"Viaduct";"";"EAID_4824C467_3BF6_45C2_BD8B_03F04CEBCA9";"";"class";"";"";"Kunstwerk over een weg, spoorweg of terreinverdieping, bestaande uit een dek gesteund door pijlers en/of landhoofden.";"";"";"";"";"";"";"";"";"";"8 Volkshuisvesting, Leefomgeving en Stedelijke Vernieuwing > Beheer Openbare Ruimte";"";"09072026-00:43:48"
"1093";"VideoOpname";"Video-opname";"1d49cf98-d059-42da-bdd4-d076f8ace453";"EAID_435883D2_C399_4590_B4F5_B07111103484";"business-object";"class";"";"Opnametechniek om bewegende beelden als een elektronisch signaal te registreren en weer te geven.";"Opnametechniek om bewegende beelden als een elektronisch signaal te registreren en weer te geven.";"";"";"";"";"";"";"https://gemmaonline.nl/index.php/GEMMA/id-1d49cf98-d059-42da-bdd4-d076f8ace453";"";"";"99 Kern";"";"09072026-00:43:48"
"1094";"Archeologische vindplaats";"Vindplaats";"d4ab4c0d-d752-4d86-ad6a-2ac25ec6af6b";"EAID_84DED9A9_2D33_4a77_94F2_29657024590F";"business-object";"class";"business-object";"Een plek waar men iets gevonden heeft.";"Een plek waar men iets gevonden heeft.";"";"";"Vindplaatsen";"Vindplaatsen";"";"";"https://gemmaonline.nl/index.php/GEMMA/id-d4ab4c0d-d752-4d86-ad6a-2ac25ec6af6b";"";"";"Erfgoed > Archeologie";"";"09072026-00:43:48"
"1095";"Archeologische vindplaats";"Vindplaats";"";"EAID_D7947186_4317_407b_A456_41DF5187E810";"";"class";"business-object";"Een plek waar men iets gevonden heeft.";"Een plek waar men iets gevonden heeft.";"";"";"";"";"";"";"";"";"";"Erfgoed > Archief";"";"09072026-00:43:48"
"1096";"Vlak";"Vlak";"c74cb377-1926-4afd-a50d-14b2643b04b2";"EAID_0644BD52_8C2B_462d_94B9_9C99908952F5";"business-object";"class";"";"Plat, oneindig oppervlak of vari√´teit zonder enige kromming.";"Plat, oneindig oppervlak of variëteit zonder enige kromming.";"";"";"";"";"";"";"https://gemmaonline.nl/index.php/GEMMA/id-c74cb377-1926-4afd-a50d-14b2643b04b2";"";"";"Erfgoed > Archeologie";"";"09072026-00:43:48"
"1097";"Voertuig";"Voertuig";"b083bd60-0137-40b0-ad72-4602b3c1d754";"EAID_6AD98160_FFE6_4105_A724_5D5733C87CD8";"business-object";"class";"business-object";"Vervoermiddel bestemd voor het verkeer over wegen";"Vervoermiddel bestemd voor het verkeer over wegen";"";"";"";"";"";"";"https://gemmaonline.nl/index.php/GEMMA/id-b083bd60-0137-40b0-ad72-4602b3c1d754";"";"";"2 Verkeer, Vervoer en Waterstaat > Parkeren";"";"09072026-00:43:48"
"1098";"Archeologische vondst";"Vondst";"fc805177-e231-40eb-8f59-0fb3bdc896a1";"EAID_F8283401_70F8_41b8_A97C_32A9074AD4B1";"business-object";"class";"business-object";"Archeologisch overblijfsel of voorwerp dat door de gemeente is aangetroffen bij onderzoek en wordt beheerd in het gemeentelijk depot.";"Overblijfsel, voorwerp of ander spoor van menselijke aanwezigheid in het verleden afkomstig van een archeologisch monument";"";"";"Archeologische vondst";"Archeologische vondst";"";"";"https://gemmaonline.nl/index.php/GEMMA/id-fc805177-e231-40eb-8f59-0fb3bdc896a1";"";"";"Erfgoed > Archeologie";"";"09072026-00:43:48"
"1099";"Voorbereiding op Inburgering";"Voorbereiding op Inburgering";"";"EAID_6AEA0314_895B_46be_B525_96F4657E7F0D";"";"class";"business-object";"Voorbereiding op inburgering omvat de activiteiten die worden aangeboden aan asielstatushouders vóór de start van de formele inburgeringsplicht, gericht op oriëntatie op de Nederlandse samenleving, taal en het inburgeringsstelsel.";"Voorbereiding op inburgering omvat de activiteiten die worden aangeboden aan asielstatushouders v&#243;&#243;r de start van de formele inburgeringsplicht, gericht op ori&#235;ntatie op de Nederlandse samenleving, taal en het inburgeringsstelsel.";"";"•	Deze voorbereiding vindt doorgaans plaats tijdens het verblijf in een AZC, nog vóór de inschrijving in de BRP en het officiële begin van de inburgeringstermijn.
	•	Het doel is om inburgeringsplichtigen een betere startpositie te geven bij de brede intake en het leertraject.
	•	Activiteiten kunnen zijn: introductielessen Nederlandse taal, kennismaking met rechten en plichten, uitleg over wonen, zorg, werk en onderwijs.
	•	De activiteiten worden gecoördineerd door het COA in samenwerking met lokale partners, en vormen geen wettelijk verplicht onderdeel van de inburgeringsplicht.
	•	Gemeenten kunnen bij de overdracht gebruikmaken van informatie over gevolgde voorbereidingsactiviteiten bij het opstellen van het PIP.";"";"";"";"";"";"";"";"6 Sociaal Domein > Inburgering";"";"09072026-00:43:48"
"1100";"";"Voorkeur";"";"EAID_A514BC85_0096_4bbc_B393_DE1784056420";"";"class";"";"";"Voorkeur is een door de klant geuite wens of voorkeur met betrekking tot werk, opleiding of ondersteuning, waarmee bij de invulling van het re-integratie- of participatietraject rekening kan worden gehouden voor zover dit past binnen de wettelijke kaders en mogelijkheden van de gemeente.";"";"•	Een voorkeur kan betrekking hebben op type werkzaamheden, branche, werkomgeving, werktijden, opleidingsrichting of gewenste ondersteuning.";"";"";"";"";"";"";"";"6 Sociaal Domein > Werk";"";"09072026-00:43:48"
"1101";"";"Voorliggende voorziening";"";"EAID_1361003F_38E9_A2A7_3128_281C33031270";"";"class";"";"";"Voorzieningen die de klant heeft, of waar hij voor in aanmerking komt, die de klant in een situatie doen verkeren die maakt dat er geen dienst c.q. uitkering toegekend wordt. Dit maakt dat de controle op een voorliggende voorziening een verbijzondering is van een voorwaarde.";"";"";"";"";"";"";"";"";"";"Inkomen > Diensten";"";"09072026-00:43:48"
"1102";"";"VoorlopigeVoorziening";"";"EAID_5DD63EFE_649F_484e_BB10_A18096B9ABDF";"";"class";"";"";"Een voorlopige voorziening is een tijdelijke regeling die de hulpvrager beschermt tegen verslechtering van zijn financi&#235;le situatie of het verlies van essenti&#235;le voorzieningen (zoals energie, woning, zorg), totdat een schuldregelingstraject is gestart of er meer duidelijkheid is over de vervolgstappen.

Voorbeelden van voorlopige voorzieningen:
	•	Tijdelijke betalingsregelingen met schuldeisers
	•	Een moratorium (tijdelijke opschorting van afbetalingen)
	•	Het aanvragen van uitstel van betaling bij woningcorporaties of energiebedrijven
	•	Hulp bij het voorkomen van afsluiting van gas, water, licht of ontruiming
	•	Budgetbeheer of beschermingsbewind als tijdelijke maatregel";"";"";"";"";"";"";"";"";"";"Schulden > Schuldhulpverlening";"";"09072026-00:43:48"
"1103";"";"Voorwaarde";"";"EAID_1CC0F3FE_888E_945B_4A20_28C0F7424D4C";"";"class";"";"";"De voorwaarde is de instantie van een **relevant** voorwaardetype bij een dienst, waarvan de conclusie wordt vastgelegd en daarmee een onderdeel vormt van het recht op het verkrijgen van een dienst.";"";"";"";"";"";"";"";"";"";"Inkomen > Diensten";"";"09072026-00:43:48"
"1104";"";"Voorwaardetype";"";"EAID_20BA95B7_C12B_F23F_093F_281C3303B58A";"";"class";"";"";"Een by design ontworpen voorwaarde waarop de aanvraag voor een diensttype kan worden beoordeeld.Het betreft hier alle mogelijke voorwaarden voor elke situatie. Welke voorwaardetypen relevant zijn voor een situatie wordt bepaald uit het profiel van de aanvrager(s).De voorwaardetypen worden ontwikkeld en in compliance gehouden met geldende gezagsdragende documenten als wet-en regelgeving, circulaires en beleid.";"";"";"";"";"";"";"";"";"";"Inkomen > Diensten";"";"09072026-00:43:48"
"1105";"Voorziening";"Voorziening";"2e6d875a-61b7-448f-afe5-c579adc7c5ea";"EAID_8D3666E3_F2DA_4cba_BF67_EFED9AAD97CC";"business-object";"class";"business-object";"Middel waarmee de gemeente ondersteuning levert aan een cliënt onder de Wmo of Jeugdwet, variërend van hulpmiddelen tot intensieve jeugdhulp.";"Middel om services/maatregelen in te vullen.";"";"";"";"";"";"";"https://gemmaonline.nl/index.php/GEMMA/id-2e6d875a-61b7-448f-afe5-c579adc7c5ea";"Voorziening (Museum)";"Maatwerkvoorziening Wmo, Jeugdhulpvoorziening, Algemene voorziening";"5 Sport, Cultuur en Recreatie > Musea";"";"09072026-00:43:48"
"1106";"Voorziening";"Voorziening";"8ffe8caf-2af7-47e5-acc5-c4e6fd5f38b1";"EAID_EAAF2F59_6BC0_4243_B126_A8E604B32C5E";"business-object";"class";"business-object";"Middel waarmee de gemeente ondersteuning levert aan een cliënt onder de Wmo of Jeugdwet, variërend van hulpmiddelen tot intensieve jeugdhulp.";"Middel om services/maatregelen in te vullen.";"";"";"";"";"";"";"https://gemmaonline.nl/index.php/GEMMA/id-8ffe8caf-2af7-47e5-acc5-c4e6fd5f38b1";"Voorziening (Generiek Jeugd en Wmo)";"Maatwerkvoorziening Wmo, Jeugdhulpvoorziening, Algemene voorziening";"6 Sociaal Domein > Generiek Jeugd en Wmo";"";"09072026-00:43:48"
"1107";"";"Voorzieningsoort";"";"EAID_462E3982_56C3_4442_BE2F_2C23A7ED6015";"";"class";"";"";"Typering van een voorziening";"";"";"";"";"";"";"";"";"";"6 Sociaal Domein > Generiek Jeugd en Wmo";"";"09072026-00:43:48"
"1108";"Vordering";"Vordering";"";"EAID_341942C1_0F72_4e13_ADD1_235805BB81C0";"";"class";"business-object";"Een vordering is een eis op een persoon, zeg debiteur, die een zeker bedrag (terug) moet betalen aan de gemeente in het kader van de bijstand of een bijstandsgerelateerde uitkering.";"Een *vordering* is een juridisch recht dat een schuldeiser heeft om van een andere partij (schuldenaar) een prestatie te ontvangen, zoals een geldbedrag, levering van goederen of uitvoering van een dienst.";"";"In de juridische context verwijst een vordering naar de **eis of aanspraak** die een persoon of organisatie tegenover een ander heeft op grond van een overeenkomst, wettelijke verplichting of andere rechtsgrond. Een vordering kan bestaan uit geld, goederen of diensten en ontstaat vaak omdat een prestatie is verricht of doordat schadevergoeding wordt gevorderd. Zodra de schuldenaar verplicht is tot de prestatie, is de vordering **opeisbaar** en kan deze eventueel via incasso of rechtsgang worden afgedwongen.";"";"";"";"";"";"";"";"1 Veiligheid en Vergunningen";"";"09072026-00:43:48"
"1109";"Vordering";"Vordering";"";"EAID_14116EEA_C461_0DB2_97AB_263C0A4777FC";"";"class";"business-object";"Een vordering is een eis op een persoon, zeg debiteur, die een zeker bedrag (terug) moet betalen aan de gemeente in het kader van de bijstand of een bijstandsgerelateerde uitkering.";"Een vordering is een eis op een persoon, zeg debiteur, die een zeker bedrag (terug) moet betalen aan de gemeente in het kader van de bijstand of een bijstandsgerelateerde uitkering.De oorzaak van een vordering is velerlei, Zie daarvoor de categorie-indeling.Vorderingen kunnen uit meerdere componenten bestaan.Vorderingen kunnen ook onderling in relatie staan, bijvoorbeeld: Een opgelegde boete wegens het schenden van de inlichtingenplicht heeft een relatie met een verwijtbare vordering.Deze type vordering zijn als verbijzonderingen opgenomen, opdat deze relaties expliciet kunnen worden vastgelegd.";"";"";"";"";"";"";"";"";"";"Inkomen > Terug- en invordering";"";"09072026-00:43:48"
"1110";"Vorderingregel";"Vorderingregel";"0ca1b8c3-e144-45c1-b3e8-4a97f7653fd1";"EAID_E2B83F97_FDFD_4876_9E66_23D79D4A4C03";"business-object";"class";"";"";"Een *vorderingregel* is een afzonderlijke regel of entry in een gegevensset of lijst die een specifieke *vordering* beschrijft, inclusief kenmerken zoals de omvang, datum, type en status van de vordering.";"";"In administratieve en financiële gegevensverzamelingen (zoals lijsten van terugvorderingen in het sociaal domein) vormt een *vorderingregel* een enkele record waarin alle relevante gegevens van één specifieke vordering staan. Dit kan bijvoorbeeld betrekking hebben op de terugvordering van ten onrechte betaalde bijstand, boetes of andere openstaande schulden. Elke regel bevat de attributen die nodig zijn voor identificatie, berekening en verwerking van die vordering in administratieve of rapportagedoeleinden.";"";"";"";"";"https://gemmaonline.nl/index.php/GEMMA2/0.9/id-0ca1b8c3-e144-45c1-b3e8-4a97f7653fd1";"";"";"1 Veiligheid en Vergunningen";"";"09072026-00:43:48"
"1111";"";"Vorderingscomponent";"";"EAID_1A979E6B_841E_392B_952F_29311D13BF9F";"";"class";"";"";"Vorderingen, die bestaan uit verschillende rechtmaanden, worden gesplitst in vorderingscomponenten alsde rechtmaanden niet aansluitend zijn ofals er tussen opvolgende rechtmaanden een jaarovergang zit.De een opeenvolgende reeks van rechtmaanden binnen een jaar wordt gekoppeld aan de vorderingscomponent. Dit gebeurt tijdens het vaststellen van de terugvordering.";"";"";"";"";"";"";"";"";"";"Inkomen > Terug- en invordering";"";"09072026-00:43:48"
"1112";"";"Vraag Classificatie";"";"EAID_0B7DA4A7_C2D9_45c8_B957_94DFFB63FA25";"";"enumeration";"";"";"";"";"";"";"";"";"";"";"";"";"8 Volkshuisvesting, Leefomgeving en Stedelijke Vernieuwing > Omgevingswet";"";"09072026-00:43:48"
"1113";"Vreemdeling";"Vreemdeling";"c232f5e4-e589-4c91-9bf2-5649f41a10f0";"EAID_3BBDD95F_6586_4591_BBD0_D04D1CF2801E";"business-object";"class";"";"Een Vreemdeling is een Natuurlijk Persoon die de Nederlandse Nationaliteit niet bezit en niet op grond van een wettelijke bepaling als Nederlander wordt behandeld.";"Een Vreemdeling is een Natuurlijk Persoon die de Nederlandse Nationaliteit niet bezit en niet op grond van een wettelijke bepaling als Nederlander wordt behandeld.";"";"";"";"";"";"";"https://gemmaonline.nl/index.php/GEMMA/id-c232f5e4-e589-4c91-9bf2-5649f41a10f0";"";"";"6 Sociaal Domein > Inburgering";"";"09072026-00:43:48"
"1114";"";"Vrijlating inkomsten";"";"EAID_1DC195DD_888E_945B_4A20_2A2CB3694D4C";"";"class";"";"";"Wanneer u aan het werk gaat dan mag u van het loon dat u krijgt 25 procent houden, met een maximum van € 224,-.(bedrag per 1 januari 2022). Dit noemen wij vrijlating. Dus: als u in een maand netto € 500,- verdient met werken, mag u € 125,- houden. Deze 500 euro zou in het geheel in mindering gebracht worden op de uitkering. 25% wordt vrijgelaten. Dus in plaats van 500 wordt er (500 – 125) = 375 gekort. De 125 wordt dan vrijgelaten en niet verrekend met de uitkering. U geeft altijd uw hele loon op. De gemeente berekent de vrijlating.Is uw inkomen hoger dan uw bijstandsnorm maar na aftrek van deze inkomstenvrijlating lager? Dan kunt u ervoor kiezen om nog een aanvullende bijstandsuitkering te blijven ontvangen. De verplichtingen blijven voor u gelden. Wijzigingen in uw woon- en leefsituatie, vermogen en inkomsten moet u blijven doorgeven. U behoudt ook de arbeidsverplichtingen. Dat houdt in dat u uw best moet doen het werk en het aantal uren dat u werkt te behouden.";"";"";"";"";"";"";"";"";"";"6 Sociaal Domein > Sociaal Domein Generiek";"";"09072026-00:43:48"
"1115";"Leerplichtvrijstelling";"Vrijstelling";"e09e0c4d-1c6f-474b-8abc-7fd36f6fd699";"EAID_B8584CD2_A54A_4a59_82B6_A597A0864CFA";"business-object";"class";"business-object";"Een formeel besluit waarbij een leerling wordt ontheven van de leerplicht.";"Een formeel besluit waarbij een leerling wordt ontheven van de leerplicht.";"";"";"";"";"";"";"https://gemmaonline.nl/index.php/GEMMA/id-e09e0c4d-1c6f-474b-8abc-7fd36f6fd699";"";"";"4 Onderwijs > Leerplicht en Leerlingenvervoer";"";"09072026-00:43:48"
"1116";"Vrijstelling";"Vrijstelling";"";"EAID_C31D4A7E_1F25_4b85_B49C_AEC45EB3DB54";"";"class";"business-object";"Formeel besluit waarbij een inburgeringsplichtige geheel of gedeeltelijk wordt vrijgesteld van de inburgeringsplicht op grond van behaalde diploma's of certificaten.";"Een Vrijstelling is een formeel besluit waarbij een inburgeringsplichtige geheel of gedeeltelijk wordt ontheven van specifieke onderdelen van de inburgeringsplicht, omdat deze reeds op andere wijze zijn behaald of niet van toepassing zijn, zoals bedoeld in artikel 7.2 van de Wet inburgering 2021.";"";"";"";"";"";"";"";"";"";"6 Sociaal Domein > Inburgering";"";"09072026-00:43:48"
"1117";"";"VrijstellingArbeidsplicht";"";"EAID_5E0C3ED7_DCB9_4fc0_A11C_50F079D74EFD";"";"class";"";"";"Geeft aan of en waarom iemand tijdelijk of structureel is vrijgesteld van de plicht om arbeid te verrichten.";"";"";"";"";"";"";"";"";"";"6 Sociaal Domein > Werk";"";"09072026-00:43:48"
"1118";"";"Vrijstellingsoort";"";"EAID_BAB0BE8C_4084_4618_BAC0_50B383B94D79";"";"enumeration";"";"";"";"";"";"";"";"";"";"";"";"";"4 Onderwijs > Leerplicht en Leerlingenvervoer";"";"09072026-00:43:48"
"1119";"Vroegsignaal";"Vroegsignaal";"";"EAID_C6DA2586_C0E3_4868_93E8_64AF6D118092";"";"class";"business-object";"Een Vroegsignaal is een bericht dat door een signaalpartner aan de gemeente wordt verstrekt, met als doel de gemeente te informeren over een mogelijk beginnende schuldsituatie van een inwoner.";"Een Vroegsignaal is een bericht dat door een signaalpartner (zoals een zorgverzekeraar, energieleverancier of verhuurder) aan de gemeente wordt verstrekt, met als doel de gemeente te informeren over een mogelijk beginnende schuldsituatie van een inwoner. Het vroegsignaal vormt het startpunt van het gemeentelijk proces van vroegsignalering van schulden.

De juridische grondslag voor het ontvangen en verwerken van vroegsignalen is vastgelegd in artikel 2.2.1 van de Wet gemeentelijke schuldhulpverlening (Wgs). Deze wet verplicht gemeenten om vroegtijdig signalen van betalingsachterstanden te ontvangen en op basis daarvan inwoners passende hulp aan te bieden.";"";"";"";"";"";"";"";"";"";"Schulden > Vroegsignalering";"";"09072026-00:43:48"
"1120";"Vroegsignaalzaak";"Vroegsignaalzaak";"";"EAID_1AA67F0D_3B94_48a3_A037_A2ACC6D61CF0";"";"class";"business-object";"Een Vroegsignaalzaak is procesmatige eenheid binnen de gemeentelijke organisatie waarin de behandeling van één of meerdere vroegsignalen is ondergebracht.";"Een Vroegsignaalzaak is procesmatige eenheid binnen de gemeentelijke organisatie waarin de behandeling van &#233;&#233;n of meerdere vroegsigna(a)len is/zijn ondergebracht. De vroegsignaalzaak omvat alle handelingen die de gemeente verricht naar aanleiding van het ontvangen vroegsignaal, zoals het vastleggen van het signaal, het uitvoeren van een eerste beoordeling, het leggen van contact met de inwoner, het registreren van contactpogingen en -resultaten, en het eventueel toeleiden naar schuldhulpverlening of andere passende ondersteuning.";"";"";"";"";"";"";"";"";"";"Schulden > Vroegsignalering";"";"09072026-00:43:48"
"1121";"";"Vroegsignalering";"";"EAID_751FDB97_1868_4a41_A821_77AFC1406783";"";"class";"";"";"";"";"";"";"";"";"";"";"";"";"Schulden > Schuldhulpverlening";"";"09072026-00:43:48"
"1122";"Vuilniswagen";"Vuilniswagen";"b8e3111b-1993-4490-bdf4-f8eca8add712";"EAID_9A422266_783E_4f48_9B12_F442C1B22A45";"business-object";"class";"";"Een vrachtwagen die gebruikt wordt om afval in te zamelen bij bedrijven en huishoudens (huisvuil)";"Een vrachtwagen die gebruikt wordt om afval in te zamelen bij bedrijven en huishoudens (huisvuil)";"";"";"";"";"";"";"https://gemmaonline.nl/index.php/GEMMA/id-b8e3111b-1993-4490-bdf4-f8eca8add712";"";"";"7 Volksgezondheid en Milieu > Afval";"";"09072026-00:43:48"
"1123";"";"Vulgraadmeting";"";"EAID_3650DB98_AC7B_46c0_A607_C54D69E38E42";"";"class";"";"";"Mate waarin een (afval)container gevuld is";"";"";"";"";"";"";"";"";"";"7 Volksgezondheid en Milieu > Afval";"";"09072026-00:43:48"
"1124";"Vulling";"Vulling";"f7d73677-6a8a-4921-acfc-590e3bf6cb26";"EAID_8417459E_2193_44a2_A1AC_38C39EA93CBF";"business-object";"class";"";"Dunne wegeringsplank gebruikt om de ruimte tussen de bovenste kimweger en de onderste balkweger op te vullen (Sopers, 1974).";"Dunne wegeringsplank gebruikt om de ruimte tussen de bovenste kimweger en de onderste balkweger op te vullen (Sopers, 1974).";"";"";"Vullingen (plank)";"Vullingen (plank)";"";"";"https://gemmaonline.nl/index.php/GEMMA/id-f7d73677-6a8a-4921-acfc-590e3bf6cb26";"";"";"Erfgoed > Archeologie";"";"09072026-00:43:48"
"1125";"";"WABOAanvraagOfMelding";"";"EAID_192EA281_414F_4d8d_85D1_5C1B75224942";"";"class";"";"";"Aanvraag of medling in het kader van de Wet algemene bepalingen omgevingsrecht (WABO)";"";"";"";"";"";"";"";"";"";"1 Veiligheid en Vergunningen";"";"09072026-00:43:48"
"1126";"";"WOZ-Belang";"";"EAID_E71DC5EC_EEEB_4d27_A3C1_B46FD34AD41B";"";"class";"";"";"hetgeen waaraan een persoon waarde hecht; zaak die of vorderingsrecht dat op geld waardeerbaar is, aan gevaar onderhevig en bij de wet niet uitgezonderd.
De (rechts-)persoon die door de gemeente is aangewezen als ""belanghebbende eigenaar"", ""belanghebbende gebruiker"" of eventueel ""medebelanghebbende"" van het WOZ-object.";"";"";"";"";"";"";"";"";"";"9 Interne Organisatie > Vastgoed";"";"09072026-00:43:48"
"1127";"";"WOZ-Deelobjectcode";"";"EAID_D8154D91_27A5_4cc1_9B52_639BF24CAC29";"";"class";"";"";"De mogelijke codes  waarin een soort object kan worden uitgedrukt conform de uniforme deelobjectcodelijst van de Waarderingskamer";"";"";"";"";"";"";"";"";"";"99 Kern > RSGBPlus";"";"09072026-00:43:48"
"1128";"WOZ-waarde";"WOZ-Waarde";"";"EAID_7C387F42_EC1A_4a78_B09B_533AAB03C0C2";"";"class";"business-object";"De op grond van de Wet WOZ vastgestelde waarde van het WOZ-object naar de genoemde waardepeildatum.";"De op grond van de Wet WOZ vastgestelde waarde van het WOZ-object naar de genoemde waardepeildatum.";"";"";"";"";"";"";"";"";"";"99 Kern > RSGBPlus";"";"09072026-00:43:48"
"1129";"WOZ-deelobject";"WOZ-deelobject";"8047febd-3ee4-4a35-83ce-5f538c607446";"EAID_EEC30588_0E12_41c9_977E_C885A0A7EDC3";"business-object";"class";"business-object";"Aanduiding van afzonderlijke elementen (delen van het object, bijzondere waarderelevante factoren) die voor de onderbouwing van de vastgestelde waarde van belang zijn.";"Aanduiding van afzonderlijke elementen (delen van het object, bijzondere waarderelevante factoren) die voor de onderbouwing van de vastgestelde waarde van belang zijn.";"";"Het betreft zowel (delen van) gebouwde objecten, benoemde terreinen en panden als (delen van) andersoortige objecten.
Het is vooral bedoeld om de doorsnede van WOZ-OBJECTen met VERBLIJFSOBJECTen en PANDen te kunnen maken. WOZDEELOBJECT- gegevens die vergelijkbaar zijn met (gemeentelijke) basisgegevens, maken deel uit van de gerelateerde objecttypen GEBOUWD OBJECT en PAND.";"";"";"Gegevenswoordenboek WOZ";"Gegevenswoordenboek WOZ";"https://gemmaonline.nl/index.php/GEMMA/id-8047febd-3ee4-4a35-83ce-5f538c607446";"";"";"99 Kern > RSGBPlus";"";"09072026-00:43:48"
"1130";"WOZ-object";"WOZ-object";"3f1aeea3-a5a8-4df6-af1e-51d5ef4ad32f";"EAID_CB7BA76D_0793_4d5a_9596_533C5BC56BBF";"business-object";"class";"business-object";"De onroerende zaak waarvan op grond van de Wet WOZ de waarde moet worden bepaald en vastgesteld.";"De onroerende zaak waarvan op grond van de Wet WOZ de waarde moet worden bepaald en vastgesteld.";"";"Dit objecttype komt voort uit de objectafbakeningsvoorschriften van artikel 16 van de Wet WOZ.
De unieke identificatie van het WOZ-object is het WOZ-objectnummer. De WOZ-object-aanduiding, een secundaire identificatie, wordt samengesteld uit de adresgegevens van één van de, aan het WOZ-object via het WOZdeelobject, gerelateerde gebouwde objecten en/of benoemde terreinen dan wel van een nabij gelegen gebouwd object of benoemd terrein, in beide gevallen (eventueel) aangevuld met de locatie-omschrijving.";"";"";"BRWOZ";"";"https://gemmaonline.nl/index.php/GEMMA/id-3f1aeea3-a5a8-4df6-af1e-51d5ef4ad32f";"";"";"99 Kern > RSGBPlus";"";"09072026-00:43:48"
"1131";"WSNP-traject";"WSNP-traject";"";"EAID_513A944D_0FEC_4f78_B290_63274D22C58C";"";"class";"business-object";"Een WSNP-traject (Wet schuldsanering natuurlijke personen) is een wettelijk regeling in Nederland waarmee individuen met problematische schulden via een saneringsplan onder toezicht van een bewindvoerder hun schulden kunnen aflossen en na drie jaar een schone lei kunnen krijgen.";"Een WSNP-traject (Wet schuldsanering natuurlijke personen) is een wettelijk regeling in Nederland waarmee individuen met problematische schulden via een saneringsplan onder toezicht van een bewindvoerder hun schulden kunnen aflossen en na drie jaar een schone lei kunnen krijgen.";"";"";"";"";"";"";"";"";"";"Schulden > Schuldhulpverlening";"";"09072026-00:43:48"
"1132";"";"WSNP-verklaring";"";"EAID_64E76A72_8E62_45fb_A144_149EFDB5EB46";"";"class";"";"";"Een WSNP-verklaring is een officieel document dat bevestigt dat een persoon toegelaten is tot de Wet Schuldsanering Natuurlijke Personen (WSNP) om hun schulden onder toezicht van een bewindvoerder af te lossen.";"";"";"";"";"";"";"";"";"";"Schulden > Schuldhulpverlening";"";"09072026-00:43:48"
"1133";"";"Waardepeiling";"";"EAID_1C1EF3EA_888E_945B_4A20_27DB5B434D4C";"";"class";"";"";"*Waardepeiling* is een **bepaling of schatting van de waarde van een object, goed of situatie**, verkregen door middel van peiling of inschatting van wat het waard zou zijn.";"";"De term *waardepeiling* volgt uit de woorddelen: *waarde* (de bepaling van de waarde van iets) en *peiling* (een systematische inschatting of meting). In gebruik (bijvoorbeeld in online fora) betekent het dat iemand vraagt **wat iets volgens anderen waard is**, oftewel een inschatting van de marktwaarde van een object op basis van meningen of observable kenmerken. Dit is vergelijkbaar met een **waardebepaling**: de vaststelling of schatting van de waarde van iets in geld of andere maatstaven door een beoordeling of (markt)analyse.";"";"";"";"";"";"";"";"6 Sociaal Domein > Sociaal Domein Generiek";"";"09072026-00:43:48"
"1134";"";"Waarneming";"";"EAID_DDC990BC_C026_4c98_BEE5_6692EA0C2515";"";"class";"";"";"Handhavende taak in het kader van VTH";"";"";"";"";"";"";"";"";"";"1 Veiligheid en Vergunningen";"";"09072026-00:43:48"
"1135";"";"Wachten DigiD";"";"EAID_32633236_e5f5_40eb_a083_fc12c3e8a7f8";"";"class";"";"";"*Wachten DigiD* is een subtype van **Reden afwijkende startdatum** binnen het GBI-Ontologiemodel dat aangeeft dat de ingangsdatum van een inkomensdienst **vertraging oploopt doordat een DigiD nog niet is aangevraagd, geactiveerd of bruikbaar is**.";"";"In het **GBI-model *Reden aanvraag*** wordt *Wachten DigiD* gebruikt om te registreren dat de startdatum van een uitkering of andere inkomensdienst **niet gelijk kan zijn aan de datum van eerste melding** omdat de cliënt moet wachten op een bruikbare DigiD. Een DigiD (Digitale Identiteits- en authenticatiemethode van de Nederlandse overheid) is vaak nodig om digitaal gegevens in te dienen, besluiten elektronisch te ondertekenen of formulieren compleet te maken. Deze vertraging kan de administratieve start van de dienst beïnvloeden en wordt daarom als specifieke reden voor een afwijkende startdatum vastgelegd.";"";"";"";"";"";"";"";"Inkomen > Reden aanvraag";"";"09072026-00:43:48"
"1136";"";"Wachten beslissing instantie";"";"EAID_008977a4_1342_42b2_be93_bda49931fa51";"";"class";"";"";"*Wachten beslissing instantie* is een subtype van **Reden aanvraag** binnen het GBI-Ontologiemodel dat aangeeft dat een persoon een inkomensdienst aanvraagt omdat hij of zij **moet wachten op een besluit van een externe instantie**, waardoor de startdatum van de dienst afwijkt van de standaardprocedure.";"";"Binnen het GBI-model *Reden aanvraag* representeert *Wachten beslissing instantie* een specifieke *Reden afwijkende startdatum*. Het duidt op situaties waarin de ingangsdatum van een bijstandsuitkering of andere inkomensdienst **wordt uitgesteld** omdat eerst een formele beslissing van een andere instantie (bijv. UWV, IND, rechterlijke uitspraak) nodig is. Dit wachten op een besluit kan consequenties hebben voor wanneer de inkomensondersteuning kan beginnen en is daarom een administratief relevante reden om de startdatum af te wijken van de datum van eerste melding. Het begrip helpt gemeenten om dit **procesverschijnsel gestructureerd vast te leggen** in hun inkomens- en casusadministratie.";"";"";"";"";"";"";"";"Inkomen > Reden aanvraag";"";"09072026-00:43:48"
"1137";"";"Waterdeel";"";"EAID_FD0B5F4D_AE9B_47bd_8C60_031D21AC24B1";"";"class";"";"";"Kleinste functioneel onafhankelijk stukje water met gelijkblijvende, homogene eigenschappen en relaties dat er binnen het objecttype Water van NEN 3610 wordt onderscheiden.";"";"";"";"";"";"";"";"";"";"99 Kern > RSGBPlus";"";"09072026-00:43:48"
"1138";"Waterinrichtingsobject";"Waterinrichtingsobject";"9d9f7000-98f8-4b97-96f5-6d09edebddd2";"EAID_0DCEE6C7_87BC_498C_A02A_25271DB1BC9";"business-object";"class";"";"Een ruimtelijk object ter inrichting van het water.";"Een ruimtelijk object ter inrichting van het water.";"";"";"";"";"";"";"https://gemmaonline.nl/index.php/GEMMA/id-9d9f7000-98f8-4b97-96f5-6d09edebddd2";"";"";"8 Volkshuisvesting, Leefomgeving en Stedelijke Vernieuwing > Beheer Openbare Ruimte";"";"09072026-00:43:48"
"1139";"Waterobject";"Waterobject";"3be27f41-71be-42dd-8af2-51c724238dc3";"EAID_81CBE022_0D94_4377_82CA_3AA12937FE8";"business-object";"class";"business-object";"Kleinste functioneel onafhankelijk stukje water met gelijkblijvende, homogene eigenschappen en relaties dat er binnen het objecttype Water van NEN 3610 wordt onderscheiden en dat permanent met water bedekt is.";"Kleinste functioneel onafhankelijk stukje water met gelijkblijvende, homogene eigenschappen en relaties dat er binnen het objecttype Water van NEN 3610 wordt onderscheiden en dat permanent met water bedekt is. (imgeo.geostandaarden.nl)";"";"";"";"";"";"";"https://gemmaonline.nl/index.php/GEMMA/id-3be27f41-71be-42dd-8af2-51c724238dc3";"";"";"8 Volkshuisvesting, Leefomgeving en Stedelijke Vernieuwing > Beheer Openbare Ruimte";"";"09072026-00:43:48"
"1140";"";"Wegdeel";"";"EAID_9B0F3F8B_B79B_46f7_BF81_96E4C63B9AC2";"";"class";"";"";"Kleinste functioneel onafhankelijk stukje van een NEN 3610 Weg,  met gelijkblijvende homogene eigenschappen en relaties en primair bedoeld voor gebruik door weg-, spoor- en vliegverkeer te land";"";"";"";"";"";"";"";"";"";"99 Kern > RSGBPlus";"";"09072026-00:43:48"
"1141";"Weginrichtingsobject";"Weginrichtingsobject";"f9482bc9-5b10-4075-98cb-4cb895262494";"EAID_7F3202B1_9A3B_4E02_B4F4_31EBCE6B8DE";"business-object";"class";"";"Een ruimtelijk object dat dient voor de inrichting van de openbare weg.";"Een ruimtelijk object dat dient voor de inrichting van de openbare weg.";"";"";"";"";"";"";"https://gemmaonline.nl/index.php/GEMMA/id-f9482bc9-5b10-4075-98cb-4cb895262494";"";"";"8 Volkshuisvesting, Leefomgeving en Stedelijke Vernieuwing > Beheer Openbare Ruimte";"";"09072026-00:43:48"
"1142";"";"Werk";"";"EAID_45BB12F8_C796_43aa_A4D0_FDC724601EB9";"";"class";"";"";"Werk betreft het verrichten van betaalde arbeid door een inburgeringsplichtige, als onderdeel van of resultaat uit het inburgeringstraject, en wordt meegenomen in de beoordeling van participatie, uitstroom en leerroutegeschiktheid.";"";"";"";"";"";"";"";"";"";"6 Sociaal Domein > Inburgering";"";"09072026-00:43:48"
"1143";"Werkbon";"Werkbon";"a13ea500-9135-4985-a718-c56240860c46";"EAID_C5AA8835_219D_4bfa_85EF_8BA45F732BCD";"business-object";"class";"business-object";"Opdracht voor uitvoering van een onderhoudstaak aan een vastgoedobject, met omschrijving van het werk, de locatie en de uitvoerder.";"Document waarin een heoveelheid werk is beschreven";"";"";"";"";"";"";"https://gemmaonline.nl/index.php/GEMMA/id-a13ea500-9135-4985-a718-c56240860c46";"";"";"9 Interne Organisatie > Vastgoed";"";"09072026-00:43:48"
"1144";"";"Werkervaring";"";"EAID_48CCBBD0_2327_4620_881C_A39F151BABD6";"";"class";"";"";"Eerdere functies of werkzaamheden van een persoon, inclusief sector, duur en aard van de werkzaamheden.";"";"";"";"";"";"";"";"";"";"6 Sociaal Domein > Werk";"";"09072026-00:43:48"
"1145";"Werkgelegenheid";"Werkgelegenheid";"21343647-4fed-40b8-8a9e-4672592d2aa8";"EAID_EB35F5B8_9289_49cc_8DF4_8BD20EC662A9";"business-object";"class";"";"De vraag naar arbeid, te berekenen door de totale productie te delen door de arbeidsproductiviteit per persoon.";"De vraag naar arbeid, te berekenen door de totale productie te delen door de arbeidsproductiviteit per persoon.";"";"";"";"";"";"";"https://gemmaonline.nl/index.php/GEMMA/id-21343647-4fed-40b8-8a9e-4672592d2aa8";"";"";"3 Economie";"";"09072026-00:43:48"
"1146";"Werknemer";"Werknemer";"8c200706-b80b-44f7-9928-bec39e0db21f";"EAID_BBBB63AC_B546_409b_B6D4_53DB561253B7";"business-object";"class";"business-object";"De contractuele wederpartij van de werkgever bij de arbeidsovereenkomst.";"De contractuele wederpartij van de werkgever bij de arbeidsovereenkomst.";"";"";"";"";"";"";"https://gemmaonline.nl/index.php/GEMMA/id-8c200706-b80b-44f7-9928-bec39e0db21f";"";"";"9 Interne Organisatie > HR";"";"09072026-00:43:48"
"1147";"Werkorder";"Werkorder";"5029f2d1-bad6-4813-8f59-d3f7981849e3";"EAID_4AF7FA48_DFB0_474f_B797_A13D5FD37530";"business-object";"class";"business-object";"Opdracht voor de uitvoering van een activiteit of een stap in een proces.";"Opdracht voor de uitvoering van een activiteit of een stap in een proces.";"";"";"";"";"";"";"https://gemmaonline.nl/index.php/GEMMA/id-5029f2d1-bad6-4813-8f59-d3f7981849e3";"";"";"9 Interne Organisatie > Financien";"";"09072026-00:43:48"
"1148";"";"Werkzaamheden als mantelzorger";"";"EAID_D985F79E_8616_4144_9071_238FB9240B85";"";"class";"";"";"Activiteiten die een persoon uitvoert in de rol van mantelzorger, buiten een formele arbeidsverhouding, maar met mogelijke invloed op beschikbaarheid voor arbeid.";"";"";"";"";"";"";"";"";"";"6 Sociaal Domein > Werk";"";"09072026-00:43:48"
"1149";"";"Werkzaamheden anders dan in arbeidsverhouding";"";"EAID_F0C047DA_725B_486b_9FF3_EB60662C1895";"";"class";"";"";"Taken of activiteiten die een persoon verricht zonder dat sprake is van een formele arbeidsovereenkomst, zoals vrijwilligerswerk of mantelzorg.";"";"";"";"";"";"";"";"";"";"6 Sociaal Domein > Werk";"";"09072026-00:43:48"
"1150";"Werkzoekende";"Werkzoekende";"";"EAID_24A45AF2_13FF_491d_9E3D_F8D8113F28E1";"";"class";"business-object";"Een generiek werkprofiel van een persoon waarin diens arbeidspositie, bemiddelbaarheid en begeleidingsbehoefte worden vastgelegd, als basis voor begeleiding naar arbeid.";"Een generiek werkprofiel van een persoon waarin diens arbeidspositie, bemiddelbaarheid en begeleidingsbehoefte worden vastgelegd, als basis voor begeleiding naar arbeid.";"";"";"";"";"";"";"";"";"";"6 Sociaal Domein > Werk";"";"09072026-00:43:48"
"1151";"";"Wet";"";"EAID_3CDE785E_E631_4f94_A1A3_67F721140B1C";"";"enumeration";"";"";"";"";"";"";"";"";"";"";"";"";"6 Sociaal Domein > Generiek Jeugd en Wmo";"";"09072026-00:43:48"
"1152";"Wijk";"Wijk";"938a3b10-79fd-4571-aaed-cb7069369465";"EAID_120EA50B_B9A2_4869_A3BE_46931F631D33";"business-object";"class";"business-object";"Een aaneengesloten gedeelte van het grondgebied van een gemeente, waarvan de grenzen zo veel mogelijk zijn gebaseerd op sociaal-geografische kenmerken.";"Een aaneengesloten gedeelte van het grondgebied van een gemeente, waarvan de grenzen zo veel mogelijk zijn gebaseerd op sociaal-geografische kenmerken.";"";"Het betreft hier de in overleg met het CBS bepaalde indeling van de gemeente in wijken.";"";"";"IMBAG";"";"https://gemmaonline.nl/index.php/GEMMA/id-938a3b10-79fd-4571-aaed-cb7069369465";"WIJK (BAG)";"";"99 Kern > BAG";"";"09072026-00:43:48"
"1153";"Wijk";"Wijk";"fd33a9fa-9c73-43a1-8e22-8cff15dc84d9";"EAID_2F759BC4_7E3C_4ce9_94FF_33A4106A6E5A";"business-object";"class";"business-object";"Een aaneengesloten gedeelte van het grondgebied van een gemeente, waarvan de grenzen zo veel mogelijk zijn gebaseerd op sociaal-geografische kenmerken.";"Een aaneengesloten gedeelte van het grondgebied van een gemeente, waarvan de grenzen zo veel mogelijk zijn gebaseerd op sociaal-geografische kenmerken.";"";"Het betreft hier de in overleg met het CBS bepaalde indeling van de gemeente in wijken.";"";"";"GFO BG";"";"https://gemmaonline.nl/index.php/GEMMA/id-fd33a9fa-9c73-43a1-8e22-8cff15dc84d9";"Wijk (RSGB Model)";"";"99 Kern > RSGBPlus";"";"09072026-00:43:48"
"1154";"Wijzigingsverzoek";"Wijzigingsverzoek";"3a602b01-9a08-4224-8caf-3cb58130fb30";"EAID_EFBF46D1_6A51_44fd_BAEA_47BCDFEEE27A";"business-object";"class";"business-object";"Aanvraag voor een wijziging aan een ICT-component of het applicatielandschap.";"Een aanvraag voor wijziging";"";"";"";"";"";"";"https://gemmaonline.nl/index.php/GEMMA/id-3a602b01-9a08-4224-8caf-3cb58130fb30";"";"";"9 Interne Organisatie > ICT";"";"09072026-00:43:48"
"1155";"Winkelverkoopgroep";"Winkelverkoopgroep";"7cf75737-25b6-486c-8d47-3a0527e0792e";"EAID_CE76218E_E56C_4c15_A29B_5EB14B7E084F";"business-object";"class";"";"Groepering van winkelverkopen";"Groepering van winkelverkopen";"";"";"";"";"";"";"https://gemmaonline.nl/index.php/GEMMA/id-7cf75737-25b6-486c-8d47-3a0527e0792e";"";"";"5 Sport, Cultuur en Recreatie > Musea";"";"09072026-00:43:48"
"1156";"";"Winkelvloeroppervlak";"";"EAID_0EABA880_434F_41c3_A41D_0002222AAC2A";"";"class";"";"";"Gemeten oppervlakte in vierkante meters van een winkel";"";"";"";"";"";"";"";"";"";"3 Economie";"";"09072026-00:43:48"
"1157";"";"Winkelvoorraaditem";"";"EAID_9D19BC40_5EED_408d_AFA3_7C16F8E7E65F";"";"class";"";"";"Onderdeel in de winkelvoorraad";"";"";"";"";"";"";"";"";"";"5 Sport, Cultuur en Recreatie > Musea";"";"09072026-00:43:48"
"1158";"";"Woningbezit";"";"EAID_DBFDE0B1_FF6D_422f_BDDA_42ED8A172260";"";"class";"";"";"Een koopwoning is een woning die eigendom is van een individu of een entiteit, die het heeft gekocht en waarvoor meestal een hypotheek is afgesloten.";"";"";"";"";"";"";"";"";"";"Schulden > Schuldhulpverlening";"";"09072026-00:43:48"
"1159";"WoonfraudeAanvraagOfMelding";"WoonfraudeAanvraagOfMelding";"2856ae2a-1424-41ad-ab9c-0e166972fb2f";"EAID_5CE9E5F3_BA9A_47e4_A4C1_DE21E66E9F8E";"business-object";"class";"";"Melding of aanvraag van woonfraude";"Melding of aanvraag van woonfraude";"";"";"";"";"";"";"https://gemmaonline.nl/index.php/GEMMA2/0.9/id-2856ae2a-1424-41ad-ab9c-0e166972fb2f";"";"";"1 Veiligheid en Vergunningen";"";"09072026-00:43:48"
"1160";"WoonoverlastAanvraagOfMelding";"WoonoverlastAanvraagOfMelding";"ee5a2678-e98b-44af-ae3f-f0c620a66681";"EAID_CB5BCFAA_01F3_468d_A5CE_4E08D3E4FFC2";"business-object";"class";"";"Melding of aanvraag met betrekking tot Woonoverlast";"Melding of aanvraag met betrekking tot Woonoverlast";"";"";"";"";"";"";"https://gemmaonline.nl/index.php/GEMMA2/0.9/id-ee5a2678-e98b-44af-ae3f-f0c620a66681";"";"";"1 Veiligheid en Vergunningen";"";"09072026-00:43:48"
"1161";"Woonplaats";"Woonplaats";"bedf86fb-8710-49fc-addb-e48a11b551ed";"EAID_24BDA4BA_CFCC_4e3f_8305_671F4ED7C502";"business-object";"class";"business-object";"Een woonplaats is een door het bevoegde gemeentelijke orgaan als zodanig aangewezen en van een naam voorzien gedeelte van het grondgebied van de gemeente.";"Een woonplaats is een door het bevoegde gemeentelijke orgaan als zodanig aangewezen en van een naam voorzien gedeelte van het grondgebied van de gemeente Beschrijving: Een stuk grond binnen de gemeente dat als woonplaats is aangewezen en waaraan de gemeente ook een naam heeft gegeven.";"";"";"";"";"IMBAG";"";"https://gemmaonline.nl/index.php/GEMMA/id-bedf86fb-8710-49fc-addb-e48a11b551ed";"WOONPLAATS (BAG)";"";"99 Kern > BAG";"";"09072026-00:43:48"
"1162";"Woonplaats";"Woonplaats";"c063970e-27f6-45a2-88e8-0105dbbce716";"EAID_039AFF88_F5F7_4c1a_B7E4_1BDFC495F67A";"business-object";"class";"business-object";"Een woonplaats is een door het bevoegde gemeentelijke orgaan als zodanig aangewezen en van een naam voorzien gedeelte van het grondgebied van de gemeente.";"Een door het bevoegde gemeentelijke orgaan als zodanig aangewezen en van een naam voorzien gedeelte van het grondgebied van de gemeente.";"";"In incidentele gevallen komt het voor dat een woonplaats (in de zin van het gebied dat in de praktijk aangeduid wordt met dezelfde woonplaatsnaam) doorsneden wordt door een gemeentegrens. Volgens de definitie zou dit niet kunnen c.q. is een woonplaats anders gedefinieerd en dus afgebakend: “gedeelte van het gemeentelijk grondgebied”. Vooralsnog wordt uitgegaan van de BAG-insteek en wordt afgewacht hoe dit opgelost wordt in de landelijk te specificeren woonplaatsentabel.";"";"";"BAG";"";"https://gemmaonline.nl/index.php/GEMMA/id-c063970e-27f6-45a2-88e8-0105dbbce716";"Woonplaats (RSGB Model)";"";"99 Kern > RSGBPlus";"";"09072026-00:43:48"
"1163";"";"WordtBehandeldAls";"";"EAID_39F3CA70_4E74_407b_B1AC_A70F64F1A657";"";"enumeration";"";"";"";"";"<memo>";"";"";"";"";"";"";"";"6 Sociaal Domein > Inburgering";"";"09072026-00:43:48"
"1164";"";"Z-route";"";"EAID_42CA98D5_0E2F_4110_AED0_6B8ADB955BBF";"";"class";"";"";"De *Z-route* (Zelfredzaamheidsroute) is een van de drie leerroutes onder de Nederlandse Wet inburgering 2021 en is bedoeld voor inburgeringsplichtigen met een lage leerbaarheid die moeite hebben met het leren van de Nederlandse taal, gericht op zelfredzaamheid, participatie en taalontwikkeling zonder centrale examenvereisten.";"";"De Z-route is een intensief traject voor inburgeraars voor wie het behalen van taalniveau B1 of het volgen van een onderwijsroute niet haalbaar wordt geacht. De route omvat minimaal 800 uur Nederlandse taalles inclusief eventuele alfabetisering en 800 uur participatie- en activeringsactiviteiten. In tegenstelling tot de andere leerroutes wordt de Z-route in principe niet afgesloten met examen, maar met een eindgesprek met de gemeente op basis waarvan wordt beoordeeld of aan de inburgeringsplicht voldaan is.";"";"";"";"";"";"";"";"6 Sociaal Domein > Inburgering";"";"09072026-00:43:48"
"1165";"ZaakOrigineel";"ZAAK - Origineel";"ce925d18-fde7-4bd6-9865-a7030a276a3c";"EAID_766265DF_56DD_4560_A55C_FF82E3B9751A";"business-object";"class";"";"Een samenhangende hoeveelheid werk met een welgedefinieerde aanleiding en een welgedefinieerd eindresultaat, waarvan kwaliteit en doorlooptijd bewaakt moeten worden.";"Een samenhangende hoeveelheid werk met een welgedefinieerde aanleiding en een welgedefinieerd eindresultaat, waarvan kwaliteit en doorlooptijd bewaakt moeten worden.";"";"";"";"";"";"";"https://gemmaonline.nl/index.php/GEMMA/id-ce925d18-fde7-4bd6-9865-a7030a276a3c";"";"";"99 Kern > RGBZPlus";"";"09072026-00:43:48"
"1166";"";"ZRM-score";"";"EAID_DA737608_8BA7_40db_ACD0_00F90B8084C0";"";"enumeration";"";"";"Zelfredzaamheidsscore op een domein volgens de ZRM. Voorbeelden: onvoldoende, voldoende, volledig zelfredzaam.";"";"";"";"";"";"";"";"";"";"6 Sociaal Domein > Werk";"";"09072026-00:43:48"
"1167";"Zaak";"Zaak";"7d5124d4-f23d-432d-ad5a-dc7c1b0fac44";"EAID_649EFD86_ED52_4293_8577_DBE5445845BF";"business-object";"class";"business-object";"Een samenhangende hoeveelheid werk met een welgedefinieerde aanleiding en een welgedefinieerd eindresultaat, waarvan kwaliteit en doorlooptijd bewaakt moeten worden.";"Een samenhangende hoeveelheid werk met een welgedefinieerde aanleiding en een welgedefinieerd eindresultaat, waarvan kwaliteit en doorlooptijd bewaakt moeten worden.";"";"";"";"";"";"";"https://gemmaonline.nl/index.php/GEMMA/id-7d5124d4-f23d-432d-ad5a-dc7c1b0fac44";"";"";"99 Kern > RGBZPlus";"";"09072026-00:43:48"
"1168";"Zaaktype";"Zaaktype";"";"EAID_7210A379_17EE_4143_A106_ECD9414B2A0D";"";"class";"business-object";"Definitie van een soort zaak met kenmerken als doorlooptijd, servicenorm, archiefcode en verantwoordelijke organisatorische eenheid.";"Generieke aanduiding van de aard van een zaak";"";"";"";"";"";"";"";"";"";"99 Kern > RGBZPlus";"";"09072026-00:43:48"
"1169";"Zaal";"Zaal";"600049b0-c179-4e7d-ac63-99d5ba393093";"EAID_6850BC5E_444E_4d33_A8A7_9B345502E275";"business-object";"class";"";"Grote ruimte in een gebouw";"Grote ruimte in een gebouw";"";"";"";"";"";"";"https://gemmaonline.nl/index.php/GEMMA/id-600049b0-c179-4e7d-ac63-99d5ba393093";"";"";"5 Sport, Cultuur en Recreatie > Musea";"";"09072026-00:43:48"
"1170";"Zakelijk Recht";"Zakelijk Recht";"a6741440-a70f-4d05-b164-6a21b867b4d3";"EAID_8D52E9F1_9CC9_42c6_A347_E68E29718E55";"business-object";"class";"business-object";"Het eigendom van, of een beperkt recht van een natuurlijk of niet-natuurlijk persoon (PERSOON) op, een onroerende zaak (met uitzondering van hypotheken en beslagen).";"Geeft een recht op een goed, zoals een onroerende zaak of een roerende zaak.";"";"";"";"";"";"";"https://gemmaonline.nl/index.php/GEMMA/id-a6741440-a70f-4d05-b164-6a21b867b4d3";"ZakelijkRecht (Vastgoed)";"";"9 Interne Organisatie > Vastgoed";"";"09072026-00:43:48"
"1171";"Zakelijk Recht";"ZakelijkRecht";"671ec5bd-e8ac-44d7-8a01-cc9b439c6c5f";"EAID_8C809341_AC60_4378_8BA0_0843E8C06AF3";"business-object";"class";"business-object";"Het eigendom van, of een beperkt recht van een natuurlijk of niet-natuurlijk persoon (PERSOON) op, een onroerende zaak (met uitzondering van hypotheken en beslagen).";"Het eigendom van, of een beperkt recht van een natuurlijk of niet-natuurlijk persoon (PERSOON) op, een onroerende zaak (met uitzondering van hypotheken en beslagen).";"";"Zie de catalogus van de BRK. Daarin is sprake van een zowel rechten als zekerheidsrechten op onroerende zaken (zie de toelichting bij KADASTRALE ONROERENDE ZAAK). Geoordeeld is dat alleen de rechten zodanig van belang zijn voor de gemeentelijke taakuitoefening dat zij deel moeten uit maken van het voorliggende referentiemodel. Zij zijn hierin gezamenlijk gemodelleerd als ZAKELIJK RECHT tussen KADASTRALE ONROERENDE ZAAK en TENAAMSTELLING van een persoon.
(Zakelijke) rechten worden beschouwd vanuit één onroerende zaak, in dit geval het kadastrale object. Recht vormt de relatie tussen één onroerende zaak en één of meer tenaamgestelde personen en heeft betrekking op het eigendom van deze tenaamgestelde personen van één onroerende zaak of op een beperkt recht van deze tenaamgestelde personen op één onroerende zaak. Met een beperkt recht op een onroerende zaak wordt erfpacht, opstal, e.d. bedoeld.";"";"";"BRK";"";"https://gemmaonline.nl/index.php/GEMMA/id-671ec5bd-e8ac-44d7-8a01-cc9b439c6c5f";"ZakelijkRecht (RSGB Model)";"";"99 Kern > RSGBPlus";"";"09072026-00:43:48"
"1172";"";"Zakelijkrecht";"";"EAID_0B6706E7_4CF8_42d8_90EA_BDD1F5588D3F";"";"enumeration";"";"";"";"";"";"";"";"";"";"";"";"";"9 Interne Organisatie > Vastgoed";"";"09072026-00:43:48"
"1173";"Zekerheidsrecht";"Zekerheidsrecht";"0f33d06b-3e1f-4693-87af-2a5a9b739219";"EAID_3397A5B5_E789_46e6_8559_C528EA55F830";"business-object";"class";"business-object";"Een hypotheek of beslag op een onroerende zaak, geregistreerd in de BRK.";"Een zekerheidsrecht is een beperkt recht (hypotheek) of een beperking (beslag).";"";"";"";"";"BRK";"";"https://gemmaonline.nl/index.php/GEMMA/id-0f33d06b-3e1f-4693-87af-2a5a9b739219";"";"";"99 Kern > RSGBPlus";"";"09072026-00:43:48"
"1174";"";"ZelfredzaamheidScore";"";"EAID_609AECDB_CFEA_4316_9541_5239A26CC069";"";"class";"";"";"Een gekwantificeerde weergave van het niveau van zelfstandigheid van een persoon op meerdere levensgebieden, vaak volgens de methodiek van de ZRM (Zelfredzaamheidsmatrix).";"";"";"";"";"";"";"";"";"";"6 Sociaal Domein > Werk";"";"09072026-00:43:48"
"1175";"ZelfredzaamheidMatrix";"Zelfredzaamheidmatrix";"4f3a28d3-464a-42c3-97e1-39231e5f7bf1";"EAID_6C27D3D1_FBCE_4504_AF1E_48B4A4CB02EA";"business-object";"class";"";"Een geordend systeem waarbij aan elf domeinen van het dagelijks leven (zoals inkomen en dagbesteding; zie figuur) een waarde voor zelfredzaamheid wordt toegekend.";"Een geordend systeem waarbij aan elf domeinen van het dagelijks leven (zoals inkomen en dagbesteding; zie figuur) een waarde voor zelfredzaamheid wordt toegekend.";"";"";"";"";"";"";"https://gemmaonline.nl/index.php/GEMMA/id-4f3a28d3-464a-42c3-97e1-39231e5f7bf1";"";"";"6 Sociaal Domein > Generiek Jeugd en Wmo";"";"09072026-00:43:48"
"1176";"ZiekmeldingLeerlingenvervoer";"Ziekmelding Leerlingenvervoer";"7c4345ce-0561-47eb-ad3d-4b21f15687e3";"EAID_7689A6B7_2A9E_42db_A028_E4601305DBFF";"business-object";"class";"";"Een melding van een zieke leerling die recht heeft op vervoer van en naar onderwijs.";"Een melding van een zieke leerling die recht heeft op vervoer van en naar onderwijs.";"";"";"";"";"";"";"https://gemmaonline.nl/index.php/GEMMA/id-7c4345ce-0561-47eb-ad3d-4b21f15687e3";"";"";"4 Onderwijs > Leerplicht en Leerlingenvervoer";"";"09072026-00:43:48"
"1177";"";"Zonesoort";"";"EAID_5DD4AE03_667C_45b9_A46A_320077AC2926";"";"enumeration";"";"";"";"";"";"";"";"";"";"";"";"";"2 Verkeer, Vervoer en Waterstaat > Parkeren";"";"09072026-00:43:48"
"1178";"";"Zorgelijke Situatie";"";"EAID_AEF1825F_C554_4490_975D_93AEA24991A9";"";"class";"";"";"Een zorgelijke situatie in de context van jeugdbescherming is een omstandigheid waarin de veiligheid, gezondheid, of ontwikkeling van een kind of jongere in het geding is door bijvoorbeeld verwaarlozing, mishandeling, huiselijk geweld, of andere risicofactoren. Deze situaties worden gekenmerkt door signalen van fysieke, emotionele of sociale schade of het ontbreken van een veilige en stabiele omgeving. Een zorgelijke situatie kan leiden tot interventie door jeugdbeschermingsorganisaties om de risico’s te verminderen en het kind of de jongere te beschermen en ondersteunen bij een gezonde en veilige ontwikkeling.";"";"";"";"";"";"";"";"";"";"6 Sociaal Domein > Jeugdbescherming en reclassering";"";"09072026-00:43:48"
"1179";"Zorgmelding";"Zorgmelding";"";"EAID_B852AF03_A5E0_4148_AFC1_108509FF8BBD";"";"class";"business-object";"Een Zorgmelding is een officiële melding bij een gemeente of jeugdhulporganisatie waarin zorgen worden geuit over de veiligheid, gezondheid, of ontwikkeling van een kind of jongere.";"Een Zorgmelding is een officiële melding bij een gemeente of jeugdhulporganisatie waarin zorgen worden geuit over de veiligheid, gezondheid, of ontwikkeling van een kind of jongere. Deze melding kan worden gedaan door professionals, zoals leraren, huisartsen of politie, maar ook door burgers of familieleden. Een zorgmelding bevat signalen of concrete aanwijzingen van mogelijke risico’s, zoals mishandeling, verwaarlozing, huiselijk geweld, of een onveilige thuissituatie. Het doel van een zorgmelding is om de situatie te laten beoordelen en, indien nodig, passende hulp of bescherming te organiseren om het welzijn van het kind of de jongere te waarborgen.";"";"";"";"";"";"";"";"";"";"6 Sociaal Domein > Jeugdbescherming en reclassering";"";"09072026-00:43:48"
"1180";"";"aanduidingEigenaarGebruiker";"";"EAID_E5990F7B_3BD5_4e8f_9595_1F50FD952BD5";"";"enumeration";"";"";"";"";"";"";"";"";"";"";"";"";"99 Kern > RSGBPlus";"";"09072026-00:43:48"
"1181";"";"aanduidingInhoudingVermissingReisdocument";"";"EAID_9B477DCC_620F_4128_A65D_0CD045BCE16B";"";"enumeration";"";"";"";"";"";"";"";"";"";"";"";"";"99 Kern > RSGBPlus";"";"09072026-00:43:48"
"1182";"";"aangever";"";"EAID_9FB86122_42DC_4375_ABF7_018B98BD3A3F";"";"enumeration";"";"";"";"";"";"";"";"";"";"";"";"";"99 Kern > RSGBPlus";"";"09072026-00:43:48"
"1183";"";"adelijkeTitel";"";"EAID_C27488AF_81A5_4ae3_8838_C036EA0B3167";"";"enumeration";"";"";"";"";"";"";"";"";"";"";"";"";"99 Kern > RSGBPlus";"";"09072026-00:43:48"
"1184";"Boring";"boring";"6897cf81-2661-4676-80b2-588cb1f4e42d";"EAID_E11FDCA7_7538_4353_83FF_72164D928452";"business-object";"class";"";"";"Een verticale grondmonstername binnen een project
De gegevens over het geheel van activiteiten, voor zover relevant voor het onderzoek, dat tot doel heeft door boren een gat in de ondergrond te maken om monsters uit de ondergrond te nemen en/of metingen aan de ondergrond te doen.
Een middel om door boren of steken toegang te krijgen tot de ondergrond om bijvoorbeeld geroerde en/of ongeroerde monsters aan de ondergrond te ontlenen voor nader onderzoek.";"";"";"";"";"";"";"https://gemmaonline.nl/index.php/GEMMA/id-6897cf81-2661-4676-80b2-588cb1f4e42d";"";"";"Erfgoed > Archeologie";"";"09072026-00:43:48"
"1185";"";"bouwkundigeBestemming";"";"EAID_F17DBEB0_CCE5_46e8_920F_CDAFAD036E6A";"";"enumeration";"";"";"";"";"";"";"";"";"";"";"";"";"99 Kern > RSGBPlus";"";"09072026-00:43:48"
"1186";"";"bronAdresBuitenland";"";"EAID_65CA94EA_CFF1_4c4d_9294_81E513440961";"";"enumeration";"";"";"";"";"";"";"";"";"";"";"";"";"99 Kern > RSGBPlus";"";"09072026-00:43:48"
"1187";"";"burgelijkeStaat";"";"EAID_CC77021D_2E01_45a9_BA46_7705DA27F49A";"";"enumeration";"";"";"";"";"";"";"";"";"";"";"";"";"99 Kern > RSGBPlus";"";"09072026-00:43:48"
"1188";"";"codeExploitant";"";"EAID_C9165029_12D2_4ed4_9CFB_016353926D82";"";"enumeration";"";"";"";"";"";"";"";"";"";"";"";"";"99 Kern > RSGBPlus";"";"09072026-00:43:48"
"1189";"";"enum_AanOfVrijliggend";"";"EAID_{2F1446BA_CAB3_4FF2_A215_896F8FBD10A6}";"";"enumeration";"";"";"";"";"";"";"";"";"";"";"";"";"8 Volkshuisvesting, Leefomgeving en Stedelijke Vernieuwing > Beheer Openbare Ruimte";"";"09072026-00:43:48"
"1190";"";"enum_Afmeting";"";"EAID_{BEFBF0CF_BBED_4C03_B633_DE2089CFFB63}";"";"enumeration";"";"";"";"";"";"";"";"";"";"";"";"";"8 Volkshuisvesting, Leefomgeving en Stedelijke Vernieuwing > Beheer Openbare Ruimte";"";"09072026-00:43:48"
"1191";"";"enum_Bedienaar";"";"EAID_{E4AC4BA1_DB4B_4B15_AA16_E3775CF35E19}";"";"enumeration";"";"";"";"";"";"";"";"";"";"";"";"";"8 Volkshuisvesting, Leefomgeving en Stedelijke Vernieuwing > Beheer Openbare Ruimte";"";"09072026-00:43:48"
"1192";"";"enum_Beheergebied";"";"EAID_{FF44C7E9_2FA3_4314_B4A9_D251EB6EB7B6}";"";"enumeration";"";"";"";"";"";"";"";"";"";"";"";"";"8 Volkshuisvesting, Leefomgeving en Stedelijke Vernieuwing > Beheer Openbare Ruimte";"";"09072026-00:43:48"
"1193";"";"enum_BeheerobjectGebruiksfunctie";"";"EAID_{A96DB9BB_1835_4B55_AE3C_7D5322E72BF0}";"";"enumeration";"";"";"";"";"";"";"";"";"";"";"";"";"8 Volkshuisvesting, Leefomgeving en Stedelijke Vernieuwing > Beheer Openbare Ruimte";"";"09072026-00:43:48"
"1194";"";"enum_Belasting";"";"EAID_{2199CDFC_A8FD_4224_B83F_2A2FDE72AB6A}";"";"enumeration";"";"";"";"";"";"";"";"";"";"";"";"";"8 Volkshuisvesting, Leefomgeving en Stedelijke Vernieuwing > Beheer Openbare Ruimte";"";"09072026-00:43:48"
"1195";"";"enum_BelastingklasseNieuw";"";"EAID_{672A819A_B100_4C95_B5CA_F920F49FE18F}";"";"enumeration";"";"";"";"";"";"";"";"";"";"";"";"";"8 Volkshuisvesting, Leefomgeving en Stedelijke Vernieuwing > Beheer Openbare Ruimte";"";"09072026-00:43:48"
"1196";"";"enum_BelastingklasseOud";"";"EAID_{D5098738_76C0_48B7_A318_FAEB9ED7B468}";"";"enumeration";"";"";"";"";"";"";"";"";"";"";"";"";"8 Volkshuisvesting, Leefomgeving en Stedelijke Vernieuwing > Beheer Openbare Ruimte";"";"09072026-00:43:48"
"1197";"";"enum_Beleidsstatus";"";"EAID_{5B736087_3105_435B_B76B_2E6BB2333152}";"";"enumeration";"";"";"";"";"";"";"";"";"";"";"";"";"8 Volkshuisvesting, Leefomgeving en Stedelijke Vernieuwing > Beheer Openbare Ruimte";"";"09072026-00:43:48"
"1198";"";"enum_BeoogdeOmlooptijd";"";"EAID_{74922802_9B47_48AB_ACB7_2A11B043982D}";"";"enumeration";"";"";"";"";"";"";"";"";"";"";"";"";"8 Volkshuisvesting, Leefomgeving en Stedelijke Vernieuwing > Beheer Openbare Ruimte";"";"09072026-00:43:48"
"1199";"";"enum_Bereikbaarheid";"";"EAID_{6F7956BB_D0DA_4BD3_9FD5_9352F7A47D2F}";"";"enumeration";"";"";"";"";"";"";"";"";"";"";"";"";"8 Volkshuisvesting, Leefomgeving en Stedelijke Vernieuwing > Beheer Openbare Ruimte";"";"09072026-00:43:48"
"1200";"";"enum_BereikbaarheidKolk";"";"EAID_{60E66776_5271_431E_A582_C7591BCB1500}";"";"enumeration";"";"";"";"";"";"";"";"";"";"";"";"";"8 Volkshuisvesting, Leefomgeving en Stedelijke Vernieuwing > Beheer Openbare Ruimte";"";"09072026-00:43:48"
"1201";"";"enum_BoomTypeBeschermingsstatusPlus";"";"EAID_{40D9CFDB_2B63_40F3_B70A_DC33F2292546}";"";"enumeration";"";"";"";"";"";"";"";"";"";"";"";"";"8 Volkshuisvesting, Leefomgeving en Stedelijke Vernieuwing > Beheer Openbare Ruimte";"";"09072026-00:43:48"
"1202";"";"enum_Boombeeld";"";"EAID_{6B64A1DD_5B26_4610_8368_E456851C50AF}";"";"enumeration";"";"";"";"";"";"";"";"";"";"";"";"";"8 Volkshuisvesting, Leefomgeving en Stedelijke Vernieuwing > Beheer Openbare Ruimte";"";"09072026-00:43:48"
"1203";"";"enum_Boomgroep";"";"EAID_{75C762F9_E6CF_4321_929F_FF29FD8BB2C6}";"";"enumeration";"";"";"";"";"";"";"";"";"";"";"";"";"8 Volkshuisvesting, Leefomgeving en Stedelijke Vernieuwing > Beheer Openbare Ruimte";"";"09072026-00:43:48"
"1204";"";"enum_BoomhoogteklasseActueel";"";"EAID_{637AB25C_23ED_4105_8AD4_FEA3697069A8}";"";"enumeration";"";"";"";"";"";"";"";"";"";"";"";"";"8 Volkshuisvesting, Leefomgeving en Stedelijke Vernieuwing > Beheer Openbare Ruimte";"";"09072026-00:43:48"
"1205";"";"enum_Boomveiligheidsklasse";"";"EAID_{A20AEA9D_F693_4E0C_AFE6_0A0E04360256}";"";"enumeration";"";"";"";"";"";"";"";"";"";"";"";"";"8 Volkshuisvesting, Leefomgeving en Stedelijke Vernieuwing > Beheer Openbare Ruimte";"";"09072026-00:43:48"
"1206";"";"enum_Boomvoorziening";"";"EAID_{1190CA0F_6485_476D_BD0B_8B6C1BA06CDD}";"";"enumeration";"";"";"";"";"";"";"";"";"";"";"";"";"8 Volkshuisvesting, Leefomgeving en Stedelijke Vernieuwing > Beheer Openbare Ruimte";"";"09072026-00:43:48"
"1207";"";"enum_BreedteklasseHaag";"";"EAID_{4A6DB94D_E54E_4013_B1BD_062EB7DFD0BA}";"";"enumeration";"";"";"";"";"";"";"";"";"";"";"";"";"8 Volkshuisvesting, Leefomgeving en Stedelijke Vernieuwing > Beheer Openbare Ruimte";"";"09072026-00:43:48"
"1208";"";"enum_Certificeringsinstantie";"";"EAID_{024432A6_6904_4F55_A353_9A71200968EC}";"";"enumeration";"";"";"";"";"";"";"";"";"";"";"";"";"8 Volkshuisvesting, Leefomgeving en Stedelijke Vernieuwing > Beheer Openbare Ruimte";"";"09072026-00:43:48"
"1209";"";"enum_Constructielaagsoort";"";"EAID_{E9D99F40_45A2_4699_826D_746F115814BA}";"";"enumeration";"";"";"";"";"";"";"";"";"";"";"";"";"8 Volkshuisvesting, Leefomgeving en Stedelijke Vernieuwing > Beheer Openbare Ruimte";"";"09072026-00:43:48"
"1210";"";"enum_Constructietype";"";"EAID_{271BC864_2F2F_4F1A_8D79_0CFA26DB1B24}";"";"enumeration";"";"";"";"";"";"";"";"";"";"";"";"";"8 Volkshuisvesting, Leefomgeving en Stedelijke Vernieuwing > Beheer Openbare Ruimte";"";"09072026-00:43:48"
"1211";"";"enum_Controlefrequentie";"";"EAID_{03F401B4_392E_4C17_AF63_5D24D418FEEA}";"";"enumeration";"";"";"";"";"";"";"";"";"";"";"";"";"8 Volkshuisvesting, Leefomgeving en Stedelijke Vernieuwing > Beheer Openbare Ruimte";"";"09072026-00:43:48"
"1212";"";"enum_CultuurhistorischWaardevol";"";"EAID_{38B896E1_A02B_4636_A5E4_8BEAC3085B29}";"";"enumeration";"";"";"";"";"";"";"";"";"";"";"";"";"8 Volkshuisvesting, Leefomgeving en Stedelijke Vernieuwing > Beheer Openbare Ruimte";"";"09072026-00:43:48"
"1213";"";"enum_Doelsoort";"";"EAID_{5555E758_DE97_4386_AA51_7B9EC7297956}";"";"enumeration";"";"";"";"";"";"";"";"";"";"";"";"";"8 Volkshuisvesting, Leefomgeving en Stedelijke Vernieuwing > Beheer Openbare Ruimte";"";"09072026-00:43:48"
"1214";"";"enum_Fabrikant";"";"EAID_{63366F9B_4D67_4939_8453_37011164B07A}";"";"enumeration";"";"";"";"";"";"";"";"";"";"";"";"";"8 Volkshuisvesting, Leefomgeving en Stedelijke Vernieuwing > Beheer Openbare Ruimte";"";"09072026-00:43:48"
"1215";"";"enum_Formaat";"";"EAID_{ACC199D4_6FC8_4195_ACB1_E84C688CAB25}";"";"enumeration";"";"";"";"";"";"";"";"";"";"";"";"";"8 Volkshuisvesting, Leefomgeving en Stedelijke Vernieuwing > Beheer Openbare Ruimte";"";"09072026-00:43:48"
"1216";"";"enum_FunderingLeiding";"";"EAID_{A293DA5A_D490_4968_A588_1EE196BE4BBB}";"";"enumeration";"";"";"";"";"";"";"";"";"";"";"";"";"8 Volkshuisvesting, Leefomgeving en Stedelijke Vernieuwing > Beheer Openbare Ruimte";"";"09072026-00:43:48"
"1217";"";"enum_Gebiedstype";"";"EAID_{5483F5D7_8BF2_470F_8DC9_13C04AEA4602}";"";"enumeration";"";"";"";"";"";"";"";"";"";"";"";"";"8 Volkshuisvesting, Leefomgeving en Stedelijke Vernieuwing > Beheer Openbare Ruimte";"";"09072026-00:43:48"
"1218";"";"enum_GewenstSluitingspercentage";"";"EAID_{DDAEC7C7_2E9E_412F_B15A_27AF8965B1FF}";"";"enumeration";"";"";"";"";"";"";"";"";"";"";"";"";"8 Volkshuisvesting, Leefomgeving en Stedelijke Vernieuwing > Beheer Openbare Ruimte";"";"09072026-00:43:48"
"1219";"";"enum_Groeifase";"";"EAID_{87E0A482_B32D_4E44_B3A9_8EA10459B3F2}";"";"enumeration";"";"";"";"";"";"";"";"";"";"";"";"";"8 Volkshuisvesting, Leefomgeving en Stedelijke Vernieuwing > Beheer Openbare Ruimte";"";"09072026-00:43:48"
"1220";"";"enum_GroenobjectBereikbaarheidPlus";"";"EAID_{0831FF14_3D6E_4D1D_881E_9C3FD696ED19}";"";"enumeration";"";"";"";"";"";"";"";"";"";"";"";"";"8 Volkshuisvesting, Leefomgeving en Stedelijke Vernieuwing > Beheer Openbare Ruimte";"";"09072026-00:43:48"
"1221";"";"enum_Grondsoort";"";"EAID_{4D7708B4_2D1A_418C_8E6D_0811F8EC80E1}";"";"enumeration";"";"";"";"";"";"";"";"";"";"";"";"";"8 Volkshuisvesting, Leefomgeving en Stedelijke Vernieuwing > Beheer Openbare Ruimte";"";"09072026-00:43:48"
"1222";"";"enum_GrondsoortPlus";"";"EAID_{1A81E6E9_C85D_499F_95F7_2746C4831AB0}";"";"enumeration";"";"";"";"";"";"";"";"";"";"";"";"";"8 Volkshuisvesting, Leefomgeving en Stedelijke Vernieuwing > Beheer Openbare Ruimte";"";"09072026-00:43:48"
"1223";"";"enum_HoogteklasseHaag";"";"EAID_{5B98E4D0_5E6D_410D_BF69_EAE541612740}";"";"enumeration";"";"";"";"";"";"";"";"";"";"";"";"";"8 Volkshuisvesting, Leefomgeving en Stedelijke Vernieuwing > Beheer Openbare Ruimte";"";"09072026-00:43:48"
"1224";"";"enum_IMKLThema";"";"EAID_{D37A43A2_08D9_4058_9316_C27F37E4632E}";"";"enumeration";"";"";"";"";"";"";"";"";"";"";"";"";"8 Volkshuisvesting, Leefomgeving en Stedelijke Vernieuwing > Beheer Openbare Ruimte";"";"09072026-00:43:48"
"1225";"";"enum_Incidenttype";"";"EAID_2296EC14_B00D_4836_B553_1CB1F48CFDB2";"";"enumeration";"";"";"";"";"";"";"";"";"";"";"";"";"6 Sociaal Domein > Jeugdbescherming en reclassering";"";"09072026-00:43:48"
"1226";"";"enum_Installateur";"";"EAID_{FA782888_FB88_44A2_AEDC_09013BB5F206}";"";"enumeration";"";"";"";"";"";"";"";"";"";"";"";"";"8 Volkshuisvesting, Leefomgeving en Stedelijke Vernieuwing > Beheer Openbare Ruimte";"";"09072026-00:43:48"
"1227";"";"enum_Kleur";"";"EAID_{90C47FE0_0F7A_42FB_A437_BE9CB8C233E1}";"";"enumeration";"";"";"";"";"";"";"";"";"";"";"";"";"8 Volkshuisvesting, Leefomgeving en Stedelijke Vernieuwing > Beheer Openbare Ruimte";"";"09072026-00:43:48"
"1228";"";"enum_KroondiameterklasseActueel";"";"EAID_{6057AD6B_C295_431E_BD34_8EDA48625AD3}";"";"enumeration";"";"";"";"";"";"";"";"";"";"";"";"";"8 Volkshuisvesting, Leefomgeving en Stedelijke Vernieuwing > Beheer Openbare Ruimte";"";"09072026-00:43:48"
"1229";"";"enum_KwaliteitsniveauGewenst";"";"EAID_{D287FF5B_5704_472D_B0F6_8DCA90D46402}";"";"enumeration";"";"";"";"";"";"";"";"";"";"";"";"";"8 Volkshuisvesting, Leefomgeving en Stedelijke Vernieuwing > Beheer Openbare Ruimte";"";"09072026-00:43:48"
"1230";"";"enum_Kweker";"";"EAID_{297C8040_FA44_4B86_834E_07E1079D0E13}";"";"enumeration";"";"";"";"";"";"";"";"";"";"";"";"";"8 Volkshuisvesting, Leefomgeving en Stedelijke Vernieuwing > Beheer Openbare Ruimte";"";"09072026-00:43:48"
"1231";"";"enum_Leefgebied";"";"EAID_78D6A864_04BD_4d3f_BB6A_CC9840566D19";"";"enumeration";"";"";"";"";"";"";"";"";"";"";"";"";"6 Sociaal Domein > Jeugdbescherming en reclassering";"";"09072026-00:43:48"
"1232";"";"enum_LengteKunstgras";"";"EAID_{0E775E22_D30A_4D05_A68E_140F7580F23A}";"";"enumeration";"";"";"";"";"";"";"";"";"";"";"";"";"8 Volkshuisvesting, Leefomgeving en Stedelijke Vernieuwing > Beheer Openbare Ruimte";"";"09072026-00:43:48"
"1233";"";"enum_Leverancier";"";"EAID_{40BF162C_277E_4B1D_8EB6_3B38A63D3C8D}";"";"enumeration";"";"";"";"";"";"";"";"";"";"";"";"";"8 Volkshuisvesting, Leefomgeving en Stedelijke Vernieuwing > Beheer Openbare Ruimte";"";"09072026-00:43:48"
"1234";"";"enum_LiningType";"";"EAID_{985B386E_790A_467D_A73B_9C0E9FA4A636}";"";"enumeration";"";"";"";"";"";"";"";"";"";"";"";"";"8 Volkshuisvesting, Leefomgeving en Stedelijke Vernieuwing > Beheer Openbare Ruimte";"";"09072026-00:43:48"
"1235";"";"enum_Markeringsbreedte";"";"EAID_{BE22A937_3BC6_4879_8187_580C87D1DA78}";"";"enumeration";"";"";"";"";"";"";"";"";"";"";"";"";"8 Volkshuisvesting, Leefomgeving en Stedelijke Vernieuwing > Beheer Openbare Ruimte";"";"09072026-00:43:48"
"1236";"";"enum_Markeringsoort";"";"EAID_{7FF3EBDF_02C7_4AEF_B236_B903032EADA5}";"";"enumeration";"";"";"";"";"";"";"";"";"";"";"";"";"8 Volkshuisvesting, Leefomgeving en Stedelijke Vernieuwing > Beheer Openbare Ruimte";"";"09072026-00:43:48"
"1237";"";"enum_Markeringspatroon";"";"EAID_{E65AB918_984D_4709_BF75_A10ED60C7940}";"";"enumeration";"";"";"";"";"";"";"";"";"";"";"";"";"8 Volkshuisvesting, Leefomgeving en Stedelijke Vernieuwing > Beheer Openbare Ruimte";"";"09072026-00:43:48"
"1238";"";"enum_Materiaal";"";"EAID_{D2EB2895_8962_4A8F_BE8F_661FBCC6CD89}";"";"enumeration";"";"";"";"";"";"";"";"";"";"";"";"";"8 Volkshuisvesting, Leefomgeving en Stedelijke Vernieuwing > Beheer Openbare Ruimte";"";"09072026-00:43:48"
"1239";"";"enum_Ondergroei";"";"EAID_{B0A4133C_F613_43DD_A4AF_B539571C1E9B}";"";"enumeration";"";"";"";"";"";"";"";"";"";"";"";"";"8 Volkshuisvesting, Leefomgeving en Stedelijke Vernieuwing > Beheer Openbare Ruimte";"";"09072026-00:43:48"
"1240";"";"enum_Onderhoudsplichtige";"";"EAID_{7DB23E37_4D12_4AB0_BD69_A525117689CA}";"";"enumeration";"";"";"";"";"";"";"";"";"";"";"";"";"8 Volkshuisvesting, Leefomgeving en Stedelijke Vernieuwing > Beheer Openbare Ruimte";"";"09072026-00:43:48"
"1241";"";"enum_Onderhoudsregime";"";"EAID_{72902987_B607_4C4B_9AF4_724A9FDB2B2E}";"";"enumeration";"";"";"";"";"";"";"";"";"";"";"";"";"8 Volkshuisvesting, Leefomgeving en Stedelijke Vernieuwing > Beheer Openbare Ruimte";"";"09072026-00:43:48"
"1242";"";"enum_Ondersteuningsvorm";"";"EAID_{C8F01F81_9D45_4CBF_9575_0C5E577D83A6}";"";"enumeration";"";"";"";"";"";"";"";"";"";"";"";"";"8 Volkshuisvesting, Leefomgeving en Stedelijke Vernieuwing > Beheer Openbare Ruimte";"";"09072026-00:43:48"
"1243";"";"enum_OriÃ«ntatie";"";"EAID_{75CB40AB_0F7F_423C_91ED_8F370F452E95}";"";"enumeration";"";"";"";"";"";"";"";"";"";"";"";"";"8 Volkshuisvesting, Leefomgeving en Stedelijke Vernieuwing > Beheer Openbare Ruimte";"";"09072026-00:43:48"
"1244";"";"enum_OverbruggingsobjectModaliteit";"";"EAID_{071686B4_0AE0_4552_B573_0D4690B3D647}";"";"enumeration";"";"";"";"";"";"";"";"";"";"";"";"";"8 Volkshuisvesting, Leefomgeving en Stedelijke Vernieuwing > Beheer Openbare Ruimte";"";"09072026-00:43:48"
"1245";"";"enum_PlaatsoriÃ«ntatie";"";"EAID_{8CFCC665_742E_45AD_A974_7672630F7015}";"";"enumeration";"";"";"";"";"";"";"";"";"";"";"";"";"8 Volkshuisvesting, Leefomgeving en Stedelijke Vernieuwing > Beheer Openbare Ruimte";"";"09072026-00:43:48"
"1246";"";"enum_RioolputConstructieonderdeel";"";"EAID_{23620E79_DC64_4F11_A8B1_DA8A2B872918}";"";"enumeration";"";"";"";"";"";"";"";"";"";"";"";"";"8 Volkshuisvesting, Leefomgeving en Stedelijke Vernieuwing > Beheer Openbare Ruimte";"";"09072026-00:43:48"
"1247";"";"enum_Snoeifase";"";"EAID_{2CD753D5_9065_4887_80D2_915A59081048}";"";"enumeration";"";"";"";"";"";"";"";"";"";"";"";"";"8 Volkshuisvesting, Leefomgeving en Stedelijke Vernieuwing > Beheer Openbare Ruimte";"";"09072026-00:43:48"
"1248";"";"enum_SoortPlantenbak";"";"EAID_{89DD0DED_F64B_463F_9A86_578C06DBD76B}";"";"enumeration";"";"";"";"";"";"";"";"";"";"";"";"";"8 Volkshuisvesting, Leefomgeving en Stedelijke Vernieuwing > Beheer Openbare Ruimte";"";"09072026-00:43:48"
"1249";"";"enum_SoortVoeg";"";"EAID_{6B82C920_F901_4B5B_ADF3_22484BEA10A4}";"";"enumeration";"";"";"";"";"";"";"";"";"";"";"";"";"8 Volkshuisvesting, Leefomgeving en Stedelijke Vernieuwing > Beheer Openbare Ruimte";"";"09072026-00:43:48"
"1250";"";"enum_Soortnaam";"";"EAID_{BDCCAF2B_7D0F_474D_83C5_0774867CAF22}";"";"enumeration";"";"";"";"";"";"";"";"";"";"";"";"";"8 Volkshuisvesting, Leefomgeving en Stedelijke Vernieuwing > Beheer Openbare Ruimte";"";"09072026-00:43:48"
"1251";"";"enum_SpeelterreinLeeftijdDoelgroep";"";"EAID_{ACE7A70E_3776_4953_8068_9A01C1988678}";"";"enumeration";"";"";"";"";"";"";"";"";"";"";"";"";"8 Volkshuisvesting, Leefomgeving en Stedelijke Vernieuwing > Beheer Openbare Ruimte";"";"09072026-00:43:48"
"1252";"";"enum_SpeeltoestelToestelonderdeel";"";"EAID_{E02BE5A5_6D2B_414A_A19F_D4BC1E1B84C3}";"";"enumeration";"";"";"";"";"";"";"";"";"";"";"";"";"8 Volkshuisvesting, Leefomgeving en Stedelijke Vernieuwing > Beheer Openbare Ruimte";"";"09072026-00:43:48"
"1253";"";"enum_SportterreinTypeSport";"";"EAID_{8395EBFE_DBDF_4DF4_9387_F7405B4FB57E}";"";"enumeration";"";"";"";"";"";"";"";"";"";"";"";"";"8 Volkshuisvesting, Leefomgeving en Stedelijke Vernieuwing > Beheer Openbare Ruimte";"";"09072026-00:43:48"
"1254";"";"enum_Stamdiameterklasse";"";"EAID_{C3BFA45D_09B5_47AE_ADFF_E2C9E59BF8C9}";"";"enumeration";"";"";"";"";"";"";"";"";"";"";"";"";"8 Volkshuisvesting, Leefomgeving en Stedelijke Vernieuwing > Beheer Openbare Ruimte";"";"09072026-00:43:48"
"1255";"";"enum_Status";"";"EAID_{4E721262_E6E2_41DF_BB99_0B6693E32435}";"";"enumeration";"";"";"";"";"";"";"";"";"";"";"";"";"8 Volkshuisvesting, Leefomgeving en Stedelijke Vernieuwing > Beheer Openbare Ruimte";"";"09072026-00:43:48"
"1256";"";"enum_TakvrijeStam";"";"EAID_{86B451A6_D298_41B0_BCE8_44D49F1F4B2B}";"";"enumeration";"";"";"";"";"";"";"";"";"";"";"";"";"8 Volkshuisvesting, Leefomgeving en Stedelijke Vernieuwing > Beheer Openbare Ruimte";"";"09072026-00:43:48"
"1257";"";"enum_Taludsteilte";"";"EAID_{5E43C774_B9BA_4D3C_B99A_D2A25ECE7DDC}";"";"enumeration";"";"";"";"";"";"";"";"";"";"";"";"";"8 Volkshuisvesting, Leefomgeving en Stedelijke Vernieuwing > Beheer Openbare Ruimte";"";"09072026-00:43:48"
"1258";"";"enum_Toestelgroep";"";"EAID_{25BDB9BC_85ED_493F_A3CD_B559FFFA5133}";"";"enumeration";"";"";"";"";"";"";"";"";"";"";"";"";"8 Volkshuisvesting, Leefomgeving en Stedelijke Vernieuwing > Beheer Openbare Ruimte";"";"09072026-00:43:48"
"1259";"";"enum_Type";"";"EAID_{E3E112B3_E46F_45C4_B2C9_B152E6F805A1}";"";"enumeration";"";"";"";"";"";"";"";"";"";"";"";"";"8 Volkshuisvesting, Leefomgeving en Stedelijke Vernieuwing > Beheer Openbare Ruimte";"";"09072026-00:43:48"
"1260";"";"enum_TypeAfdekking";"";"EAID_{B7F5D805_0F2B_4F2D_85F7_A04ED56694DB}";"";"enumeration";"";"";"";"";"";"";"";"";"";"";"";"";"8 Volkshuisvesting, Leefomgeving en Stedelijke Vernieuwing > Beheer Openbare Ruimte";"";"09072026-00:43:48"
"1261";"";"enum_TypeAsbesthoudend";"";"EAID_{816AE838_8053_42AB_8CE7_6A915D8D9574}";"";"enumeration";"";"";"";"";"";"";"";"";"";"";"";"";"8 Volkshuisvesting, Leefomgeving en Stedelijke Vernieuwing > Beheer Openbare Ruimte";"";"09072026-00:43:48"
"1262";"";"enum_TypeBediening";"";"EAID_{B8349648_76E8_4AB3_B635_D81FDF7F667E}";"";"enumeration";"";"";"";"";"";"";"";"";"";"";"";"";"8 Volkshuisvesting, Leefomgeving en Stedelijke Vernieuwing > Beheer Openbare Ruimte";"";"09072026-00:43:48"
"1263";"";"enum_TypeBeheerder";"";"EAID_{9A7155E5_6275_48DE_97AF_E5E4267B639C}";"";"enumeration";"";"";"";"";"";"";"";"";"";"";"";"";"8 Volkshuisvesting, Leefomgeving en Stedelijke Vernieuwing > Beheer Openbare Ruimte";"";"09072026-00:43:48"
"1264";"";"enum_TypeBeheerderPlus";"";"EAID_{440460ED_D075_48FC_895F_E02487BD7176}";"";"enumeration";"";"";"";"";"";"";"";"";"";"";"";"";"8 Volkshuisvesting, Leefomgeving en Stedelijke Vernieuwing > Beheer Openbare Ruimte";"";"09072026-00:43:48"
"1265";"";"enum_TypeBeschermingsstatus";"";"EAID_{C0AC7E52_057E_4236_A8C0_80BF57B85FE4}";"";"enumeration";"";"";"";"";"";"";"";"";"";"";"";"";"8 Volkshuisvesting, Leefomgeving en Stedelijke Vernieuwing > Beheer Openbare Ruimte";"";"09072026-00:43:48"
"1266";"";"enum_TypeBewerking";"";"EAID_{4293C242_FEAE_4C59_B183_7F2F18AD5890}";"";"enumeration";"";"";"";"";"";"";"";"";"";"";"";"";"8 Volkshuisvesting, Leefomgeving en Stedelijke Vernieuwing > Beheer Openbare Ruimte";"";"09072026-00:43:48"
"1267";"";"enum_TypeBouwdeel";"";"EAID_{8270E1FB_A136_4F66_8264_FAB907866E2B}";"";"enumeration";"";"";"";"";"";"";"";"";"";"";"";"";"8 Volkshuisvesting, Leefomgeving en Stedelijke Vernieuwing > Beheer Openbare Ruimte";"";"09072026-00:43:48"
"1268";"";"enum_TypeBovenkantKademuur";"";"EAID_{D9901622_F897_44E4_A577_56E09ED55873}";"";"enumeration";"";"";"";"";"";"";"";"";"";"";"";"";"8 Volkshuisvesting, Leefomgeving en Stedelijke Vernieuwing > Beheer Openbare Ruimte";"";"09072026-00:43:48"
"1269";"";"enum_TypeCommunicatie";"";"EAID_{89CD23DC_FE90_4F1C_B488_D3A1A9DF7208}";"";"enumeration";"";"";"";"";"";"";"";"";"";"";"";"";"8 Volkshuisvesting, Leefomgeving en Stedelijke Vernieuwing > Beheer Openbare Ruimte";"";"09072026-00:43:48"
"1270";"";"enum_TypeConstructie";"";"EAID_{7A84CB53_2A1A_4642_8728_1A355B7E3A5E}";"";"enumeration";"";"";"";"";"";"";"";"";"";"";"";"";"8 Volkshuisvesting, Leefomgeving en Stedelijke Vernieuwing > Beheer Openbare Ruimte";"";"09072026-00:43:48"
"1271";"";"enum_TypeDeurbediening";"";"EAID_{44604AB1_949D_4D6B_9CEC_5E5D1B19D35A}";"";"enumeration";"";"";"";"";"";"";"";"";"";"";"";"";"8 Volkshuisvesting, Leefomgeving en Stedelijke Vernieuwing > Beheer Openbare Ruimte";"";"09072026-00:43:48"
"1272";"";"enum_TypeEigenaar";"";"EAID_{359BC182_DA82_4ECE_A924_60F71AB10CCD}";"";"enumeration";"";"";"";"";"";"";"";"";"";"";"";"";"8 Volkshuisvesting, Leefomgeving en Stedelijke Vernieuwing > Beheer Openbare Ruimte";"";"09072026-00:43:48"
"1273";"";"enum_TypeEigenaarPlus";"";"EAID_{39484B75_C7F8_4FEC_9348_B668821A4B1D}";"";"enumeration";"";"";"";"";"";"";"";"";"";"";"";"";"8 Volkshuisvesting, Leefomgeving en Stedelijke Vernieuwing > Beheer Openbare Ruimte";"";"09072026-00:43:48"
"1274";"";"enum_TypeElement";"";"EAID_{10DF6A73_C95E_4885_AB58_1B89FEBA4BA0}";"";"enumeration";"";"";"";"";"";"";"";"";"";"";"";"";"8 Volkshuisvesting, Leefomgeving en Stedelijke Vernieuwing > Beheer Openbare Ruimte";"";"09072026-00:43:48"
"1275";"";"enum_TypeFundering";"";"EAID_{E80D87B7_37EB_47BE_B75E_AA194DC08E07}";"";"enumeration";"";"";"";"";"";"";"";"";"";"";"";"";"8 Volkshuisvesting, Leefomgeving en Stedelijke Vernieuwing > Beheer Openbare Ruimte";"";"09072026-00:43:48"
"1276";"";"enum_TypeLigging";"";"EAID_{6DCEFF95_3039_439A_88CC_19E3BEF049EF}";"";"enumeration";"";"";"";"";"";"";"";"";"";"";"";"";"8 Volkshuisvesting, Leefomgeving en Stedelijke Vernieuwing > Beheer Openbare Ruimte";"";"09072026-00:43:48"
"1277";"";"enum_TypeMantel";"";"EAID_{DA3D97D3_2619_435F_94B6_A36EFB0A3FDE}";"";"enumeration";"";"";"";"";"";"";"";"";"";"";"";"";"8 Volkshuisvesting, Leefomgeving en Stedelijke Vernieuwing > Beheer Openbare Ruimte";"";"09072026-00:43:48"
"1278";"";"enum_TypeMonument";"";"EAID_{AE07CDDB_007F_4332_BC88_5607C1607A6C}";"";"enumeration";"";"";"";"";"";"";"";"";"";"";"";"";"8 Volkshuisvesting, Leefomgeving en Stedelijke Vernieuwing > Beheer Openbare Ruimte";"";"09072026-00:43:48"
"1279";"";"enum_TypeNivelleerschijf";"";"EAID_{35969A2D_E64B_4F6E_AA03_E90A69FAE647}";"";"enumeration";"";"";"";"";"";"";"";"";"";"";"";"";"8 Volkshuisvesting, Leefomgeving en Stedelijke Vernieuwing > Beheer Openbare Ruimte";"";"09072026-00:43:48"
"1280";"";"enum_TypeOmgevingsrisicoklasse";"";"EAID_{437806C5_6D08_4163_A837_4AD221FD0483}";"";"enumeration";"";"";"";"";"";"";"";"";"";"";"";"";"8 Volkshuisvesting, Leefomgeving en Stedelijke Vernieuwing > Beheer Openbare Ruimte";"";"09072026-00:43:48"
"1281";"";"enum_TypeOnderdeelMetPomp";"";"EAID_{00B2C7D6_987C_4DD3_8573_FDC91CB626DE}";"";"enumeration";"";"";"";"";"";"";"";"";"";"";"";"";"8 Volkshuisvesting, Leefomgeving en Stedelijke Vernieuwing > Beheer Openbare Ruimte";"";"09072026-00:43:48"
"1282";"";"enum_TypePlus";"";"EAID_{703DCAF1_98C7_4511_BF73_1A081538179C}";"";"enumeration";"";"";"";"";"";"";"";"";"";"";"";"";"8 Volkshuisvesting, Leefomgeving en Stedelijke Vernieuwing > Beheer Openbare Ruimte";"";"09072026-00:43:48"
"1283";"";"enum_TypeSlot";"";"EAID_{DFA054FF_C728_4128_B740_94752873016B}";"";"enumeration";"";"";"";"";"";"";"";"";"";"";"";"";"8 Volkshuisvesting, Leefomgeving en Stedelijke Vernieuwing > Beheer Openbare Ruimte";"";"09072026-00:43:48"
"1284";"";"enum_TypeStandplaats";"";"EAID_{785319CE_C818_447C_8406_FB80EFFA91B3}";"";"enumeration";"";"";"";"";"";"";"";"";"";"";"";"";"8 Volkshuisvesting, Leefomgeving en Stedelijke Vernieuwing > Beheer Openbare Ruimte";"";"09072026-00:43:48"
"1285";"";"enum_TypeStandplaatsPlus";"";"EAID_{B9E554C7_D18C_4B9F_AC74_AD3990646868}";"";"enumeration";"";"";"";"";"";"";"";"";"";"";"";"";"8 Volkshuisvesting, Leefomgeving en Stedelijke Vernieuwing > Beheer Openbare Ruimte";"";"09072026-00:43:48"
"1286";"";"enum_TypeTeerhoudend";"";"EAID_{660D5A96_5739_41CA_AC8F_A97CCEBA4CFA}";"";"enumeration";"";"";"";"";"";"";"";"";"";"";"";"";"8 Volkshuisvesting, Leefomgeving en Stedelijke Vernieuwing > Beheer Openbare Ruimte";"";"09072026-00:43:48"
"1287";"";"enum_TypeVaarwater";"";"EAID_{14089940_6266_4321_B06B_6E1153502578}";"";"enumeration";"";"";"";"";"";"";"";"";"";"";"";"";"8 Volkshuisvesting, Leefomgeving en Stedelijke Vernieuwing > Beheer Openbare Ruimte";"";"09072026-00:43:48"
"1288";"";"enum_TypeVermeerderingsvorm";"";"EAID_{06BDE296_32E0_41AA_AE73_D8CB32B03E60}";"";"enumeration";"";"";"";"";"";"";"";"";"";"";"";"";"8 Volkshuisvesting, Leefomgeving en Stedelijke Vernieuwing > Beheer Openbare Ruimte";"";"09072026-00:43:48"
"1289";"";"enum_TypeVoeg";"";"EAID_{BD2B5B0B_95A4_4925_BD90_87A9C8E92F0A}";"";"enumeration";"";"";"";"";"";"";"";"";"";"";"";"";"8 Volkshuisvesting, Leefomgeving en Stedelijke Vernieuwing > Beheer Openbare Ruimte";"";"09072026-00:43:48"
"1290";"";"enum_TypeVoegvulling";"";"EAID_{BF68E5D3_1273_438D_AAE9_58C2B3523126}";"";"enumeration";"";"";"";"";"";"";"";"";"";"";"";"";"8 Volkshuisvesting, Leefomgeving en Stedelijke Vernieuwing > Beheer Openbare Ruimte";"";"09072026-00:43:48"
"1291";"";"enum_TypeWaaier";"";"EAID_{011D7F72_4DE3_4A83_B3BA_9865BA836986}";"";"enumeration";"";"";"";"";"";"";"";"";"";"";"";"";"8 Volkshuisvesting, Leefomgeving en Stedelijke Vernieuwing > Beheer Openbare Ruimte";"";"09072026-00:43:48"
"1292";"";"enum_TypeWaterplant";"";"EAID_{F5EC227C_2CA6_4688_99A9_6453CF0023CC}";"";"enumeration";"";"";"";"";"";"";"";"";"";"";"";"";"8 Volkshuisvesting, Leefomgeving en Stedelijke Vernieuwing > Beheer Openbare Ruimte";"";"09072026-00:43:48"
"1293";"";"enum_Vegen";"";"EAID_{EC2C7B91_3D05_489F_859A_9BD8C03724DA}";"";"enumeration";"";"";"";"";"";"";"";"";"";"";"";"";"8 Volkshuisvesting, Leefomgeving en Stedelijke Vernieuwing > Beheer Openbare Ruimte";"";"09072026-00:43:48"
"1294";"";"enum_Verbindingstype";"";"EAID_{7FDFE0D5_EE2F_414A_865D_9E3D4C87F015}";"";"enumeration";"";"";"";"";"";"";"";"";"";"";"";"";"8 Volkshuisvesting, Leefomgeving en Stedelijke Vernieuwing > Beheer Openbare Ruimte";"";"09072026-00:43:48"
"1295";"";"enum_VerhardingsobjectWegfunctie";"";"EAID_{06D4FACD_7071_44E2_8E89_37BCFDD1FDB6}";"";"enumeration";"";"";"";"";"";"";"";"";"";"";"";"";"8 Volkshuisvesting, Leefomgeving en Stedelijke Vernieuwing > Beheer Openbare Ruimte";"";"09072026-00:43:48"
"1296";"";"enum_Verzoeksoort";"";"EAID_3D8D8ED8_A382_4ffb_8608_4846CFF95E28";"";"enumeration";"";"";"";"";"";"";"";"";"";"";"";"";"6 Sociaal Domein > Jeugdbescherming en reclassering";"";"09072026-00:43:48"
"1297";"";"enum_Vorm";"";"EAID_{51A5B972_7AC6_4873_9AFD_E6B09B592B1C}";"";"enumeration";"";"";"";"";"";"";"";"";"";"";"";"";"8 Volkshuisvesting, Leefomgeving en Stedelijke Vernieuwing > Beheer Openbare Ruimte";"";"09072026-00:43:48"
"1298";"";"enum_VrijeDoorrijhoogte";"";"EAID_{481B5194_9D15_4BC2_A1AC_E681114FEBE7}";"";"enumeration";"";"";"";"";"";"";"";"";"";"";"";"";"8 Volkshuisvesting, Leefomgeving en Stedelijke Vernieuwing > Beheer Openbare Ruimte";"";"09072026-00:43:48"
"1299";"";"enum_VrijeTakval";"";"EAID_{C7DA7CF4_EA1F_4F4D_8FD5_B3BD8A2147FD}";"";"enumeration";"";"";"";"";"";"";"";"";"";"";"";"";"8 Volkshuisvesting, Leefomgeving en Stedelijke Vernieuwing > Beheer Openbare Ruimte";"";"09072026-00:43:48"
"1300";"";"enum_VulmateriaalKunstgras";"";"EAID_{37EDDC7C_967E_480F_9E38_27AD291980AE}";"";"enumeration";"";"";"";"";"";"";"";"";"";"";"";"";"8 Volkshuisvesting, Leefomgeving en Stedelijke Vernieuwing > Beheer Openbare Ruimte";"";"09072026-00:43:48"
"1301";"";"enum_Waterdoorlatendheid";"";"EAID_{DE774AB1_14E7_43D3_BC6D_3459E3893455}";"";"enumeration";"";"";"";"";"";"";"";"";"";"";"";"";"8 Volkshuisvesting, Leefomgeving en Stedelijke Vernieuwing > Beheer Openbare Ruimte";"";"09072026-00:43:48"
"1302";"";"enum_WegasTypeRoute";"";"EAID_{8DDF992F_061F_470E_B8D2_4B267EE089EB}";"";"enumeration";"";"";"";"";"";"";"";"";"";"";"";"";"8 Volkshuisvesting, Leefomgeving en Stedelijke Vernieuwing > Beheer Openbare Ruimte";"";"09072026-00:43:48"
"1303";"";"enum_WegcategorieDV";"";"EAID_{470C2B90_3229_446B_9688_CC0FE2CCE6B4}";"";"enumeration";"";"";"";"";"";"";"";"";"";"";"";"";"8 Volkshuisvesting, Leefomgeving en Stedelijke Vernieuwing > Beheer Openbare Ruimte";"";"09072026-00:43:48"
"1304";"";"enum_WegtypeBestaand";"";"EAID_{80CA81D5_3866_4629_80E9_0F710F0D152A}";"";"enumeration";"";"";"";"";"";"";"";"";"";"";"";"";"8 Volkshuisvesting, Leefomgeving en Stedelijke Vernieuwing > Beheer Openbare Ruimte";"";"09072026-00:43:48"
"1305";"";"enum_Zettingsgevoeligheid";"";"EAID_{B8CA4620_629B_40C4_BB25_91239DA3CD93}";"";"enumeration";"";"";"";"";"";"";"";"";"";"";"";"";"8 Volkshuisvesting, Leefomgeving en Stedelijke Vernieuwing > Beheer Openbare Ruimte";"";"09072026-00:43:48"
"1306";"";"enum_ZettingsgevoeligheidPlus";"";"EAID_{1631F6D1_087F_46AC_83BC_C3E5C5F50DAD}";"";"enumeration";"";"";"";"";"";"";"";"";"";"";"";"";"8 Volkshuisvesting, Leefomgeving en Stedelijke Vernieuwing > Beheer Openbare Ruimte";"";"09072026-00:43:48"
"1307";"";"functieOndersteunendWegdeel";"";"EAID_D01E5036_EAC0_4cdb_A96B_E31BCAEF106B";"";"enumeration";"";"";"";"";"";"";"";"";"";"";"";"";"99 Kern > RSGBPlus";"";"09072026-00:43:48"
"1308";"";"functieSpoor";"";"EAID_3F8B80B4_05F9_4b76_B33B_2F9FD04AAFA0";"";"enumeration";"";"";"";"";"";"";"";"";"";"";"";"";"99 Kern > RSGBPlus";"";"09072026-00:43:48"
"1309";"";"functieWeg";"";"EAID_7BDE072F_0E66_475b_9E1B_87112E0E538C";"";"enumeration";"";"";"";"";"";"";"";"";"";"";"";"";"99 Kern > RSGBPlus";"";"09072026-00:43:48"
"1310";"";"functieWegPlus";"";"EAID_0A81C802_DF17_453f_B136_57844E8EA5CD";"";"enumeration";"";"";"";"";"";"";"";"";"";"";"";"";"99 Kern > RSGBPlus";"";"09072026-00:43:48"
"1311";"";"fysiekVoorkomenBegroeidTerrein";"";"EAID_62B611C8_140B_42dd_8327_D258EB9D9E92";"";"enumeration";"";"";"";"";"";"";"";"";"";"";"";"";"99 Kern > RSGBPlus";"";"09072026-00:43:48"
"1312";"";"fysiekVoorkomenBegroeidTerreinPlus";"";"EAID_7EC13CE7_ECD4_4a02_8844_3FD6AC4C52C7";"";"enumeration";"";"";"";"";"";"";"";"";"";"";"";"";"99 Kern > RSGBPlus";"";"09072026-00:43:48"
"1313";"";"fysiekVoorkomenOnbegroeidTerrein";"";"EAID_3E70AED6_A01D_4482_8158_BC4EA16804CF";"";"enumeration";"";"";"";"";"";"";"";"";"";"";"";"";"99 Kern > RSGBPlus";"";"09072026-00:43:48"
"1314";"";"fysiekVoorkomenOnbegroeidTerreinPlus";"";"EAID_A9A8DD54_7906_4a59_85CF_1D32B7806A68";"";"enumeration";"";"";"";"";"";"";"";"";"";"";"";"";"99 Kern > RSGBPlus";"";"09072026-00:43:48"
"1315";"";"fysiekVoorkomenOndersteunendWegdeel";"";"EAID_E3C11CC8_D5A9_468b_AD26_8B3D5464EA87";"";"enumeration";"";"";"";"";"";"";"";"";"";"";"";"";"99 Kern > RSGBPlus";"";"09072026-00:43:48"
"1316";"";"fysiekVoorkomenOndersteunendWegdeelPlus";"";"EAID_EF39D22A_B429_43b3_8099_E45C7482ED41";"";"enumeration";"";"";"";"";"";"";"";"";"";"";"";"";"99 Kern > RSGBPlus";"";"09072026-00:43:48"
"1317";"";"fysiekVoorkomenWeg";"";"EAID_A9215E2C_A24F_41b3_A44B_DA59870AB17D";"";"enumeration";"";"";"";"";"";"";"";"";"";"";"";"";"99 Kern > RSGBPlus";"";"09072026-00:43:48"
"1318";"";"fysiekVoorkomenWegPlus";"";"EAID_9E1309B5_D4B2_4413_AE03_5EFA7EAF8041";"";"enumeration";"";"";"";"";"";"";"";"";"";"";"";"";"99 Kern > RSGBPlus";"";"09072026-00:43:48"
"1319";"";"gebruiksdoel";"";"EAID_9DBACB9E_CE04_4fd6_AB16_2010C4C61B0A";"";"enumeration";"";"";"";"";"<memo>";"";"";"";"";"";"";"";"99 Kern > BAG";"";"09072026-00:43:48"
"1320";"";"gebruiksdoel";"";"EAID_6C1FC62B_EE66_4c73_BDBF_A59114A3806A";"";"enumeration";"";"";"";"";"";"";"";"";"";"";"";"";"99 Kern > RSGBPlus";"";"09072026-00:43:48"
"1321";"";"geslacht";"";"EAID_5868306F_8B4E_4cd0_A47E_D171DAE493D5";"";"enumeration";"";"";"";"";"";"";"";"";"";"";"";"";"99 Kern > RSGBPlus";"";"09072026-00:43:48"
"1322";"";"inwinningsmethodeGeometrie";"";"EAID_C6594858_EB0F_4fe0_A8AD_B952291429E4";"";"enumeration";"";"";"";"";"";"";"";"";"";"";"";"";"99 Kern > RSGBPlus";"";"09072026-00:43:48"
"1323";"";"inwinningsmethodeOppervlakte";"";"EAID_C31CF2FB_6A99_4367_A8D5_DAE5495547A5";"";"enumeration";"";"";"";"";"";"";"";"";"";"";"";"";"99 Kern > RSGBPlus";"";"09072026-00:43:48"
"1324";"Locatie";"locatie";"ede94eee-d934-40f8-adcc-dc4b1703d333";"EAID_F25EE5A8_2CF4_498b_8DAD_8EEE48FAF3A5";"business-object";"class";"";"";"Een specifieke plaats";"";"";"";"";"";"";"https://gemmaonline.nl/index.php/GEMMA/id-ede94eee-d934-40f8-adcc-dc4b1703d333";"Locatie (Archeologie)";"";"Erfgoed > Archeologie";"";"09072026-00:43:48"
"1325";"";"naamgebruik";"";"EAID_C252CE97_1239_44b4_9180_8DAD48897FA0";"";"enumeration";"";"";"";"";"";"";"";"";"";"";"";"";"99 Kern > RSGBPlus";"";"09072026-00:43:48"
"1326";"";"ontsluitingswijzeVerdieping";"";"EAID_882C978E_5150_4811_BC4E_468B086C16EF";"";"enumeration";"";"";"";"";"<memo>";"";"";"";"";"";"";"";"99 Kern > BAG";"";"09072026-00:43:48"
"1327";"";"ontsluitingswijzeVerdieping";"";"EAID_96FFDD15_A8C1_46aa_A233_2F0F50DC9069";"";"enumeration";"";"";"";"";"";"";"";"";"";"";"";"";"99 Kern > RSGBPlus";"";"09072026-00:43:48"
"1328";"";"predicaat";"";"EAID_258FF0B3_7C1C_42ae_85C2_5D59D08DC64E";"";"enumeration";"";"";"";"";"";"";"";"";"";"";"";"";"99 Kern > RSGBPlus";"";"09072026-00:43:48"
"1329";"";"redenEindeRelatie";"";"EAID_2C60DCDA_1F7A_4b5a_8B07_90F38762146D";"";"enumeration";"";"";"";"";"";"";"";"";"";"";"";"";"99 Kern > RSGBPlus";"";"09072026-00:43:48"
"1330";"";"redenWijzigingAdres";"";"EAID_8555EE0F_7514_4a93_8469_FDAEB28E2626";"";"enumeration";"";"";"";"";"";"";"";"";"";"";"";"";"99 Kern > RSGBPlus";"";"09072026-00:43:48"
"1331";"";"soortBewind";"";"EAID_34742A68_FA8B_45fd_A99F_90889FA2C5DD";"";"enumeration";"";"";"";"";"";"";"";"";"";"";"";"";"99 Kern > RSGBPlus";"";"09072026-00:43:48"
"1332";"";"soortBijzondereRechtstoestandNatuurlijkPersoon";"";"EAID_8B3F4F93_218F_4014_8698_A840E0D82CE4";"";"enumeration";"";"";"";"";"";"";"";"";"";"";"";"";"99 Kern > RSGBPlus";"";"09072026-00:43:48"
"1333";"";"soortBijzondereRechtstoestandNietNatuurlijkPersoon";"";"EAID_A67D8A18_D8AE_4898_A186_CF27566A7AFC";"";"enumeration";"";"";"";"";"";"";"";"";"";"";"";"";"99 Kern > RSGBPlus";"";"09072026-00:43:48"
"1334";"";"soortGebruik";"";"EAID_2DA8DC70_F107_4216_BA6A_16200F7B647D";"";"enumeration";"";"";"";"";"";"";"";"";"";"";"";"";"99 Kern > RSGBPlus";"";"09072026-00:43:48"
"1335";"";"soortMigratie";"";"EAID_19B098F9_C63C_40ce_848D_093B73DE8710";"";"enumeration";"";"";"";"";"";"";"";"";"";"";"";"";"99 Kern > RSGBPlus";"";"09072026-00:43:48"
"1336";"";"soortPubliekrechtelijkRechtsvorm";"";"EAID_3E5210CC_DEDD_494c_94A2_FA767D54275A";"";"enumeration";"";"";"";"";"";"";"";"";"";"";"";"";"99 Kern > RSGBPlus";"";"09072026-00:43:48"
"1337";"";"soortRechtsvorm";"";"EAID_EE5726F5_3FA7_4476_B74B_1C0775775F6B";"";"enumeration";"";"";"";"";"";"";"";"";"";"";"";"";"99 Kern > RSGBPlus";"";"09072026-00:43:48"
"1338";"";"soortWoonobject";"";"EAID_C862F3C5_9E96_4755_B8B6_10A1508FD768";"";"enumeration";"";"";"";"";"<memo>";"";"";"";"";"";"";"";"99 Kern > BAG";"";"09072026-00:43:48"
"1339";"";"soortWoonobject";"";"EAID_F6BCD582_C397_4e96_BE6D_55FFE7380DF1";"";"enumeration";"";"";"";"";"";"";"";"";"";"";"";"";"99 Kern > RSGBPlus";"";"09072026-00:43:48"
"1340";"";"statusGeoObject";"";"EAID_0F81E79F_B306_40b9_ADCA_59A1E3F55D2B";"";"enumeration";"";"";"";"";"";"";"";"";"";"";"";"";"99 Kern > RSGBPlus";"";"09072026-00:43:48"
"1341";"";"statusLigplaats";"";"EAID_D641FF3C_D321_44c0_A884_AA50D9388598";"";"enumeration";"";"";"";"";"<memo>";"";"";"";"";"";"";"";"99 Kern > BAG";"";"09072026-00:43:48"
"1342";"";"statusNummeraanduiding";"";"EAID_AC4C45BD_A76A_4f63_A0D4_DB2194772B89";"";"enumeration";"";"";"";"";"<memo>";"";"";"";"";"";"";"";"99 Kern > BAG";"";"09072026-00:43:48"
"1343";"";"statusNummeraanduiding";"";"EAID_567C34A4_213A_4c9b_B96D_D339BAC041A0";"";"enumeration";"";"";"";"";"";"";"";"";"";"";"";"";"99 Kern > RSGBPlus";"";"09072026-00:43:48"
"1344";"";"statusOpenbareRuimte";"";"EAID_E7BEEB2F_CED6_4fc0_B1E7_9330155482BA";"";"enumeration";"";"";"";"";"<memo>";"";"";"";"";"";"";"";"99 Kern > BAG";"";"09072026-00:43:48"
"1345";"";"statusOpenbareRuimte";"";"EAID_65E6F13C_2892_4068_9881_8B27C8134F14";"";"enumeration";"";"";"";"";"";"";"";"";"";"";"";"";"99 Kern > RSGBPlus";"";"09072026-00:43:48"
"1346";"";"statusPand";"";"EAID_DA9E4ECA_B93E_4379_9C75_FBC6655E9CB2";"";"enumeration";"";"";"";"";"<memo>";"";"";"";"";"";"";"";"99 Kern > BAG";"";"09072026-00:43:48"
"1347";"";"statusPand";"";"EAID_E2CC5DFC_C264_4c21_8E47_F551958E1C17";"";"enumeration";"";"";"";"";"";"";"";"";"";"";"";"";"99 Kern > RSGBPlus";"";"09072026-00:43:48"
"1348";"";"statusStandplaats";"";"EAID_582AFCD3_412F_4ef8_B50C_6F88AC9D54A0";"";"enumeration";"";"";"";"";"<memo>";"";"";"";"";"";"";"";"99 Kern > BAG";"";"09072026-00:43:48"
"1349";"";"statusVerblijfsobject";"";"EAID_77D2A1A7_BD0E_4d9f_B1AB_4C150BBE9804";"";"enumeration";"";"";"";"";"<memo>";"";"";"";"";"";"";"";"99 Kern > BAG";"";"09072026-00:43:48"
"1350";"";"statusVerblijfsobject";"";"EAID_7D71D6E8_89EB_4731_952B_FB4573D06DBE";"";"enumeration";"";"";"";"";"";"";"";"";"";"";"";"";"99 Kern > RSGBPlus";"";"09072026-00:43:48"
"1351";"";"statusVoortgangBouw";"";"EAID_932D4E44_A37E_453e_9EE7_FD21C5D8D94D";"";"enumeration";"";"";"";"";"";"";"";"";"";"";"";"";"99 Kern > BAG";"";"09072026-00:43:48"
"1352";"";"statusVoortgangBouw";"";"EAID_8C49F097_6D95_4406_B3B7_58AC102B6FD2";"";"enumeration";"";"";"";"";"";"";"";"";"";"";"";"";"99 Kern > RSGBPlus";"";"09072026-00:43:48"
"1353";"";"statusWOZ(Deel)Object";"";"EAID_4C3EC32C_0910_4a25_8F1D_B9529A06B272";"";"enumeration";"";"";"";"";"";"";"";"";"";"";"";"";"99 Kern > RSGBPlus";"";"09072026-00:43:48"
"1354";"";"statusWOZ-Beschikking";"";"EAID_AF94EA13_2E6F_49fe_A6F8_1C599E9B27EC";"";"enumeration";"";"";"";"";"";"";"";"";"";"";"";"";"99 Kern > RSGBPlus";"";"09072026-00:43:48"
"1355";"";"statusWoonplaats";"";"EAID_D83F4016_ED80_4c39_A51C_DB3E942890A7";"";"enumeration";"";"";"";"";"<memo>";"";"";"";"";"";"";"";"99 Kern > BAG";"";"09072026-00:43:48"
"1356";"";"statusWoonplaats";"";"EAID_3CF7C652_66DF_48c0_95D6_FC742C6DAAC0";"";"enumeration";"";"";"";"";"";"";"";"";"";"";"";"";"99 Kern > RSGBPlus";"";"09072026-00:43:48"
"1357";"";"typeObjectcode";"";"EAID_29B5467C_7E93_427a_9884_80CD0E931B6A";"";"enumeration";"";"";"";"";"";"";"";"";"";"";"";"";"99 Kern > RSGBPlus";"";"09072026-00:43:48"
"1358";"";"typeOverbrugging";"";"EAID_F6175714_DD26_4c1d_BE2D_F9A60E9B0717";"";"enumeration";"";"";"";"";"";"";"";"";"";"";"";"";"99 Kern > RSGBPlus";"";"09072026-00:43:48"
"1359";"";"typeringAppartementsrechtsplitsing";"";"EAID_6D64D2BB_B7FF_4771_B12F_F97458E8447F";"";"enumeration";"";"";"";"";"";"";"";"";"";"";"";"";"99 Kern > RSGBPlus";"";"09072026-00:43:48"
"1360";"";"typeringFunctie";"";"EAID_259418D3_0294_4f13_A001_A84B00AFA11A";"";"enumeration";"";"";"";"";"";"";"";"";"";"";"";"";"99 Kern > RSGBPlus";"";"09072026-00:43:48"
"1361";"";"typeringFunctionaris";"";"EAID_75587AAD_69CF_4db2_B8CB_F2C49BB84B9E";"";"enumeration";"";"";"";"";"";"";"";"";"";"";"";"";"99 Kern > RSGBPlus";"";"09072026-00:43:48"
"1362";"";"typeringFunctioneelGebied";"";"EAID_9691D0DC_42FD_4590_A7AE_48A29EC9FAB6";"";"enumeration";"";"";"";"";"";"";"";"";"";"";"";"";"99 Kern > RSGBPlus";"";"09072026-00:43:48"
"1363";"";"typeringGebouwinstallatie";"";"EAID_EAAA0011_DD1F_4430_90EC_73150DE47D9C";"";"enumeration";"";"";"";"";"";"";"";"";"";"";"";"";"99 Kern > RSGBPlus";"";"09072026-00:43:48"
"1364";"";"typeringIngeschrevenNietNatuurlijkPersoon";"";"EAID_536B347B_01A6_417c_A01D_1739BBD0B2E5";"";"enumeration";"";"";"";"";"";"";"";"";"";"";"";"";"99 Kern > RSGBPlus";"";"09072026-00:43:48"
"1365";"";"typeringInrichtingselement";"";"EAID_4A445D67_F0F4_47a9_834F_F99508939495";"";"enumeration";"";"";"";"";"";"";"";"";"";"";"";"";"99 Kern > RSGBPlus";"";"09072026-00:43:48"
"1366";"";"typeringInrichtingselementPlus";"";"EAID_587CF5D6_8528_45ed_9AA0_8E446F48B71F";"";"enumeration";"";"";"";"";"";"";"";"";"";"";"";"";"99 Kern > RSGBPlus";"";"09072026-00:43:48"
"1367";"";"typeringKunstwerk";"";"EAID_E86CB891_B9DD_4549_BC6E_7AB5CA87EF86";"";"enumeration";"";"";"";"";"";"";"";"";"";"";"";"";"99 Kern > RSGBPlus";"";"09072026-00:43:48"
"1368";"";"typeringOndersteunendWater";"";"EAID_71F13BFD_E7BF_4b46_9E3F_BCC309372885";"";"enumeration";"";"";"";"";"";"";"";"";"";"";"";"";"99 Kern > RSGBPlus";"";"09072026-00:43:48"
"1369";"";"typeringOpenbareRuimte";"";"EAID_AB6C1EDC_AF99_48fa_A1EB_DB9EA1ED58A9";"";"enumeration";"";"";"";"";"<memo>";"";"";"";"";"";"";"";"99 Kern > BAG";"";"09072026-00:43:48"
"1370";"";"typeringOpenbareRuimte";"";"EAID_BAB6FE74_FD44_4fca_B021_B87D38DFA5CB";"";"enumeration";"";"";"";"";"";"";"";"";"";"";"";"";"99 Kern > RSGBPlus";"";"09072026-00:43:48"
"1371";"";"typeringOverbruggingsdeel";"";"EAID_E0597DF2_B664_4b3c_8DCE_08DFB6C905C3";"";"enumeration";"";"";"";"";"";"";"";"";"";"";"";"";"99 Kern > RSGBPlus";"";"09072026-00:43:48"
"1372";"";"typeringOverigBouwwerk";"";"EAID_F816C8FA_3D89_4004_944A_47A8D5C82ED5";"";"enumeration";"";"";"";"";"";"";"";"";"";"";"";"";"99 Kern > RSGBPlus";"";"09072026-00:43:48"
"1373";"";"typeringOverigeScheiding";"";"EAID_25785008_A2F4_4725_A525_B0E4FF470D9D";"";"enumeration";"";"";"";"";"";"";"";"";"";"";"";"";"99 Kern > RSGBPlus";"";"09072026-00:43:48"
"1374";"";"typeringScheiding";"";"EAID_46243659_A179_4d8d_9356_21680DA327E5";"";"enumeration";"";"";"";"";"";"";"";"";"";"";"";"";"99 Kern > RSGBPlus";"";"09072026-00:43:48"
"1375";"";"typeringVegetatieobject";"";"EAID_B92F9DEF_A728_4425_BF33_2CCA3090CE70";"";"enumeration";"";"";"";"";"";"";"";"";"";"";"";"";"99 Kern > RSGBPlus";"";"09072026-00:43:48"
"1376";"";"typeringWater";"";"EAID_61B9BC8D_DC58_4f6c_9EA7_11AD6101176B";"";"enumeration";"";"";"";"";"";"";"";"";"";"";"";"";"99 Kern > RSGBPlus";"";"09072026-00:43:48"
"1377";"";"typeringWaterPlus";"";"EAID_207728DF_D25F_4166_93DD_12EA3736161E";"";"enumeration";"";"";"";"";"";"";"";"";"";"";"";"";"99 Kern > RSGBPlus";"";"09072026-00:43:48"
"1378";"";"typeringZekerheidsrecht";"";"EAID_63813A6D_22A7_4fa1_AFA9_A40AFA3011A6";"";"enumeration";"";"";"";"";"";"";"";"";"";"";"";"";"99 Kern > RSGBPlus";"";"09072026-00:43:48"
